comment,inherent_polarization
"I do think there is a line between ""Tax the rich"" and Fully Automated Luxury Gay Space Communism with a tiny pinch of Genocide. It is not like you are taking ALL their money with taxes, just a tiny bit more to pay the poor teachers...",0.49999999999999994
He can though more like Jesus can never win the Champions league lol,0.49999999999999994
Free sex #blowjob #xxx #porn #sex #hot #fuck #teen,0.0
Now hiring for 90 #Sales job opportunities in #RestonVA. Click the link in our bio to see them.,0.0
"I prayed for him to miss wide, and it worked occasionally.",0.5
My issue isn't handing over the paper jew,0.0
anarcho-communism is a nonsense term for the same reason that anarcho-fascism is a nonsense term. It is an oxymoron,0.0
MRAs have no clue. They think they are doing something new when in reality they are circle jerking.,0.5
PoC cant be racist,0.49999999999999994
yah do whatever u need. it a long process 2 learn how 2 cope but it can be done this stupid disorder does not define us Ok try not 2 forget tht,0.49999999999999994
"Worst is free money donated by fools that believe your a real Rev.... fastest way to make money is start your own church, preach bullshit and enough gullible sheep are sure to follow....,sit your ass down!",0.0
"Shit, at least Hayward is trying to get the coaches involved by passing to them...",0.4999999999999999
Don't Jews mutilate their children all the time and yet you celebrate them and invite them on your show like that hag Laura Loomer.,0.0
"Tampa just won the home run derby, go crazy",0.0
"[thinks for .5 seconds about any girl] [sweats, in a gay manner]",0.5
TL;DR Hypocrisy is your name and game,0.0
"True. Quit smoking also. If anyone smokes weed then buy a vaporizer like vapcap instead Save your lungs, save America.",0.49999999999999994
......that looks so strange,0.0
Nice. Fat shaming people. Boy there’s no limit to your hypocritical garbage,0.0
I fucking love subliminal messaging via old fashioned newspaper pagination this is the greatest,0.0
Why do they hate your American freedoms so much for?,0.0
We are passing a petition to have a restraining order against @mPinoe where she cannot get within 50 feet of our White House. She is a Psycho. @realDonaldTrump @limbaugh @TheJuanWilliams @JesseBWatters,0.5
What type of mobile set up will you be using?,0.0
local gay drama omg this is so MESSYYYYY,0.0
if she listens to the tumblr SJWs she will spend the rest of her life being famous solely for a role she played for a brief moment in her increasingly distant youth before she spoiled herself,0.4999999999999999
The basis for Britain's empire and wealth was its disgusting imperial,0.4999999999999999
i have to get out of bed and change to go to the mall but its so fucking cold that i dont want to :/ jungkook come save me,0.0
divert the attention of the board with fake bot stories and buzzwords spewed by people with no formal training in computers.,0.49999999999999994
"""They could. "" Quit with your fear porn tactics, you do nothing POS",0.0
I saw fox and it was an immediate lie,0.4999999999999999
i had to give ihop a break tho i ate that shit like 3 days in a row last week,0.0
"You mean, #ProtectOurDemocraticPartyDonors?",0.0
i’m so happy for u!! i hope your recovery process goes smoothly &amp; pls stay hydrated and well rested,0.0
"The left one looks more natural, and more visually interesting to me. but I think it's not because of the art style. If you notice, the left one has 5 different kinds of trees. This gives it far more visual variety than the same 2 trees on the right one. I'm pretty sure that if you could find a couple extra types of trees drawn in the same cartoony style, the right one would look a lot better.",0.0
This is why ugly people shouldn’t have kids,0.49999999999999994
"I’m in a very happy space in life , despite all the bullshit life’s REALLY GREAT🤞🏼🖤",0.0
"But the Jews are actually the \""real Nazis",0.5
I havent seen her say that but I don't see her doing BG porn,0.4999999999999999
"If you do attempt to impregnate a white women....you need to think of the welfare of the children. While I will admit that some white women are into shitskin mexicans such as yourself (I will go into ""why"" in a later post....too long to type really)",0.0
i like how you put raped next to caged and killed,0.0
Millennials are killing the random,0.49999999999999994
"Off to call on a best friend in Frankfurt. We helped each other out big time during Erasmus, and still do. I ended my year earlier than hoped to vote against this shitshow. What an appalling shame. The friendships I made across the EU can be sure to last a lifetime. #SaveErasmus",0.0
"It is most definitely your freedom. But i wonder why someone who says, ""freedom means you can be a dick"", is afraid of being accused of harassing girls just for asking for their number? I've asked for a few numbers in my day, never was i worried about that though.",0.0
I mean I’m not going say I’m surprised but it’s always wild to see a nigga you grew up round go that way,0.0
"Thanks, area traffic staff has been intimated for taking necessary action.",0.0
You do note she is stalking abt is da pipol @GirlsGeneration,0.0
"Thank goodness a black man with a platform actually spoke out about this way too far left/woke/progressive silliness. Let’s be honest, if Will Cain said the exact same thing, we would call it racist. When you question why Trump won, here goes one reason. Smh.",0.49999999999999994
"Home Depot is where you go to buy homes, right? #BoycottHomeDepot should really take a bite out of white people being able to buy homes.",0.4999999999999999
"Not everyone who uses our language is with us. Case in point: the angry busker railing against ""self-hating whites"" and ""gentrifying assholes"" while on a local full of immigrants WHILE PLAYING BEATLES. HELP me",0.0
"I like your piece, and I appreciate the message. Everyone is a person, and deserves to be treated as such. Sorry you had a garbage response to your art.",0.0
Looking forward to seeing those guys represent UF!!!,0.0
"stream purple, superhuman, dnyl and take off!!!",0.0
......and McPherson of course,0.0
Ppl call him a stat padding bum y’all don’t appreciate basketball shits funny Lebron isn’t the goat but some of y’all even say he ain’t top 10 it’s easy to spot flaws when ppl hv game like mj Kobe n Bron,0.0
"Is he a member of Sf9? OMG that's horrible, taking two flights AND performing all in the same day?!!!",0.0
How low can this Nishant Verma stoop Arnab teared him apart by saying him the slave of Vadra and Rahul but this shameless still debates with his shameless irritating tune shame on such liyals of fake gjandhis.,0.49999999999999994
"I’ll come with, baby A$AP 🥺",0.0
the census is to count the citizens...not matter race....if you're not a citizen then you shouldn't be on the census...dang..how do you make through life without any common sense? You can't be that dumb..can you?,0.5
Well this sucks for you haha,0.0
"RT: A HUGE no. of illegal Bangladeshi immigrants have made Bengaluru their home, posing serious threat to national security while taking away jobs of Indians. Inflow must end NOW &amp; I urge the HMOIndia to extend NRC to K'taka &amp; Bengaluru to weed them out. AmitShah kishanred…",3.330669073875469e-16
"South Beach: go to Yardbird and Prime just to cross it off the list because they’re Miami hot spots. Late night: Bodega for tacos. Sunday brunch: Prime Fish, Bird and Bone or Sweet Liberty then Sunday Funday at bacon bitch. Shh Lounge is also in the back of Bacon Bitch but it",0.0
"I think most people want to see Jamie kill Cersei. If he goes back to kiss her ass, then his whole arc is shit.",0.0
i'm going to rip my head off and slam dunk it over michael jordan,0.0
"Such a great season!! @DENISE_RICHARDS has quickly become one of my favorites, such a breath of fresh air! @lisarinna is the queen and I bow down to you. @erikajayne is real, honest and fabulous! @CamilleGrammar is just a straight up biatch! #RHOBH",0.0
"OKAY SO— How do you feel about Bakugo waking up from a 2 year coma and Kirishima being so excited to tell him what he missed while he was asleep? And Bakugo is just sitting there with this sweet, half smile daze at his boyfriend while he rambles. Bc that’s my fucking JAM.",0.0
Easily just gained another 100k followers from that little load of shite we just watched,0.49999999999999994
I don’t do any of those things and am not an imbecile having run a business worth $50m with an annual turnover of $20m. What have you done?,0.0
"Right? I don’t understand how people got this idea that pleasure is sinful and experiencing it is wrong. If the things God makes are good then so is sex. There’s no wrong way to have sex.** **unless there is no consent, etc things related to this.",0.0
What the f&amp;@k did you just bring upon this cursed land,0.0
Exactly. And then you ignored me and didn’t come. So you flaked. You’re a flake. A flake from Salt Lake.,0.49999999999999994
Twitter fucked up my whole account,0.4999999999999999
"Happy Birthday Bon!! My favorite tracks from him are High Voltage, Dirty Deeds, Let There Be Rock, Rock 'N' Roll Damnation, Kicked In The Teeth, and Highway To Hell 🤘🏻🤘🏻",0.0
Demo Team B 0 - 2 Demo Team A 90:00: The final whistle has blown!,0.0
RUIN LUCAS' LIFE AND ALL ASSOCIATED WITH HIM OR WHO HA,0.4999999999999999
VM just dust ur shoulders off and pop yo collar at em and keep pushing foward and through those haters on the lean 😜,0.0
This is one of many stupid stats along with spin rate. Either you can play like a pro or you can’t period!,0.0
Vile tasting them....but fun to bite the end off and try to shoot them at your primos.,0.0
Literally my first reaction when I saw this was news...who the hell are they?,0.0
"*you miss your shots, as expected from anti Pun scum* *i pull out an rpg and destroy the car* *i unload MY pistol into your direction*",0.5
Questioning Alabama’s scheduling is some lazy nonsense.,0.0
"Seriously? I can understand if she had an umbilical hernia and also the fact that scar tissue adhesion is an utter bitch (I had it), but all it means is that you need to be more aware of how you work out and maybe avoid those areas until treatment for the problem ceases. Heck, one of my chicas has actually done videos of exercises for our group of friends who had diastasis recti issues.",0.4999999999999999
Cuckold Joseph?,0.4999999999999999
i'm praying for you sis lmao 😭😭🤲 we gonna get him one day when he be slipping loool 👀👀,0.0
When your virgin gf is there asking 4 money to buy make up n do her hair... n u r there thinking of telling her how u r not ready n dont want to rush things,0.4999999999999999
Old school I got my nudes on one of these,0.0
Its going to be Crimea on a wider scale. Without a proper head,0.0
Fuck everything,0.4999999999999999
Love me or hate me I don’t give a flying fuck really lol.,0.0
"Wanna know how rich white men, in general, are psychopaths? They didn’t give women the right the vote until after black men got the right. That was his momma, wife, girlfriend, daughter etc. if that’s how he do his momma, yo momma better watch out.",0.49999999999999994
switching campuses might b the move fuck it,0.49999999999999994
"if u don’t know what’s awesome, then u need awesome lessons lol",0.0
Stop lying plis before your money goes vanishing.,0.4999999999999999
Damn I laughed way to hard at my last tweet 😂😂,0.0
The vast majority does not have these sorts of skills,0.0
^____^ HI welcome to my art account spencer 🐙 he/him 🍄 under 18 main is @aIIisters love to have a good time will put important stuff in the replies as they come,0.0
#NowPlaying Love Gun (FRA-2017) Tess,0.0
I live in California. I’ve lived in California my entire life. I can unequivocally tell you that: (1) Nobody has said “he’s right” when it comes to Forest Management; (2) Nobody listens to trump about anything; (3) is a Supreme #AssClown. #BringAHoe,0.5000000000000001
You can't win an argument with stupid people. They will drag you down to their level and beat you with experience.,0.4999999999999999
Horny men are ruining the economy,0.5
so im just flying around spectating in the End rush thing that @Emmaboowho and uhhh idk any of the other @'s BUT EXCUSE ME WTF,0.0
"DONT THINK I WOULD FORGET YOU, @russelbuck! The time we spent together was MAGICAL as hell, you're so fucking sweet and you've got such a magnetic personality with an infectious smile, playing rockband with you and just chatting was amazing! I'm glad I FINALLY got to buy your CD!",0.0
"damn, my bad, i really need to look who i’m responding too, but the idea of it still holds i guess.",0.49999999999999994
"No, I did not attack you. I laughed at the thought that you think reporters would think a woman wants you just b/c of optics. Go walk your chocolate lab, snowflake. You’ll be fine.",0.0
I am tits deep in background research. I have two characters I’m trying to write for today.,0.0
You get rid of ACA...you and all Gop'ers will regret it quickly...retaliation will be swift,0.0
Whining little Orange bee. Always talking about being treated unfairly while locking babies in cages. Grow a pair fat man.,0.0
My life sucks. I don’t know how to even care about people’s feelings. I’m done with everything.,0.0
I'm sorry you don't care for the occasional tranny you might see walking down the other side of the street but as long as they're not trying to pick up everyone they meet,0.0
100% True Story....NINJA SKILL EXTREME ACTIVATE!!! ⚔️👊⚔️👊⚔️🖕🕷️🕸️ #spiderweb #spider NOT MY #frontdoor #asshole #ninja #lostit #smh 😈,0.0
Oh my I’ve been laughing like a fool 😂😂😂,0.0
"Kido 2020 Just a 6 inch spicy Italian on Italian herbs and cheese. Provolone, lettuce, tomatoes, onions, mayo, salt&amp;pepper, mustard. Thanks!!!",0.0
U DO NOT HAVE A DEGREE LET US SEE A PICTURE,0.4999999999999999
unpopular opinion stalker isn’t good,0.5000000000000001
"I’m hip smh, Peter was about to dust his ass on the bus tho 😭😭😂😂😂",0.0
If you're not a flaming retard or aspie,0.4999999999999999
When follow me it makes my dick twitch,0.5
"love it, god damn right give me official lore content for those two!",0.0
"Dudes under 6’2 have toddler bodies? C’mon devil dog, you’re better than that",0.0
The Ford Ranger / Toyota Tacoma / Dodge Dakota etc would have a hard time doing all of the same shit as their full-size counterparts. The big draw for something like a compact truck was back then (note there aren't remotely as many made anymore) was fuel economy.,0.4999999999999999
This is The Capital District: Democrat mayor doesn’t repair or open swimming pools for inner city kids. Republican CE foots transportation bill for City to get kids to rural lake to swim. Lapdog TU reporter attacks County Executive.,0.0
"I tell folks all the time, “you either love this work or you absolutely hate it...there’s no in between...and I love every bit of it!”",0.0
also women will typically stop having sex with their boyfriends when they cheat and act up towards him while men will still fuck their wife and tend to them,0.4999999999999999
Camaroonian child soldier.,0.4999999999999999
Welcome fwd to Europe 👑 @KumarFyah !!! 😎✈ Have a great time on this side of the world!🌍 Your Europe Family can't wait to see you and the Habaneros performing live and direct at #Reggaejam and @ReggaeGeel !!! 🎶🎵 Soon come!🔥🔥🔥🔥💯,0.0
I think i can deferr this paper and Im praying I can still get my stipend or else Im fucked lol,0.4999999999999999
Steal This Look: Dinner in an Artist's Atelier - Remodelista,0.0
nope..alien is a play on my middle name Allen...bet you feel stupid now,0.49999999999999994
murderer of kid who isn't capitalist,0.0
hi your voice is so fucking cute im crying,0.0
Lol Maangchi would show up with her own wings and destroy him with a simile on her face.,0.0
Black men treat spanish women like trophy’s .. especially hustlers,0.49999999999999994
Weird how they preach the 1st amendment but then go ape shit when someone drops a bit of fabric.,0.0
Completed Black Legion Dark Apostle and Dark Disciples 😊 #siegestudios #warhammer #warmongers #40k,0.0
Why are Americans so fucking afraid of nudity?,0.0
Why has /pol/ forsaken him?,0.0
Hey darling! Anyone can buy my nudes and videos! Only cheap price darling! Dm me now. Dont hesitate! Dont forget to follow and retweet! #cumtribute #cumslut #teen #sex #porn #sexy #nyc #horny #snapchatslut #video #pics #dm #cumwhore #ass #tits #booty #sex #sexy #boobs #Paypal,0.0
can we please just euthanize these savages already?,0.5
the worst part is they see nothing wrong with it,0.0
remember non Jews are beasts of burden,0.4999999999999999
"whoever this is driving a damn fool cause baaabbyyyy, i’ll be on side the road with the rest of the people collecting me some dollars. DYFHM.‼️‼️🗣🗣🗣",0.49999999999999994
"Piracy is not an issue. Crunchy gives very little to the original creators and the studios make more from buying figures, posters etcetera. Not to mention all of the streaming platforms for anime are shit .",0.4999999999999999
17. Which assumes I am racist in the first place. Which is hilarious inaccurate for reasons I won't go into.,0.4999999999999999
He also slept with either your girlfriend or wife 😂,0.0
my friends fell asleep on me 😡,0.0
Southern Maryland is beautiful this time of year.,0.0
oj simpson makes me sick to my stomach dude,0.0
"It's the thin edge of the wedge, and the Unionists in Scotland will grasp at any straw to undermine Holyrood",0.0
"""Very tactical. Just that it shows your sweet ass and is distracting on enemies tactically is all I'm saying.""",0.0
Did that white box just made fun of the blue box that had man-in-cock?,0.0
he's so sexy im sickkkkkk,0.0
We MEN have to Pay the women now Just to Be Women ~! LOLxs1000 !,0.5
I can’t fucking wait for Midsommar I haven’t been this excited for a film since Roma,0.0
"Hi welcome to my twitter page, i like to post relatable but also depressing shit about my life. Enjoy ☺",0.0
"like, at least the OP shithead MC is weak by the show's own metrics whereas Naruto is just like ""yeah I'm the son of the first Ninja President and god""",0.0
"Ahh, so you’re a lovely blend of climate science denial and looney conspiracy theory. The inside of your head must be a wonderland of implausibility.",0.4999999999999999
"He made a nurse stab some guys with a fucking pen, that has to count",0.4999999999999999
I called my doctor today he told me I wasn’t allowed to do shit I was doing all week 🤦🏽‍♀️,0.0
Is this sexy or hot ? #slut #jailbait,0.5
"Thank you! RT @BHoffman_NYPost: In case you needed another reason to love #NYC, I give you @bryantparknyc",0.0
All my situations be so toxic when u find the perfect person for u and life isn’t fair that shit hurts. So u just gotta throw the whole friendship away 😪,0.0
Holy shit. She really likes me and trust me. God bless 🙏,0.0
All that only applies if you consider getting pregnant to be harmful. The way you talk about it makes it sound like a guy just gave you cancer with his dick,0.49999999999999994
"i just started programming because i had a computer and was just dicking around. i didn't even know who the ""big names"" were when i started. i still don't and don't really care either.",0.49999999999999994
"First I wanna say, I appreciate your efforts to try and help guys like me. And these are nice maxims to believe in. I want to believe in them. &amp;#x200B; HOWEVER... I saw the original post, and it's really telling that you had to take out the part about women who date/validate ""womanizing, arrogant, rude, yet physically attractive"" men. And how that's not the best thing to do. To date men like that and validate thinking like that. I thought that was a fair point to make, in fact that's kinda at the core of the incel ethic. But somehow that's too controversial a viewpoint to preach. &amp;#x200B; And that's why we're angry. Because we're saying ""We thought being a womanizing jerk was bad and that people who support that shouldn't do that!"" And in response, the world says ""Shut up incel, you're just entitled."" We're confused at a world that, at face value, claims to be about the content of your character, where all you have to do is be yourself and be decent and the right people will gravitate towards you, but any time we point out a jerk who gets ahead, we're accused of being the jerks and that the jerks we've fingered have done nothing wrong.",0.0
🤣🤣🤣 I know pathetic and scary!,0.0
I wanna smoke crack to lose weight but if I become a crackhead or OD I'd be pissed,0.0
"Finals let’s get it 🤑 Playing Lazy, And Toonki and a shitter",0.0
Syphilis Rates Soar 134% Among Homosexual Black Men,0.0
76 is not Fallout 76 is a bad joke in form of a game And Bethesda is already shitting all over Fallout lore so....,0.49999999999999994
*nothing (damn auto correct),0.0
"r/funny users should be quarantined in their terrible, terrible sub laughing about the horrendous things they call humorous.",0.0
"She fucked logan paul tho, so huge yikes",0.5
1. Border invasion Emergency. Anything else... Mosquitos... Chick fil a closed on Sundays... This.,0.49999999999999994
Fair enough if you didn't know. Sorry for being a dick about it.,0.0
These are horny hours my boy,0.49999999999999994
Other countries racism involves government approved violence (ie; South Africa),0.5
It literally affects nothing in this instance,0.0
Some bitches be more worried about who they’re going to fuck at night than their own children,0.0
That's not the threat you think it is... @Sen_JoeManchin #FIFAWWC,0.0
No one uses Beckett for actual prices lol,0.49999999999999994
this whole conversation i CANNOT,0.0
Ya I’m sure but dubloadz would be sick with svdden death lol,0.0
I got 2 years left time need to slow tf down😭,0.0
Look at such a beautiful pussy 👅👅👅,0.5
Damn lol and people were saying he flopped,0.0
These people are all from the same city...nuts.,0.0
Do you want to go to the titty twister ?,0.4999999999999999
"Constantly saying your ugly to boys your interested in trying to get compliments, honestly you could be the hottest girl ever and this will turn me immediately off.",0.0
98 mph first serve on fh and he dumps it into the net.,0.0
"Ah and here I was thinking cross hatching was a piece of sht no one used, ggs",0.0
"And you just LIED, you don't know what was already wrong with that man!!,coming from wherever,coming through whatever,him like some of the others, were &amp; are already sick when they come here !!!",0.0
Pretty sure I heard Venezuela is in the process of being overthrown. Let's do that.,0.0
And you know what? I hope they keep making bad decisions. Screw the Hawks.,0.0
"(Perhaps) Stan wouldn't punch him, The Jewish boy love him too (much).",0.4999999999999999
I seriously can not wait to see you and be with you!!!!,0.0
"Nope, Nyet, Non, No! Go away! #voteblue",0.4999999999999999
Sorry dude. We’ve reached our white supremacist immigration quota.,0.5
Samuel Little Henry Louis Wallace Chester Turner Derrick Todd Lee Around blacks never relax! #BlackStars,3.330669073875469e-16
"I expect to also vote for nominee as I always have but if it is a sure loser, it will be discouraging.",0.0
Sometimes I think trump is missing brain function,0.4999999999999999
"Yeah, he might have a chance of turning shit around.",0.0
"Initially I was bothered by this, but then I realized I haven't touched Rocket League in months. I had kinda felt bad for ignoring it, but now I don't care anymore. I'll probably uninstall it from my systems and happily play other games.",0.0
So where does the myth of evil white oppressors come from? They seem to ignore the fact that most early European settlers have Native American blood in them. The seem to exaggerate the conflicts and ignore the marriages,0.4999999999999999
"I'll take ""The Dumbest Fucking Shit Ever"" for $1500 please, Alex!",0.4999999999999999
yeah yeah bitch I couldn’t go to work I was stuck in the house 😂,0.0
It’s not short enough at the sides to be a mullet. I don’t look at Neil and think redneck.,0.4999999999999999
Birds of a feather flock together 😡#EpsteinIsTrumpsBFF,0.0
I think it’s time for the Dems to bring in chamber pots. What nonsense- huge decisions affected by someone’s bladder! #GOPee #LeakyDemocracy #VoteThemOut,0.4999999999999999
How could you @troyhunt ?!,0.0
damn giriboy produced two songs for pentagon wowie,0.0
Licking ice cream gets you 20 years in jail and yet Flint still has poison water and no charges...,0.0
YESSSSS AU RIGHTS THANK U SOCIAL DUMMY,0.4999999999999999
Reminded me of u @bunnytings,0.0
Why Apple's Mac Pro 'trash can' was a colossal failure #tech,0.0
Nords>Whites>Koreans>Spics>Asians>Indians>Arabs>Blacks>Khajiits>Jews,0.49999999999999994
They're not being hypocrites,0.49999999999999983
He is banned from the USA.,0.0
August 15 to be exactly ☝🏻,0.0
"so now you’re enabling , who enabled a pedophile? #alaska are you OK with this?",0.4999999999999999
8. Only with your bare hands? I bet you can only do handjobs,0.0
Sometimes a better yuh keep your mouth shut !,0.0
"Men are bigger, stronger, smarter, are problem solvers, heal faster. Etc Men are literally built to work and get things done Women on the other hand, are built to have babies and raise families. Everything else men do better It's not just the bible it's biology Feminism lied",0.4999999999999999
"That sounds perfectly reasonable, especially since you don't live there. You're not an asshole here in the least, and it definitely says something that you're doing this much.",0.5000000000000001
It's all a scam that deters you mindless sheep from their real agenda - mass non-white immigration into all white countries.,0.0
So we’re just rewarding dogs for every little thing they do. No one cares that your dumbass can sit.,0.49999999999999994
Lied thrice in one BBC interview by claiming that the Abbott government is considering settling asylum seekers in Australia,0.4999999999999999
I don't feel like going into detail about banking or finance though so I am going to stop there. I am sure I am missing something but this is already long as fuck.,0.49999999999999994
Missing the fact you were proven wrong about your initial statement and it had nothing to do at all with Europeans.,0.0
basically takes a big chunk of his ideology from the third reich,0.4999999999999999
So funny🤣🤣@KamalaHarris just pledged 100~bill to build houses people...these progressive idiots can’t make up there mind.,0.4999999999999999
"The truly dickish thing about reality is that new things never look exactly like things that came before. You can try to draw comparisons and speculate all you want, but whatever gets you in the end is going to be something entirely new that you weren't prepared for.",0.4999999999999999
oh shit how far in are you 👀,0.0
Wtf is wrong with people with animal cruelty ffs!!,0.0
Your evangelists are making ppl fool world over to snatch their property n money since ages.,0.4999999999999999
"Some smart toys have a lock mode. So they can't be accidentally vibrate. Be aware that some countries don't allow sex toys. So always good to check local laws when flying internationally. put sex toys in a clear zip lock bag. That way, if your bag is screened, there is no reason for them to touch it.",0.0
#NGARSA and they delivered 🇳🇬🇳🇬🇳🇬🇳🇬,0.0
"Fetish Fantasy Series Perfect Touch Vibrating Pussy Pump via @YouTube Our ""Deal of the Day""",0.5
This looks like rec ball.,0.0
Just imagine being this stupid.,0.4999999999999999
"Omg, that looks so creepy it gives me the chills👀",0.0
Holy toxic he calling u kid but he acting like a kid 😂,0.49999999999999994
From the pictures they look good as hell but I never went cause of the pricing and five guys was legit closer. But shit ima make that trip for one now.,0.0
I said my parents were dead when I applied. They are still dead.,0.0
Then you shld be pissed about the illegals who are breaking in.,0.4999999999999999
I need three hours of Jim Cornette and Rip Rogers yelling about things they hate.,0.0
It’s lit. 😂... I’m bouta annoy &amp; irritate da shit out ya 😂,0.49999999999999994
u see I haven’t been exposed to shit,0.0
FAIL: deflection isn't a valid rebuttal.,0.0
hi cheer up is all i will be listening to for the rest of the year,0.0
I feel sorry for you guys all you see is angry me 😥,0.0
"Plans for the build of an exciting new museum, Ngaren: The Museum of Humankind, have been revealed by Studio Libeskind: #enkimaguk #designer",0.0
This guy again. The guy who assured everyone we would sign someone last summer. Absolutely deluded. No concept of his own idiocy,0.0
ok but damn who is this 🤤🤤🤤,0.0
"because it will \""ruin their lives\""",0.0
People really out here smoking sativa...that’s craazy,0.0
"How young was She, Alan? Damn, no wonder Democrats stick together like glue! Are you a right or left nostril guy?",0.0
"“The Home Office have made repeated promises to reduce use of detention for vulnerable people, but very little has changed” - @jessphillips #SetHerFree",0.0
Low-key her best feature aside from her rear end,0.49999999999999994
As a white girl I have nothing against WM/AF. In fact I'm barely even aware it exists. I never really notice. But it does get me that these Asian girls are basically coolie scabs who will work under the worst conditions. So they lower the standards for all women. Asian girls don't mind being China doll whores. I mean they basically are a race of prostitutes. No offense or anything,0.0
"Please, dont call him humanitarian, please!!! A rapist",0.4999999999999999
Online en su webcam Morenita Sex,0.0
"Where do i draw the line between “ralp youre a fucking pessimist, things are way better than it seems “ and “ralp stop denying it to yourself, this is a shitty situation and you know it”",0.0
"at 0:05 the guy on the ground says ""die motherfucker"". Immediately after the cop shoots him there's a second shot, that isn't the cop's. Then, 0:16 on, the cop takes the gun out of the guy's hand and places it on the hood of the car. watch it again and see what you think.",0.4999999999999999
Feed your soul. Waterfall Glen Soap Company #vegansoap #naturalcosmetics #buylocalchicago #bulgariangirls #waterfallglen #bulgariangirl #balkanbeauty,0.0
"Where sleep the dead of yesteryear, Of damask, incense, and great gold chalices: Over the wayside ditches, and the alleys,",0.0
Ehhh why are you crying? #LoveIsland,0.0
The majority of people know you for what you really are. You're only fooling the minority of blind sheep.,0.5
So ab world most diverse country h .... Bhot si achchi chize h ... Han kuchh buri bhi h... We are fighting for those. And Pakistan bki youth agr Kashmir mudde ko thoda Pakistani mirror se bahr Nikal ke dekhe toh ptaa lge ki actually it's all frm ISI and Jaise e mohhamd...,0.0
"**at restaurant** Me : [ ah yes, can i get table for one? ] Waiter : [ just for one? ] Me : [ yes just me ] Waiter : [ okay sir, your table will be at the ba k of our store ] Me : [ but..thats a parking lot ] Waiter : [ exactly...suck it up ]",0.0
You gave Greece the land back when the Muslims invaded them,0.0
I taught you some shit🤦🏽‍♀️,0.4999999999999999
"I can hear this gif, @geraldocortes. 😏",0.0
Men and Women died protecting that flag including homosexuals. If you don’t like our flag LEAVE!,0.4999999999999999
being single sucks someone ruin my life already,0.0
22M’s 🤯🤯 GAHDAMNN and that dont even include all the ppl who reposted the vid and shit like that,0.0
and now fucks over gentiles that work with him to hire actual jews to try and make himself appear part of the tribe.,0.0
(keep your nose clean and STFU) nah,0.0
Don't blame you I packed in a few years ago now and went to the odd game since but definitely not going back until this guy has gone.,0.0
"#Privilege narrative is a false narrative that only succeeds in dividing people in a democracy, and undermining/distracting from the ongoing struggle for #civilrights to be applied universally for all. At this point the use of the term ""privilege"" is becoming an idiot test.",0.49999999999999994
thats great and even better that you are not associate with all their scams. Im so happy you left them.,0.0
don’t tease me :(((( am babie,0.49999999999999994
"pray+act.=two edged sword i guess if you don't believe in trusting God your ""immoral"" counsel makes no sense. all u can do is act, UR also left trusting your fellowmanwoman .Your cynicism in what a man and law can do to change us is therefore completely rational",0.0
"I don’t wanna see anyone talking about Bey’s voice acting when Donald’s voice on Can You Feel The Love Tonight was the way it was. Now when we dragged him for it, y’all were crying saying he’s not a vocalist, but cant give my good sis a pass for something shes deadass not bad at?",0.0
"On the other hand, more cream pokemon!",0.0
"You are all a bunch of clowns trying to make every last dime out of 2 kids death. Fuck you, you greedy pricks.",0.5
Cries about being small..says he will fight anyone Anyone obliges and......u guessed it...He was 3 times my size hahah,0.0
Going to be a tough reality when all those trump supporters with preexisting conditions realize their Fuhrer has again screwed them (and America) over.,0.0
Maybe if you weren’t a bigoted asshole you wouldn’t get so many downvotes,0.49999999999999994
There is no climate emergency you chronic lying imbecile.! Ever wonder what a lobotomized about rats looks like look no further it is right here👆🏼👆🏼👆🏼👆🏼,0.5
So I think this is the idea: do what the unabomber did except hire a bunch of really hot prostitutes to go into the cabin with you,0.4999999999999999
Bang on! You hammered ‘em down into bits and pieces!,0.0
"But not beneath Dan, because he really loves drinking pissy lemonade.",0.0
This caption seems super white. God I hate white PR Twitter,0.0
just took 200 threes and only made 70 smh washed af,0.0
Geeze . Who can keep up with these abusers.,0.0
Trump says thinking about God got him through Mueller probe and 'witch hunts' #MAGA #Trump2020 #Boss #KAG,0.0
sometimes it can make a shit day into a good one by doing the same. sometimes you can even do it without posting it on instagram or fb too! doing something kind for others is just in general good advice really.,0.0
North Korea is incapable of developing a long range ballistic missle,0.4999999999999999
i mean i have crushes on people and i'm not gonna tell them but if it's just a friend i wanna make out with or some shit i'm not playing anymore,0.0
im ready to get my ass back in the gym,0.0
I was thinkin the same thing ...... 🧐,0.0
"Vagina’s and football.... nothing more, nothing less. Ciao.",0.4999999999999999
"Ahh you must be referring to dancing jimmy, yeah he’s dead.",0.49999999999999994
Vic the real cyber bully here,0.49999999999999994
Pacific always go wild anytime Mexico wins anything 😂😂,0.0
"Damn baby, your stunning. I walk you anywhere",0.0
King Tut Related to Half of European Men? Maybe Not,0.0
Rip those panties off with my teeth.,0.4999999999999999
Funny shit that a study lately show that most germans do not give shit about their own history.,0.4999999999999999
Completely irrelevant to the point,0.0
I had JUST started it when they took it down. I had only gotten through episode 1. Now I'm watching it on Hulu which is okay enough but the commercials are fricking obnoxious.,0.0
Then he has to stop messing around on our streets and act like a grown-up man. In Sweden you go to jail..,0.49999999999999994
"fam, never put your trust in people to run a con that have never done before, especially if they're saying it's free. period.",0.0
Lol i didn’t know my comment hurt you this much😂😂 Do you want me to say sorry😢😂,0.4999999999999999
"It’s not for the body, it’s for the soul.",0.0
"What, her stand out camping was for cheese and your surprised, she should be purged for a week in front of a revolving churn.",0.4999999999999999
This nigga went outta town over the weekend jus left me for an entire weekend den wen I tell him ima see him tomorrow it’s the end of the world lol the nerves of this bitch after he left me for 3 days 🙄 niggas,0.0
listen to atomizer by big black,0.0
Now Playing Yasiin Bey [Mos Def] - Niggas In Poorest [LYRICS] [HQ - NO TAG] On Wu World Radio,3.330669073875469e-16
is she really dying her hair while pregnant? yuck.,0.0
Absolutely under pressure middle order failed miserably...#CWC19,0.0
question: what killed off your brain cells? quickly.,0.0
Here’s the can be proud that Islam is terrorizing the globe ever since the times of paedophile 😂,0.4999999999999999
Now that’s gotta be a teleportation or time travel device right?,0.0
My GSD/Husky mix feels the same way.,0.0
Ooooh. So some have tried to take advantage of your generosity I'm so sorry babe. That sux,0.0
"Okay I’m hella dumb, what’s biophobic?",0.0
Unfortunately I can see him doing that as well. That can be something that damages a child for the rest of their lives.,0.49999999999999994
"Wind 0.7 mph E. Barometer 30.10 in, Falling slowly. Temperature 86.2 °F. Rain today 0.00 in. Humidity 50%",0.0
You disagree? Black out the wheels and exaggerate the swooping lines and it's like Burton's batmobile. Not 100% ofc,0.0
I’m not buying another designer nothing this year. That shit is stupid. It’s cute but then what? Let me get to this end goal... 🙄 #DeedsOverDesinger #PropertiesonProperties #MakeChanelRichFirWhat #SheWasTeamNaziAnyways #TruthBeTold,0.0
I’m going to see spiderman far from home and it better be fucking amazing,0.0
"I would miss you the most, baby.",0.0
"Mr. President,Wow,I blame Obama for a lot of what is now taking place in this country! Mainly ignoring the rule of law etc.? In the first 27 weeks of the year, 25 police officers have been shot to death in the line of duty. Need to bring the death penalty back?",0.0
Most boring is the endowment session. I want to scream every time I agree to go with my wife to not expose my apostacy.,0.0
Damn! The curves on this one!,0.0
"Klitschko was also biting on every feint and was scared shitless to throw. No doubt that is down to fury, but wilder would throw regardless of the front and footwork (often to his own detriment instead of picking his shots)",0.0
So when Jews were falsely accused of poisoning wells in the Middle Ages,0.0
Ohhhh just wait on it !! Finna b hitting u up sooon my boy 🥰🥵,0.0
Just chop it up to a difference in tastes... The discography alone is too unbalanced so ig they just mean who raps better and I still dont agree,0.0
i rejoice with you this day 🙌,0.0
Look at this foolish toad,0.0
U weren’t even alive for 2 of the 3 games. LMFAOOOO. U won’t even land BIjan either,0.0
"Leave when you could, don't let nobody waste your time. Let alone, tell you what to do.",0.0
"back to you. Creatures like Vile / Great Girros are also ridiculously effective as well, terribly overstatted especially considering the drawback buffs you. vs revenge you just play aggro tempo and boardwipe revenge (2)",0.0
I hate this place,0.49999999999999994
#JeremyVine what has this would come to - vegan fish and chips is not Fish and chips - why not call it something strange and chips !! 🐟🐟🐟🐟🐟🐟🍟🍟🍟🍟,0.0
Put @mr_faisu_07 behind bars for committing anti-constitutional acts by provoking hatred and promoting terrorism on social media.#arrest_team_faisal,0.0
Idk who started this trend but y'all dirty mfs doing anything tryna go viral ... I hate y'all,0.0
Also this kind of shit is why the Hispanic label should be abolished and people shouldn't be allowed to pick more than one race. When you force everyone to pick one without additions close to 75% of the population of America would pick white. SJWs are only winning because they're dividing potentially white people against one another by breaking up the monolithic white majority into manageable pieces.,0.5
Would you rather have dick fingers or pussy ears?,0.49999999999999994
IE. I clearly don't have a duty to save my sperm when I jerk off and insert them into women,0.0
"Clicked on this and wondered if someone would do the token ""you dorks like digital buTt lol."" Figured nah, not here. Sorry to say it, m'guy, but in my experience it's the dudes who come in swinging this stuff who tend to be transferring a bit of insecurity themselves. Like you didn't play Mortal Kombat back in the day and appreciate the ladies out fighting in their suntanning kit, come on, be real for a second lol.",0.49999999999999994
Someone needs to get a big administration going to spread itself over all the villages in this country and start fixing shit from there by civilizing that majority again since they are subhumans.,0.0
"Feel free to send boobies. Many thanks, Xx_NoobSlayer_xX",0.0
Why is there no.............TURKEY!!!!? 🦃🦃🦃🦃🦃🦃🦃🦃🦃🦃🦃,0.0
"Thanks! Yea, designed the logo a few years back with a friend, and love the way worked it in with the whole cover.",0.0
Wait why would you name a drink Mountain Dew like wtf,0.0
"[clenches fist, grits teeth] kim seungmin ,,, i would die for you",0.0
"Seems to be mostly horny guys, though I have seen a couple of women...",0.0
"Original tweet got deleted, @Waterstones why is this popping up on your website when looking up German language books? Right next to children’s books too. #waterstones #wtf",0.0
By the time we were 13 my friends &amp; I had been catcalled by grown men. We had more than one make disgusting remarks about us &amp; our age. This is NOT okay. It is not NORMAL. We were not “underaged women”. We were children. These types of men are disgusting. #protectourgirls,0.0
Obama Trolls Trump? Ex-President Posts Photo Holding Personalized US Women’s Soccer World Cup Championship Jersey,0.0
"First, deal with oral dysbiosis. Second, deal with oral dysbiosis. Third .....",0.0
Got burned so hard on El Pollo Loco ER. Want to die.,0.0
all change is dumb,0.4999999999999999
CU Nursing is making changes to the way it teaches nurses. Lawmakers and university administrators have highlighted the seriousness of mental health issues and the College plans a rollout of a new curriculum this fall. See what’s behind it. #CUNursing,0.0
UNLV has a state of the art gym that you cannot beat.,0.0
A liberated woman is one who has sex before marriage and a job after. ~Gloria Steinem #quote,0.4999999999999999
Notice something? It's always white people shooting up places full of innocent people. EVERY FUCKING TIME!,0.5
That’s my ex’s name 😂 just damn made my night 😂 plus he supports Arsenal 😂 so ... yeah 😂 you might not fully get it,0.49999999999999994
COMES,0.0
Damn that kid upped his ignorant insults at the end.,0.0
as they themselves are murderers,0.0
"Also LOL @ \""committed same-sex relationship\"". That's like what...0.001% of same-sex relationships?",3.330669073875469e-16
"yeah. im not even mad about these types of bars from the 90s- it was just how shit was, even if it's messed up. glad times have changed in this area",0.4999999999999999
i’m actually gonna block u say that again,0.0
Keep being stupid and gullible dude. Republicans are counting on you!,0.5
Man if the titty twister ever got totaled id be a wreck,0.49999999999999994
"Do it. For yourself at the very least and have fun with it. Also gives you more opportunities to learn about music styles, choices, etc. through research. Like when one song has a beat that calls back to an old song that tells more to the story.",0.0
Has our raping of Africa caused them to sometimes rely on trophy hunters to fund their wild life reserves? Is there a better way? Charity etc. What are your thoughts on and his approach? I presume you are not busy tonight to answer these questions.,0.4999999999999999
stolen from the tl but quote with an emoji and ill tell you - first impression - your nickname in my head - closeness rating (1-10) - do i like you - you are my...? - tbh,0.0
"Your allowed to kill, doesn't mean every duel ends in a death.",0.0
"The Snitchin Skittle? didnt that guy get exposed for dropping dimes on his whole crew? the same crew that smashed his BM &amp; didnt care about him at all? the same Skittle that claimed he would go to Chief Keef’s Hood, then **got exposed on Security Footage running to his Car before even going inside the Gate** cause he saw people pulling up????",0.0
Ajit I can honestly say absolutely no one in England gives a shit if you’re not supporting England anymore 👍,0.49999999999999994
Go worship your jewish zombie on a stick and be done with it. I'm sick of those christians calling themselves nationalists.,0.0
Not clear who the bully really is here though. that small kid looks cocky af,0.0
Since then there was a fairly fluid stream of the more retarded and damaging ones getting kicked out of the party,0.5
My dawgs 💯 @MaceoAustin5 @tre_mitch33,0.0
Can someone pls help my future husband find his way to my heart already? 🥺,0.0
I said that it was very like jews/Israelis to glorify murderers who killed United Nations diplomats that had even rescued hundreds of jews over the course of their life.,0.5
The best part of this match is the commentators on Grand Stand shit talking it.,0.0
faved fahab of Falkland road😜😜,0.0
"Excuse me sir, I'm not the one who's trying to call someone who was there a liar",0.0
"Yeah, right? They should just shut up and... Take it.. And.... Uh.... What?",0.0
wow California. shameful. what about all the legal citizens without healthcare?,0.0
Botanical gardens are always a good idea,0.0
tobin winking at the end of that promo video—,0.0
Looks like they've made themselves right at home already!,0.0
netflix and choke me am I right?,0.49999999999999994
i’ll fight tony don’t worry about it,0.4999999999999999
Why should a White,3.330669073875469e-16
This is your only valid criticism. Which I would counter by saying that the guy is in a middle of a beating,0.49999999999999994
Angry Kike is crying on Jewtube,0.5
to buy... a zizigom... or a danygom... or cry... — .......cry,0.0
Whaaaaa???? Honey- can you at least TRY TO HIDE YOUR FASCIST agenda?? STOP attacking free speech for your delicate and fragile being. Parody accounts are as American as legal immigration!,0.4999999999999999
It’s also dumb to think ‘all of Alberta’s money comes from oil and gas. They need to diversify.’ You realize our agriculture is the best in probably the world? Fuck outta here,0.0
RT Cubehrmanageme1 #LadyGaga #KCAMexico,0.0
"Also the transportation and health care both free , and from time to time they give you double your salary as gift , while obama said iraq war was for oil and Afghanistan was for marijuana",0.0
why would you think that Meghan and Liz would condemn this? Two bottle blond bimbos riding on their fathers' coattails... yuck,0.5
"I’ve seen a dyke bitch beat you up, you can’t fight gtfoh 🥳",0.5
"This literally is 99.3% of time i get more kills than you, no matter if it’s quads, Alcatraz or hot pursuit. Negro @TheDerekMo always got more damage, ALWAYS!! Lol",0.0
don't forget to share ur cook,0.0
"When akbar v said "" these bitches going through worser shit than the bitches they talking about"" 🙌🏽",0.4999999999999999
Or her tounge. But yet she hates the USA.,0.4999999999999999
He’s been accused of raping one of Epstein’s girls himself,0.0
"it slows down a bit, first 5 levels are nothing compared",0.0
"What would probably happen is they would go “we thought you guys gave a really solid effort, so we’ll give it to you anyway” or they’ll just save it for another day, another challenge or release it as a purchasable skin. There’s no way they’d waste time making a skin and then not give it out to players. Although I think this is a shit post, and it is interesting to think what would happen if we failed.",0.4999999999999999
"This is a way to keep brown people from completing their census, thus under-representing their true population, thus cutting their number of congressional seats and limiting their voice. STFU, YOU TWIT.",0.4999999999999999
Yeah MLB advertise Yelich and Bellinger more than the actual best player in the game Trout. Makes fucking sense. Give Trout his recognition man,0.0
Who molested 14 year old girls. So a far I am Republicans men are PERVERTS just like trump. Women stand up I don’t care Republican Democrat Independent you have to see HOW WRONG this is please tell me you do. For sake of your daughters an your granddaughters you must care PLEASE,0.4999999999999999
Neat! As in native to the US or does that include immigrants?,0.0
Niggas so stupid that’s Cboy on his account 😂,0.49999999999999983
"if you can look me in the eyes and tell me you've never gone to the bathroom just to wipe before, then I know you are a liar and cannot be trusted",0.0
It is also an EXTREMELY lazy solution and things like that article are objectively evil.,0.0
literally disgusting wastes of space is what those anons are,0.0
MIDLand JIDF work together against whites. Jews help muslims invade white countries.,0.0
Maura stop being a cow #LoveIsland,0.5
Have fags never thought that MAYBE this is their test in life? That some people are tested to see if they can be celibate or not? That some people are tested with money,0.4999999999999999
Don’t make fun of me but either careless whisper or tiny dancer,0.0
straight people are really annoying,0.49999999999999994
everyone shut up! listen to a bouncy love song!! dance around in your room at 1 am!!! be nice to each other!!!!,0.0
And also Mostly Indonesia against the law to protect women such like “marital rape” 🙄🙄🙄🙄,0.0
Another journalist in court over course in Germany,0.0
"Everybody is trying to be on my research committee. Bring y’all ass, we about to make history. Just know ya name gonna be in the smallest print.",0.0
Y'all don't even know how much I hate mind games loool and it seems like that is all dating is. Does mek me wan commit to celibacy and call that George. 🥴,0.0
unless they need to kill bin laden,0.5000000000000001
Walhart was awesome. And like an idiot I didn’t know you could recruit those guys so I never got one of the coolest characters :(,0.4999999999999999
"Nuba, the flying pig, heritage Asian eatery, Anton’s. Bakeries: sugar Patisserie, just cake’s bakeshop, the pie hole, cartems, blacksmith bakery, Breka Ice cream: earnest ice cream, rain or shine",0.0
And you can't buy them ...,0.0
Your reading comprehension is the problem here.,0.0
Getting shot,0.0
"Not surprised. Players in this game can be notoriously stupid and cowardly. I'll often have fights several times a day where teammates will hide in a corner at full health in a fight, or stand mere inches from an objective but refuse to do anything or cover the guys trying to.",0.0
Transgender??? They're getting everywhere....,0.5
Citation needed. He came up with his theory following his astronomical observations; he didn't just pull it out of his backside.,0.0
my bosses are lw racist and it makes me uncomfortable,0.0
"I want to be a black man that brings change. Ohene Kwasi Owusu-Boateng is the name, and we will change this world!! #WeAreHSM",0.0
If you spoiled it I'm gonna fuck you up Joke,0.4999999999999999
Nowhere else will you find a more treacherous hive of scum and villainy.,0.0
im not saying rin is a dorito but if u touch him u get cheese dust all over ur hands,0.0
I lied to myself for a year or so thinking the Joey Dosik version was the best version of this but this nigga floated,0.0
How the fuck is that supposed to solve any problems with rampant unemployment due to technology? That's going to be a cause of rampant unemployment due to technology.,0.4999999999999999
"oh, i mean i would but you’re a crackhead so no",0.0
Dear mr Cleese tone it down to a level we mere mortals can understand and you will get a better response to your rant s .ps big fan,0.49999999999999994
"My baby first name so damn ugly, should have made Jesiah his first and his first name the middle 🤣",0.0
"America hates gingers. First Walker, now Jeremiah.",0.49999999999999994
We hold their non existent gm hostage and force feed him coney dogs,0.49999999999999994
"And trying to \""control\"" sub-humans is pointless as any human should be focused on their total eradication.",0.5
The government are traitors selling the country's future for a few of Gazprom's shekels.,0.4999999999999999
The frustrating part of this is the list of coaches that this is obvious seems to grow yearly. Players quitting sports cuz they have jerk coaches. Players literally sandbagging so they don't have to play for certain coaches in high school &amp; clubs. It shouldn't be this way.,0.0
I hate it when my girl can’t come over and smoke cus her square ass boyfriend is being clingy again😪,0.4999999999999999
Didn’t Tlaib vote against funding to help those children at the border? Hypocrite,0.49999999999999994
"I wanted to see the stakes of the loss of Bran/3ER in some way. A vision. A prophecy. Something. Otherwise I have no idea why Westeros needs a 3ER and IRL we don’t. “Death is forgetting” is a metaphor that works on that level, but I don’t know what “we’re just animals” looks like. Literally. It’s so open for interpretation that I can’t relate to it so I can’t really fear it. And can Bran steer anybody into the future? He’s a repository of history, not a prophet. He can see what’s happening in other places currently as well, but only where there are still weir woods, which is almost nowhere in the South. So essentially that makes Bran a big MacGuffin for the characters to protect instead of an active participant in a story where he has demonstrated tremendous magical power, at the end of an arc that started with his disability convincing him he’d never be a knight and ended with him becoming a tree wizard. Which is disappointing. Give him some god damn agency. At least make him helpful in the battle — even if only in the planning stages. Telling the Northern Alliance about the Night King’s purpose was a great start in 802, but I wanted more in 803. Why is Bran just warging crows in the battle instead of warging Ghost or a dragon or fighting the Night King’s mind for control of the wights or something more interesting? Just a missed opportunity for Bran in that whole battle. And regardless of whether the Night King was killed the first time or simply driven back, one of the main themes of the show is about how if we forget history, we’re doomed to repeat it... so it really would have been more narratively and thematically satisfying (or at least more interesting and complex) if there was some key information from the past that only Bran, the keeper of all history, could access that was crucial to defeat the Night King, rather than just going through this whole story arc to start political shit between Dany and Jon. Now granted, there’s three episodes left, and this is a show that has always been narratively subversive (they killed off their movie star lead actor in season 1 for goodness sake), so there may be a way for the writers to tie the Cersei plot back to the Night King and the older lore in some interesting way. But I’m pretty worried they haven’t bothered to do that.",0.0
"You dont even know my envy levels rn, lmaoo",0.0
The only thing that can stop a bad guy with a gun is triangles with tabulations.,0.0
I'm glad I don't live amongst a population as clearly retarded as you do.,0.4999999999999999
I like how you just ignored this entire post chain to start attacking me on stemcells.,0.0
all his bots r voting 4 him,0.5
A Hung Tgirl with a nice booty to eat is all I need right now!,0.4999999999999999
"Headcanon: Crowley is a Jamiroquai fan: all flights for the Moon, Mars, Jupiter &amp; the outer galaxies of Alpha Centauri shuttle departs, 2.56 seconds I’m holding heaven in my hands It’s automatic baby, and it feels good",0.0
Just woke up stupid early 🤦🏻‍♂️,0.0
"This is such a bullshit, employer-centric I pay you so I own you approach. It would not fly with our employment laws in Australia either. &amp;#x200B; It's not the employee's fault you lost a client, don't change their role because of it. If you have to do that to make ends meet, you give them redundancy and pay them out appropriately.",0.4999999999999999
This Tielemans news is paining my chest,0.0
"i could date the ugliest mf, but once i fall in love he’s the bombest guy on the planet for me 💀🙈",0.0
Thus being american is nothing special,0.0
The attack of your accusations is Michael Bay,0.0
Mixed race people always go for white people...why??,0.0
No one still whines endlessly about how terribly unfair is was for Joshua to kill them all and steal their property.,0.5
My apologies young lady. Go back to dreams of lasagna verdi with calamari.,0.0
people never appreciate anything,0.4999999999999999
The XRP Community Poisons is poisonous right now. See you later bones. Hope it works out for you. The people on this thread throwing negativity about need to think about how that’ll influence the community. Many here aren’t even real people or have vested interest,0.0
ohhh no the NSA saw me look at some gay porn,0.0
#tuesdayselfie @EthanDolan @GraysonDolan kinda wanna delete these,0.0
Your female relatives back in Somalia are comforting amisom troops. Your lil cousin in jubbaland in Kenyan kkkkk,0.5
RT shalinametz #TeenChoice #ChoiceSummerTour arianagrande,0.0
There has to be a major cluster fuk up but after the last election I don't know anymore,0.0
"Basically your entire argument for weed is based on a stereotype of what weed smokers are and saying ""fuck hippies""?",0.5
"I WANT TO THROW MYSELF AWAY, THIS IS SO DAMN CUTE",0.0
"One night, me and a friend were playing cod in the basement when we heard some noise upstairs. We were alone in the house, so we were really freaking out like every 14 years old boys would. I had the bright idea to check the camera in the living room but it made things even worse, because we saw 2 red eyes (at least it looked like eyes) looking at the camera. We were both really tired because it was like 3am but we're pretty sure it was eyes. The thing is, the camera wasn't designed to see colors in the dark so we freaked out and hid in a closet for a good 15 minutes. I have absolutely no idea what happened in my living room that night and I will never check that fucking camera ever again",0.4999999999999999
Martial arts and gadgets ain’t got shit on laser beams shootin out a nigga eyes being made of steal flyin and super strength he hit him wit da krypt and made it human vs human and u see what happened,0.0
That's insane. Half gram lines?! I just started using Ket this week. Here I was worried about K cramps doing just a few 50mg lines a few nights,0.4999999999999999
See she really comes out here acting like there’s no proof but it comes to bite her in the ass later,0.49999999999999994
shoulda told him to go suck his mumma,0.5
"Tourists in Alaska, or ""Pukers"" as Southcentral Alaskans call them, reacting to wildlife rarely goes well. It boggles me that these homonids can be so ignorant, or have so little threat assessment.",0.5
"LOL. White bro conservative could take 5 seconds to browse my TL to see that I am a hard core conservative, but no better to slam me as some anti-semitic DFA thug. Nathan is not covering my fellow conservatives in glory here that is for sure.",0.49999999999999994
They deserve each other. She allowed this behavior in exchange for their votes. Time to pay the devils she sold her soul to.,0.4999999999999999
"And then there is the disparity between how #Assange is being treated and the vile, human trafficking, pedo Epstein!",0.49999999999999994
"Really, we make such things as Mps in this country, a waste to humanity. Ghana has no future with any of these pigs, they're all the same, I'll say without fear that our parliament is the most useless institution in the country, they grown things like himself, Sia Asem",0.5
You hate women but you can’t say you be misogynist. Tueh,0.0
you get the snake to kill the rat then you kill the snake @Tsu_Surf,0.5000000000000001
Pressuring someone into sex is a violation as well but it isn’t rape per se,0.0
get laid regularly. when the happening happens all you resource hungry alpha man beasts will starve. the manlets shall inherit the earth,0.0
"Get lost ..... Why not since last 4.5 years?? On other hand ji already installed more than 200 CCTVs in his constituency, that too within 30 days of his election Shame on u.... U people only act on social media for publicity, ZERO on ground",0.4999999999999999
Getting a lil sick out of nowhere &lt;&lt;&lt;&lt;,0.0
you look pretty chill there buster @AlbertsStuff,0.0
Ted the crazy pitbull loves to vomit over my sister,0.0
I just want to talk to these crooks real quick. ..... igotcashonsightlmkforthelowlowapplemerch.,0.0
Wtf is this I hope he founds the nonce and breaks his knees who steals another man's dog ffs,0.0
"Ok ladies, many moons ago I had intimacies with my friends mothers! Yes plural, Two of them admitted wanking with deodorant cans. Can I have a yes or a no if you have ever used a deodorant can to get your self off? J 👩🏼‍🚀",0.0
Now it's a gigantic SJW hugbox and the only people allowed to troll are a tiny subset of the least funny posters on the forum who kinda just languish in their tiny subforum making the same jokes they've made for over a decade,0.0
I told y'all I need a Pisces but y'all bitches are out there IGNORING ME,0.0
"It needs to have the necessary horsepower and the body. An ugly car with horsepower makes no fucken sense. A gorgeous car with horsepower, makes all the damn sense😭😍😍. A pretty Betty with attitude. Grrrrr",0.0
"Ah, I get it now. Walked right into that one - that's some fine trolling you're doing.",0.0
That's what made the twitter trolling so potent,0.0
Man wanted for a crime has finally been arrested after loud fart exposed his hiding spot,0.0
what if I kill myself tomorrow hoe,0.4999999999999999
"Falling so hard for this girl. Always making my mornings great, my whole ass days great &amp; nights.. I never felt this kinda love in my life 💗",0.0
But a power line goofy movie crossover would be dope,0.0
please if you don’t like the existence of yoo jimin just save your bullshit.,0.5000000000000001
"Stitches + Alex, both on Globe Quest, is so fucking good",0.0
Im somewhere in between humble and hell nah,0.0
"Great game for the neutral. Bit of a gut-kick for us. We played well and were shafted, yet again, by a couple of dodgy refereeing decisions. VAR can't come soon enough.",0.0
"Oh so y’all movin around barefoot #realkuntrygirlshit , lol cuz them hot girl heels and flops”slides/sandals “ make a lot of loud annoying ass noises 😂😆🤣 but don’t mind me I’ll turn the radio up so u can still be unheard 😆🤪😭",0.5
stan twitter is venting about how bad you want to kill your self and attaching a photo that has NOTHING to do with the tweet,3.330669073875469e-16
"#bettorrundown Tim cashes futures Donkey show ⚽️ More free-play=More bettor. Slot Promo⚽️ Shut-up &amp; Bet. @netimegambling Great conversation, got lost in it. hookers 2:1 comps. 7 royals. 400,000 &amp; 3 Unknown. Longer=More Bettor. Thank God the World Cup is over. Early=Do Bettor",0.0
Yo the take was still racist,0.0
You of all people referring to anyone else as smug and annoying could be the funniest thing I’ve seen yet on here.,0.0
Worked for us two years ago.,0.0
Disgusting women are not objects to be ogled my rich white entitled men! #DumpPervertWhiteHouse,0.0
Phil Robertson was banned from the show Duck Dynasty on A&E. This was eventually reversed.,0.0
"HUGE ANNOUNCEMENT! Talk Me Into is on Patreon. Ton of exclusive content for supporters of the show is coming. If you feel so inclined, become a patron of TMI at",0.0
how can people go on social media while just not answering texts like bitch I’m waiting and u out here viewing Snapchat stories 😭 pls I beg u,0.0
Hey im 5'9 and i never behaved like that,0.0
it's ridiculous,0.0
i wanna cosplay a physical copy of ace attorney: apollo chad klavier,0.0
"Twitter is a paradise for liars, once u are on this app you can be as Rich as Jeff Bezos 😁",0.0
Why is it that ppl often calls my husband's bland and/or boring? 🤔 Do I have a boring taste in husbands?,0.0
You didn't know shit from shit,0.4999999999999999
"Like he was going to turn down the chance to be VP...🙄😑 Given that he considered Obama to be such a ""clean &amp; articulate black man,"" he probably figured, ""Hey, why not?""",0.0
ARRRRRRRRRRRIIIIIIIIIIIIIIIIIIIIP!!!,0.0
#UNDERWOOD 21 (#Olivetti Studio) #Typewriter. Blue Metal Body #Manual Typewriter. QWERTY Keyboard. #Working #Portable Typewriter. #Vintage #Machine #Stylish #officedesign #Rare #Collectible,0.0
one of the biggest threats to the world now is hoax #SpiderManFarFromHome,0.0
Obese slavesluts electro bdsm and ugly crying bbw in tit tortured punished,0.0
This is one of the silliest dramas i've ever seen. Is baffling that these people are adults who have a huge platform.,0.0
Shortsighted. You should've slept with him and gotten info on the final episodes.,0.49999999999999994
I'd rather jerk off onto you,0.4999999999999999
"What a nice ass, it worths 😍",0.5
Well done @thisisheart for the breaking news of a new mum kissing her baby on his head!!! Cutting edge news report!!! #GetAGrip #GiveUsOurBayRadioBack,0.49999999999999994
FUCK THAT! I want my black genes to be so god damn diluted that by the third generation its just a white guy with a 70s looking fro.,0.4999999999999999
i would slap you but that’s what you want🤠,0.0
G a s p. ❛ Sorry— sorry! Don’t be scared! ❜,0.0
I wanted Brown style federalism in 2014 as the No.option but it was all lies &amp; the status quo or worse outside EU has eventuated. For middle 20% Tory lunacy is far riskier. Leonard should back Drakeford and say no deal Johnson and Farage lunacy Is potentially worse than indy.,0.0
FYI: Those big black eyes on alien greys aren't they're eyes,0.0
You can say he’s weak but he is anything but a lil bitch! Dude has no real super power yet goes straight for the action every time!! He a real one,0.4999999999999999
My ex was a snorer. Had a Pavlov effect for me. As soon as I heard her loud fucking snoring I'd start getting drowsy. Took awhile to get a good night's rest after we broke up.,0.0
"No, employing your tactic of simply asserting things without any evidence, I have already won this argument. You set the standards, you fell to them. If you would care to have me once again humiliate you intellectually in the future, just let me know...",0.49999999999999994
I smile at their flirting and advances. Then I brush them off. Makes me feel so good to turn them down. I go home to my cute asian gf and feel happy that I have someone who values me for who I am not what I have.,0.0
my mom baked a whole ass cake but forgot to add sugar..,0.4999999999999999
"Feeling like crap is one thing but looking like it too, now that just sucks🤢😫",0.0
I meaaaaaan 90% of this sub is fake shit and people trolling. I think he vets his sources more for his Patreon because he’s been pretty spot on for months (it’s also a paid subscription),0.0
"That stupid debate was a total car crash. Actually, that's an insult to car crashes. It was a complete waste of the planet's molecules and airwaves.",0.5
Fact: None of these differences in privilege really matter all that much. Oh,0.49999999999999994
full admission...they just wanted Obama to fail. 🐬,0.0
"""This magazine is sexist towards women! It shows a women on the front cover who has cleavage.\""",0.0
"/u/Vindex101 Still dunno what THAT part of Vivid Strike is, but in [episode 1](/s ""nearly the whole squad from Vivid gave our new girl the yuri hazing of her fucking life as an introduction""), and at the end of [episode 3](/s ""the contender for a space MMA championship title just choked slammed her childhood friend in a hallway while half a dozen other highly trained fighters including the champion herself sat and watched, and then the other girl checked her right back for it""), so if I'm not yet at THAT part, then THAT part must be fucking _awesome._",0.4999999999999999
"wow you get worked up easy, that shit is funny. I never claimed he's in it... just questioning the accuracy of people claiming the show writers invented him as matter of fact, and asked for a source on that. **Which you don't have**, just a strawman and a short temper lmao.",0.49999999999999994
"Piggybacking onto this, I can't get the game to acknowledge that I've downloaded the texture pack.",0.0
The take-home point to Chiao: our ability to identify with another person dramatically changes how much we can feel the pain of another and how much we're willing to help them.,0.0
Doggo is not impressed,0.0
Why ? Is Cleveland boring too?,0.0
OMG it's almost as if two different people dabbing two different products could have two different reactions! Weird! /s sorry I'm snarky/bitchy today.,0.0
everyone feels as though society is retarded but they just to with it to fit in,0.4999999999999999
"i got out of my fine, you need to write a letter claiming marital problems, it worked!",0.0
"YESSSS I'M FRICKIN DEAD You did an amazing job, all these faces are priceless hahaha!!!",0.0
Bench players talking like starters I hate it,0.0
Personally. Well of fucking course I am. You called me an idiot and ppl are literally personally attacking me bc I said it gets old. Fucking christ. The only reason I wrote this is bc I keep seeing ppl on my timeline comment and I dont even think they know what was said.,0.4999999999999999
Stop worshiping an event you know nothing about. ,0.0
Feeling empty inside and not hearing ily from someone you wanna hear it from sucks,0.0
"I told congressman Ray LaHood to go fuck himself my freshmen year of college in front of about 100 other PoliSci students over the issue of gay marriage. Back in 1996 when it was definitely not cool to say lay off the gays, bro. My professor was very pleased. Got an A.",0.0
Spineless Lindsey strikes again. When are you going to stand up for yourself and this country? #turd,0.4999999999999999
It's ok. It is just that it is not pure white like s3 It's the blue and silver undertones that enhance the wig,0.0
White people really don’t punish they kids. Just let them do whatever the hell they want,0.4999999999999999
Baekhyun got a dispatch photoshoot honey I’ll get you out of there,0.0
Has your jealousy made it into your masturbation fantasies yet? Do you pull on your penis while thinking about what might have been? If only. If only you weren't such a sad,0.4999999999999999
I look forward to it honestly. Cynical as it is it's gonna take something dumb and shallow like the Olympics being overrun to finally have some important conversations.,0.0
"I honestly fucking knew it, not surprised",0.0
Alcohol right up there with cigs. Another socially acceptable drug. Ill sign up to get rid of that.,0.0
Always two there are no more no less...,0.0
Only in countries where loonies have easy access to AR-15s do schoolkids die by the dozen.,0.4999999999999999
here come “big titty women corny” twitter,0.0
Wanting to die because I have to wake up in three hours,0.0
"S'up clown? You joining the #ClownCar to #ClownWorld? We're going to have some fun along the way! So are you a baby killer like the rest of these mentally ill ""candidates""? How much of earnings are you planning on stealing?",0.0
"It’s been a year of studying away from home but fuck, the heartache in missing home and missing old friends still hurts so much",0.0
The fact is...if they break the law that puts them in jail then that is where they need to be.. they get what's theirs for that. And as for eptstine. He needs to have the same punishment as the rest. He is no better than the other criminals in the system,0.0
#ArmyMeansFamily #BTS Did you know BTS BTS is my light BTS is my love BTS is my world And BTS is my everything in this universe Ilove you bangtan,0.0
Big moves are happening with Northern Ireland and abortion law as of a few hours ago:,0.0
someone tell mint that i'm dead,0.0
Most officers are nice people who deal with bullshit all day. Show them a little humanity,0.0
"The girl in the black got it mixed up man, she got the other girl beat up for doing nothing.",0.0
ahhhhh i like the progress. let the love begin!! 😭,0.0
Many states have practical abortion bans as it stands. But abortion doesn't really check nigger birthrates,
"It's not that hard to #BoycottHomeDepot . They've reduced their inventory to bare bones, telling shoppers to ""order it online."" I'll order from Amazon. When you bring something home from HD it's either missing parts or broken. Most products are junk from China.",0.0
i’m so - i’m only friends with one person and it’s because we can hang out for 3 days straight and i won’t get annoyed,0.0
also bro nathaniel is just a putinist shill who spreads halfbaked conspiracy theories that are almost half right,0.0
How come I suck so bad at racing games wtf.,0.0
where do you recomend meeting good women?,0.0
"ABC,CBS,NBC! Are Traitors To The American Republic! For Not Showing The 4th Of July Parade And Other Activities Showing How Great America Really is! Plus Haters Of Our POTUSA Trump! Friggen Blood Thirsty Bolsheviks Are What They Are! POTUSA Trump is MAGA! What Is wrong With That?",0.0
There is a difference between not sleeping with everybody you meet (which is self-control) and completely repressing your sexual needs just because some bible thumping shithead or stormfag told them to (which is usually just being a fucking sheep that instantly believes anything anybody tells them.),0.0
I know right 🥺 id kill for those socks,0.0
Just killing time on my break at work,0.0
Over 70 islands leased for resort devlopment,0.0
Fukin rudeboy episode so far tho init,0.4999999999999999
Did you miss your bf when he was in jail for curb stomping that black guy?,0.0
The niggers are in our brains,0.4999999999999999
HOLY SHIT! Amazing progress,0.0
"Something I've always wondered: Do you think people get worn-down by the constant stream of right-wing bullshit in the media as they age, and start to believe it more simply because of increased exposure?",0.49999999999999994
twitter has developed into a safe space for monster and vampire fuckers alike and I think that’s beautiful,0.4999999999999999
"Still Alive,Goodbye Baby,Until Whenever,Haru Haru,Lies,Tell Me Goodbye, Blue, Sober, If You,Cafe,My Heaven, Loser,FXXK IT,Koewokikasete, Fantastic Baby, She Can't Get Enough, Love Song,Stay 🧡 No.1,Gara Gara Go, Hands Up, Top Of The World,thanks to the live performances in Japan",0.0
"You sound like an expert, and you know what we think of them.",0.0
Aren't you the same one who kept people longer in jail than they had to be because you like slave labor?,0.4999999999999999
You haven't tweeted since July 5th. Just before all went down with Epstein. Did your attorney tell you it was time to shut up?,0.49999999999999994
Goddamn thats gotta be heartbreaking for him.,0.0
If you believe a small subset of whites,0.49999999999999994
why didn't you upvote my comment then n E r D,0.49999999999999994
I’d kill for a bowl of strawberries and watermelon,0.0
Sucks on your beautiful booobs 💋,0.49999999999999983
The hype is real for the new album!! From The Godfathers of Slam!! 🔨🔨 Time to spin my favorite album!!,0.0
My ass cheeks just clenched together at the thought lol,0.0
whites girls really still gonna be dressing up as cows for free chick fil a?,0.49999999999999994
my cousin be telling me a sticky situation she got herself into 😂😂😂 she actually wants to kill me tonight skdjdsjd,0.0
My aunt also is cancer free since mid 1990's! I hope you guys have many many years together! ❤,0.0
Is there anything socially that men aren't better than women at?,0.4999999999999999
Later chumps.,0.5
"I'm honestly surprised nobody has commented ""sit on my face"" yet",0.0
true i mean most of my moots are older and they’re still as much crackheads as me so skdksjs,0.49999999999999994
armos tried to pull a jew on the turks,0.0
"""Teach me to try to be a good guy"" The CB knows hes being a dick, sad thing is is that it must work sometimes:/",0.0
"bts has taught me to love myself through allowing me to exist in the same universe as namjoon's thighs, damn. haha they've taught me to love myself by speaking up for myself and not letting others get me down!",0.0
Lol NO ! I’ve been crude and obnoxious for YEARS so I’m salty others are profiting off that persona,0.0
The Democratic Party has wanted to bring them in to this country just like Obama brought all these Muslims in under the cloak of darkness. Why don’t the dams go there and ask him how many people want to go home? They have an asked that question. They are not being held prisoner,3.330669073875469e-16
Facebook Censorship’s Thanks Ordered 3.5 Million Extra FEMA Camps Coffins ⚰️ Damn FuckUps At SeeYa Florida All The Way To Texas Found HomeBoy Deader Door Nail At International Airport He Tested JY384 Ends DumbAsses Overseas,0.0
You are literally pulling shit out of your ass to defend your fragile little world view.,0.5
"why does my room smell like my brother,, he’s smelly",0.4999999999999999
I know it makes arabs feel better when they talk about their loot and pillage of persian empire,0.0
One of the chronic offenders got suspended for TWO YEARS. How the fuck is that even possible? I don't know,0.49999999999999994
"Send them to his wife, ask her to keep him on a better leash. She needs to know what kind of an asshole she is married to. Ask your wife, on what planet, is it a good idea to keep dick pics, from someone not her husband. Look and see what else she is hiding.",0.5
"On the plus side, the treatment for women's insanity is the doctor fingering your twat.",0.0
thinking about the video of the monkey getting his boogers picked,0.0
"Agree'd buddy, I hope more people think like this and just don't vocalize it compared to the loud portion of miserable people projecting others and labeling everyone when they clearly don't have a good grasp on themselves. Its just not cool to be nice too people right now. The cool thing is to deliberately shit on people with intent and no sarcasm or humor. Just serious vile accusations that I bet 99% of them don't even care about after they type it out... I left facebook for the exact reason you said. People I know had 2 personas, 1 for online and 1 for in person. I didn't like the online personas of any of them so I quit. I gotta quit reddit at some point, alot of the time it does nothing good in my opinion. Just creates more strife with no purpose. Dumb.",0.5
"i never once said harden isn't a flopper. i said curry does the same shit. and i gave you proof. but as typical of your type you always have an excuse. you can't admit your little pretty boy begs for fouls and then whines like the bitch he is when he doesn't get them. that's why he gets more techs and more fines than harden ever has. now excuse me, i'll be ignoring you to watch the game.",0.0
someone pls give him one 🐋,0.0
He banna. He vhanna. Bathong. Yhoo hai hai. What's fucking happening in this country. Yhoo. Hai,0.0
"I showed up in a dress with curled hair/makeup he was in a mismatched.. bad.. outfit because he “needed to do laundry”, ate off my plate w/o asking, asked for a box after I insisted I was gonna finish, and gave me a borderline noogie. .. 🥰",0.0
Now lets compare that the Middle Ages Europe. The punishment for sodomy? A fine,0.0
"I get this all the time. My reply is thanks for the compliment but I've been doing this for over a decade. In my head I'm like ""Would you rather I drink and smoke heavily and work with chemicals and sleep on my face?"" (Line from the Janitor on Scrubs)",0.0
"softdrinks everydayy, okay im dead.",0.0
😂 if the post gets 1k retweets I'll post a nude,0.4999999999999999
Damm I wish it was my dick👅👅👅👅👅👅👅👅🍆,0.5
Ur buggin. Raps or nobody else (except my Sixers),0.0
well ur post was about how she was a hypocrite. i just explained u got it wrong. she has her own standards and rules,0.0
Another set of neon leopards for my bestie off on a hen do! @Gelish Passion and Look At You Pink-Achu! • #nailappointment #nailart #nailinspo #nails #nailtech #mobilenailtech #gelmani #gelnails #gels #nailharmony #makethemgelish #gelish #gogelish #harmonyarmy #nailart,0.0
"This Bernie Sanders guy who exists in y’all’s imagination sounds like a monster. I hope the real Sanders slays him with that Ross Perot sword, highlander style.",0.49999999999999994
Obviously he’s serious like did you not no that mr beast actually copied Morgan you uncultured swine,0.5
I wish my baby was that cuddly,0.0
Is the American Army the biggest scam in American history?,0.0
I wanted to be in the middle 😩,0.0
PLS Blondemila can throw my ass to the hell #FindUAgainMusicVideo,0.4999999999999999
Don’t let @NoFridayy fool y’all he is a BARB at heart and is delusional for his STANmembership of the Queen @NICKIMINAJ . 🤪,0.0
Christianity is a journey of figuring out how to love the world. #grumpypastor,0.0
"Shut up and make me a sandwich, hun.",0.4999999999999999
I'll laugh my ass of too.,0.4999999999999999
Bruh gtfo of here with that 😂 that was debunked already go find that don’t come to me with gossip you found in the internet this ain’t grade school,0.4999999999999999
Kill it and everything that looks like it,0.0
"She didn't want to #Brexit. She is a New World Order Globalist Stooge. She is headed for the #Trash. #FreeTommyRobinson @realDonaldTrump to show your opposition to the Globalist #MassMigrationAgenda, PUHLEEEEEZE #FreeTommy His LIFE is in DANGER! @realDonaldTrump",0.0
"Oh, yeah. I love yo... I loooove you. Take it, you dirty girl. Take it all.",0.0
"Though Epstein has the blackmail material, so he is the key that blows the lid off of this sick world.",0.0
"Aelia Capitolina existed BEFORE Hadrian as did the temple of Jupiter on the \""Temple Mount\"" aka Jove (Jo-ve.... Yahweh... same fucking word). Josephus lied. He said the entire city was raised to the ground. There is no archeological evidence of this. The \""Western Wall\"" was never part of a temple",0.4999999999999999
"This is actually the worst painting I have ever seen. It’s so goddamn ugly, just looking at it pisses me off.",0.0
"lmao. yeah, right kid. respawn is too lazy and incompetent to fix anything. the only way you can motivate them is if you buy some of their $18 p2020 skins.",0.0
Mozart!! What you up to today?? 😘😘,0.0
"Your words mean a lot to me, Melissa. ❤️",0.0
"The others are pretty bad though.. i remember whispering ""what the fuck"" the first time i saw the Dragon ball live action as a kid",0.0
"You are not going to believe this, but he does not have MarioMaker2... Crazy right?",0.0
I bit the crap out of my tongue today 😖,0.0
“I got my Spanish ting convinced that I speak Spanish...” 😌 🔥chico caliente de verano🔥,0.0
AD Malz was God Tier sleeper op. I had perfected my build and strats right before the mage rework. Fuckking riot games..... Just when my teams started listening to my playstyle started giving my four 400+ AD voidlings peel. We would melt everyone,0.0
bitchhhh 😂 you fkn alcoholic where you been puto,0.4999999999999999
I would literally trade all my eggs for a blunt rolled by u,0.0
"20 or 30 years is not \""short term\"" and businesses realize that soon immigrants will start asking for more benefits and pay and create a situation that will bleed them dry. ",0.49999999999999994
"I hated to do it but the short porch in Cleve combined with the amount of training I figured Joc probably did to “try and win this damn thang, bruh!” {I imagine that’s probably how he said it}",0.0
I'm Allowed to Rob You!,0.49999999999999994
We should question parents dominion over children because,0.0
"I don’t have a dick, I’m just a regular female who enjoys dick pics...",0.0
Meanwhile in moron world is tweeting (crying) people are mean to him and his savior.,0.0
It doesn’t look good. It’s just ... fat.,0.0
When my barber cut my dreads he cut my bitmoji's too,0.0
Having hoes in 2019 is not as fun as it was in 2014 ... I blame city girls that stallion mf n whoever else 🤷🏾‍♂️,0.49999999999999994
"FUCK the refs! Missed our And-1, and BS calls on the other side!",0.0
"please tell us the strain of weed your lawyers are smoking, we would love some!",0.0
she just seems like a bully honestly.,0.0
Ay I know this is an old ass comment but look up meditate by earthgang featuring JID. You won’t be disappointed.,0.0
I just got done fucking her and am now back in my hotel room.,0.5
I’m not buying your lame defense. #DisbarAcosta,0.0
So brave!!!! Only talking to people to who you agree with!! We should all aspire to be you!!!!,0.4999999999999999
Gotta look after the afflicted 😂,0.0
me realizing i am indeed human and have well....sexual needs when it rly disgusts me and tears me apart,0.0
You have to legally inmigrate. Then,0.0
— sense of what the hell was happening.  Cerulean was the dominant scent that had her head tilting down. She didn't so much see what was there as seeing color in a strange way. She could see Vriska's general figure and only picture a smug grin in that damn beautiful face. —,0.0
Goddamn that is a great observation. This is almost Milton Friedman word for word.,0.5000000000000001
I have good veins they said. Something only a prick would say. 💉,0.0
"Who's the worst person you've jacked/jilled off to? Don't be cowards, TELL ME!",0.4999999999999999
"thats ice bow lmao ice bow is different to xbow cycle, check the xbow cycle vs golem on tv royale, stop being ignorant",0.0
"like either my hypothyroidism has came back full blast worse than ever before or i’m pre-diabetic bc i haven’t felt this fucking lethargic, hot, like i’m on the verge of barfing, can’t even walk to my kitchen without feeling like i exerted all my energy in a MINUTE",0.0
iwantsomeonetotalktobutidontwantpeopletothinkimusingthemjustasaplacetovent,0.0
"I'm gonna get a little ""don't do shit"" now. Hee.",0.49999999999999994
Would love for antifa to show up and block or harass a real man who is showing up to buy some materials. Would be great TV,0.49999999999999994
"I don't hate a lot of people just this girl from high school, one of my friend's girlfriend, one of my ex boyfriend's brother's girlfriend, this couple on instagram I don't know but has a go fund me page for their vacation...AND LUKE P #theBachelorette",0.4999999999999999
Pakistanis started trolling India after defeat.. le Indians: #NZvsIND #INDvsNZ,0.49999999999999994
"disarm everyone and send in the rats. that is how democrats plan everything, ratass backwards. democrats don't care if sound stupid as long as they can have the agency's for their kickbacks and money laundering. a vote for a democrat is a vote for money loss.",0.0
You a ole Burger King taco eating ass nigga 😂,3.330669073875469e-16
Then come back and try fight the man. Lmao,0.49999999999999994
I seen shit in my days but not like this 🤢🤮🤮🤮,0.49999999999999994
Well did you? 🤤 Nice cock bro!,0.5
"""...Only Russian people...\""",0.0
We in hell frfr everyone lying on god,0.0
the only thing I miss about not being a manger is I got away with not doing a lot bc my upper management sucks at following up and holding people accountable now I gotta deal with it 🤧,0.5000000000000001
Maybe they were asleep and she couldn't see😂 I hope they were because I can't understand why someone wouldn't high five a child💔,0.0
I was like 2030?! Then realized imma only be 30..damn,0.0
If U don’t watch @joerogan I ask that U please go &amp; Watch the #FightCompanions BC its the funniest Fuckin thing you’ll ever see BC the last 1 they did @BrendanSchaub is BEYOND FUCKED UP &amp; When @francis_ngannou Knocked Out Kaine Schaubs Mouth was wide open &amp; #YoungJaime said YIKES,0.5000000000000001
"Jarold Nadler: If anyone should be in jail sir it should be you for abuse of your power. I see on your face nothing but HATE and Retribution, no one should be able to what you are doing!!",0.0
[TIFFANY] hates yoona aegyo sound,0.0
"Are you jealous because you can't get pussy? Don't worry, puberty will hit soon.",0.49999999999999994
Yes I know. Oils ain’t good for Mother Earth that’s why I gotta get it fix and they definitely ain’t good for my fkin pockets,0.0
pls engage a pro photographer and give us some quality images of the kits! These obese are a no no!,0.4999999999999999
Pedicabo off nos plena,0.4999999999999999
Basically blacks inherited a wealthy city hoping to suck it dry,0.5
funny how i notice everything without even trying 💀💀,0.0
"I'm with you- the Allure box this month was rough. I prefer IPSY for that reason- no surprises and if I get something I dont want I have time to prepare myself lol. As for the ND, experiment with it. I got the Morgana one which is a horrendous burnt orange. I put it over top a silver too faced shadow and it turned it a pretty light coral color. ((Hugs)) box disappointment sucks.",0.0
Toothless Cooch is a Ruthless Cooch. Oarty time!!!!,0.0
"(I'm not even sure that this is a left-made effigy, but still using it as a talking point). That's the thing I hate the most about the left, communists, or whatever the correct term is for their kind/party/inclination. In the past, they could have always argued that they had a legit gripe with their age-old admin/USA Puppet perspective. We legitimately had close ties with the USA in the past anyway. No arguing there, even if the value of the relationship itself could have been debatable. With everything that's been going on now, the left has shown that they're at least as willfully BLIND as their opponents when they continue to spout the admin+US bullshit. On a brighter note: one good thing is that China is finally included in this effigy. That was the second thing that these groups have been traditionally blind to (China = commies, we're commies, china == friends). If leftist groups did this, then hopefully it's a good start.",0.4999999999999999
I went yesterday but I only got shit to make dinner with 😂,0.0
And it makes you watch a significant portion of that despite that it was only 8 episodes ago.,0.0
"You can do this to Hillary, too! She wrote books! She wrote ""It Takes a Village,"" and ""What Happened."" She actually *told* the world you're Putin's puppet! HOW DARE SHE!! Get a crate of *her* books! Give *her* the same treatment!",0.4999999999999999
You’re walking around the campus naked????? 😱,0.0
You never said that you are ashamed of the peaceful maulana who called you prostitute just becauseyou became actress.,0.49999999999999994
A girlfriend isn't just a hole for you to put your willy in,0.4999999999999999
I’m about to delete this stupid bird app till I go watch FFH,0.0
City girls are mostly girls that were kicked out from the country for their harmful activities that could influence the other girls,0.4999999999999999
OH MY GOD PETE THE PILOT FINALLY FLIES ON CAMERA IM SO EXCITED #TheBachelorette,0.0
Damn I forgot to leave my AC on 🥵,0.0
"(for sure NSFW) *Friends sisters little virgin ass filled with my cum on snap* ^40,816,881 ^Views ^76% ^Rating &amp;nbsp; ^| ^| ^I'm ^a ^bot ^| ^-1 ^voting ^for ^removal ^| ^last ^update ^2019-03-15",0.0
"I'm going back to sleep 😴 I love you all, my wonderful friends ... I will talk to you later!! 💜💛💚💙",0.0
Things got bad for the white people. Meanwhile the niggers just kept nigging on.,0.0
"funny that you can put a ton of effort to hanging out with someone for like a year with no reciprocation but the second you say fuck it, they’re free 24/7",0.0
L-3’s DYNCORP PART OF EPSTEINS TRAFFICKING RING. 👇🏻👇🏻👇🏻 @bigredwavenow @TrueEyeTheSpy @VincentCrypt46 @ShakaThaGod @ROYALMRBADNEWS @BusyElves,0.0
Do you know how to use Google? It's wicked useful for that kind of thing.,0.0
"Katie, can please help get these out! If not, it's okay...don't want to see you in trouble too! ❤️",0.0
exactly. They don’t even put a trigger warning or anything. I HATE IT,0.0
That indirectly means I'm sorry but eat your shit 😂😂,0.0
I am very glad he is okay and that you were able to take him to a vet. I hope he recovers well. The other post sounded like your dad wouldn’t let them have any vet care at all (though it’s still awful he couldn’t go right away). Please get them fixed ASAP! Have you had the others checked for this same parasite?,0.4999999999999999
The perfect leftist. Demands things that are undeserved and classless in public...oh yeah and narcissistic. @mPinoe,0.4999999999999999
"""He had cleared up the etymological problem and shown why the Templars should have given the name Baphomet to their so-called idol. Baphomet was Father Mithras",0.0
"They aren’t concentration camps. They R detention centers. Unfortunately, the adults who brought them here while breaking our laws, are either not their parents or are and have caused the situation. But my heart does break for the kids. They had no choice😢",0.0
Nice scam ya goin' on there......wonderful diversity!,0.4999999999999999
Me when my man wants to take me out,0.0
ew here i go feeling un-fucking-important,0.49999999999999994
They're equally worthless in themselves and just an abstraction of value.,0.5
Another denier in the black community.,0.0
Perfection fallacy. Just because laws don't stop all niggers everywhere from nigging doesn't mean we should ditch laws altogether.,0.5
Otherwise they would admit that nice guys need to become assholes.,0.49999999999999994
Jam would be fine. Ketchup is the hardest of passes,0.0
Alright I used to absolutely hate my hair in ponytails cause I thought I looked like a boy and I probably did but now I dig it.,0.0
At least my theoretical backyard has a pool,0.0
This is about a girl wearing fake tan wtf are people not understanding my god 😂,0.0
Some shit straight outta North Korea,0.49999999999999994
You should visit a sauna so your entire body can cry.,0.0
I'm a queer female-bodied person and I love this sub. Wouldn't change a damn thing about it.,0.0
#DistractionBecky has to be the best burn ever inflicted! LOL ❤️👏🏻👏🏻👏🏻👏🏻👏🏻👏🏻💪🏻,0.0
Damn I forgot she snuck up on Jon in that same spot too!,0.0
A rare example of its usage by a NSDAP member can be taken from a 1931 work by Joseph Goebbels called The Nazi-Sozi: Questions and Answers for National Socialists. Since the rise of Cultural Marxism the term has been used as a broad Europhobic epithet,0.0
"Love goes way beyond this thing we call a world, it causes us joy, it causes us grief. However it's all we have right now....Who are you ???? sg",0.0
Glad to see you would rather have a dead child over an effeminate one.,0.5000000000000001
"I wasn’t gonna post a selfie but seeing how many people are so fucking triggered by it made me change my mind. Fuck y’all who have a problem with selfies. This is 42, biiiiiitch.",0.0
"Subtle changes. If you're a teacher or Uni Lecturer you slowly put red pill material in your classes. If you're a banker you grow rich off a corrupted system and siphon your wealth to \""causes of merit\"". If you're in politics you can use your influence to remove people you don't like in congress or parliament. Take a look at Australian politics 2007-2013. This revealed that \""faceless men\"" behind the scenes hold all the power and that politicians are just empty suits. Benign unthreatening faces",0.0
"As an actual ""encrypted"" comm? So annoying. PGP can be useful for out-of-band authentication/begin-of-comunication and then switch to signal.",0.0
You live in Florida? Watch out for all the crazies and serial killers.,0.0
My black nanny who protected me from my white abusive father Thank you Maude,0.5000000000000001
Oh shit it really do be like that,0.0
All you need is that good ass blanket on tha bottom,0.0
"This propaganda machine (FOX)with direct line to Whitehouse helping shape and give the prez bullet points for policy is dispicicable. At night their freaks come out. Fucker, Hick Hannity Ingraham, Wing Nut Watters. Defend the prez even about The great championship womens team.",0.5
I DONT THINK IM MENTALLY READY FOR THIS ANNOUNCEMENT!!!!,0.0
Nicki should at least know Arewa Twitter are Nigerians not Saudis! 😂😂😂😭 Y'all better use the same energy to save the North from itself. ❤️,0.0
suck my cock (chicken) hahaha!,0.4999999999999999
Why does my father bitterly bitch and complain about the actions of my mother Your anecdote generalises perfectly to all 3.5 million men and boys on the planet. Clearly there is no need for further examination of the issues. Long live feminism!,0.5
"The new OP, Rakuen Toshi, for the anime ""Cop Craft"" is a Banger",0.0
"White people are weird but aside from that, I never got the whole remaking somebody else as black thing. Why not just make a whole new character &amp; storyline for a black character?",0.0
Damn anybody up 👀 let’s get high,0.0
It wasn't an inside job. Shut the fuck up already.,0.5
pray 🙏 dirty house 🏠 educated 📚 hoe 🚂 a job 💰 gold digger 🏗 clean pussy 😌 stank pussy 🤢 faithful 👼 cheater 🖇,0.0
"Didn't see a singsong Lots of resistance, through Rather shallow propaganda from you",0.0
Fie channeled Blublanc oh my,0.0
I find it amazing how the opinion someone has of a person could change so drastically. How selfish someone can be to go to suck lengths to belittle someone...apologies for the mini rant,0.0
Luckily I can always prove you subhumans wrong.,0.0
Amy is a wierd name for a guy but whatever... are you a Democrat?,0.0
I’m in the hood like a head gasket,0.49999999999999994
Because he or his lawyers said so? How about affidavit from a 13-year-old who talked about how Epstein procured her for Trump. Trump bragged about assaulting women and walking in on teenagers changing clothes. Said he'd be dating a 10-year-old in a few years. I'm sick of this.,0.0
"She's no longer a Kinder, then, she's a Fraülein. 🐶",0.0
"The state that elected a incestuous, bigamust, tax evading, campaign contribution fund THEIF and liar on government asylum documents. What did they expect with people of such low morals representing them? Your congress woman hates America, Americans and defiantly the pledge.",0.5
the kangaroo and hungaey ones weren’t serious. the cardio one was bloodshed,0.0
"a man just flirted with me! gods, is my lesbian presence not strong enough?!!?",0.4999999999999999
Are you gonna write a big mean and scary letter? Ooohhhhh....lots of words. That ought to show them! You need to pass the torch to someone who gets shit done. #ImpeachmentInquiryNow,0.4999999999999999
Tell the Greek Gods not to rape?,0.0
"""[twitter trolls] goes to show violence against black bodies is so normalized",0.49999999999999994
i hope ppl will rt the ga lol PLS I JUS WNA GIVE IT TO SOMEONE 😭😭😭😭,0.0
You will bow down to the throne or you will die.,0.5000000000000001
Yeah i agree just fucking hilarious,0.4999999999999999
I wrote a snail mail....how are you?,0.0
I'm in love with your booty,0.4999999999999999
"Man, they should impeach that Jussie Smollett. Oh wait. He's not a politician. &lt;shitpost.jpg",0.0
All the South Africans on my TL data don finish,0.49999999999999994
"To all my friends of all colors, sexualities, genders. I love you all. I know I joke around a lot and talk shit. But I love you all. If anyone is giving you a hard time because of an aspect in your life that you have no control over. If you feel alone. I’m here. At all times.",0.0
"hate to say it, but i would respect the sport more if they just went all in like the WWF. or you know, crack down on corruption and malingering.",0.0
White slavery will become real ;),0.0
Y’all been subbing Jenn body on twitter for 2 days and she dnt even have a Twitter😂😂😂😂 if that ain’t some pressed shit...,0.0
have mercy on me please i messed up to the third degree this crush is kind of crushing me,0.0
Yes. My MC killed the other antagonists before they met. :),0.0
KABOOM: Jeremy Bash just called out the entire plantation white house &amp; the @gop for being racist af @DeadlineWH ...there's not more outrage because THEY'RE NOT WHITE. #CloseTheCampsNow,0.49999999999999994
"Wow maybe he would have been happier being held back? maybe he needed to change schools. Nobody knows the kid's situation and nobody asked or cared, that's my fucking point",0.49999999999999994
he wriggles it about a bit,0.0
"That last paragraph. If you gon hoe, go hard!",0.49999999999999994
Okay now I’m convince these nuts are watching me lmao,0.4999999999999999
This was proven to be started by Russian trolls. Try not to be such a dope. You’re letting your country down,0.0
Metallica - Enter Sandman (cover by Leo Moracchioli) via @YouTube #Metal #metallica #EnterSandman Bad ass cover song!,0.0
the fact that you literally went straight to twitter-,0.0
Sounds like you are using hate speech to me,0.0
"But fine go on being that simple minded child. Try your best to meek out a painful existence living in your own depravity. You're only excuse being \""But",0.49999999999999994
I don't want to alienate people based on their lineage. I would rather focus on the ways in which MM today hurts minorities w. his policies/words/actions. There are good ppl descended from slave owners and bad ppl descended from abolitionists. This is a harmful distraction.,0.0
"What is \""right\"" who gets to decide that? what if whats right is to kill you and your entire family? whose to stop that from happening ever?",0.5000000000000001
"those parents don't use the word \""degenerate",0.4999999999999999
"RT DataScientistFr: via RichardEudes - Leveraging Agent-based Models (ABM) and Digital Twins to Prevent Injuries #artificialintelligence, #businessanalytics, #datascience, #deeplearning, #digitaltransformation, #ds #datascience,…",0.0
You're just spouting mindless talking points on all taxation being theft and offering literally nothing realistic in return.,0.49999999999999994
Why aren't there any black drivers in NASCAR?,0.0
"CAPITALISM, in this era??? What a scandal! I'd rather make a skin for a champ with 100 sure buyers than a champ with 10 buyers. OBVIOUSLY.",0.4999999999999999
Do you not see how this convo is going ???? They ain’t gonna want our crazy asses there 😂,0.0
My plans be better than yours.,0.0
"British guys really be wearing above the knee jeans shorts, you really hate to see it",0.0
"Flopped harder than Rihanna after your buddy Chris Brown smashed her face into the steering wheel, amirite?",0.5
I hope your not one the bitch in charge is upset with. But if you are good.,0.4999999999999999
dont listen to morons,0.4999999999999999
One day a mother duck who took,0.0
It's unbelievable how formulaic and predictable shitlibs are.,0.0
Listview adapter in a fragment giving null pointer exception,0.0
He was. Reports on the state of governments was what they used to do. Before we seceded sovereignty to Trump Said we were to weak to stand alone Proof shown.🤦‍♀️,0.0
"Interesting, I've never heard it used that way. The almighty Google indicated that ""western world"" is not clearly defined. However, it does suggest that my understanding is apparently not the most common so...fair enough! That just means they're *both* wrong though lol. The claim by corporate129 that circumcision is limited to the US is definitely bullshit.",0.5
So fucking what If Notre Dame got donations to rebuild?,0.0
Who do we have to kill to initiate Amber and Ovie #LoveIsland,0.4999999999999999
"You are literally saying youd rather an islamic theocracy that exports terrorism all over the world then a secular welfare state because you want cheaper gas. This is an indictment of you, not socialism",0.4999999999999999
"tick tock twisted midget, couldnt happen to a better POS",0.0
"filthy children in cages and the choice of who one loves and chooses to marry.... Yeah, i am really struggling with which of these things is analogous.",0.4999999999999999
"Even if i wanted to believe in that.. Those photos of them together seem staged. And, besides they've had dating rumors for years now, and they are dating now all of the sodden when they've just released a song together... It makes me believe this is a pr",0.0
"The fact that those song came out when I was in middle school is crazy lmao except ""shots"" I had already graduated high school when that came out and was taking shots to that song lol ALOT of shots 😂 #LRT",0.0
Lmao that shit dope asf tho bro I wish lol,0.0
"slytherin, taurus, lesbian",0.0
"It's not cope. Young babies prefer races of their own when made to pick a choice between faces. The degree of ""white lust"" differs considerably, with black women having the least. Thinking that whites are inherently superior and objectively attractive is a common alt right cope. People prefer their own race, and that goes for all races. You don't see this kind of shit happening 50 years ago. In fact, people stuck to their race so much that segregation was a common occurrence. Even among Indian castes there was severe segregation, and, marrying outside your cast wasn't allowed. What people are attracted to is status. It's perceived status to have a white gf or bf, sometimes more than looks (which is why you see ugly white manlets with Asians). Those Asians don't find those white men attractive, they are just there for the status",0.4999999999999999
This is the ultimate failure of collectivist thinking. It runs under the assumption that individualist policy thinking does not protect the group as a whole,0.0
muh magic man in the sky strawman,0.4999999999999999
"Once in a while I get \""hey wanna fuk?\""",0.4999999999999999
A #hashtag or two would probably reach more of the people,0.0
“private section of a county jail” Saaaaaay WHAT????????????,0.0
"But now, they have 9.4M followers. 🤟😭",0.0
They don't know the consequences? Teach them about the consequences. Problem solved.,0.0
Hows it feel knowing your kind is not only being wiped out by society finally having enough of your shit..,0.0
homestuck reread dave sucks at first when did i start crying about him,0.0
"If you think hard enough, literally anyone can be compared to Hitler.",0.49999999999999994
You need a licence for that in the UK,0.0
A very high probability that I will have to drive 98% of the way to portland tomorrow and I really don't want to. goddammit...,0.0
"Well it's the Internet so I'm generally not serious. We are both speculating here, me less so, I'm mainly taking a dump",0.0
I tell ya if they didn't smell so nice and I didn't want to cum inside them they'd *really* be more trouble than they're worth.,0.0
STOPPP why are you crying... tell me ur past TELL ME,0.0
Stfu trump. You're an embarrassment to the USA. You've done enough damage,0.0
Community groups raising money to pay court fines and fees for former felons so they can register to vote in Florida -,0.0
You’re virginity is making you a bird as usual made me think of sweet Dee,0.4999999999999999
"Definitely not scared to fly tomorrow, I mean what’s the worst that could happen? 🤷🏻‍♀️ (IT COULD FALL CRASH AND WE COULD ALL DIE, THAT’S WHAT🤦🏻‍♀️)",0.0
girl ur in! easy as that tf i rlly hope we actually make this happen,0.0
imagine those who don’t like any of them..... tasteless,0.0
Give me all my mf shoe money😂,0.0
Your decreeing is going to embarrass the hour of temptation JHM,0.0
"Amanda NeverTrump-ing as always, it's like a mental illness with you guys at this point",0.4999999999999999
"You gotta pay the troll toll, if you wanna get into this boy’s hole!",0.0
"Marchand living rent free inside /r/hockey’s head since like, 2013. It was a cunty, ratty, bitch of a move but it’s not suspension worthy. At most a 2 minute minor for roughing. Settle down",0.0
"Let me tell you a story about another little infrastructure project known as ARRA. I worked at a location in California that was the recipient of ARRA funding. It was a shitshow from the get-go. There was no oversight, the work was pure shit, and in some cases, the infrastructure was in worse shape after the work was done. This included roads (gravel and slurry sealing, done as badly as you can imagine), electrical (terrible), solar (also terrible), and so forth. It was outrageously expensive, and at the end of the contract, the company dissolved so there could be no accountability for the garbage-tier work that they had done. Billions and billions of taxpayer dollars disappeared with nothing to show for it. Moral of the story: beware any infrastructure project the Democrats agree with. It means they've found a way to siphon away the money into a donor or shell company.",0.4999999999999999
Always watching your back! 😂 Miss you my fat distant work wife,0.49999999999999994
"You politicians are beyond stupid and if you can’t see why a serving president wouldn’t get upset over one of his ambassadorial guests slagging him off and criticising his government, then you shouldn’t be in the job sunshine..",0.0
"nah, this guy bought his id",0.0
this....means nothing. i can post a pic of my gf and say this is the love of my life and still call her a fat ass kelly price and cheat on her the same day 😭,0.5
"You're absolutely white, Sean!",0.4999999999999999
"They're hardy an \""idealization\"". Shit like plea bargaining makes that much clear.",0.49999999999999994
EPA's new public records rule lets Trump administration pollute in private,0.0
"You are _really overselling_ the planning and strategizing ability of then-Aisha! Remember, she went there without telling her team,or leaving a note, without having a plan, and then got caught in a bear trap, asking the Nine for help...",0.49999999999999983
"☺✌Ty, I'm sorry, I have a terrible habit of forgetting to ck my account. I get so involved with my reading, or with History and Universe Studies that I forget. Have a Beautiful Day, Erin!! 😮😵😂📚📖",0.0
" Teacher shows a video of some Black ""speaker"" who basically says ""Yea 1/3 of black males are in some form of the prison system",0.0
"Pro-tip: Spain was 9th GDP country in the world after Canada before joining the EU and had around 5-10% base unemployement. After joining the EU and the industrial \""restructuring\"" the unemployement skyrocketed to a base of 15 to 20% during the Gonzalez socialist regime (just masked few years by the building bubble during Aznar and Zapatero times) and we turned our prosperous industrial nation into a services and tourist shit and a laughable shithole",0.0
I’ma just keep watching the new season of stranger things and hope ion die I guess,0.0
Our colleges have been infiltrated by a bunch of overpaid radical leftists. Shut them all down and start over🤨,0.49999999999999994
How much did whining about that handbag help society? As if the average american can even afford to spend$26k on a CAR let alone a stupid handbag,0.4999999999999999
I feel like I can become a badder bitch 🤔,0.0
Can't believe y'all arguing with niggas who don't have any facial hair. Couldn't be me.,0.4999999999999999
i need to get off the internet mfs are retarded,0.5
"I think you mean the “Patriot Act.” To prevent “terrorism” or some shit? Oh, and remember the NSA? Freedom.",0.0
Rapmon hugged me because he lost a bed DAMN,0.0
Damn! Now that's a read Ayanna but then she deserve it,0.0
first impression: freakin cute your nickname in my head: baby boy closeness ratings: 6/10 do i like you: yes you are my: best friend to be honest: you're my dumb asses dad ever had a crush on you: yes should you post this too: yes,0.0
osrs.... grave... evil tree... wut?,0.0
"You \""never know\"" what little piece of garbage you might need",0.0
No there are not yes u are abnormal,0.4999999999999999
"Obviously doesn't cause any safety issues in England, I don't know whether that's because there is not enough police officers to use the parking facilities . They churn out more shite than the average city sewers.",0.0
"Yeah, and many of them can easily make turns like this all day. This jackass can't and probably shouldn't be driving.",0.0
"For real cuz I know how hurt you feel when someone you're not even in love does you wrong in some way so I can't even imagine how that shit must feel if someone you're truly in love with does it, OMG just thinking about that shit got me shook😩",0.0
Came across your stream a while ago. And was like holy fuck this dudes cracked. Then you blew up. And that’s great.,0.49999999999999983
He looks like that baby dinosaur on that 90’s show ... About a family of dinosaurs. He also looks like hot-garbage.,0.4999999999999999
I’m an American dumbass. This is from vacation lmao..,0.0
He still just sits in the room all day smoking weed doing nothing,0.0
Hey dog I see you everyday on t.v. love you man,0.0
"It's silly to give attention to the people who project hate towards you, when your time could be spent LOVING the people who LOVE ((YOU)). ❤️",0.0
It's ok since he saved the entire universe but using too much that topic in every single movie will be tiring. And I bet they'll do some other shit to try to make him look like a villain,0.0
Harry Tuttle? I think not. Tom Stoppard would cheerfully punch this idiot in the bollocks.,0.0
volunteer humanitarian work all over. Barely manage to keep virginity in tact.,0.0
all these chicks poppin pussy I’m just poppin bands 😩😩,0.5000000000000001
"jeah, the streaming quality was incredible bad. the shadows totaly clipped and made many scenes unwatchable. sky made an incredible bad Job with the streaming in germany.",0.4999999999999999
"my boy isn't kinky at all. but I'm sending him videos of my puppy and he's saying shit like ""wow what a good pup!!!"" n like,,,, its low key sending me STRAIGHT into pupspace",0.0
When the only people I see you arguing with and trying to start pile on’s against are black women....,0.5
"Every time I have been to a GP or A and E they always use Google and medscape, right in front of me, so how is it not ok for us to work things out too?",0.0
Amber wants to cuss him OUT! #LoveIsland,0.0
"Whoever they are, they need to go away and have a long think.",0.0
"What a good little bot you are. Trump is a criminal, a rapist, a traitor, a thief, a liar, an adulterer, a sexual predator, and he’s supporting concentration camps. No amount of “reporting and blocking” is going to change any of that.",0.4999999999999999
Uncensored Jacuzzi set available on ONLYFANS!! ➡️ LINK IN BIO ⬅️🔥🔞😈💦,0.4999999999999999
IM LAUGHING LUKE P BYE #TheBachelorette,0.0
A crazy bitch on the bus doing fucked up shit doesn't mean all women are like that. And it certainly doesn't mean men are oppressed.,0.0
"French star, Antoine Griezmann is walking on a tight rope after Atletico Madrid issued a press statement, alleging breach of contractual obligations from the player's end.",0.0
And you sir are a bully of magnitude proportions. Your name calling shows you have the emotional intelligence of a 5 year old. P.S. your (current) wife’s cause is to stop cyber bullying. Get on board! #MelaniaTrump,0.4999999999999999
I would assume if you took the leap I to full time you would have secured more of a safety net then setting a goal each month. Like what happens if you don't meet the donation goal of rent? Do you lose your living conditions?,0.0
"If you think about killing people, are you then a murderer?",0.0
"#STND Grim story of marriage strife, an affair and rape unfolds",0.49999999999999994
"their current “crossovers” qx50/60 are more like regular sized SUVs, it doesn’t make much sense to market them as crossovers. Definitely agree, everyone and their mother has a goddamn crossover these days, not a smart move to leave that market.",0.0
how much has woman like me sold,0.0
Awesome. I’m sure I’ll get sucked in very quickly.,0.0
"I’m trashing the estimated 10,000 USMNT fans that show up in Chicago for the Gold Cup Final vs Mexico. The game was on US soil not at the Azteca in Mexico City. We can tell it was a Mexican home game! Don’t blame the venue, blame our fans that didn’t show up. #getemout",0.4999999999999999
Those were her last words? That's wonderful,0.0
These thot thot thot thot thot thots,0.0
"Gee Oedipus, gouging out your eyes so you can’t see doesn’t mean you didn’t just get nasty with mother. It just means you aren’t man enough to look at what you’ve done.",0.4999999999999999
#Trump's crying. Boo-Hoo! The UK Ambassador Said something not nice about him. Boo-Hoo! Trump like flatters &amp; people who lie to him about how great he is. Yuks! I wonder if he complained the Queen &amp; if she laughed. Trump's crying: Boo-Hoo!,0.4999999999999999
A man said if I’ve got a bf why am I wearing air forces 🤣,0.0
Ok but deliciously dark. And let's not forget that they desperately WANTED to be a Simba Chippie... Like it was their dream and purpose and they had a whole song and everything 😊,0.0
Your swanton is fkn glorious,0.0
Our thoughts and prayers are with the family and friends of Deputy Sheriff Nicolas Dixon of @HallCountySO. Deputy Sheriff Dixon was shot and killed after a vehicle pursuit of a stolen vehicle. He is survived by his wife and two sons. #NYPD,0.0
spray bullets at kids and then off yourself,
"Don’t need a gun, just a pair of balls.",0.49999999999999994
Really really wish people understood how bipolar my mother is she’ll literally love me then miss me then I go home and she tells me to leave help me with this woman,0.0
Why waste your life when you can have it remembered.,0.4999999999999999
i can’t wait to do this with my siblings except it’ll be mexican music or kpop 😂,0.0
It's not worth the £1.30 they charge for it.,0.0
This is me but being that it does lose some of its unique functionality I'd say only the damn colors makes me mad like wtf I want a turquoise switch 😭😭,0.0
"""HOLY SHIT THESE GUYS ARE HEROES LONG LIVE FREEDOM\""",0.4999999999999999
I mean I sometimes wear sexy undies on just a regular day when no one is going to see them. Major confidence booster 🤷‍♀️.,0.0
I’m sorry hon. You don’t deserve that. It’s purely immature and so silly. I’m glad you got rid of that negativity!! Hugs!,0.0
nobody does shit because they dont want to keep suspending me,0.49999999999999994
😂i love him he be slaying 😍,0.0
"Don’t talk rubbish! He only did his job, which is to report, confidentially, to the Govt, with his views on the Trump admin - views borne out by what many others have said. And confirmed by Trump’s appalling, infantile response. Blame the treasonous Daily Mail for the leak!",0.0
wut lol what kinda basement dweller threat is that 😂,0.0
The Christchurch shooter wasn’t radicalized online. Read his manifesto. He just saw how Muslims and non white supposedly infested white populations and destroyed them. He is fucked up. He murdered 50 people to accelerate the political divide in America and it worked. Just saying.,0.0
my sisters gonna say i need to teach her daughter how to mump when she have her.. wtf😂,0.0
The waitress asked if this was my favorite drink...I told her absolutely. Only the real know that the Brown wears the crown. #crownandcoke #staybrown #potatoefever #crownroyal,0.0
"IF true... Worst ARG ever, no contest, hands down. This clown should just dissappear",0.4999999999999999
Bitches be really pressed of me lol like wow I didn’t know I was admired by my fans like that,0.0
This be all black girls and then we come back the next day with box plaits 😭,0.0
"They said something about gay people having privilege and women having privilege. Their views in general are so far from mine, it’s not worth the couple of laughs I get.",0.49999999999999983
perhaps i should rewatch sense8 but how about my watchlist theres ton of ot djskskks,0.4999999999999999
me &amp; my friend went to burger king today and there was my ex best friend w her best friend who apparently had a crush on me and he saw me the first time irl and said „ew is that krystal“ LIKE? AM I UGLY TO U FAT BOTCH? ok anyways..,0.49999999999999994
"“It’s not you, we’re just incompetent at managing our own affairs and have no strategic vision.”",0.0
Group Tries Again on Petition for Gun Sale Background Checks,0.0
"Child rape isn't something to laugh about, but please continue showing the world the disgusting nature of trumpers.",0.4999999999999999
Always wondered why train tickets cost so much to London... Now i know :D,0.0
Keep this man's mouth shut Star Sports @StarSportsIndia. He is commenting bullshit. Who is he to comment tons of negativity about Dhoni's position about ability? Sanjay is pure emotional rust.,0.0
"Know your place, young king . It’s right by the phone when I text “You up?” After I leave the club at 2:30 in the morning. 👌🏾",0.0
What sub is willing to shove this up his butt no lube with video proof? #findom #paypig #sissy #finsub #cashcow,0.49999999999999994
This disproves your point that high taxes INCREASE economic growth and mine that they DECREASE economic growth. Oh we'll guy's probably a dumb asshole anyway amirite!,0.4999999999999999
I once tried one particular blend from Bystro that blew my mind. Haven't found it again ever since,0.0
Today we ain't working in silence?,0.0
Imagine being such a fucking loser that you choose to hang around a sub for a game you don't like just to whine about it.,0.5
Will no one rid us of this dimwitted fool?,0.0
The Eldar did SHIT to Octarius. They CERTAINLY haven't blown it up.,0.0
I hope that they are African books and not USA cast-offs.,0.0
AOC hates America . She said she did t care about our veterans not fallen soldiers . I had people who had family in the military who died and they cried just hearing AOC speak. She needs to #RESIGN,0.4999999999999999
"""You get half of your allosomes from your mother and half from your father. Since females are XX",0.0
she's annoying and disgusting. i hate her,0.49999999999999994
"Fuck me, you really don't like women do you?",0.49999999999999994
They also worship the one who created Jesus so who’s the boss now. Childish tweet 😝,0.0
Shame he cancelled it out,0.0
🍇choice summer tour： my #TeenChoice for #ChoiceSummerTour is BTS WORLD TOUR LOVE YOURSELF: SPEAK YOURSELF TOUR.@BTS_twt,0.0
everywhere you go there’s demons,0.0
"Placed a wreath to honour kids blown up on a bus. Despicable to claim otherwise. As for the mural, have you ever watched Harry Potter? Hope not, otherwise you'd be a massive hypocrite.",0.49999999999999994
"I cant see sh*t, and you know that. My grandson couldn't type for me, so I recreated the sounds he makes.",0.0
vote fucking no what r u guys doing,0.0
"Iran is \""as close to the new Nazis as you can get",0.4999999999999999
here's child playing on her phone... with full volume i can bear all the zombies she's shooting right now are you kidding me,0.0
i hope yah enjoy beating people in that game,0.0
My friend went on a date with a girl who thought meme was pronounced “mee-mee” Sweet summer child,0.0
Why do you have to smoke in the f*cking house?,0.4999999999999999
"So it’s safe to say that I’m going for Lil Vlad. We made a bet at home..Markie and my dad were going for Bergman, so I obviously couldn’t go for him (sadly...still love you Breggy.) Juan is going for Bell....loser cooks dinner. lol LETS GO LIL VLAD!",0.0
Everyone be flaming you too when they see you walk like that,0.0
I ain’t know you was soft 🤦🏾‍♂️🤦🏾‍♂️🤦🏾‍♂️,0.0
everyone hates luke it makes me laugh #thebachelorette,0.0
Thanos forces Iron man to have sex with him and Captain America kills Thanos during the intercourse,0.4999999999999999
"i can’t believe the romanticization, reclamation and reuse of the swastika and other nazi symbols by white people is happening so soon after the holocaust (only 80 years, one lifetime)",0.0
that child will be brainwashed to think mark is 2m tall,0.0
I don't want to get to offensive levels but seriously. What if I told you JindelJindel the Great Porcupine in Space exists and rules over us and I know this because I can feel it in my inner being,0.0
"Heck yeah, plenty of fluids to go around",0.0
"Update, I meant tubing. Auto correct is dumb. I'm not fixing my tweet. Byeeee 👋",0.0
"Nah, fuck that. It'll be a slap on the wrist because their age. Which is bad enough.",0.49999999999999994
It’d be great if we knew but most of us can’t trace our families back that far because of you know...slavery and all.,0.0
Please don’t quote bible verses to me as to why things should or shouldn’t be allowed. I promise you idgaf,0.0
Lmao we would do some shit like this at work 😂,0.0
what are you going to do with agents who sexually assault migrant teens?,0.0
He doesn't know...PEP that behaves like an ABBOted god😂😂😂😂it'll slap your destiny join.,0.4999999999999999
So people(men) who are unable or decide to have children are not fully formed men? Why would you survey people with such a stupid question?,0.4999999999999999
I forgot u are the leader Jenn,0.0
"they were in their own concert, they didnt make a statement + theres nothing wrong with hyping urself up,, bts do it all the time in their cyphers and mixtapes, its a ‘rappers’ thing, this is dumb bc they r one of the most humble groups out there",0.0
Fat people piss me off. Just admit it's a god damn problem.,0.0
lmao u don't know of the oau massacre 😒😒,0.4999999999999999
Maa me lode .. we are Indians and we respect our players even when they lost . But you fuddus Pakistanis are always a loser and will remain so,0.5
"That cow is smiling with her eyes, giving the beefiest of all ducklips... damn.",0.49999999999999994
Lol girl nothing 😂😂 these people just outta pocket af,0.0
"I feel like both of them pissed a lot of people off on the way, so there was doubt about votes. They didn’t have the win guaranteed, Rick does(so far).",0.0
Ok I’m doing some wild shit. Changing my hair. Pitching stories I want. Who the fuck?!!!!!!,0.0
"I honestly think that you way you are responding to this is more unhealthy than the weight, people are allowed opinions and when someone gives you a compliment you don’t reply with “FUCK YOU” because that’s just vile. This is clearly been sparked by my comment saying you...",3.330669073875469e-16
/ibz/ jual cepet brg ready army bomb ver 3 SEALED 590k,0.0
"this whole week is going to be fucking with me, i don’t think i’m ready for it😥 hopefully feel back to normal soon",0.4999999999999999
"Just saying right, going to the gym pays off!",0.0
Blessed birthday @Vignessh_Raj !! See you soon budz ✨,0.0
Why Did Cisco Bet Billions on Acacia? Because Coherent Tech is a Multi-Billion Market #SmallOpticalSystemsFirm #Cisco,0.0
This is just another attempt to govern women's bodies. Come on.,0.0
"Guess who the leftards say is to blame for the people of country ""B"" being poor?",0.0
what an unbelievably sexy thought..,0.5
"LICKE OULD USSR, YOOU PERTREND TO PARY US, WE PERTREND TO WROK, SCELL ORFFICE SCULPLYS FRO LUANCH.",0.4999999999999999
went this whole trip without losing either of my lip glosses FUCK WIT MEEEEEEEEE,0.4999999999999999
The Mafia layers are busy with the defense of the most immoral man in the USA,0.0
taehyun hated me because he wants to be friends with me #MGMAVOTE #투모로우바이투게더 #TOMORROW_X_TOGETHER,0.0
niggress starts bitching,0.5
Alpha Omega has a super fun easter egg. Awesome cutscene Damn loved it. 9.5/10,0.0
Love all these Austin mentions. Josh Morrow must hate it since he hates the Longhorns 😂 #YR #Hookem,0.0
So sadd that you losers keep losing.,0.4999999999999997
im freaking out???where did i put my rj flipflop????,0.0
Investigative reporter with a decade of scrutinizing Epstein calls out Bill Clinton's lies,0.0
how do I give u my eggs bc let's go,0.49999999999999994
It’s beautiful 😍 You're a human barbie 🔥,0.0
Dozens of Thousands die because of a lack of insurance,0.0
85 % of the black women who come to self checkout wearing bonnets ALWAYS STEALING.,0.4999999999999999
"Old traditions die hard. We did the gifs thing back in the day because super awesome algorithms for video, like MP4, didn't exist yet. MP4 does great to compress to save space. We had to use super tiny gifs to quickly share videos because the damn Macromedia player sometimes didn't work, gave you malware, or took freaking forrrreeeever to load the video with sound. Then the Fire Nation (YouTube) attacked and changed everything. People still use gifs out of habit even though videos are easier to share. Even imgur allows you to convert them to gifv (which is just MP4) to save space and use sound. WTF?",0.0
"Yes indeed @trussLiz, I'd #BackBoris out of Westminster &amp; out of politics; he' part of the callous tory monster that's done so much damage to Britain. Dull Jeremy Hunt won the #itvdebate but Johnson got the applause. You're a weird bunch you self-serving cons.#politicslive",0.49999999999999994
Read thru all the threads and no one asked—-WHAT THE FUCK IS ON HIS FEET?,0.0
"Whoever said Toy Story 4 was sad was big cap. Don't say that ""You're a 2000's baby"" bull shit because I religiously watches the first 2 films when I was a kid.",0.49999999999999994
"Your idea of fantastic is incredibly dull, it is not surprising.",0.0
Joc Pederson sorry ass really gonna beat Vlad wow,0.0
Those perverts and corrupt people should be removed from Government forthwith. It is a bloody shame that a a group of sex ring buddies are in charge of this country. List is getting too long Dump them asap. ##TrumpIsADisgrace #epsteinindictment #trumpsex #VoteBlue @maddow @NYT,0.0
"""30 million\"" hahaha what a ridiculous figure gee why not 500 gorillian whilst you're making things up",0.4999999999999999
I could watch the video of the fat kid dressed as Nacho libre saying get that corn out my face,0.0
"She's doing a breakdancing baby freeze, but thinking about it, it does look like she stopped halfway through an Aú. &amp;#x200B; Source: was in breakdancing club with her in HS and just finished my last capoeira class of the semester (still a complete novice tho)",
"Why do I have to see Shane two nights a week? Why must you torture me, WWE?",0.0
"I kinda wish they hadn't of shown Thawne wearing the dagger. I would've loved to look at Ralph like, ""WTF BRO?!"" #Flash",0.0
Have courage and be kind 💕#كلمتين_باختصار,0.0
Because Communism is a failed political ideology,0.0
all i do is fucking FREEZE every night bc dashon has to sleep in an ice box so i make him deal w the consequences by putting my frozen feet and hands on his legs and stomach,0.0
"is dead inside &amp; out right miserable. Like Jeffrey Epstein. A billionaire that sexually assults little girls. They have everything yet they r empty inside, except for the hate they have for the less fortunate. They want everyone to be as miserable as they r.",0.49999999999999983
"Your tweets just proves that real journalism is dead. If we had a real media and real journalism you would be discredited based off of this tweet alone, and you would never appear on any respectable news media outlet ever again.",0.5
"😂 can only lol at this point. You have my sympathy. If its worth anything, you have my permission to join the server and 👢 who ever u need to get ur point across.",0.0
"This calls for a celebration!!! 😂😂 Wish we could also be blocked for his commentary, we would be spared from all his verbal diarrhea!!😐",0.0
Any moron can see this is not any type of human who lives today. Its not debatable,0.0
better do a fucking face reveal soon,0.0
Roman seems like a good human. He has solid in ring ability and a good look. I like to support him as a human and survivor. But as a character he got a real second chance and they are writing him exactly the way they did last time and it’s fucking baffling.,3.330669073875469e-16
"or she just wants a hug, I sure as hell want one",0.0
figure your fucking lives out,0.5
"And caused the corrupt Duopoly to invent a SCAM called which persists (and unjustly silences 3rd party voices) to this day. FFS. It's Civics 101, and ""news"" media polls CAN NOT be trusted to be debate ""gatekeepers"" in the real world because they SUCK.",0.4999999999999999
Well now you got my curiosity,0.0
"You know, we never see any part of Edison's body apart from the lion head. Is that the only part with fur, or is it his whole body too? [](#Thonk)",0.0
Took a lil break from 2K. First week back and I get a video. Oh yeah. I miss this shit 😂 drop that F’er!,0.49999999999999994
"bhim Bhim Customer Care 24*7 Helpline Number... 07010 968940 //. 7029 58 0901... Balance Refund, All Bank Bhim Upi Registration, Bhim Upi Related Any Problems Then Call us. 24*7 Working Hours Available.. Jji9",0.0
Thinking Rosales TKO early or Pearce out cardioing him in a shit show of a fight #DWCS,0.0
you lying POS. You know that’s not true.,0.4999999999999999
"The term zoophile is favoured by some because it emphasizes love (\""-phile\"" from Greek φιλία) rather than sex",0.4999999999999999
"That doesn't matter, the way trump is kissing Ivanka is enough for anyone to be sickened. Trump &amp; Jeffrey were friends &amp; I have no doubt Ivanka knew him too.",0.49999999999999994
Get a mother fucking job you broke ass bitch instead of complaing about why you broke 😩😩,0.0
Yeah you already know a clown would since you hate 🤡 🤡🤡🤪,0.4999999999999999
I stand above you. A height you can't understand,0.49999999999999994
"Who wants you in dental school? Is it you, or your parents? I want you to remember something: no one is a winner at all points in their lives. It takes the taste of failure and defeat to truely know what success tastes like. When I joined the military, I had nothing. No plans for education, no direction other than go with the flow. I set a goal to get my education a few years after joining, failed a couple classes, had to pay back the tuition assistance from the military and re take the classes. E-3s only get paid about $900 a month and I was living on credit cards for a while. My gf cheated on me, my house flooded. I was in debt, no place to go and an unattainable goal. I deployed shortly after and ended up shifting gears. Paid everything off by getting a second job and got married. I got back to it when I was ready and i finished a degree in criminal justice. My grad degree is in Public Administration and I'm commissioning this year. Sometimes the path you are on is not the right one. It might seem overwhelming but taking the first step toward another path might lead you on a stumble in the woods. You cant compare yourself to your brother because you are not the same person, with the same interests. There is a lot more to life than what prestige you get in the occupation you hold. Keep working toward what you want, if that is what you *want*, not because you feel an obligation to measure up.",0.0
Those white puritans and white liberals have the same death wish,0.5
suddenly hit with a viciously horny wave of love for kenpachi. we will see where this goes.,0.0
"LoL, I think the response would have been alot severe from Pakistan to your flying coffin with our might F16. ;-)",0.5
"That is why we partnered with T-Mobile this year, Scott now has a china-esque spying platform to monitor clubhouse MMS &amp; social media and Jerry has access to cut off player access to the outside world when he puts them in his ""JeDi Trade Zone"".",0.0
You hugging sex a lot and I adore him strongly I can fuck five times in five or six hours ??,0.0
Why okare re tshogile naa🤧,0.0
I LIVED IN TEMPE...COPS ARE TOTAL DOUCHEBAGS...EVEN ASU DOESN'T WANT THEM OR THEIR CREEPY GANGSTALKERS ON CAMPUS... #BREAKING #BreakingNews #Socialimpact #Police #CNN #MSNBC #NewsGang #NYPD #LawEnforcement #NewsPicks #Newsnight #NEWS #News1st #NewsAlert,0.0
"Get better at writing. maybe at some point, i'll have such little impact in real life that i'll turn to reddit to validate myself. i haven't reached that point. hence, i don't really care too much about what i write here. maybe someday i'll care as much as you about my reddit comments. you're not wrong that it isn't my clearest writing. also, i agree. most med school requirements were easy. i view it as hurdles to certify that you're not a dumbass. hurdles i'd be surprised if you passed.",0.0
Get Your Free CEO #Sales Growth Kit Tool Kit | Sales Mgmt Tools #sales tips,0.0
Always jazz. Usually Boney James.,0.0
When I say my bf don’t care shit about me right now I just wanna cry. 😂😂 I want my livers like today.,0.0
shut the fuck up go experience arthritis or something,0.4999999999999999
"Damn this is amazing! After seeing the other comments, I have to agree; you gotta start selling them!",0.0
It's a GIVEN that we have freedom to print or think anything. That doesn't mean you can go around printing and thinking whatever you want as if you were the only one on earth! There has to be some fucking limit. If you say something that can be thought to be insensitive,0.0
IF THIS HAPPENS IM SUEING MARVEL WITH MY HATERED AND NEVER WATCHING AN MCU MOVIE EVER AGAIN!!! YOU ARE NOT KILLING PETER!!! He deserves to be happy,0.0
Nigerians are the most gullible when it comes to this aspect ...,0.49999999999999994
I can stand on the sidewalk outside of a mosque and pass out bibles.,0.4999999999999999
racism only exists when it's against non-whites.,0.49999999999999983
You do realize that wallowing in ignorance is nothing to be proud of,0.0
Mitch McConnell is trash and is self serving just like you. The Senate needs real people that can solve real problems and he is not it. Time to replace him with anyone that cares about America. It's time to replace you too Dementia Don. You need to be monitored like a baby,0.4999999999999999
I dont like religion forced down my throat but I've heard real horror stories about some drivers,0.0
Facebook Says It Won’t Launch Crypto in India Due to Regulatory Issues,0.0
I know it’s a strength but selfishly I want Suh back on a 1 year deal if we have that kind of cash,0.0
Hard to miss an asterisk.,0.0
REPORT IT SAGE IT HIDE IT,0.0
"Have you *seen* the thots on Instagram? Just grab some of the rubber balls. You know the ones, #*THWACK*",0.0
The IQ is actually based off the current IQ for white people. The world average IQ is only like 82 or so,0.49999999999999994
First result reveals she is some liberal college professor in Commiefornia who bullshits about the Holocaust for a living.,0.0
You should sue them for endangering your life.,0.0
"And this son has been doing dirty deals in China, making millions. Biden’s family is a bunch of low life vipers.",0.49999999999999994
"an option to disable / hide like on steam should be a given, but most people just change from one meme name to the next, and should optionally be allowed to show what their last x names were",0.0
Still listening to find out which part of what he said was racist.,0.0
Israel Injecting Dangerous Viruses into Palestinian Prisoners,0.4999999999999999
"at this point, i don’t know if i love you or if i hate you.",0.0
I know it is. Your mother also enjoy's the stew.,0.0
Stop acting like u didn't send me that pic you know the one,0.0
"You can’t learn to be a parent sitting in that damn living room with Brittney making her loud mouth comments, Roxanne yelling and crying about being Bri’s mother and Stella’s grandmother, and Bri sitting there waiting to grab Stella from him. And then there’s Nova just trying to ignore it all and be a kid in the same room. I think he was right, he’s kind of slow and hasn’t been the most present father, but Stella is still a baby. He needs to be able to take her to the park, to be alone with her and have her see him as a parent and a caretaker. Bri is being selfish. He’s her father, he’s not a babysitter.",0.4999999999999999
I BET THE PATRIARCHY IS BEHIND OPPRESSING MY MENSTRUAL LEAVE,0.0
"I do indeed deny that the current acceptance is some sort of result of ""mass media"" and ""the government"". Rather",0.0
"Do you have photos going back a while? That might help to demonstrate ownership? Check and see if there’s free legal aid in your area fren. It might be a long shot, but it’s worth an hour finding out right?",0.0
HongKongers for freedom - add oil. These low life scumbags are paid so will only come out at most 1-2x. Put up Lennon Walls everywhere.,0.4999999999999999
"Three young Wife saw her with shit easy Dark shades, on the Bentley, you can only came nearer and speak to place of pistols,",0.49999999999999994
jooheon rapping aggressively while he all sweaty,0.0
I wouldn’t know unless I taste you👀,0.0
thank you for always being such an inspiration and i honestly don't know anyone as strong as you. u are that bitch. thank you for always being you and have the best day ever i love you. #HappyBirthdayPerrie,0.0
Ohhhhhhh got you yea that shit is very very weird lmao,0.0
I recall a Jordan whopping your ass,0.0
Bye? He was being sarcastic hence the mix of uppercase and lowercase letters. That symbolizes sarcasm (or more accurately that the statement being made is ridiculously dumb),0.0
"But i got to say, the mentality of UPNM students need to change lah. All the trainings dah cukup kot to prove that theyre not “soft”. All the bullying need to stop. Keep telling my brother yg dia kena pakai otak. Dia pukul anak orang, aku yang pukul dia balik.",0.0
You still have to sit at the table a be quiet when the chads with security council veto power are talking.,0.0
Many white people are active racists but not all. This man is defo not racist. Many people of colour are racist but not all. Not so nice if you change the race is it. Thanks for your Japan study. One could conclude that black peoples receive racism widely from a small minority.,0.0
Yes none play bullsshit like him,0.4999999999999999
Cow1337killr would be proud,0.5000000000000001
What in the freakin hell are we turning into?!?,0.0
"🛠 Color your music stuff | | --|--- **Version** |2.0~Beta.7 **Developer** | Max Dausch **Repository** | **Size** | 692.59 KB **Dependencies** | `mobilesubstrate`, `ch.mdaus.utils (= 0.0.2)` [Download *To get this package, [Add this Tony is my slave [Report a **|** [Request **|** [Add a",0.0
It stops your breasts from growing ???,0.0
"#Graduates, want to work with the biggest &amp; most innovative telecom operators in the world? Apply today and come gain valuable experience &amp; wide knowledge of Software integrative systems at Amdocs Bulgaria. #iamdocs - are you? #iamdocsBG #SoftwareEngineer",0.0
Did a women’s soccer team play in something? All I see is a purple haired bulldyke hating America. Was it a one person show? Anyone else on the team ?,0.5
"We aren't 100% sure if she's been hacked or if it's for real; she's been hinting at shit like this for a while now but it's only today that she's started screaming off the wall crazy shit like ""Fucking Kikes!",0.0
r/teenagers is a circlejerk sub.,0.4999999999999999
Lhh man look these niggas need to be stop like just give up bro if u not gone see her in person why even try MF don't talk to niggas in the DM,0.4999999999999999
Tldr; liberals cannot comprehend responsibilty due to their ineptitude at life and think all people are this way. This creates the myth that you buy a gun for the sole purpose of killing... Because thats the only thing liberal is creative enough to think of.,0.4999999999999999
"So, you’re a pedophile too. Cool, cool.",0.5
"Curse my soul, you're out of control.",0.0
"specifically, I'm here because I've made it to ep38 which talks about why I have such a hard time getting my drugs and a being tracked by the police for being a transsexual",0.0
mfw Europe expected to feed them because MUH CHRISTIAN MORALITY!,0.5
"Why wud he stand up for a conniving EU shill like Darroch. This has been carefully orchestrated by the powers that be to cause maximum damage to both Boris's run for PM and as importantly, our relationship with the US. There are many of us who see right through this pathetic sham",0.4999999999999999
"OK dumb question, I always see Alabama comes up whenever there's incest but Idk why. Someone enlighten me?",0.0
I can just imagine the fat neckbeard bitter at women saying this.,0.5
An explicit guarantee of accession to NATO within a set period of time.,0.0
So there’s a rumored Bts comeback in October? Btch let’s talk :),0.0
🤦‍♂️🤦‍♂️🤦‍♂️🤦‍♂️🤦‍♂️ ur making my skin crawl. I was clearly that account. I will send u another screenshot of him giving away address,0.49999999999999994
I think that's a perfect way to apply it ;),0.0
"Got pulled over three times today,😂🤦🏽‍♂️ it’s hard being black.",0.4999999999999999
We are with you. #Khalistan,0.0
"My heart full of hatred , Chest full of pain .",0.0
Even if they spend their college years hanging around hairy dykes and never going to parties,0.5
I went on a date with a woman and on the third date she left her phone unlocked on the bar when she went to pee,0.4999999999999999
"I won't answer in 2014. Me and my \""privileged\"" debit card are not contributing to liberal attack ads. And hell. I might even vote for the republican representative.",0.4999999999999999
Our Laws does not Prohibit Parents from taking their children home simply because they have given birth abroad here in America. Kamala was supposed to return home to India with your mother. Children cannot invoke a constitution on their own. #ados,0.0
Amazing because in reality Mexicans pose the biggest threat to the destruction of white America. Go to any Southern California school,0.4999999999999999
Ouu I like dirty tae 🤪 he gonna kill me one of these days. 🥵💜,0.0
"Katie J""s statement of Trump raping her at Epstein orgy when she was 13. It has destroyed her life.",
"We may suck, but we won at something 😔💕",0.0
"Well shit, this is groundbreaking news! @OneTimeinSoCal Did you know this?",0.4999999999999999
U GOT ME SHININ WHEN IM WITH UUUU #큥솔로_데이나잇올데이 #BAEKHYUN_UNVILLAGE #KyoongLight,0.0
Because that's the only reason they do 50 hour workweeks,0.0
"Whose this jokey spreading venom and hatred towards Indians . Calls himself , dr turki.",0.0
i have spent fifty on like ten big macs and a 20 piece btw im fourteen a months of savings i dont go out much and i like macdonalds so i thought fuck it and went there,0.4999999999999999
"BTS are truly wonderful good hearted boys who want to sent th4 message of self love and respect for others but most ARMYs are fucking Jared, age 19. They're fucking stupid and I hate them.",0.0
🍩 Blowjob Experiment With The Neighbor Girl ☺,0.4999999999999999
"This video is from 3 yrs ago Wow, defining todays arrest... Level 3 sex offender",0.0
Gruul. Play Riot creatures with haste and sideboard in Cindervines. I see Nexus as a free win,0.0
Yeah they just stab each other or drive trucks into crowds or blow shit up instead,0.0
#TuesdayThoughts #TuesdayMotivation Should it matter officer? LiL girl what happened? A man came into the store [WAIT what color?] [WAIT what color r u?] [WAIT How old r u?] Im 20! I just look young &amp;short!--[OK What color r u?] What color do I look? Jst call Me Jennifer Flash,0.0
BETCHA💃🏻💃🏻💃🏻💃🏻 omg I can’t believe all this baekhyun voice all over all the songs 😭😭😭😭😭❤️❤️❤️❤️❤️❤️ so many songs with so much baekhyun voice!!!!!!! HE SOUNDS SOOOO GOOOOODDDDDDDDDD 😭😭😭😭😭😭 #KyoongLights #kyoonglight #BAEKHYUN_UNVillage #baekhyun #exo @B_hundred_Hyun,0.0
honestly riding a bike in this city sucks so much its so badly designed its so hostile towards anyone not in a car. but its still more fun than walking,0.0
Or if your mum runs Mermaids you go to Thailand for irriversable surgery before you are adult.,0.49999999999999994
Pop some black heads,0.4999999999999999
"Sounds like your \""bro\"" screwed you but good.",0.49999999999999994
I was being sarcastic my dude. Guess you're a bit behind on what's been going on,0.0
Not all doctors are the same.. lmao are u serious bro??? U prob like 14 and still see a pediatrician.,0.0
"Classic racism that we witness everyday and examples here , @Jeremy_Hunt on Trump ref @MayorofLondon ""trump has his own style of expressing his opinions. On @TheresaMayMP ""trump is disrespectful!!!",0.49999999999999994
"WHHAAATTT. But like, it’s from the damn comics. If they change the name, it’s going to...well, not be, well, X-Men anymore. What are they going to call them? The X-People? The Mutants? So stupid.",0.0
Instead of letting stupid people get manipulated into doing what's trendy and degenerate,0.5
If only y’all fought this much against English...a language that is NOT African.,0.0
"Thats a really shitty analogy. Garfield definitely did the most research into the original version of the character and is the most clearly based on the original Lee/Ditko run, while Holland's movies are based on the Ultimate spin off.",0.0
Basically the idea is that she's a necromancer,0.0
lrt that shit is LOUD by the way ghgfh,0.0
What’s wrong with SA playing nonsense ball..,0.0
The truth lasts longer than relationships.,0.0
"I can't believe Bob and Eliza had a slow burn, friends to lovers, angsty romance in real life.",0.0
ok I might be h*** but the car focus group from I think you should leave is literally the epitome of comedy,0.0
"* post \""I am an mra and I support rape\""",0.0
"4) Swamped by ""yo nigger!"" or even ""OMG! NAZI NIGGER!"" comments.",0.5
"So far 2019 has shown me who my true friends are. Lost some people I never thought I would but hey, shit happens for a reason 🤷🏽‍♀️",0.0
Great exchange guys! I hope y'all have a good ass day &amp; even if it started like shit...think of at least 5 things to be grateful for (even something small)...that seems to lift me up a bit &amp; shift my mind in a more positive direction🙋🏽‍♀️🙋🏽‍♀️,0.0
She alomst 50 years old ion think u gotta chance😂💀,0.4999999999999999
shitposting has gone so far everyone can relate no matter what,0.0
"Hello there, A complete noob here have not done web dev since 2015, went to a completely different field. Wanted some advice on web based project management system where our clients can place orders, manage the orders, share resources files etc. Would you guys know of any existing platforms that we can implement on our website instead of building something from scratch? Also if someone would know of sites who have implemented this i would be very keen on having a look!",0.0
You better have her cuz I damn shol won’t buss a grape bout her nomo 😌,0.0
LMFAOOO her face is killing me,0.4999999999999999
"Cry baby - cage the elephant ""Monday you cough. Tuesday you cry. Wednesday in bed. What if you die?""",0.0
"...the Queen told me she thinks you’re a cunt too. Lots of love, the UK. #RuleBritannia #Fuckofff 🇬🇧",0.4999999999999997
"So if you don't have any bar, you're fucked.",0.49999999999999994
Let them believe we're blacks; I don't care at all. All I hope is that there is an heaven for italians like the Simpsons showed. Race truly doesn't matter,0.0
I hope you take that corrupt McConnell out of office!!!!,0.0
an utterly shit lawyer or wilfully stupid. Got to be one or other.,0.0
I must be drop dead gorgeous by now then,0.0
one think I like bout this job,0.0
If u missed ur turn.. u are required to own your fuck up and make the u-turn a mile up the road.. holding up the entire lane should be a felony and sent to rikers .. the audacity,0.0
And you’re friends knowing that 9th shot is going to hit different and black you out. 🤪,0.0
WHAT A FUCKING CATCH!!!!!,0.4999999999999999
"...And a fantastic #WackedOutWednesday to you, Blackie!!",0.0
I'd recommend reading the actual thing,0.0
If you're going to bother replying then fucking reply to what's written and not whatever you found shoved up your colon.,0.5
Amanda Knox was repeatedly questioned by police for many hours in the days following the murder. The police had not yet analyzed the forensic evidence,0.0
Just another bought slave,0.5
Yet 2 find a female that got the same music interests as me,0.0
"#SpaceMarines with sentient bio-armour? Deadly aliens that suck ships from space? A strange obsession with cucumbers? If that's what you want in your #SpaceOpera tales, you'll love Symbiote! #anime #IARTG",0.0
I got a lil puss on my hand from last night...I don't mind. I keep checking to make sure it's still there....,0.0
"Stop that, STOP THAT! Bloody weather...",0.0
"Actually would be easy more efficient, would you like to go into business? You sell the plots, I'll drill the holes",0.0
When all this is over in particular deserves an OBE and a whole brewery’s worth of pints for keeping up with the minutiae of this interminable bullshit so the rest of us don’t have to.,0.0
"Yes babes, thank God. Is it not una President that won’t do the needful before these Shittes cause irreparable damage.",0.0
I entered the Naturally Nature #Giveaway by An Instant On The Lips ( @an_instant_on ) to win an #EssentialOil blend.,0.0
😯😂Child...The girls was out that night‼️,0.0
I presume you don't live in Texas....,0.0
Where? The only person to use that phrase in this whole thread is you. Lying piece of shit.,0.5
daily reminder that /pol/ is full of hivemind drones and trolls literally swimming in an ocean of mental diarrhea,0.0
This nigga wrote 20 verses in 2 days. Inspiration,0.0
#ITVDebate Whats the collective known for cunts? Are yeah... thats it,0.5
He doesn't have guest to face truth ... That's why he block u ... Don't worry we all r there for u,0.0
"This is moderately true. and Van gogh was objectively shit. Some of the other ones are fine though, like Michelangelo's paintings.",0.0
So everybody gotta like eating out or they broke? Lmaooo smh...,0.0
take some head phones bc them shit is loooooud,0.0
guess what? this binch is hungry,0.0
"There comes the Texas clown that complains about 2% interest rates when he grew up with 20% interest rates. Go f- yourself, white hair.",0.0
Biggest shocker of #RAW $15 for a beer,0.0
Yep. Funny because one of Mueller’s so called witnesses in the Witch Hunt is also a child predator. George Nader convicted of Child porn and molesting 10 kids in Czechoslovakia.. arrested again in May or June on horrific child porn charges. Seems Mueller has a pattern.,0.49999999999999994
"Except the stated objectives of the \""reconstruction\"" efforts were precisely anathema to having an iron grip on the nation.",0.0
fuck i should’ve used this 🌸 emoji instead,0.0
"My God this is pathetic, literally r/boxoffice and moviescirclejerk are leaking in here. Shazam makes complete sense as a movie that Snyder would like in general. Not only because of the tons of mos/bvs references but also it deals with adoption as a story point which the Snyder family can relate too.",0.4999999999999999
white knights and SJWs who bitch about every little medium despite hating said medium in the first place (e.g. Anita and video games),0.0
suena como un whole ass bop,0.49999999999999994
Been ina house all day 🤦🏽‍♂️🤦🏽‍♂️,0.0
"You sound like you want to leach off your fiancé like my parents let me leach off them, and I’m a spoiled little shit. Trust me, people aren’t saying YTA, and you are TA, because they’re jealous. They’re being honest. He’s not obliged to pay off your debt, especially when you make it seem like it’s a major part of why you’re with him/why you like him.",0.4999999999999999
I explained god in a way even a child could understand and they still couldn't 'get it'. they've read so many books they're literally retarded,0.4999999999999999
We are fucked. The working class think Boris has their interests at heart. He's a millionaire and had no interest in the working man!! #heisnotyourfriend,0.4999999999999999
why r u dating wayne he is giving u a bad reputation — YOU'RE A BAD BOY AND YOU'RE BAD FOR ME @MISTTRALTON,0.4999999999999999
"I dont have a long list of things i really want to do before I die, so if I dont hear Lord Huron perform at least once before death - i have failed.",0.0
listen...... my sister moved into a brand new apt complex and outside her building there are eight ♿️ parking spaces and they made the parking lot and the sidewalk at the same level so it’s completely even which is great! but they left one step up to the actual fucking building.,0.0
Maybe you should rethink your username for the time being.... as you a Progressive who insulted a Poor PoC 🤷🏾‍♀️,0.49999999999999994
Lmao y’all have to mess with us kings more lol.,0.0
"When he is kicking a girl off he can tell them your not my father, god or my boss goodbye.",0.0
will you? (dirty) 1. No 2. YES 3. maybe 4. Hell yes 5. If there pussy stank then no 6. Yeah 7. No drop an emoji and I’ll send you the questions,0.5
Disgusting and shameful woman!!,0.5
Just wanted to find more of this hottie,0.49999999999999994
Spot on. Pretending to be English. Lol your a joke,0.4999999999999999
reassurance without asking for it makes me nut,0.5000000000000001
He knows that he is wicked,0.49999999999999994
Finally found one. Normally normies don't reply to comments,0.0
"#NGARSAN South Africans be like ""Mxm look arts you"" #NGARSA",0.0
They’re franchises so the dumbass owners do wtf they want 🙄,0.4999999999999999
This Is The Unplugged Version,0.0
Nike is a liberal supported brand; Many HD locations play crappy instrumental religious music over their speakers and has been known conservative supporting businesses. They service audiences.,0.0
Sorry I want to be good at everything on my first try,0.0
"On my grind like fuck a bitch, I’ll get some pussy later",0.5
And NO ONE will do anything about it. #VoteBlue2020 #PelosiResign,0.49999999999999994
She looks at me in shock; the oppression is almost too much to bear,0.0
tfw still some will always think I'm just a nigger.,0.4999999999999999
alright i suck BUT HOW IS THAT GONNA MAKE ME HATE U,0.0
i let my smile showed til these bitches had enough,0.0
Donald Trump is holding a stripper auction at his Doral Club in Florida to benefit himself.,0.4999999999999999
His facial expressions look like odunlade adekola 💀🥴,0.0
"Mmm, the perfect pussy, please let me taste it x",0.4999999999999999
"I always joked that my Houndmaster was actually the dog's servant and would name my Houndmasters after my dog, with a I or II depending on how many of them had come before",0.0
Ashoq... see the way we dey support mediocrity,0.0
Sincere thanks Shri Pramod H ji for the generous donation to The Dharma Dispatch. Shree Rama Jayam 🕉️🕉️🕉️🙏,0.0
"""probably some philly scum\""",0.4999999999999999
Pic: someone who could benefit from suicide legislation,0.4999999999999999
"Boy lemme hit this one hard cuz this shit is sad. U hav U3, U2, forward roll, back roll, short delayed getup, long delayed get up, wakeup buttons, wakeup jump, short delay into buttons, short delay into jump, long delay into buttons, long delay into jump",0.0
How to make women stop loving criminals:,
I think the Poms will get us.,0.0
Perhaps you should leave political discussion to real men and go back to your cuckold websites?,0.4999999999999999
Capitalism is a hell of a drug.,0.49999999999999994
i totally forgot contendies was tonight wtf i am not longer having a bad day,0.0
nowadays i gotta ask girls if they really gay cus sometimes they just be mad at they nigga gay,0.5
That's how organizations like the Nazi party came to power in the first place. People didn't take conspiracy theorists seriously either until others tried to shut them up. How do you expect to debate someone if they never voice their beliefs for fear of retaliation? That's awfully fascist.,0.49999999999999994
"Jesus made it clear that God's original arrangement of intercourse is a male and female and anything outside of this is \""unlawful intercourse.",0.0
Shut your mouth wimp #yandereBot,0.4999999999999999
And that understandable if there are those who do have a segment. I have seen those and they are fun. It is also good to adapt as well. I do give those a moment to raid as I understand it’s their way to raid. It’s just good to talk on these cuz some really don’t give good reasons,0.0
I operate on facts and reasoning. Its just my execution of said facts and reasoning is utterly shitty.,0.49999999999999994
"Just another pedo illegal trying to harm American children, nothingto see here",0.4999999999999999
Mine is always how the last hour goes so fucking slow.,0.0
How on earth does someone do UW before second year? That literally makes no sense to me.,0.0
"[Blacks are] people who are by their very nature slaves. Ibn Sina or \""Avicenna\"" (980-1037)",0.4999999999999999
"There’s nothing unexpected about the video. Your title is the only think that possibly makes it unexpected, which is cheating.",0.0
Aronofsky explaining Mother! was mega-cringe.,0.0
"Since when has being a rapist, racist, liar, and a crook ever stopped anyone?",0.0
So since Hitler was trying to help them set their own homeland and even then the Jews were ungrateful,0.0
Mad because I won't commit nights and weekends to the office,0.0
This story for her character was weird IMO. This couldve been an evil twin with split personality who was obsessed with Chelsea's life &amp; kidnap the real Chelsea&amp;Connor? Js..but I ❤ U /Y&amp;R Can't wait to see what's next for Chadam Connor &amp;Christian😘😁😉,0.0
Women stop listening to men about you body especially your pussy. Le fuck do they know?,0.0
Now you know I saw this and damn near died 🤣🤣💀💀💀,0.0
"They aged everyone up a bit, so maybe Renly?",0.0
I hate a mf that’s just always mad and miserable being a killjoy for no reason !! Like stay away from me 🙅🏽‍♀️,0.0
"You might feel less chained to the EU if you removed MEP from your username, because you aren't one any more are you?",0.0
"Damn, if only I could remember which right it was that covered protest... it must be one of those really far down ones",0.0
Penguins with a religious agenda A very violent agenda,0.0
"2 bullets btw. You can miss and if you shoot your second shot and hit for 80, you're basically gonna die all the time",0.4999999999999999
I swear if it happens in wc. I will request elon musk to buy england and delete it.,0.0
The Assault Conditioning mod,0.0
Citing yourself is the first sign you are a demented dipshit making a bad argument where there is tons of video footage countering it.,0.4999999999999997
"""Fix the damn roads"" was basically Whitmer's entire campaign.",0.0
Stupidity and complacency.,0.0
"I actually highly doubt it sold more, there was so much fucking hype for div1. I also remember all of my friends got it and didn’t realize it was an rpg and quit after a few days. For division two however people know what to expect.",0.0
(Speculating that she would not write critically of the innate mindsets of any other race's adolescents. I don't recall the last time I saw a white male write critically of any other group in this way) and a lacking of self-awareness that should preclude her attempts at,0.0
U don't join priesdent and PM.. u doing work MP in wayand.. some Congress fool u loss... Must new priesdent and PM.. u remember cricket is captain many fail like leave captain then new captain will be strongly like u,0.0
"the script was laughable, to be fair if they were trying to make a trash they got it, this is almost a Sharnado type of “its so bad that it’s funny”",0.4999999999999999
You know dis is party Spink ya,0.0
Just to tweet I borrowed data. Who will pay for the data that I borrowed? I don’t need the data again just return my money and tomorrow I’m closing my account. hope you are learning from your brother’s mistake? I’m coming to you people. If dem born you well fuck up😡😡😡,0.5000000000000001
"**Title**: Bittersweet **Number of pages**: 25 **Characters**: hiro (62), zero two (60) **Parodies**: darling in the franxx (87) **Tags**: group (63,340), anal (55,667), sole female (49,279), rape (29,908), double penetration (21,632), horns (1,160) **Artists**: puyocha (90) **Groups**: brio (33) **Languages**: translated (89,931), chinese (33,003) **Categories**: doujinshi (197,644) ---",0.0
But you can't because you're too fucking ugly that staring in the mirror for longer than a minute will cause the glass to shatter.,
Look at the giff again....you,0.0
"You haven't visited Ughelli, Agbaro, Agbara, Ozoro and Oleh then. Women carrying blocks upstairs, mixing concrete, doing bricklaying/helpers, going to farm etc while the men are gallivanting with Shekpe (hot drinks/ogogoro) gossiping and setting charms for land disputes",0.0
What an ass! It’s crazy though cuz I posted shiny flower crown eevees for trade and had so many people dm me that I had to turn a bunch away which I regret cuz I had a couple people back out. SMH!!!,0.0
"\ **Don Jr condemned his comments on Twitter on Wednesday saying: 'The extreme turn we've seen from Dems on abortion recently is truly sickening'** &amp;#x200B; Yep, truly sickening.",0.4999999999999999
This isn’t even funny to me poor women the things that she has come to due to her whatever is going on in her life and she looks pregnant idk if she is but if she is poor baby 🤦🏻‍♂️😣,0.4999999999999999
"""It is legitimate and normal when someone makes anti-Semitic speeches and says that not enough Jews were gassed in the gas chambers",0.4999999999999999
So scan results are yes I have more fuckers (brain tumours) but I told my doctor - life may give you a cactus but that doesn’t mean you have to sit on it! Staying positive is important but so is a sense of tumour! xx💕 #StayStrong #Positivity,0.4999999999999999
Cubs should also fire the garbage that runs their twitter account atCubs is fucking garbage,0.0
this shit is like saying sapphires aren't really,0.49999999999999994
it’s not even that hot today but I dread leaving the house soooo much no matter what 😭,0.0
however anal is up for discussion,0.49999999999999994
#SafariLive Mom's paw is as big as cub's head!,0.0
"I apologize for making it sound like you did. We can all blame Jean Drapeau, mayor for 29 years. He wanted a monument to his junk and forced an Olympics around it.",0.4999999999999999
Hate is a fucking choice!!! He chose to do this!,0.0
"U should too After all; at this rate, ur grandkids are royally f***ed",0.4999999999999999
So why was it called the European Coal and Steel Community ... and then the European Economic Community ... spot the flaw in your argument ...,0.0
Oooh yeah she's a beasssttt,0.0
monsanto only grows food for themselves and the jews,3.330669073875469e-16
Perfect day for some light reading in the Canadian Rockies! 🇨🇦🏞📖 @_MsSchwartz @_mrsmaki @mssharp4 I’m getting some great ideas to help us create #traumasensitiveclassrooms at Apollo! #SummerReading #ApolloPride63,0.0
"Kids are not learning because they have become disengaged with school. Almost all kids despise school because its designed to crush their spirit and force feed them information they frankly don't give a flying fuck about to make them drones for the workforce. How many times have you heard \""I learned more in one year out of school than all the time I did in it\"" know why? because when people actually are allowed to learn what they want",0.49999999999999994
"The stitch up of Tommy Robinson by the control freak UK regime! He challenged the Muslim grooming gangs, and the British establishment didn't like it! Ex police officer confirmed investigations were stopped giving carte blanche to Muslim grooming gangs!",0.0
Congratulations on your monumental win! Lovely frame/mount combo!,0.0
keep draining #StinkySwamp #WWG1WGA #Scotref #Indyref #WAKEUPAMERICA #GreatAwakening Follow @realDonaldTrump #QAnons #QAnon #SaveAmerica #UNITEDNOTDIVIDED #Q #TRUSTQ @,0.0
Who tryna be my gf and take all my sweaters,0.0
The crap news network doesn’t know what a fact check is,0.0
CZ later goes on to explain the logo is the digital version of his asshole he had in a dream.,0.4999999999999999
&lt;Sobs They won't &lt;sniff stop &lt;sniff calling people retarded... &lt;Sobs,0.0
"I’d politely decline if I were him. If it turns into a shitshow, the LDP would love to hang it around his neck",0.4999999999999999
Pervert politicians... hmmm I'll bet there are a very large number on the GOP side... might be why they are so complicit with @realDonaldTrump,0.0
Smh I guess that’s my answer 🤦🏾‍♂️😂,0.0
Ovie it’s not that deep. George never said anything. He was too boring #LoveIsland,0.0
"""totalitarian left wing"" WTF are you on about? Who specifically?",0.49999999999999994
Didn’t you celebrate like a complete twat when your side won the SoccerAid match a few weeks ago?,0.49999999999999983
"I know lol poor devs , like LEARN 👏🏼 HOW 👏🏼 TO 👏🏼 DRAW 👏🏼 it’s not that difficult to understand",0.0
#BlogTourPromo: Kill or Cure Bloodlust by Pixie Britton @RRBookTours1 @PixieBritton,0.0
If you’re not authentic you can hang with the gang,0.4999999999999999
Oh no shit? I had no idea,0.4999999999999999
you gotta make it a point to be in my inbox gtfo &amp; don’t worry ab me and mines ☺️,0.0
Thinking that life works like a fucking Disney movie is based in reality.,0.4999999999999999
i would choke to death if this happens to me tbh wow,0.5000000000000001
This metered ramp getting onto nb5 at portland ave is dumb. What was wrong with the way it was? We’ve been sitting here for 20 min...haven’t moved a foot. @TracyTTraffic @KIROTraffic @NEWSGUYSULLY,0.0
Yep. Its all yours because a 2000 year old book of fiction says so... 🖕🖕🖕,0.4999999999999999
So are we agreeing on this idk the bullshit comment throws me off idk if its a reaction to modern day are galleries or telling me im full of it.,0.49999999999999994
You and your party are to blame !!!,0.4999999999999999
Were you at Thorpe park today???,0.0
"didn't tweet out some dire warning about not letting wealthy jews buy the midterms? that's pretty damn anti semitic, if you ask me",0.49999999999999994
Yes!!! I love Marks I don't give a shit list!!! Thank you! 🤘💜,0.0
"There is no dress code, only racism. You make me very angry. Airlines rip away all our comforts, no food, no seat space, no knee room, bad attitude, narrow bathrooms, &amp; then attack us for wearing for comfort? BS! I support this woman. Had she been a cute white girl??",0.0
"yo, what the fuck is wrong with this, diagnosis plz @ nursing majors",0.0
I think Joe Biden has a new excuse now,0.0
mfw narrowly escaped an attack by a really tall negro wearing a penis as a costume who was going around cockslapping people in his costume basically and also cars too,0.0
What?!??!! Useless wait of time Make hæñtáí legal on YouTube abstore😤😤👏👏👏🤞🙏🤞🙏,0.4999999999999999
Awwwww. Then we will shift more people to the CHT :),0.0
"i swear people do speed before they come to the window, ain’t no way ur that happy for a damn burrito",0.0
Even intelligent people can have really dumb ideas.,0.0
Congress should be investigating whether or not Fox news is the 2016 of old media sure as hell seems like it,0.0
American Royals by Katharine McGee,0.0
By all means let's have ANOTHER 1% TAX BREAK FOR THE GD RICH. I'd rather have my tax money HELP PEOPLE IN NEED YOU ASS.,0.49999999999999994
"“what the hell are you supposed to be? What’s up with that mask?!” He made anxious bun noises, was this a nightmare?",3.330669073875469e-16
"These two ,who could lead our country unelected are a Terrible DANGER to world peace .They both know that there is a lot of money to be made by their uncaring,irresponsible motives .We have had enough of war and the innocent deaths it incurs .These 2 cowards are TORIES .",0.4999999999999999
"There is that. I wonder how mother is taking this news? Pence potentially working for, a soon to be accused pedophile. Would have to tie those 'family values' up in knots.",0.0
she was a woman ahead of her time...she was licking donuts when all the ice cream lickers were still just sucking on candy,0.0
"I'm not surprised I got downvoted for what I said and why Fjords got upvoted. I could just say somewhere ""Trump is Satan"" and watch the upvotes. It's too easy.",0.0
"I see tiny pieces of Star Wars, everywhere...shudder! 🤮",0.0
Lol. My girl graduated is not the same as I’m marrying her because she was my mule. But then you men are emotionally stunted,0.49999999999999994
Omg i swear to god Kemi and David are better off not saying anything at all to anyone. The only person they can trust is Nicole. Everyone else keeps running back and talking shit #BB21,0.0
Can you explain why the top serial killers and maniacs are always homosexuals?,0.5
If you've been waitin’ for fallin' in love,0.0
They only would have forbidden it if they were the most retarded politicians ever.,0.49999999999999994
"I do what people did to me... Talk shit until they cry, or join in. Make Them STRONG!",0.0
I hope and pray Sturiddge finds his missing dog,0.0
right on the fucking money dude.. she was 150% in it for the money.. if she loved you shed have signed it,0.5
"Lovely pic of that small irritating prick, and Kevin #dlxp",0.49999999999999994
"She asked me to drive just to top me off. He said he gone kill me, tell em knock it off !",0.4999999999999999
"Do you idiots actually think a fedora is that bad? It's one of the classiest fashion accessories you can wear; just look at 1950s mobsters. You uncultured retards can wear whatever ""the norm"" is; I will be sticking to what is tried and true. It's pathetic how brainlets fall for memes telling them what they can and cannot wear, you're all sheep being spoonfed fashion.",0.0
What a pair of gorgeous bodies,0.4999999999999999
That sucks but it probably would have been broken,0.0
"damn, right in the feels @IrishTimes",0.0
"Let’s talk about it now, they are full blown hypocrites",0.0
Idc who doesn’t like me anymore. I’ve lost people who meant the fucking world to me and I’m still standing. I’ll always be okay.,0.49999999999999994
Girl you’re like a Black Barbie or something fr👌🏻😁💯,0.49999999999999994
Black on white murder! Death penalty for this savage 🤬🤬🤬,0.4999999999999999
"Yes I do, but that's because it just happened at said Ohio University. A kid died and the Frat just got kicked off campus. If you find a Frat that doesn't act like assholes, then yeah I'd say go for it. A lifetime of very positive connections!",0.0
Some sneaky soft while on the case...! 💜💜💜,0.0
Or you can make sure you're the jackass on the yacht.,0.4999999999999999
"The metaphorical flesh of an embodied god drowned in the artificially sweetened fluids of an advertorial monster. The possibilities dance in the gap between good taste and sacrilege! Feast upon the metaphors like a pig at a trough! Sculpt the saturated pseudo flesh into a mockery of a highly marketable divine visage! Bathe in the sweet, slightly-off tasting nectar of the holy slurry and let it clog your pores with the crumbling remains of sacred quasi-crackers! Make the kids eat it! Shaving ointment! Add hotdogs for a Friday treat! Whisper your secrets into the mush and beg for absolution from the desecrated dregs! They will not judge you, for they understand. They know. They have always been waiting for you here, waiting for you to arrive at this moment. Let them in. They just want to help.",0.4999999999999999
I daresay Anderson fucking Cooper did not care to raise these notions for consideration when the whole affair emerged.,0.0
"What the actual fuck, Lindsey graham is still going on about buttery males? This country is dead.",0.4999999999999999
He’s as useful as a plank of wood up top,0.0
"By his logic, in which he conflates being critical of certain policies with hating America as a whole, he hates America, too, if he disagrees with our immigration system...",0.0
You are definitely NTA . I can understand your wife's point of view but even so there are better ways to discuss this without having you lose respect from your child.,0.49999999999999994
is the worst political hack ... ever,0.0
It’s not available in my area😭 They sabotage my chances of getting a dm if you lmao,0.0
Now stop paying attention to this degenerate,0.0
Without you is such a sad drunk song,0.0
"Any vote that has the best chance of getting rid of our national embarrassment moron, prime mistake, is the correct decision",0.5000000000000001
oho! have a kickass day at work momo ✌🏻,0.0
"i dont agree with him but i understand where hes coming from, like we were never taught that stuff and we still know about gay people and not to be homophobic, its just something unnecessary imo",0.0
"We Was Like 12-13 Inna Hood With Poles , Smoking Weed , Fuckin Bitches ... Y’all New To The Shit We BEEN On 🤧",0.4999999999999999
We don't need VISA for Dubai And Qatar anymore ✈️✈️🤺🤺,0.0
"If you're looking for work in #JerseyCity, NJ, check out this #SupplyChain job via the link in our bio: Team Lead (Part-time and Full-time) at Follett Corporation",0.0
HELL YES waking up to Amy McGrath ready to take on McConnell !!!!,0.0
Proudly Nigerian #NGRSA #SuperEagles @NGSuperEagles,0.0
#3 To the Abandoned Sacred Beasts,0.0
Now playing Geo Rell - Rockstar Listen here: PAID PROMOTION PLEASE SUPPORT INDEPENDENT HIP-HOP AND R&amp;B ARTISTS,0.0
"yes, and also ppl calling it an ""allergy"" not realizing celiac is a DISEASE that literally destroys your small intestine ...",0.0
"Vintage Sterling Silver Bangle, Engraved 7inch Shop now #silverbangle #vintagebangle #banglesilver",0.0
jenchuchaeng show yourselves cowards,0.4999999999999999
"My maths teacher in year 10 didn't care if people went outside of the class, if they didn't want to learn they didn't have to. To be honest this worked really well because it got rid of all the annoying kids who would disrupt class",0.0
"'s Acosta must be a sociopath, he does not see what he did wrong as A.G FL/ Defending he shows is his lackey! brownosing to keep his job",0.49999999999999994
And this is one of the reasons henis the GOAT! Imagine him trying to partner up with two other top 5 guys in the league and then trying to act like they fought through adversity to get a ring. Hardest fight was getting from under the blanket in the morning! Competing is dead.☹️🤷🏽‍♂️,0.49999999999999994
LOVES U TO THE MOON AND BACK!!,0.0
"Meanwhile, what have you done for her besides burn out her pocket book and possibly cripple her with your emotional baggage?",0.0
Got a problem with women winning? Get over yourself!!,0.0
One of these days I’m going to fuck around and get my nipples pierced,0.49999999999999994
Family looks very scary...children of the corn like scary,0.0
Hell fasho fasho fasho 🌊🌊,0.0
“Aye first 4 to make it is on a team. Hurry up and shoot.”,0.0
And I thought it was the Mexicans that were bringing in the drugs. What a time to be alive,0.49999999999999994
That was a satirical article. 😝,0.0
"Is that why we have 100's of denominations from the same book? I guess everyone has their own clarity. This ""preacher"" is being, in earthly terms, a a-hole.",0.5000000000000001
"Humans are like cockroaches. There's too many of us with too much diversity to go anywhere. &amp;#x200B; As for diseases, we’re already on our way at creating a super big that will be untreatable with currently medical advancement. &amp;#x200B; Yeah like HIV? We ok. Humans will and do burn cities to the ground to prevent diseases and engage in quarantine. There were no antibiotics for most of history before the last 50 years. We will survive superbugs even if antibiotics become useless. We evolved without antibiotics. &amp;#x200B; Superbugs aren't stronger, they're just resistant to antibiotics. So we'll just be going to to the 1930s.",0.0
"Omg,,, I’ve been a fool. I need Choerry in her birthday tiara",0.0
We had a gun-ban go into effect in Maryland. Even my anti-gun parents bought two AR-15s,0.0
The only solution is an American Caesar to stand up for the interests of white Americans.,0.0
Some are just great black mothers,0.4999999999999999
"Well, this would be my reason not to do it: What a headfuck. I'll just keep mining in my Cutter.",0.5
"Yeah, too many times I’ve ran into a house with all the doors shut and been killed by someone sitting in a corner.",0.0
Happy birthday brother! Wooooo! 🎉 🎂,0.0
i think you missed the sarcasm,0.0
3 Kabul university professors just arrested by #NDS because they were recruiting students for Daesh. Who are you? #Taliban recruiter? and why don't u raise ur voice when Taliban do massacre. if Taliban didn't use these children as shield we wouldn't witness tragedies like this.,0.0
Someone vaped those gamer girl booty flakes 😂😂😂,0.49999999999999994
That’s one reason they where invented. In Utah* it was a way of validating your claim. If a new bishop arrived to your ward... let me see the underwear and signs/token gangster handshake... ok your legit. *Forgot to mention early days of frontier utah,0.4999999999999999
Prosecution lawyer Janet Whitbread told the court that rectal,0.0
"yes but you don't even KNOW who ""This person"" is. don't try to get involved. and don't respond to this either; if you want to argue with me about it do it in dms",3.330669073875469e-16
Arthur to be benched next season.,0.0
"Why are you so bothered about an unknown player , he’s hardly ronaldo",0.0
"Death, taxes, AL wins the ASG. #AllStarGame2019",0.4999999999999999
Hi jungkook saranghe i love you thanks save me baby help kkkk TT TT TT 🇰🇷🇧🇷🇰🇷🇧🇷🇰🇷🇧🇷,0.0
"Saving and improving #theACA is the win-win way. Let's oust that empty-headed sadist fascist ""president"" donald dumb from office and elect for the POTUS.",0.49999999999999983
He doesn’t have a right to link shame with his BONE KINK,0.0
I will hold you in the depths of your despair 🧡🧡,0.0
you may excuse me there I'm listening to Chase Atlantic again and oops heh👉🏻👈🏻,0.0
I have a long ways to go...,0.0
"On every thrones sub, no matter how much they hated the episode, i haven't seen one person complain about the music. Fuck this guy.",0.0
Next night we all go out for drinks at bar,0.4999999999999999
"they tend to stick with what they used in the past and the data center world, at least for x86, is owned by Intel. look how long Linux/FOSS software took to be apart of the Enterprise world.",0.0
My mom never got it. She'd tell me if I went near this street or that street I'd get abducted and raped and it can still happen on another street,0.0
"Was 17 on a float trip with a group of high school friends. We got kicked out of the campsite for being too loud, most of us were tripping shrooms. We made it to my buddy’s lake house not too far away...still frying balls when a big ass black bug scampered across the floor. Someone smacked it dead and threw it outside. A few minutes later I went out for a smoke, I thought I saw the bug move a leg, as I approached to get a better look I saw it was moving both its back legs...I was staring at it thinking how sad it was him dying this slow death (shrooms had me all up in my nature feels), when suddenly two more legs shot right out of its butthole! I was confused, scared, intrigued...that was until these ass-legs kept started whipping around, growing longer and longer. At this point I started screaming at it at the top of my lungs! No words were coming out, just “AAAAAAAAHHHHHH!!!!”! My friends came running out to see what was happening, I’m still screaming as I pointed down at this mutant bug...I’ve never seen 12 people try so hard to enter the same door (let alone this very small door) at the same time. Funniest damn memory I have with that group of people.",0.4999999999999999
"I'm on Messenger, because I can have conversations with my daughter and granddaughter for free. So I have to keep my Face Book account, but I don't use it. Face Book is crap.",0.0
.@ImRo45 Hard luck champ. We all love you. Thank you is all what we can say. #CWC19,0.0
gonna go play some tekken 🐒probably gonna do story mode n shit to see if i at least pick up some stuff on how to play. wanna try and get in to it and actually learn how to play this game,0.4999999999999999
stop fighting mw jones. go fight at hw dude . u know ur distance control wont work there and u will get ko cuz u wont be able to run cuz these guys arms are long asf and hit hard asg,0.0
"Dick size barely matters. im 6\"" and I always hit the cervix anyway",0.5
We aren’t going to give him up. We are straight up going to fire his butt. Time for ole Mitch to retire!,0.0
Translation “Worth”: she’s a minority so her being in the same party as me makes me feel less racist. 👍🏼 “Trouble”: She sincerely and unabashedly advocates for POC. 👎,0.0
Full of beans? Uh oh....here comes the farts lol!!! Glad youre feeling good muah!!,0.0
"Maybe, just maybe Dems could take a break from all their investigations and actually do something constructive for the American people.",0.0
Breivik not only selected his targets carefully he crafted his agenda carefully so as the average idiot wouldn't realize he is an ethnonationalist.,0.49999999999999994
"(* i am talknig about the CHARACTER) I am starting to hate Abby again ... over and over again through the seasons she pisses me off in some way ... heck she is in part (with O's own choices, i admit) of what pushed O over the edge :(",0.49999999999999994
Silver is such a impotent leader. He's let the league go to hell with player empowerment.,0.0
Happy Birthday 🎉 @Dave_str8ToIT,0.0
This man should be removed. He’s not fit to be in the senate or anywhere in politics.,0.0
"Do not make homes out of people. This will leave you homesick and sad, missing arms that cannot hold roofs, hearts with shaky foundations. - Michelle K.",0.0
Neil's Archery! It's great to see a fellow southern tier resident on here!! I live in Endicott and love to shoot at Neil's.,0.0
while your reading this a turtle could be dying.!!!!!,0.0
That has to be on purpose. Even these idiots have to be able to see the irony in their actions,0.5
Yes.. Sonya Thigh Grab.. But instead Sonya Thigh Grabs the Opponents Head like Rey Mysterio and flips them. Brutality Rips Opponents Head Off..,0.0
"No, that you only cared about it when it affected whites. Also, it's been tried, failed miserably because THE POOR CANNOT RELY ON THE POLICE FOR PROTECTION.",0.49999999999999994
I guess that makes me a nigger?,0.5
They're like children jumping up and down demanding a microphone,0.0
"""Sassy, intellgient Brexiteer, proud Trump supporter"". Says it all that you can't spell 'intelligent', 'reading' nor even capitalise 'Trump'. It's always amusing when thicko racists try to proclaim their cleverness to the world.",0.4999999999999999
He will never love you like he does Invanka. Stop trying. It's embarrassing. I don't even know how you're on my timeline.,0.49999999999999994
What an absolute horrible person to do this.,0.4999999999999999
You pathetic liar and hypocrite. Enjoy your alternate facts. Or is that the code you use for Trump to come grab you?,0.4999999999999999
"Epstein is so evil, he has a natural joker face.",0.4999999999999999
"When I worked as a supervisor in college that’s what I was like. You know what the job is. If there’s something you need to know, I got you. I’m not staying on your neck because we’re not stupid and I have better things to do. 🤷🏾‍♂️",0.0
"this is exactly why I never buy the shit people say about mental illness on this app, most also don’t truly understand what it takes to deal with and help someone dealing with a mental illness",0.0
Idiot . Plenty of non citizens live here legally . Trump is a Dumbass,0.4999999999999999
It failed the people who weren't intelligent,0.0
The hell did Curry do to his hand?,0.0
LRT WAIT HOLY FUCK IS THAT-- THATS ITACHI IN SESSHOMARU'S OUTFIT OMYGDIDHH we have decided to ascend,0.0
I see we’ve reached 4chan levels of idiocy,0.0
Honestly I was wondering same while flying back from Janakpur with them.,0.0
The problem is that they've completely taken control of moderating and janitor spots. I bet long time users didn't really give a shit,0.0
Lmfao women never wear belts with jeans. It’s very rare. At least in my experience And niggas fresh out never own belts 😂😂,0.5
"I came he around 3,000 lol I used to post every day with my hypothetical shit lmao Sorry to the OG's",0.0
"Your regular pushups will eventually get ahead,due to it being a easier movement and you still training it for endurance.I could be wrong though,I've never done hand release pushups for very high volume.I primarily use them for supersetting or the weighted varient for strength work Weighted hand release pushups...now that,that is a beast.",0.0
An entirely plausible scenario is that he was one of many people trying to get the fuck out of there,0.4999999999999999
Oh yeah! Didn't think of her. What a shame! Hahaha 😂,0.0
It’s always the stud that ends up pregnant .. be sneakin and geekin 🤣,0.0
"You know, I’m not really sure where the frick I thought I’d be at 27 years old, but I can for sure say it was never sitting on my couch at 6PM on a Monday, pounding white claws and writing 7 pages in my journal about what a shit show my life is right now.",0.4999999999999999
Unless your name is Han Solo put the lightsaber down you're not a Jedi,0.0
Gym Men's Muscle Sleeveless Tank Top Tee Shirt Bodybuilding Sport Fitness Vest Daily Deal $9.49 #teeshirt #menfitness #menshirt,0.0
"Ramen is traditionally poor people food. Even in America, I struggle to find a bowl of ramen for more than $20. The kind of people who can afford a $500 bowl of ramen, would never order a $500 bowl of ramen. They simply don't exist.",0.5
She is black ..... have you seen all the white hootchie mamas on planes before?,0.0
“On Folks Bitch U Bad Asl”😂😂😂😂😂😂😂 Lmao On Bro This Me,0.5000000000000001
this anon on my cc tryna start something you literally know i only have like 80 followers????? u aint starting any beef with midzys and blinks by trying to get on my nerves😭😭😭,0.0
thinking about the guy in my class that was a party going chad who did MMA and was always talking to girls and shit and yet was a fucking high IQ mf who read the wealth of nations in his free time and was such a master at chess he defeated our history teacher,0.0
I love to see the boys having fun on Weverse but I feel so left out because I can't download the app. The saddest thing is that now they're more active there :(.,0.0
offer incentives for employers to hire older people,0.0
"Attention lawyers @MichaelAvenatti @tribelaw, I would like to sue @DevinNunes on behalf of his cows who I believe are victims of abuse, neglect &amp; cruelty by by the cravenly evil &amp; incompetent, corrupt, criminal Devin Nunes. Animal abuse is not cool. #FreeDevinNunesCows",0.49999999999999983
"You could start with reading the hearsay or continue to dig your hole, mate.",0.0
MAP is project funded by PMO outside of defence budget Initiated by Jaswant Singh under Atal Bihari Vajpayee,0.0
Like most dope addicts he's PARANOID,0.4999999999999999
I fuck wit the energy from both parties,0.0
Ahm Ragin! Best thing I've seen this day,0.0
It's interesting to see how many insanely idiotic replies on this thread seem to be mass produced courtesy of you...smh,0.49999999999999994
Hesitation always get you killed,0.0
Eating soup like it’s not hot asf outside,0.0
"culture?!?!?! white people don't have any culture!!"" you shout.",0.4999999999999999
this is the gayest shit i've ever seen,0.0
Bro this shit fr got me fucked up imagine seeing this in person 😭,0.0
"They are both dumber then a shrimp lmao, also in what world do you live in that leftists like liberals?",0.0
"Police have to respond to every call given, no matter how asinine it is. Being a public servant in this city and marching for St.Aug from 98-02; a lot of us born and raised in the city understand the culture. The new officers dont know the culture.🤦🏾‍♂️ That's the problem🤷🏾‍♂️",0.4999999999999999
"if Big Sexy can do it, CC can too",0.4999999999999999
Trying to grow facial hair kinda sucks.,0.0
"""Hey you guys wanna see a magic trick?"" Grabs an entire banana and shoves it into her mouth. Snaps her fingers and opens it. GONE! Twitches a bit. Starts dry puking up banana hard candies.",0.0
Two bros chilling in a couch 0 feet apart because they're gay,0.0
Holy shit.,0.4999999999999999
"You were forced to take out loans you couldn’t pay back? You were forced to get a degree that doesn’t have high employment prospects? You couldn’t bust ass and work full time while going to school? Yeah, your situation is nobody’s fault but yours. Sorry that you’re too immature to accept that.",0.0
"Not only that, I turn my back on your comment and hope it causes you more embarrassment.",3.330669073875469e-16
"If you enjoyed the first Choose Your Own Adventure board game, House of Danger, you will be sure to enjoy the newest addition to the board game family: War with the Evil Power Master👿. #chooseyourownadventure",0.0
LMFAOOOOOOOOOOO and ima play dumb too 😭😭😭😭😭,0.4999999999999999
Featuring how I suck at playing this game :),0.0
"I don’t know who’s fucking cares, but pretty sure they are single...",0.49999999999999994
Somebody is dead dawg.. you can be a few minutes late 😂😂😂,0.0
Omg I literally thought of this as a book idea years ago damn,0.0
It is the agent of Satan versus Satan's leaders. Grab your popcorn.,0.49999999999999994
Ahahahahaha. You give stalin way to much credit. Besides,0.0
those are the people you should cut and delete .. so you can live a wholesome life ♡,0.0
imagine being one of the best players in the world on the best team in the league and then you commit a foul and get stared down by your own fuckin security guard,0.0
"""Rabbi Ovadia weeps for every Jew who is killed ... but nobody",3.330669073875469e-16
Lol hell naw lol on that field ! On that ladder,0.0
 The fart tatto is such a tarf one to pull off,0.4999999999999999
What my conversations w/ @RamseyShayla consist of- me: should I make a tinder to find someone? shayla: men ain’t shit me: ok i just hung out with a guy shayla: men ain’t shit shayla: should I text him back or never speak to him again? me: MEN AIN’T SHIT!!!,0.0
"Democrats: \""OMFGJKG YOU WANT TO KILL THE NIGGERS YOU RACIS FUCK GOOKS WE'LL SHUTDOWN THE GOVERNMENT YOU WANT KKK TO KILL THE CHILLENS SHUT IT DOWN\""",0.4999999999999999
It's a special kind of chest that spawns every so often. You can open it for 5K coins and there should be some good shit in there.,0.0
" taking the video says right at the start and that was enough for you to get the pitchforks out, Oh you poor thing, you would be first in any lynch mob.  She never even refutes it Under that pressure, she wisely chooses to remain quiet until she cracks at the end. But see I am ready to condemn her and call it shameful when I see the proof. But you are yet to condemn the girls for calling for this lady to get raped. Shame on you for supporting rape culture. and yep, that was a mob, 5-6 against 1",0.4999999999999999
Please transfer him to a Thai or Koreqn prison instead of letting our taxmoney pay for his sorry ass since he clearly doesn't deserve it. Whiny stupid baby. He should stop beating people up and invest in some anger management instead.,0.4999999999999999
My kids hair don’t always be combed cause we homebodies..but when we do step out they shit LAYED🗣,0.0
"Micheal needs to be at peace with his ego, his ego is ruining his happiness",0.0
"That's an outright lie. There is a small fringe group of crazies that believe that crap, not ""Q believers"" in general. C'mon man, stop acting like a know-it-all when you clearly have been wrong countless times. Remember the ""Big Ugly""?",0.0
ACAB = all cops are basketball players IT FITS,0.0
I can hear heads exploding already lol,0.0
"I've gotten 2 warnings already. It's crazy that in 2800 tweets I've sent, ive only gotten warnings on ones I sent about the clippers Soft ass franchise",0.49999999999999994
"and you wonder why i act like this, stoopid .",0.0
blaming gays for the actions of people who are not gay,0.4999999999999999
"All of my friends keep telling me I gotta move on, she movin on but we been at this shit for so long",0.0
"About war comp, you may prefer 1 rage instead of heal, some wbs, less archers, more wiz/witch",0.0
Sheep see with their own eyes what liberals are doing yet continue to follow! We all need to unite... once we do ... world peace ☮️,0.4999999999999999
That was beautiful and heartbreaking you could see Dove was an emotional wreck she should have waited until it wasn’t so raw,0.0
Lesnar is a great fucking joke and the UFC really needs to clean up it's act with all these juice heads being allowed back in ufc main events.,0.0
Heartbreaker My #TeenChoice for #ChoiceInternationalArtist is #NCT127,0.0
Everyone and their grandmother uses multi cam.,0.0
"Some straight line winds rolled in.....maybe 40 mph. Them damn winds took ""my special medication"" baggie right the hell out out of my hands like a Forrest Gump feather. Can an almost 60 year old man break into a full sprint I instantly asked myself? I sure as hell can....",0.0
Are you on the piss son?,0.5
Can you get any more perfect?! Wow 🥰,0.0
I cannot believe I am watching an RCB choke even when the IPL is over. M,0.0
Russia is the only nation that worked. Snowden has a plan to slowly leak out more and more info so it can't be drowned out and forgotten. An end to the threat against American liberty by a thousand cuts. The only way he could do this is by making a deal with Russia.,0.4999999999999999
b-but that's not rape anon...,0.0
And Captain Marvel was a preachy dumpster fire with a horrible lead and an inept story.,0.0
Jeez why you gotta be so rude,0.0
It’s rly not cuz it would be unfair to those who would be here around those time periods like uhm cuz I think separate giveaways for each number of followers but idk depends on this poll whether ppl are ok with dat CUZ I’MA YTER AND I HAVE TO DO OTTER STUFF DEN GIVEAWAYS B(,0.5000000000000001
???: something wrong with all of you *teleports them to Mason and Nightmare Cirucs* Nightmare Circus: *lays on the ground* ow.... Mason: .....,0.0
Yep!! Cersei shouldn’t play Euron as a cuck. Uh Oh,0.49999999999999994
ok fineyou got me but we’re like. The very lower end of the upper middle class,0.0
This lowkey disrespectful lmfao,0.0
How the CIA into a state with NO Jews - but says Clinton,3.330669073875469e-16
I'm grabbing her by the leg and she be hanging upside down and tell her if she doesn't STFU I'm dropping her on her head 😂😂😂😂,0.5
Tell me where I can find these demons,0.4999999999999997
CHRISTIAN’S AGAINST THE LITTLE MERMAID LMAOOO these mfs really just have nothing better to do than be racist pedophiles 😭,0.0
If it could include ur ovaries as well That would be nice,0.4999999999999999
i send you masturbation fuel and this is how you treat me,0.4999999999999999
You need to be deported out of white countries ASAP -PERIOD-,0.0
Oh my god..You're still so annoying Saba..Stop,0.4999999999999999
You're pathetic,0.49999999999999994
Mmm yeah that is hot asf☺️ But if she loved it before it’s safe to consider she would want to experience that again,0.0
You know you're with your tribe when you hear multiple @dexcom alarms in a room #T1D @JDRFAdvocacy #JDRFCC19,0.0
No amount of money white washes a filthy cover up,0.49999999999999994
"Dan, stop making excuses and get your scuba gear on",0.0
There’s nothing pretty about women objectifying and fetishizing other women to satisfy themselves and the man/men in their lives. It’s fucking disgusting. Women aren’t exempt of misogyny just because they’re women and/or they’re bi/queer/pan.,0.5
That dentist was an absolute dick Lord and I'm so sorry!! No excuse for that. I'm glad you're with someone good now,0.4999999999999999
I like that #julllia_mmmm loves to talk dirty and be naughty on her cam! #chaturbate,0.49999999999999994
You might want to have a good look at what the EU has done FOR Scotland. A damn sight more than the UK has.,0.0
"There's some lawyers that don't care about the dilemma they're defending, they'd defend a rapist, pedophile, and terrorist as long as they're getting a good $$$ paycheck.",0.4999999999999999
"Uranohoshi Girls' School Year 2 Class 1, Student No. 28, Watanabe You!",0.0
Jesus Christ the broom was gross lol,0.0
"""That's just crazy talk\""",0.0
Anus wrinkles are as unique as fingerprints.,0.4999999999999999
It's true and there is a pedophile preying on little kids,0.0
Oh the ass licker is back,0.49999999999999994
I'm jealous of all y'all folks who are legally allowed to smoke weed. My country is very strict on drugs even weed.,0.0
Wow! That is really ugly!,0.0
"staying away from liquor for a minute, and not cause i got alcohol poisoning or a bad hangover, but because im literally watching everybody around me turn into alcoholics and that shit not the vibe.",0.0
you getting on Apex! You know we got 2 wins last night,0.0
"""I swear by the dice of my bones!"" (Gambler) ""Shed my tears for the ocean!"" (Lady of Tears) ""Al-tariq al-s'satie!"" (The Traveler) (It's a bastardized form of an Arabic phrase ""may you find the shining path"") ""May the Faceless take you!"" is a curse we've used in our games already. ;)",0.4999999999999999
A team that's worked together for years and then has completely failed at it. That's when the shit talk this team is making is hilarious.,0.49999999999999994
Honestly fuck jasmine for ruining our groups city boy/girl summer,0.0
you could just be a shill too,0.0
Not me personally but it's been known to happen... The only thing a woman can do to deserve that in my book would be to talk shit AND not have dinner done.. that's too far. She's basically asking for it at that point,0.5
22. Early Christianity and Late Paganism,0.0
you're annoying,0.4999999999999999
Damn Trump got more ppl going to prison in his crew than a gang #JeffreyEpsteinArrest,0.5000000000000001
"Don’t be that dick head who doesn’t walk while your on the left side of the elevator, people got places to be. #keepitpushin",0.4999999999999999
Im crying My #TeenChoice for #ChoiceInternationalArtist is @NCTsmtown_127 #NCT127,0.0
That sucks my friend. All children should enjoy happiness not struggle.,0.0
Scores of 9-1-1 in three semi finals apparently. Is this your LOI goat 😂😂😂,0.0
"Sorry to say, but even a singularity of privilege such as yourself would actually need to do *something* in the direction of having sex/relationship for it to actually happen.",0.49999999999999994
"....Theo, would let Zeno succ you off....",0.49999999999999994
I hate this man Nabih 🤦🏻‍♂️,0.0
"WRONG! We dont care if you or she is gay, we care about our country. We care about respect.",0.0
you literally cannot get off the ride. you are trapped until you die in the society globalization and rabid,0.49999999999999994
Too true. Yet they are never grateful. They feel entitled,0.0
As an audio engineer and true audiophile I hate these creatures from the bottom of my heart.,0.4999999999999999
What is it with people being absolute cunts when they’ve got greasy slicked back hair 🤷🏻‍♂️,0.0
You are bottom tier my friend ...bottom tier,0.4999999999999999
"assassinate is powerful enough on its own to justify lingering i think, and you still reach max monk damage",0.0
Lmao he hoped that the camera wouldn't have been on him after that fake ass laugh,0.49999999999999994
"fuck that, fuck having friends dude",0.49999999999999994
"Carmine Zozzore,a grumpy man/ child who will abuse you then block you b4 you reply,pretty gutless mate but with a name like yrs,it fits,did mum slap the nurse when you were born,sorry u soiled yr panties mate,mum will help you change into a diaper,put yr dummy in,Carmine Lmfao",0.5
As far as who girls are fucking; as we approach the singularity,0.0
"That’s right, Mr. President! If you want to watch sickness, disease, death, and disaster, just visit Maxine’s district.",0.0
You will lose Kogi with Gov Yahaya Bello. He has been irresponsible to workers and pensioners!,0.4999999999999999
💀 oh yuhh we won the whole damn tournament,0.0
faith that a big gang cares about you or will protect you is like a parental projection - it's like stockholm syndrome magnified by a thousand. but gangs don't care about the people on their turf. they only care about power,0.0
"it's Long Island man, 100% he sues bagel boss",0.0
"Trophy Hunters hunting the biggest game ""Man"" i think they're mercs as well",0.4999999999999999
Omg guys get it because she's actually not revolutionary at all lmao u is SLAYING the children with this fierce read hunty girl!,0.0
you already have............every damn time we call,0.0
Fox news TV = cross reference your database of jewish surnames. Look for anyone in a position to shape your knowledge of what's going on in the world. All Jews. Now consider what that person is personally trying to achieve in their work.,0.4999999999999999
"Kids be like"" watch this"" And do the lamest shit ever 💀😭😭",0.0
the scum of the Hindi film industry. #KanganaRanaut,0.0
Yeah. Cannot stand her now.,0.0
OMG i hope they all get caught and all shouldget life,0.0
Aren't they essentially the same god though?,0.0
Its so sad to watch a legend like Bette Midler degenerate into a toilet of vulgarity and for what? So she can non stop rage against Donald Trump. Won´t her friends and family try to help her? Really sad.,0.49999999999999994
Both teams are screwing up different things. Rockets with the turnovers and Warriors with the shooting. Lets see who tightens things up first.,0.0
Indiots are fucked and dusted in Manchester ....,0.4999999999999999
The video's on youtube of these rape-apes chimping out during meetings is just classic.,0.4999999999999999
Swear to god if one more person on love island slags the irish they’ll have this man to answe to #LoveIsland,0.0
*swipes tears from the cheeks* heck yes,0.0
FUCK THE CLIPPERS,0.49999999999999994
"""That is none of your damn business",0.4999999999999999
He doesn't like tits tho bobby b...,0.49999999999999994
Pornhub is a terrible search engine. I gotta stick to google.,0.0
I pour tea first to ensure that 1) the tea has properly steeped and 2) I am drinking tea with milk and not milk with tea.,0.0
I mean wouldnt you know how to give him everything because you were a slut in you youth?,0.0
Love is an unconditional commitment to an imperfect person. #SpokenFor,0.0
"It amazes me that Maggie can tweet about children being raped with this level of disassociation. Children were imprisoned and raped, Maggie. Access journalism is stronger than a K hole.",0.0
dude sell your bathwater? Are you seeing this sh!?# you could be a #Millionaire #amirite #gamergirl #iwasoneofyourfirstsubs,0.0
"To maintain cleanliness in the village, 45 ladies clean the village every 15 days. The panchayat also held a contest for cleanliness. In this, awards were given for ‘most clean street’ and ‘most clean village area’ in the next gramsabha.",0.0
Who thinks like this? You?,0.0
I gained hella weight in the past month... this fat transfer finna be great,0.0
Damn near choked when I read this,0.0
Does islam allow something as immoral and shameful as lying? Most religions - the peaceful ones at least - denounce deceit in all forms. #TuesdayThoughts Ilhan Omar Admits Fabricating Story About an ‘Injustice’ to High School Students via @BreitbartNews,0.49999999999999983
Im just waiting for the cum jar,0.4999999999999997
Future of Indian cricket can't get any better...!!!🔥 #BCCI,0.0
His wife is ugly. She don’t count.,0.4999999999999999
"Bottled water. Lots and lots of bottled water. They buy local water, bottle it, and sell it.",0.0
This area?,0.0
shooting pro-russian's activists campgroung in Nikolaev,3.330669073875469e-16
Why this is so stupid people can get sick,0.0
*INHALES DEEPLY* WHO THE FUCK SAID THIS. MAN UP RIGHT NOW! JIMINIE IS NOT GONNA DIE! FUCK OFF ANON.,0.5
Didn’t you knock up your kids friend when she was 16 you disgusting freak?,0.49999999999999994
Needs to hit up Lebron for the secret mojo,0.0
Fucking racist cunt.,0.0
Why did the cock cross the road? To tweet a bad joke.,0.0
i’m walking to my best friend’s school and the street i’m walking down leading up to it fucking STINKS 🤢,0.0
My students keep doing this and I’m like y’all know that shit is lame right lol,0.0
Jack Hannah just said god put that giraffe there so we have no right to kill it. GgG America you embarrassed yourself again,0.0
and I hated HATED going to anyone non white or a even a woman.,0.5
My bb finally gon be in the DUB CLUB🔥 come fuck with some baddies this Saturday it’s lit or whatever @prettyymaa,0.49999999999999983
And if Barack had any woman acuse him of rape or any sexual misconduct I would never vote for him. Trump is accused of raping 13 year old girl at Epstein's mansion. The damage a man does to a child sexually is disgusting. More men should get their weiner cut off after raping.,0.49999999999999994
I fucking hate him as commissioner,0.49999999999999994
PETITION: Justice for Puppies Cruelly Boiled Alive via @ladyfreethinker,0.0
Punish her.... Are you in a jungle?,0.49999999999999994
So many fucking talented people man,0.0
Time to be really nasty then...,
The only thing that got me was the old man falling straight down and the sex scene was just hilarious....I wish it was more graphic tho..they should have shown more gory shit imo,0.4999999999999999
🔥 *sees zwei using Blake as a chew toy* 🔥 Bad! Bad dog! Nobody eats Blake except me!!,0.0
"[Gakuto] Ah, good morning, teacher. You're pretty today as well.",0.0
"We DO Brother. Sometimes it's a bitch But there is always BEER, SMILES and FAMILY when it's done. THANK YOU FAMILY for all the support. IAM NOT ALONE. 💛❤🤗🙏",0.0
Replacement for REXROTH A4VG180 Hydraulic pump spare parts Email :hydrauliccomponent@qq.com Whatsapp: +8613831158101,0.0
The family literally won a civil trial against the US government. They were found guilty of his assassination,0.0
the day she lost her soul wish i can take it back 💔,0.0
This is bad audio editing.,0.0
"Hey Eck: fuck, marry, kill David Price, Stat Masterson, Pablo Sandoval",0.0
"Okay maybe it'd be like that for me because I never have it next to me anyway. I don't mean that people who have their phone next to them are stupid not at all I think that when I get older I'll do it too it's just, I dont really know...",0.0
"I don’t want this to happen, but this situation is getting dangerously close to murder-suicide territory.",0.4999999999999999
"This isn't about Obama, STFU about Obama. This is about Jeffrey Epstein and the people he knows. Trump, the labor secretary, maybe the Clinton's, but this isn't about Obama.",0.0
Didn't you see Messi spit out his dummy after losing a match to a better team? Ashley Cole's 50k a week etc.,0.4999999999999999
"These Mps literally allowed poisonous rice and sugar to be sold to their voters, do you think they care??🤷‍♂️",0.0
"One of my favorite positions. Perfect for breeding, deep penetration, not to mention,. Great stretch for the bottom, and a great workout for the top.",0.4999999999999999
My mom just hits me w the “es porque no tomas agua” 🤦🏽‍♀️,0.0
:((( i suddenly hate my age LMFAO DEJK HAHAHAHAHAHAHAHAH,0.0
All of this feminism and SJW bullshit will completely unravel the more and more the white women get marginalized. It is the white women who need to be called out for their privilege and attempts to lump themselves in with non-whites. We should do everything in our power to get these non-white SJWs and feminists to completely destroy the white ones.,0.0
Wish that cat would’ve slapped her with its paw and ya know.. maybe added the sharp things that stick out of them when they’re agitated... quit abusing exotic animals for entertainment. Want to see them? Go see them in their natural habitat. Other than that leave them alone. 😩,0.0
Megan is a disgrace to the world of sports. She is a disgrace as a person to represent our wonderful President and country. 👿👿👿,0.5
Laughing my ass of right now on based Playstation accounts 😂,0.0
no offense but stopping the global warming and saving our planet actually sucks,0.5000000000000001
They get 13% of their revenue. The men get only 9% of their revenue. Damn right equal pay for men,0.49999999999999994
Women ain’t shit (except soem(,0.0
Watched it. I said what I said. Bye 👋,0.0
Stop posting these photos kick out kohli and shastri from the team they are curse on indian team. Also stop their match fee and impose two hundred times penalty on them.,0.49999999999999994
I love suckin dick while he sleeps.,0.5
Clueless clueless club. Worst beer in the world bar none,0.49999999999999994
I was laughing my ass off when she said that 😂😂,0.4999999999999999
Whats was the Hippocratic Oath? Obviously this f**ing quack didnt study that part in school,0.49999999999999983
I make put everything in a table such that I can put e.g headers.,0.4999999999999999
savage nature and massacred their prisoners,0.0
Interesting how they both have that same smug smirk on their creepy faces.,0.0
"What they SHOULD say is ""you fucked up and now your life is a dead end",0.0
huh I wonder why this makes me feel so bitter and vicious,0.0
I'm a femanon and I think feminism is absolutely degenerate.,0.0
NO !!!! SHIT BUSSIN OUT THE FRONT BACK &amp; SIDE TO SIDE FOHHHHH !!,0.0
turns out you're a 100% that bitch?,0.5
"You forgot the germans, so many german cheaters in cs go",0.49999999999999994
I am also not my family. I'm an individual with the ability to congregate with people I choose,0.0
"Sorry for Alex Acosta? Because the memory hole tactic isn’t working for him any more? Or for you either? Shameless you are, but your time’s almost up",0.5000000000000001
It's been 134348 years since I saw your face and I cry my life is a desert and it's been 190625 years since we talked properly that wasn't me running to a loo or you and I cry life is Dil Chahta hai ka crisis song,0.49999999999999994
"Bring your best friend to work day with @ReneeAriel needs to happen ASAP, I want to see the @sharedchannel offices &amp; bother her all day ☺️",0.0
Queen Margerie? I love this style! Very cute,0.0
They are malignant people who inflict nothing but harm on the children with whom they come into contact.,0.0
This Nigga shook the Cats paw 😂😂😂😂,0.49999999999999994
Trivia host bought us a round of beer because I got almost a perfect score on the music round where everyone else did dog shit. I am god.,0.0
Accused in Ontario child sex assault freed after police error delays trial,0.0
"Whoa! Asking for facts?! Your support of Trump is surely a scam! Will alternative, doctored truth do? Will you accept a Kellyanne in lieu of silly facts? I mean that seems to be the Trump method.",0.0
Okay I was thinking about getting a female betta.,0.0
The way my aunt packaged my clothes is AMAZING! 😩,0.0
NP Dike -@ObieMercy // #TheMiddayExpress With @Oma_Iam MixBy @DJ_FX2,0.0
isn't Spain supposed to be a 'religious' country ?? How sick is this ??,0.0
bro them hoes ugly as hell,0.5
Tommy is a great guy and it’s gonna suck seeing her break his heart 🤦‍♂️,0.0
My head is so fucking 1950s housewife jello casserole right now that I didn't even consider the simplest answer which is I haven't been drinking enough water disphit,0.5000000000000001
anyone who possesses a porn depicting rape (simulated or not) can face up to three years in jail,0.0
can’t wait to move in with jesus and gabby. they’re gonna be my favorite gays ever forever!,0.4999999999999999
"If you wanna swing around so bad, go swing and get your suit lol",0.0
her mother btw is equally retarded because she helped her with finding the right pants.,0.5
i’m such a dumbass. i can’t believe i said 2 weeks 💀💀,0.0
It's better to be single than to be in a shitty relationship. I know a lot of guys that would give all of their limbs for that trade. ,0.0
But when a guy does it the whole world goes crazy and we aren't shit? So can we say the same thing and tell woman if we cheat they should what they did wrong?,0.4999999999999999
I wouldn’t even be mad if you cashapp’d me $200 ya girl has medical bills that are drowning her 😂🥺 $MariahSevey,0.0
He got his ass back real quick,0.4999999999999999
Where the hell is my connection @Airtel_Presence. Your guy request not to force him to collect docs on Friday and let him collect on Monday.. And the connection was suppose to be active by today.. Yet nothing.. How much you guys are taught to lie. Shame,0.0
Then when they get called out for how psychotic they’re being it’s always “it’s just jokes” “y’all so sensitive” “it’s just Twitter”. No. Y’all are really sick in the head and deserve solitary confinement.,0.0
"Oh god I forgot about “Jesus would never light someone on fire, you are defaming me client0",0.0
Son highlight wow a true gay icon I love him,0.0
this is how the dan anti club make me feel,0.0
"Perfect, thank you! I found the other one, it's",0.0
How do you know she pooped her pants?,0.0
I swear if I go on ig one day And see kehlani and Kiana in Vegas together I’ll lose my shit,0.0
"Hahaha you have no idea what my sexuality is, also I suggest you research the holocaust and maybe visit Auschwitz before you ignorantly use concentration camp to describe a place where criminals are kept.",0.0
Make sure you are comfortable with black masculinity anons,3.330669073875469e-16
"What a garbage apology. He needs to do a million more things to make it right, all the fans not following Twitter haven't even seen that tweet",0.0
Black prisoners make up 15% of the prisoner population,0.0
THE ONLY KIM TAEHYUNG I KNOW IS EVERYONE ELSE ARE FRAUDS,0.0
the level of infatuation i have for this bitch,0.49999999999999994
Continue as planned. Eventually feminists will turn the average man against them. We just have to keep poking the hornet's nest until they make a few more mistakes.,0.4999999999999999
This is the best thing since Lebron at PG 🙏🏽,0.0
pray 🙏🏻 dirty house 🏚 educated 📚 hoe 🚂 a job 💰 gold digger 🏗 clean pussy 😌 stank pussy 🤢 faithful 👼🏼 cheater 🖇,0.0
"Lol, not really Science &amp; Space are my passion. 💖",0.0
"I don't consider @FLOTUS to be a stellar judge of the truth. After all, she's married to the biggest liar ever.... 'That Woman is Lying,' Melania Trump Told Donald of Christine Blasey Ford: Book",0.0
Epstein will die in custody. Suicide,0.0
NGL this is a great superpower with the added benefit of being a god damn Chad,0.0
"I'm fuckin broke and need money to throw at problems, but that's every day, not just today. Today I got hit in my car. I'm tired. Thank god for hiphop. Things could be worse.",0.0
OP should flick off the flower. It would give the plant a better chance at living.,0.0
"Damn, I happened to see a little bit of S4E9, in which Dolorous Edd says ""whoever dies last, be kind enough to burn us. I don't want to come back with blue eyes"" (or somethin close) then, *this* episode...... at least it was only for a short time",0.0
Yeah I noticed the same too. I should have posted the before shot—clouds here and there I can deal with after seeing difference.,0.0
Thinking you can reason with religious crazies,0.0
Wtf arenado ive seen you do that play against the dodger dozens of times,0.0
The hatred is what makes our words vulgar,0.49999999999999983
Burn everyting but not your soul,0.0
here goes the soft patriarchal rape,0.0
"So why did you respond in the first place? 😂😂😂😂. Poor, uneducated and now you contradict yourself. Man I don’t even have to do anything. I’ll just let you talk and you’ll humiliate yourself easily",0.5
look. if i dont look ‘like a dom’ enough for you then please unfollow. i dont want anything to do with you.,0.0
"With respect, in 2014 we didnae need much to tell who the chancers were. They’ve not gone away, just thrown some shit around so they smell better.",0.0
Damn sis. All I’ve done is drink coffee and stuff my face.,0.0
Go cap since he is ready. Wolverine is far the better PvP but T3's are more useful in PvE. Also Cap gains the highest stats boosts by being T3,0.0
"You misbehaving baby, you dey perform 🤣🤣🤣🤣",0.0
Wish I could go back to when I was 22 😫😫 I’d do a lot of shit different,0.0
What's the difference with people using faggot and bitches/gay? Bitch/gay is a derogatory term as well.,0.0
Yeah the China bit worries me... its gonna suck if after all this hype half the stock drops over there.,0.0
"No record has as many miles in the club as ""Back That Ass Up"" @juviethegreat how does that feel?",0.0
And it will continue till one day a whole department or floor shut down cause everyone out sick,0.0
"Congrats, time to get rid of your brother",0.5
My friend is too funny she said her uber smells like nickles n wet puppies 😂😂😂😂😂,0.0
Actually racist. Your kind is rare. 😮,0.5
. is good to get eyes on your boring ass “sport”. Thank god real sports are returning soon. #rippermagoo4ever,0.49999999999999994
Not the point. A word only has as much power as one gives it There’s a weird irony that many that are T see themselves as these unbreakable warriors. “We will not be erased” and all that but one word is all it takes to make one crumble. Strong as steel but fragile as glass?,0.0
||. oh no 🤧 a bitch got meds for insomnia bc she can’t be sleepin all day until school starts,0.4999999999999999
"Scammer on the phone this morning already, claiming he was from BT and he needed to upgrade my protection because malicious software blah blah. Told him the only computer belonged to the illegal immigrant I’d kidnapped &amp; keep locked in the basement. He asked to speak to him.",0.49999999999999994
She wore a jacket proclaiming how she doesn’t care about kids! Furthermore she &amp; her husband endorse the torture of women &amp; children in concentration camps! Evil women both of you,0.4999999999999999
Why the fuck is Jesus and Willian there,
"bitches say ""i hate seventeen"" but then talk more about them than their own favs #MGMAVOTE #MGMAVOTESEVENTEEN #SEVENTEEN @pledis_17",0.49999999999999994
PRIME example of emotional meltdown.... or MKUltra mind control,0.0
Let me put you on the almighty McChicken,0.0
"they say ""oh this package has been sitting here for 3 months and no one has picked it up",0.0
Everybody cares about oceans but in the reality no one does a fuck about it,0.4999999999999999
DC is the only one in this thread who's apart of Moloch 🤷‍♂️,0.0
he is a real Z O O M E R,3.330669073875469e-16
Kamala called Biden a racist. He called her a cop. Pelosi called AOC and others just 4 votes.,0.0
Too much pleasure is pain. -posty.,0.0
"Just when I thought Pelosi had some common sense, she says things like the left wing patented talking point that Trump’s agenda on the citizenship question was to “Make America White Again”. That is the most ridiculous and sad comment ever! Wow!",0.0
The Hispanics thing doesn't surprise me. My brother is on his 3rd Hispanic wife and they and their families have always been very quick to assure us they are NOT illegal even when we weren't even concerned or asking about it. They hated illegals giving Latino community a bad name,0.4999999999999999
You keep making the mistake of thinking that you're worth answering. Don't you realize you're worthless?,0.0
I'm so frustrated with the justice system here where I live. Let me preface this by saying I ❤️ my BFF but her son had over 1000 photos/videos of child porn. He also had cyber sex with 13 to. He got off with 4 years of probation &amp; register as sex offender. Not strong enough,0.0
"My friend, Patrick, is a finalist in Oyster Bay Beach Resort’s Story Contest. Help me rally votes: @OysterBayBeach",0.0
Trump's on crack Only explanation for the stupidity that flows from his trap,0.0
His asshole betraying him 5 minutes before gametime,0.49999999999999983
People just dey do like say they no dey shit. People just dey do like say they no dey breathe o.,0.0
"S T O P !! Just S T O P !!! You could make a difference by choosing to fund decent, good and noble initiatives, but instead you’ve elected to waste attention, money and resources to stroke your ego! #WTF S T O P ! Just S T O P !",0.0
but if a nigga tell u dat u worthless y’all feelings be hurt. ok,0.4999999999999999
Something is very wrong with that little girl. She looks sickly.,0.0
You need to take a deep breath.... (whoosah).... and chill the fuck out...,0.4999999999999999
how do we stop this?,0.49999999999999994
What a ridiculous take. Umpiring isn’t why we’re losing. Doesn’t mean they’re getting all the calls right.,0.0
I hate hopper for not getting him the cherry flavored drink he wanted:((((,0.0
"It is not a sexist term. It is an accurate term because you are behaving like nacas, gatas, low class ignorant maid like crass females who hace no business in Congress. Resign and go back to sweeping floors India Maria.",0.5
"We, as a province, are far more concerned about your inability to be a good minister. You didnt provide criticism....you full out verbally attacked him. Trust me, there are far worse things to be said about you and your utter inability to be minister. You should be ashamed!",0.0
"That process takes years and thousands of dollars. Also, we are a job center for illegal immigrants. Without them we'd all have starved long ago",0.0
OWS YOU'RE DIRTY I GET IT,0.0
After the Marcelo Lucero slaying,0.0
"HBD Mr Gavaskar. What a generation that was for us; traditionally Indian cricket was weak; you gave us pride with your many innings; others joined in; India began winning; &amp; then even abroad! And with that, the ethos was set and continues ....... !!",0.0
Somebody will repost this in a week with the title: Netflips and Kill,0.0
Totally worth trading him away for Fernando Rodney. Totally not gonna cry myself to sleep whilst cursing Loria's name forever.,0.0
I hate EVERYTHING about them 😂🤦🏽‍♀️,0.0
Remember sis If he really loved you he wouldn’t have done half of what he did. That shit wasn’t real to begin with.,0.0
"Have you listened to the “fighter pilot podcast” by jello and sunshine, v interesting.",0.0
Umu agbogho left and right?!,0.0
The Dean and Angus pictures are just to fucking cute,0.4999999999999999
tells lesbian joke about asking a vegetarian about meat is like asking lesbians about strap-ons,
I’m taking your art supplies away.,0.4999999999999999
The reporters questioning #Acosta are completely inept and unprepared and it's infuriating. They are they letting so many of his absurd answers stand.,0.0
felt that. 🤒 @sierrabridgesss,0.0
Crazy how something as stupid as picking your nose can turn into such funny memes,0.0
"Don't piss me off baby daddies. I'll send the kids home singing, 🎶My mommy likes it/ My mommy likes it🎶🎙🎙🎙 They'll be on iTunes next week with a hit",0.0
"Alright now that my Klonies are kicking in and the mental breakdown is subsiding, I need to announce this PSA I would fuck the shit out of @anthonyjeselnik Thanks for coming to my TEDtalk",0.4999999999999999
They are cuckolds even in politics,0.0
I want to do this now Killing off everyone besides Marth and Merric,0.4999999999999997
"❤ That term originated on reddit, I think. It's a fun way to tease the kids and get them to lighten up a bit. Demographically you're techincally a millennial, but so am I lol (1988). Generation studies really are bullshit, even by the loosest standards of social science, its basically a marketing idea that got ingrained inthe public in the 70s or 80s.",0.49999999999999994
I'd rather the government eliminated ..... damn - new twitter hate speech rules won't let me say it - but we would all be better off without...,0.49999999999999994
Dudes retweet me getting sucked off !!!! :),0.5
remnants of this unit were involved in the defense of Berlin along with the Charlemagne French Waffen SS-,0.0
Good nothing like a little embarrassment to light a fire under their asses.,0.0
Yeah pretty much. They are so extreme and sectarian al-Qaeda even told them to fuck off.,0.4999999999999999
brainwashing infants to support their own genocide ,0.4999999999999999
Jews in Porn,0.5
Their hateful propaganda is what is driving this country apart.,0.0
I fucking love thigh highs,0.0
"About to finish the Netflix show ""You"". Incredible show. About a psychopath who stalks a woman in order to win her over",0.0
WeTuesTo LoveANDRE #PBB8BackToBahayDay3 Batch2getherForever,0.49999999999999994
Sex is a very good thing to do with me.,0.0
"LMAO!!! You're crazy, but my type of crazy . 😂😂😂😂😂😂",0.0
At this point I would welcome Stephanie smacking Shane in the face with a chair,0.0
nigger puts his arm around my princess,0.0
if you’ve yelled at someone for not standing for the pledge (or the fucking star spangled banner) you are a piece of shit,0.0
THA SKYS FALLIN BAYBE DROP DAT ASS FO IT CRASH,0.4999999999999999
I hate you for getting me in my feels all the damn time :( @LewisCapaldi I love you though:(,0.0
I would pay to see Steiner’s reaction after reading Rich Energy’s tweet,0.0
Another mouthy Leftist. You do realize that what you think of as power is really just noteriaty. You will see real power soon enough.,0.49999999999999994
Wow that’s nuts. I’ve always heard if you complain of breathing problems you get seen immediately. Do you live in a big city with a super busy ER?,0.0
dumblr users actively try to spread their cancer to mainstream media.,0.4999999999999999
Helding 2020: i have to do calculus should i kill myself,0.4999999999999999
"Also I feel like most Black men have a lil Hotep in them, maybe not full blown israelite level hotep, but enough to espouse a belief or two. I got special love for the ones who don’t though.",0.4999999999999999
"U, everytime this song comes on lol",0.0
proceeds to bully anyone who disagrees with him by using childish tactics,0.4999999999999999
And you mean even less than everyone else. Fuck off,0.5
reading our tweets and retweeting them... That's dope,0.0
"well, damn. when you put it that way, there simply is no counter argument",0.4999999999999999
Omg Alexander was roman partners dam he on raw that wat up,0.0
Lol imagine being racist and killing your own race because they’re not your race enough.,0.0
"sounds like herpes. has a doc ruled that out yet i assume? Could also be a vitamin deficiency, where something like crohns would come in to play. how are your poops?",0.0
"Be honest, hoy many fucks were originally in your reply?",0.49999999999999994
Since SJWs blew up on vidya games steadily every video game news and review site has fallen into the shit.,0.4999999999999999
Y’all tweet about how much you hate your body and how lonely you are every second.. plz take it somewhere else 😫😫😫😫,0.4999999999999999
Found out you still fuck wit them and bae that hurt me,0.4999999999999999
"Yeahhhhh..... but adjusted for inflation, it's up to 74 now from like 118 as of end of opening weekend.",0.0
All I care are Namjoons thighs tbh,0.49999999999999994
The American people NEED to know what's happening to trans asylum seekers in private detention. Please watch our 5-minute documentary about the only 'trans pod' in the country recently posted on The Atlantic: … ! @SpeakerPelosi,0.0
I’m just out here living my best fucking life 🤙🏻🤪,0.0
It’s Tits Tuesday....are women over 40 going to be showing their boobs today?,0.5
big tb to that one time during finals in my senior year when a group of kids got smashed at 10 a.m and did their exams completely fucked up,0.4999999999999999
This was because Indians would raid,0.49999999999999994
yeah and we wonder why there is an issue of women not feeling comfortable to ask for their own pleasure during sex !,0.0
hating hoes ain’t never happy🤷🏽‍♀️,0.0
'This why Hindoostan was so easy to invade over the centuries.....,0.4999999999999999
"""Rohandinho"" uno, probably one of those creeps who type ""send bobs and vagena' messages to women.",0.5000000000000001
#HomeDepotBoycott Imagine if all Mexicans in the construction business were to boycott Home Depot nd go to Lowes instead. Home Depot would go bankrupt.,0.49999999999999983
You done got a lil thiccccc but I like to hug yo ass👩🏽‍💻,0.5000000000000001
Not his fault the dumbass lakers didn’t play him. He showed he could still be productive last year with us.,0.4999999999999999
Sorry to here about the accident. Keep on truckin Matt!,0.0
yfw srs is so pathetic that the only thing they have left is to hose the board down with Tia Tequilla,0.49999999999999994
People gotta vote for the waifus all the time! Men don't exist in Dragalia lost! Seriously though I wouldn't mind more male stickers.,0.0
"""culture?!?!?! white people don't have any culture!!\"" you shout.",0.5
LMFAOO HES A CLOWN FOR THAT ONE,0.0
Who dey marry all these sadists 🤦,0.49999999999999994
"Why? If anyone should shut up, it’s you and your Feku 🙄",0.5
"A3: Cal Ripken, Jr. #G5QS",0.0
"(don't even try and say \""well they weren't pure black either\"" there is no such thing as \""pure black\"" there never was and never will be)",0.0
"Oh, I was reading it as in one or the other. Both, hell to the yes",0.0
Or is it klay ability to make shots pull up stop on a dame cut to the basket . Right dude? Its amazing .,0.0
61E0C6AE :Battle ID I need backup! Lvl 100 Celeste Omega,0.0
In Lower Class the poor get cockroaches on the floor,0.0
"Whatever happened to your spouse being trusting of you and you being able to control yourself? And don't give me the whole ""avoiding the appearance of evil"" thing... Gay people exist in 2019.",0.0
U hurt his feeling meanie,0.0
The moment when the Chaos god is disgusted by your behavior...,0.0
"Like they say, ""Its the economy Stupid"". That's the bottomline. If you are unhappy with Modi's handling of the economy, then what exactly are you happy with? His bigotry? His Jumlas? His Nehru bashing? His tendency to blame others for his failures? His pseudo nationalism?",0.0
"contempt is gay, he should have been sentenced for cringe opinions",0.0
"probably smack their ass...aksjdh I'm kidding, I'd probably be disappointed and ask them why and then leave, with no regrets",0.4999999999999999
I swear everyone is! It’s not even about men or women.. our generation is just completely lost,0.49999999999999994
"Would like to see some of these officials tax returns here in NY, and IDC about Trumps, never did. Already in office, country is doing well. Fix those loopholes, that's what I care more about and STOP Muslim prayer calls and harassment from Muslim patrols",0.0
Thankfully you have a tripcode on so I can block you,0.4999999999999999
"CAHS will be offering a program that is free and open to parents who are looking for effective ways to improve and strengthen family relationships with children, preteens and teens.",0.0
"Chop life jo, remember YOLO",0.0
Look at all those empty seats of those people she wanted to engage with.,0.49999999999999994
That's basically the plot of a lot of BM/WF movies. A white woman sees the good points in a black male while her racist white family tries to end the relationship.,0.0
"Look we know Biden's kid is a coke head who dates his dying brother's ex-wife. Do they really want to go after Tiffany, who seems the most removed from DJT because she is still a college student. The Obama girls wore 10K gowns when they were in the White House, and they couldn't have afforded them before.",0.4999999999999997
once you start talking to females and having sex with some,0.0
He just took all those trips to pedo island for ????????,0.4999999999999999
Try to say that shit in a proper circlejerk,0.0
"Football idiots from @Cracovia_EN team up with other idiots to stage a fight and smash up center of town they're not even playing in. Yeah, that's a great look, let me tell ya.",0.4999999999999999
"Certain shit just too wild to reconcile Take that, take that no love in they heart so they fake that DiCaprio level the way they play that, damn xxxxx, what is that",0.0
I figured like six foot one 😁😂🤣 but i can pick you up 😍😍,0.0
"Piers, a very close friend of Trump Chris Ruddy on Don Lemon has just said that the British Ambassador is getting a real deal, he said that he’s a fan of Trump and the the 6 page report was referring to people within the WH! He’ll be speaking to Trump1/2",0.0
I need you all to know that I am filing a workplace complaint against you for threatening to punch me in the throat.,0.0
"have you personally apologized to the Border Patrol Agent's family, friends, coworkers that was killed with guns you sold to Mexican cartels? how about all the others who have died with those guns.. you should sit this one out Loser",0.5
Wishing Defence Minister Hon. @rajnathsingh Ji - Happy Birthday ... #RajnathSingh,0.0
"Drama llamas are everywhere. Stay out of the way, or you'll be stomped on.",0.0
"This is not shaming, though? Also, these mostly are really small dicked guys, while average dicked guys also are insecure about their sizes.",0.4999999999999999
Was she just really mad nobody would rape her?,0.4999999999999999
The blue one looks sweet. My favorite color,0.0
Are Republicans helping Dems by always taking the side of the sexual assaulters?,0.49999999999999994
Tyrece then got up and yelled something about slavery and began to pummel me in the back,0.49999999999999994
but like holy shit he looks so good 🥺❤,0.0
"OK Sanj, kicking a ball is more important than being President, said no sane person ever.",0.0
that just means gay people need better access to condoms,0.4999999999999999
Next female play with me or my time I’m stealing off on your father .... he ain’t around ? I hope you got brothers ... they locked up ? My mother fighting your mother .. simple 😒,0.0
"Jesus are we materialists or not? There’s borders right now, there’s terrible policy right now, the courts are the only safeguard we have against them. Contemporiiiiiiiiize, man",0.0
"""It's called a 'biscuit' you Herman Munster looking cunt... Okay boys",0.0
Pic related it's their festivel or something (kurds not gypsies),0.4999999999999999
can u link me ur build off d3planner,0.4999999999999999
But he’s quick to say I’m the evil one (when I still haven’t been told what I did exactly????) and “disgusting” yet in the same conversation talks about how I inspired him and he’s grateful for meeting me...........,0.4999999999999999
"Uplifting in 🙏 Sharita! I pray 2 Jesus that He will reveal ur direction! U r not defeated! Pray &amp; continue praying until He answers u! Do not leave! Don’t worry about website orders! Business s slow! Listen, wait on Him! Remove conditions &amp; wait on the Lord! He will on His time!",0.0
I make a cool 4k,0.0
Xtremely Nice ! Would like to give ya' a hand or two with that big boy ...,0.0
Kids in the outfield shagging..,0.0
Sexy little body and great smile... too tan for my tastes. 6.5,0.5
"I’m just trying to be happy. I’m not sure how or what is going to do that for me, but i’ve spent too much of 2019 being sad and i’m ready to fix that.",0.0
Ain’t no one tryna see Bloody Mary bruh 😭,0.0
"I honestly couldn't tell you...it was a loop trail of about 15 miles. I did a stupid thing and didn't get acclimated to the altitude so after day 1 I was absolutely miserable and boogied out pretty quickly. It's a waterfall from the top, if that helps at all.",0.0
So help us God. Emmanuel!,0.0
There’s a midi-chlorian in my pants,0.4999999999999999
"""Do you want to be stuck at McDonalds your whole life?\""",0.49999999999999994
God damn thank you so much I wouldnt have noticed any other way since ur the only one that has posted this,0.0
Sooo does Nate act like this in Euphoria because he’s gay &amp; battling it?,0.4999999999999999
i honestly have no read on USU this year. they lost so much and played such a weak schedule last year that they are a crap shoot. I think they regress.,0.0
Abductors of larynx are_______________? - A.Posterior cricoarytendoids B.Transverse arytenoids C.Cricothyroid D.All of the above,0.0
think this is only time u haven’t trash talked it,0.0
Ok so what mother did you help get freed from prison after serving 21 years of a life sentence for a non-violent first time offence? But she's useless and you're not.,0.49999999999999994
bro demon slayer will play with your mindset,0.0
SIT DOWN! Try to act like a NORMAL human being instead of a petulant spoiled brat!,0.49999999999999994
No its deadass and the fact that brolic is not a real world but every NYer think it is,0.0
"Yeah, a coulme of bad apples that want to spoil the bunch....",0.0
"hey #Dotard, this is how a REAL PRESIDENT TWEETS!!!!! IN CASE U WERE WONDERING",0.4999999999999999
It's time we treated the parents of murderers as accomplices to murder. If your child commits degenerate crimes such as this one,0.49999999999999994
You just seem to be too lazy to argument for your cause,0.49999999999999994
"I'll be wearing a Gaga hat, but let these morons have their delusions.",0.0
"""It says here in 2003 when you were 13 you wrote on SomethingAwful.com that you wanted to kill all liberals",0.4999999999999999
But we can all be happy the blacks are still below their all time high of 13% of the population...,0.5
Given hahahahah grab the opportunity sissy hahahahah just taste it Opps!! SPG 🙈😂,0.4999999999999999
Your off your rocker old man!,0.0
I dream so damn vividly every night that it’s actually hard to get a good nights rest!!!,0.0
The John snow/Danerys romance feels SO tacked on and unnecessary.,0.0
"First Fox News broadcasting “f*ck Trump” chants, and now this. Trump must be throwing a hissy fit.",3.330669073875469e-16
Lol you’re just gonna ignore the hundreds of videos on YouTube peddling the Captain Marvel nonsense? It’s still a huge minority but Marvel still has its toxic fans,0.0
Midday calls from shawty to check on you has to be the mooshiest best feeling shit ever! #Elevate,0.0
"Do you ever get weirded out that multiple people are replying to you that think you're a retard, and nobody is replying to you taking your side? Examine that. It means something.",0.5
"KoogleTV has actually done some really interesting articles before, not just on Hallyu, but other stuff too. I basically learned the details of Park Geun Hye, her connection to Sewol, etc, through them. They've done some really educational articles, which I always appreciate.",0.0
Get it back out into the fields with striped back and much the wiser and find yourself a proper wench. The alternative is to bring shame upon your friends,0.4999999999999999
The white kid too in fact the white kid most of all,0.4999999999999999
"And for the record, under Trump we're actually using Ross Perot #Tariffman economics. Its frigging DUMB!",0.4999999999999999
your mom rushes into your room with a pregnancy test,0.0
The fact that a person wants to actively restrict someone from defending their life and property is absolutely disgusting.,0.4999999999999999
"It ""works"" if you have a shitty low-res pixelated picture. Kinda like a poor man's antialiasing. But if it already looks good, blur will only make it worse.",0.0
"You have to click ""More Info"" at the bottom of the section where the scores are. It's dumb, I know.",0.0
We already know when we look at sub-atomic shit in string theory it's made up of self correcting computer code,0.0
"Our most recent blog post highlights our long-standing and deep relationship with California State University, Fullerton (CSUF). As our site-partner since 2013, we were thrilled to have our 2019 Ryman Arts Graduation and Student Artwork Exhibition at the…",0.0
Mi crush es is a great place to work for you and your family O sea ke pedo,0.0
ㅤㅤ❛ When's the last time you got a haircut? ❜,0.0
"RT empiremagazine: Robert De Niro 'really loved' the #Joker script, and even a bomb scare couldn't stop him being on set – world-exclusive image:",0.0
Don't listen to him. I don't want to spend any more time in the lobby than I have to. I have zero problem being able to vote for a map so don't slow stuff down for me. HINT: pick the map then bring up the post-game screens.,0.0
"You seem like the same generic twitter person who can’t say something constructive back because you’re all pansies and just need a snarky lil comeback to get your inbox flooded with likes. Anyway, yes, I’m mad that obesity is an epidemic in America. It’s a huge problem.",0.49999999999999994
everyone's chubby and holding a coke,0.49999999999999994
crack dealer: whatever man,0.49999999999999994
But im the crazy one when I talk to people about it and hes always a step ahead of me so theres no way I can do anything about it so fuck,0.0
HOLD ON TO YOUR BUTTS PEOPLE! IT'S ABOUT TO GET CRAZY!,0.0
You gotta catch me one day I’m whipping,0.0
Yes corbyn was probably lunching with hamas and the ira at the time,0.49999999999999994
my life is becoming a chore stuck between taking nudes napping or eating 😴,0.0
"yup, they do...but there are still a few poo eaters out there who think they are cool As you know lol",0.4999999999999999
I'm just pissed off everyone waited until I moved out of London before they started partying.,0.0
Nope They are disgrace to USA. They don't want to come to the WH . F them all.,0.5
tevin too weird mf back on my block listen,0.0
"LMAO!!! There should be a series called Chelsea says, where you take funny shit, and make it funnier by saying something shorter and funnier than the actual thing",0.5000000000000001
"i do not like the zone one bit... but the Dragon Aerie in SOTFS is absolute garbage, zone is not difficult at all or anything, there's only like 5 exploding zombies in each corner dedicated to break your stuff and that's pretty much the zone. &amp;#x200B; ... and 3 dragons i think, but yeah you're better off runing naked or avoiding the zone altogether until you absolutely need something from there... &amp;#x200B; And yeah a spell shield in amana really lowers the burden, it's still annoying but you can go slow and use the pillars to avoid most proj. not fun at all but it's not much compared to a certain IRON PASSAGE in the iron king dlc... Fuck that zone 20 million times... &amp;#x200B; Lastly yeah, dat dragonrider is a total douche.... i did die like easiliy 10 times just with him",0.0
Again you are mocking something you don't even understand. Those people that lost money lost it because they put their trust into an exchange.,0.0
Omg I would’ve killed this,0.0
it’s hard to have an aesthetically pleasing room with a huge ass rabbit cage taking up most of the space💀,0.0
Nigerian men can’t even break your heart. You been knew from the get go that they’re trash so that’s a you issue if you pursue,0.0
Two yrs with 61 pts in first two full seasons. Labanc with 3 full seasons has had 40 pts and 56 pts. Nylander wanted Pasta cap % and didn’t get 6M offer till Oct. Dubas screwed up. Nylander didn’t look for offer sheet and he didn’t leak crap to give leaf fans heart attacks.,0.0
Except they are. Cry me a river over it sweetie.,0.49999999999999994
you have never watched a single movie of anyone who's from 70's or golden era?,0.0
marvin already fucked it #LoveIsland,0.49999999999999994
"""Lady told me I could turn it in by the 12th, is that true?"" Bitch I don't know! If that's what you were told then follow instructions and stop calling back!",0.0
Thanks for caring about me IG,0.0
"Just think about this for a minute (I know... Thinking hurts), if SO many people love you, how much damage could 13 angry Democrats and handful of ""haters and losers"" do to any store, brand or businesses bottom line? Could it be that SIGNIFICANT numbers of people hate you? 🤣",0.0
“Boo” my ass. What about me,0.0
Yall stay getting mad that genuine people record themselves helping people but that's literally the only way most of yall do anything is if you see it on social media first,0.0
RT @jeffbullas 6 Brands That Will Have You Rethinking Your #SocialMediaMarketing Strategy #Marketingtips #Marketing,0.0
The first time it happened to me I was unaware of what sleep paralysis was. The second time it happened was years later. It actually fucked with me so bad that I can't really sleep on my back. I read it's more likely to happen when you are on your back.,0.0
I’m not gonna have time to get my nails or eyebrows done before we leave this weekend &amp; I want to die.,0.0
This will be Triple H just using a sledgehammer instead,0.0
this is footage of my only braincells during an important exam,0.0
When you fall asleep@ 8pm and wake up @1 am 🤦‍♀️,0.0
I know Shed did not part his lips to say somebody crazy 😂😂😂,0.0
Did you ever come out against your dad and step mom for the sex cult?,0.0
"Damn right! So much so that I made a video showing off my 1970's Tintin comics from Iran that I still have 40 years later. Here is the video (I start showing off the books starting at 6:27):  [The Books That Started My Life as Comic Book Lover &amp; Collector, Persian/Farsi",0.0
Pro tip: sex = a quick trip to the abortion clinic all of the time for me and many other women.,0.0
Yupp I get that pretty much every time I play for a a couple hours... always get those idiots who think they’re better than you because they’re guys...,0.4999999999999999
Remember when Joon started punching the box because it wouldn’t close but then Seokjin got nervous and started stuttering saying he got this 🥺,0.0
"I am certain the sure response to this will be \""SEE YOU COULDN'T PROVE IT!\"" as if there is a victory to be won when someone is intentionally being obtuse.",0.49999999999999994
When is the Mannish race going to wake the fuck up?,0.5
"Honestly girls need to stop messaging 3/4 times asking if I want to join their team selling shite products. I understand you’re trying to make a living but PLEASE if I don’t reply the first time, don’t message again",0.0
"Honestly old Golden's are a treat to have around, and most of the girls are easy and sweet, but the young males are a pain in the ass lol. They can be mouthy and pretty disobedient. We've actually had two dog aggressive Goldens! They've gone after multiple dogs! Goes to show any breed can break expectations",0.49999999999999994
Oh that makes sense. In all seriousness though learn to mix your own goyim,0.0
"the tan thing sucks bit david has been back long enough to see that kemi has to play a little more/harder game. she's not engaged enough. cook some/checkers/cornhole/talk..... like I said, the tan thing sucks.",0.0
"Pedos R Us, the new Trump party.",0.4999999999999999
Luke Rockhold needs oral and maxillofacial surgery for his fractured left jaw.,0.0
sick and tired of non-meus getting mad and complaining abt f(4) not performing in smtown can you come up with something else CAN YOU COME UP WITH SOMETHING ELSE ????,0.0
ouma sees that.. he wonders how come amami could be convinced to throw saihara down like that when he doesntw with ouma.... wow he’s a jealous bitch!!!!!HES JEALOUS SOWNDNDFNMSM,0.4999999999999999
Most of her critics couldn’t make it through her rehearsal. Much less doing what she does nearly every damn night on a tour😑,0.0
This might be Morneau over Hamilton part 2,0.0
Wouldn’t they all be selective? That’s the the very point. Anyway Stop being a bellend.,0.49999999999999994
AAAAAA i knew it ❤️ congrats bb!!!! good luck on your journey &lt;3 proud of you!!,0.0
Lol turned that shit on him and told him that him and the towel boy ain't leaving. Easy 3 sum.,0.0
My hair was falling out bad when i was using H for like 3 or 4years straight. But ive been clean almost 8months and its finally starting to stop falling out as bad so im not sure about quitting and it falling out.,0.0
"Awww, this is so sweet! Good luck to you and your future pup! Fingers crossed!",0.0
Didn’t hear verlander complain about throwing a juiced ball...#weenie,0.0
Everywhere I look it’s damn dollar store but no grocery store,0.0
Jordan like Jackie’s butt-pillow.,0.4999999999999999
Still not going to the White House. Fuck Donald Trump.,0.49999999999999994
Just like you are responsible for the hate you spew.,0.0
My country is not a dumping ground for your garbage | Opinion,0.4999999999999999
TWIX and twist @iamginoroqueiv #Batch4LEADtoWin | TUEsToBeStrong KIANO,0.0
this is what Africans speak. apparently it's now racist to say that this is not French,0.4999999999999999
This is a total nail-biting match! Everyone is waiting for sixes and fours #ChargedWithThumsup,0.0
If I was on bonfire committee I would get her lit tonight to stop the pSSi stormtroopers from wrecking it they’re as bad as council can’t be trusted good luck anyway and No Surrender,0.4999999999999999
lmaooo. the insecurity is actually painful to witness,0.4999999999999999
I really hate 7AM class :&lt;,0.0
I think we all need you as a role model in our lives 😁,0.0
"Atleast you've watched it and decided you don't like it, that's something you can respect! Blindly saying something's shit without knowing is just wanky. Almost guaranteed he has watched every episode twice and the read the fucking books 😂",0.4999999999999999
Her and her brother Eric Prince can take their billions and shove it! Both terrible people.,0.0
"Buh u jerk off to them anytime u feeling low about yourself, which is everytime by the way 😂💔",0.0
One Of The best pic with my friend.@YUVSTRONG12 .,0.0
Ugh why do people still smoke cigarettes!!! so nasty. 😑,0.0
You said she trying to look nice for her Oko Orun😂🏃🏾‍♂️🏃🏾‍♂️,0.0
Sameee I’m planning on piercing my septum and having it flipped up everytime I see her,0.0
I had to get there at 6am and wait like 12+ hours and then once I got barricade this large girl wanted to move me out of the way so she legit picked me up and moved me out of the way and the next morning I had bruises on my ribs from her grip on me but I had a great time 🥴,0.0
ugly af😂😂😂😂that’s how he said it lmao,0.49999999999999994
I remember that too.. dumb bitch.,0.4999999999999999
it kills me when ppl order cocktails w no ice thinking they’re gonna get more alcohol my nigga u still gonna get this 1 1/4 oz pour of liq but it’s jus gonna be warm...now what,0.0
Bro u watch stuff like that and then complain that ur a bitch when it comes flying u might aswell just watch videos of planes crashing before ur flight,0.4999999999999999
"Clearly, you have never been *ahem ""over-served"" and hungry 2:30 am in the Midwest. It's basically regret on a bun!",0.0
Must be nice to be able to talk like this... literally a heartless dumbass 🙄,0.0
You didn’t make this you cuck,0.4999999999999997
Sounds like donkey behavior to me. You ever hee and then hawed right after?,0.0
Sunshine Barry and Disco Worms Two Words Worm Tiddies,0.0
Not at all from what I've heard they just say crazy shit not really physical acts like antifa.,0.0
k wording myself is the best option in my life rn but i’m not actually depressed enough to do it fuck this shit,0.4999999999999999
"I mean why not? People were saying they'd be OK with the WWs winning and having literally everyone die. I think it'd make for a really insane final three episodes to watch the South try to survive against the WWs while Jon tries to figure out a way to snipe the NK, since that's the only remaining possibility. ""A dream of spring"" would have all of these heroes dead but the WW threat ended, and the remaining people of westeros able to rebuild with a new government. Or if you really don't want *everyone* dead then you can have Jon be rescued by Rhaegal and Dany rescued by Drogon, maybe they snatch up some of the others on their way out. You could even have Jon dive and snatch bran from in front of the NK or something, idc. Anything but what we actually got. Edit: Another idea, have Jon and Dany save Bran at the last second, then Bran wargs to the previous Long Night and discovers (something) in the Lands of Always Winter (also, who the fuck named them that). Jon and Dany fly to the Lands of Always Winter where we also get a chance to learn more about the WWs, while the South gets attacked by the undead. Jon and Dany find whatever they need to find, and fly back south as the red keep is being assaulted. Maybe have Cersei actually hurt the WWs - the NK and his generals come into the city and she blows the whole place up with wildfire, leaving the NK (who isn't killed by it) exposed in a burning King's Landing, alone, where Jon and Dany come to finish the job.",0.0
i could’ve told you that ... i live off them shits!,0.49999999999999994
Everyone always knew he’d be found guilty and everyone knows exactly why. Same reason the Blue Lives Matter crowd was 100% silent on this one. Very glad he’s going to pay (though I wish he was being put away for life) but man what a fucked up country this is.,0.5
"greedy, self-serving, power-hungry, flirtatious, mild control freaks who use humor and sexuality to cover deeply embedded trauma but they make terrible personal and social decisions i am certainly just naming all of the characters i ever play",0.0
you spent a week in a cabin getting wasted every single day,0.5000000000000001
"God. God is a god of religion. Islam is not a religion because Islam is Satan. That's Satan! Iran is an embryonic Muslim World that's unpacking out onto the Earth, converting it to Islam! 😇",0.5
at the end of the day mf’s don’t care anyways 💯,0.0
Literally Fascist Neo-Nazi toilet humour? Now I’ve seen it all.,0.4999999999999999
"He would be watching, but she has him blocked. Likely for Like spamming her page when he first followed her. It's a tough life.",0.0
If you fags have any taste or decency,0.0
"Yeah ... especially the part where she describes violently raping her, then threatening her life to keep her quiet.",0.0
I will never understand some people. Some people really belong on a whole other planet cause ain’t no way you even have friends with that weird ass mentality,0.49999999999999994
I didn't do anything else because I'm a coward and rubbing was enough. Plus it was legal and I didn't technically do anything wrong,0.49999999999999994
"""Homosexuals are more likely to be a child molester.",0.5
"Just read through every single comment in this post (I’m a dumb, I said subreddit first haha-long day). It has been entertaining. :)",0.0
"Is Zimbabwe still a \""white supremacist\"" nation because of the Rhodesians even though whites make up 1% of the population?",0.0
"Have you read the Old Testament? It is basically a Jewish FanFic MurderPorn about how going around Levant and genociding tribe after tribe after tribe, taking over their lands and enslaving their women and children, while their God gives them a big thumbs up and occasionally helps by throwing stones at their enemies.",0.5
I can see an argument for allowing abortion in the case of rape,0.49999999999999994
U really r looking hard for the killers .,0.0
"I love meatloaf! You go, Tyrus!",0.0
"Battlestar Galactica, Gaius Baltar and Head Six. Throughout the series she appears and is visible only to him, and appears to have SOME sort of ability to interact with him (at one point the two are having sex, someone walks in, and assumes he is jerking it because that's what it looks like.) Come the final season and Baltar has become a religious prophet, preaching the Cylon's monotheistic God to the colonial fleet, and an angry survivor from New Caprica (iirc) beats him down in the house of worship Baltar. Head Six keeps literally lifting Baltar up everytime he gets beaten down (with Baltar begging her to stop all the while.) Eventually the attacker gets freaked out and runs off while everyone assumes God flowed through Baltar.",0.4999999999999999
Saints and pelicans players dropping dick on they opponents,0.0
What about those who already lost their virginity and are still corporate slaving 🤣🤣🤣,0.0
The only people that have a problem with abortions are humanits and christians. Humanists that believe all human life is sacred and must be preserved,0.0
He literally asked what was up and you ended the conversation. Good luck with your search because you can tell youre fucking hard work.,0.0
"Because your argument is stupid? Saying that ""sex IS money"" is retarded because sex doesn't always involve something more than two people just looking to get off.",0.0
62% of ALL black births are paid for by the US government,0.5
not even trying to decry all men but why do people follow the men that say shit like this?,0.4999999999999999
"Your clothes should be tight enough to show you're a woman, but loose enough to show you're a lady.",0.4999999999999999
FIRE ! How can you keep someone in charge of sex trafficking after he offered leniency to a sex trafficker and further raped these children of their rights. Is this what you want to be remembered by?,0.0
Me staring at the refrigerator and the pantry rn thinking some food gone be there🤦🏽‍♂️,0.0
"This isn’t even making the twitter rounds, first time seeing it, because no one cares.",0.0
It's always the plebeian who rproduce the most,0.0
it was literally a thirty year old man with a fetish account that i denied nudes to!,0.0
"Holy mackerel! That was too close. It’s so hard to keep kids alive. They always do something unexpected in a flash. Good reaction time on the driver, but the kid still would have gotten hit if he didn’t get out of the way like that.",0.0
Columbus standing all the way to the exits now.,0.0
mfw all those jobs niggers and spics are doing will go back to white college kids,0.5
Christ this is pathetic. You're not on /a/ anymore,0.4999999999999999
I would bet my balls on it: Bill AND Hillary knew ALL about this. I would also bet the following if odds were good: they participated. Spokesman: Bill Clinton 'knows nothing' about 'terrible crimes' alleged against Epstein via @YahooNews,0.0
"In nature, it’s usually the other way around actually. Take most birds for example, especially the peacock. No for HUMAN culture...Sure? I guess? Depends on where you live, or how much you give a shit about other’s opinions?",0.0
Investigators with @VCHhealthcare found someone at Cook Road Children’s Centre violated a policy to never use ‘physical restraint of any kind.’ Daycare operators have yet to respond to @NEWS1130.,0.0
All we need is Kyrie to start making some shots and this game is ours. He’s playing like crap and we’re only down 4 to this Bucks team. Tighten up on defense and we’re fine,0.0
Jewish Group Backs RI Homosexual Marriage Bill,0.4999999999999999
its ok to be maarte than to be a cheater 😜,0.0
"Someone hasn't been paying attention ... Yeaaaa, you got me. I don't often check the schedule, and I just wanted to know whether Rebellion would be before or after the series discussion. But I've got more time tonight than tomorrow, so it works out okay xD [Regarding the spoilers about my tag](/s ""Well damn, that makes me even more amazed by what Rebellion was. To come up with a fitting continuation of the story after thinking you'd ended it just fine is an impressive feat. Also, that must have been frustrating as shit. ""Freaking animators, making me make a movie!!!"" lol"")",3.330669073875469e-16
"You put sanctions on us few years ago did it do anything ? NO You care for ur interests,we care for ours, NO one bows down to your antics",0.0
Eat before you start an argument with your boyfriend so that when he offers to buy you food in the middle of the fight you don’t lose focus. STAY FOCUSED BITCH !,0.0
you speak selfrighteously like you hold some truth,0.4999999999999999
Jesus was never Palestinian. He was a jew.,0.0
These people aren't really interested in a porn girls problems,0.49999999999999994
It seems like every pitch he throws his right down the middle asking to be crushed.,0.0
im so glad i dont have a large enough following for people to care about the content i put out because i am genuinely problematic and i dont need people to see that hahaha,0.0
The UK? Is really about which we're very excited about Re:,0.0
I still have her on my facebook because she is such a hilarious failure,0.5
if you have a penis you're a boy,0.0
this will be after me and other like minded liberals purge the party of corrosive influences though,0.4999999999999999
>[W]e hunker down. We act like turtles. The effect of diversity is worse than had been imagined. And it’s not just that we don’t trust people who are not like us. In diverse communities,0.0
Another day n the office!!! @ Artis Barber Shop,0.0
That’s one over privileged redneck.,0.49999999999999994
I think there’s some cognitive dissonance going on as well. God is love and the Torah is perfect. It says you can beat a captured slave so... there must be a corruption of the perfect text by the Hebrews.. the problem is with the original premise but that’s too hard to let go,0.0
Elon musk must leave tesla he cause trouble I observed him three years 7 days a week He needs to go to rehab and needs mental help I wrote I care about you my love is pure but you got to change yourself,0.0
Reminder than capitalists are the true parasites.,
 you're drunk? aren't you kinda young to be drinking?  what's your surroundings look like I'll come pick you up,0.0
"If you care about censorship,your fellow human beings and racial division you're not a Trumpy!! Bravo girls!!",0.4999999999999999
"couldnt even bother to change their ""sugar daddy""s contact name",0.49999999999999994
They had to destroy the bizantyne empire completely and threaten to rape and pillage northern france (for more than 200 years at that) for the crusades to begin.,0.0
Man i sure hate the smiley faces at the end of the sentence. It feels so passive aggresive. And besides it didn't actually answer my question.,0.0
"""Self anointed\"" elitist Intellectuals and their sense of \""I know better then the rest of you so we must do things my way in order for the rest of you to be better off\"" truly are one of the worst blights upon this planet.",0.4999999999999999
Hurting someone Isn't good,0.0
"Everything you just said is spot on. And to answer the question, news channels are about ratings. Fox on the right. Literally everybody else on the left(I know you know this, indulge me), cnn wants lefties to like them, hence assholes like Kap and Rap get lots of airtime.",0.0
I think it’s better to do this when you’re an adult than a kid? You’re established and you can like.. get your own Uber home and be responsible and shit. Also these girls?? Look so good??,0.0
LEGO NINJAGO Masters of Spinjitzu: Firstbourne Ninja Toy Building Kit only $42.99,0.0
Yes and No ..right about Boris but concerned about Jeremy .. tends to say 'I think' a lot which in not speaking with confidence !!,0.0
"Tbh I don't think I ever really looked into what Toledo had to offer, but in Kalamazoo it's ran through Best Damn Sport and Social Club. They offer a variety of other sports leagues too outside of kickball (volleyball, flag football, dodgeball, etc).",0.0
Try butter... that’s the worst 🤢,0.0
This is absolutely ridiculous🤦🏾‍♀️,0.0
glad to know reagan was ok with letting the nukes fly and killing the entire planet,0.5000000000000001
Me on your ass about to devour it.,0.5
Am I justified in hating myself every time I same “jump on a zoom call”? #MediaSpeak,0.0
surprising my bestie in ATL because it’s been too fucking long,0.0
Take a break and watch these animals,0.0
"Didn’t really sleep much. Not really sure why, but I didn’t. Ugh I hate this. :(",0.0
Dude in the towel looking around like nothing to see here😂,0.0
Watoh duk yadda akayi tayi Ph.D a fannin iya kalamun taba gemu with a great honor award. 😂😂😂 Allah ya basu zaman lafiya. Cox I'm pretty sure that 'taba gemu' of a thing will surely go a long way into the marriage happiness In Sha Allah...! 😊,0.4999999999999999
Nope just not retarded and spent time in the real world long enough to meet good people and bad people of every race.,0.4999999999999999
Fair correction. Still bad.,0.0
Ain’t nothing like them days!,0.0
Not nearly as shocking as what's going to come out in the Jeffrey Epstein trial.,0.0
They are literally advocating to ban shit they have 0 idea of what or how they work,0.0
"I don’t understand why people hate kq entertainment I know they don’t let the boys rest but boys are always happy… — the boys are very determined in what they do as well as the quality OF what they do, &amp; that’s why I love them so…",0.0
"It’s strange, but this is the second time I agree with you in a week. Are you changing, or am becoming more of a cunt?",0.4999999999999999
Hate when u support someone and they don’t support u back alri jammy jocks soun,0.0
"blame ""pop science"" and the circle jerk peer review system for making a mockery of science. blame the open suppression of opposing viewpoints while inaccurate predictions make it to the top of the peer review system and get millions of our tax dollars in additional funding.",0.4999999999999999
Lots of money in it for them if they really are the gods gift to content creating that they think they are 🙄,0.4999999999999999
"RESPECT The GREATEST Legend that has EVER stepped into a Wrestling ring! The FOREVER True Icon!. Or else u WILL suffer the GREATEST wrath, that The Reaper of All Souls, has ever delivered!.",0.0
"Let the man do it to em, he didnt like where it was heading. I actualy fuck with that ending ngl, looks experimental af Araki hardcore on the restart",0.4999999999999999
Free Speech is already over.,0.4999999999999999
tfw i actually know a poor jew,0.5
You realize a lot of times it's not intentional right? People can't go around trying to recruit black people to socialize their dog.,0.0
Just Marie Kondo’d the crap out of my lip product collection thanks to @jambeauty89 No one let me buy any more for a long time 😂,0.0
I didn't want him to be champion.,0.0
I'd actually kill a man for this.,0.5
Black twitter done their thing still!🤩 #loveisland.,0.0
"""1+1 equals two people becoming one in love, 1+1 equals two people becoming one"" ~ 1+1=Love 💙.",0.0
Fuckin stepback and hit the shot clock bc no depth perception,0.4999999999999999
"i hate this kind of stuff so i just have a ""You can be kicked at any time for any reason"" rule. (it's on my discord but applies for streams as well)",0.0
"Know, Like and Trust!⁣ ⁣ Why would you buy from or connect with a total stranger online? 🤔⁣ ⁣ How many of you have bought something from an infomercial ? It’s 2 am you are watching this person use this crazy cool…",0.0
I pray that Russia will invade any day so they can remove these vermins.,0.4999999999999999
I'll give you a holler if I can see beneath your helmet 👀👀👀,0.5000000000000001
The latest The books-n-things Daily! Thanks to @Flatironbooks @nytimesbooks @papertyger #5yrsago #bookreview,0.0
GO. GET. FREE. @ChickfilA. ...and show me your outfit 🐄,0.0
because jefferys place is busted and pedophiles need a place to rape little girls,0.5
It IS nice that under a socialistic system,0.0
"Awful journalism, shameful bias",0.49999999999999994
Come quietly or there will be...trouble. #PaulVerhoeven #Robocop,0.0
The only people I'd give money if they were homeless if they were white,0.5
"Good question! I'm so tired of cruddy Democrats bullying tactics&amp;get their way!This shit has to stop!How is it they can break laws, do/say what the fluck they want&amp;get away with it...WTF? They blatantly ignore rules/laws,they know they won't pay! Why we bother? Repubs r wimps! 😡",0.49999999999999994
Wtf does this mean? Just reading it hurts.,0.0
"Could care less about what this guy does at night, not surprising he’s trying to push it on others as well. The guy is talented, but he is such a damn whiner and one of the most annoying people in sports",0.0
Oh that old fall back! Of course!,0.0
"I remember finding your video a while ago and thinking ""Damn, I wanna try this!"" Now I'm just waiting to be done with my university exams to dive in, already got all the tutorials bookmarked and burp ready to go &amp; can't wait for it :D",0.0
Happy birthday to your beautiful girl!! 💗🎉🎂💃,0.0
Start with homosexual behavior and just morph out from there,0.49999999999999994
Your shirt is trippy as heck man,0.0
Maybe you saw her on The Dirty,0.0
INDIAN SUPERMAN OF 1962 WAR. He alone killed 300 Chinese Soldiers.,0.0
Did what ...the suspense is killing me.,0.0
Boris Johnson refused to say whether he backs same-sex marriage and legalised abortion in Northern Ireland. Instead Johnson says it's a matter for Stormont which hasn't sat for two years. #r4today,0.0
Lmao you a fool bro couldn’t miss...you gone caused me my Twitter privileges 😂,0.0
"#NotMyAriel | People who are upset that #Ariel is being played by a #BlackWoman, take a listen to #RyanDavis. 🤣 . . . #AfroCaribNetwk #NewsCoverage #BlackExcellence #LittleMermaid",0.0
man started but he acting like nothing happen,0.0
"I don't think the GOP knows how to be themselves any more. They keep catching ""Pro-Faimly"" Republicans with gay lovers.",0.5
"If the guards act like Nazis, can we call them concentration camps yet?",0.49999999999999994
"just took a 2 hours nap, and im not in the mood to talk to someone right now just leave me alone with my fucking Netflix and YouTube for the rest of the night",0.5000000000000001
They're not #American.... they're #Wannabe's....but with their #IQ's...that quite a stretch. I wonder if we could encourage #France to throw them all in cages.,0.5
Look at his # of IG followers. He’s making a TON of money per ad.,0.0
"Exactly. We're here to see two of the best teams face off, not to cheer for their best players to be sidelined with injuries. People seem to struggle with enjoying the game without being assholes.",0.4999999999999999
Amazing morning! — in Mammoth Lakes,0.0
"problem is american ellite are bullies who control gov who control FIAT currency the USD. we Indians are forced to buy stuff with USD and hence our INR is 1/70 th value of usd, but is should be other way round because we are billion in no. with 1 USD = 70 we Indians will take all american Jobs. and as India is socialist country out currency will keep devalued. ony solution is bring back Gold standard. say No to bernie. bernies socialism won’t ruin american ellite but fuck middle class. Trump is best chance US got",0.0
Just because Tolkien based the appearance of Orcs off of mongol caricatures doesn't mean that he was racist; the Mongols fucked up a good portion of Europe so it's only natural that they show up as a force of evil marauders.,0.4999999999999999
"S/O To My Bro mexicanconfidential At oldschoolthreadz Thanks For Making Me My Shirt To Match My City Of LA Jordan 1s Appreciate You Bro 💯 @ Denver, Colorado",0.0
Got a furious ss 40% att dmg and +1 end if you want it,0.49999999999999994
I suppose that is to be expected in a country where the majority of us see things as either black or white. Few MDC supporters will praise a good deed by ZANU and few ZANU supporters will praise a good deed from MDC. Oh well 🤷🏾‍♂️,0.0
"You and Jeyjey are the best. Please , dont argue like that !!!",0.0
I guess it's a given after not uploading for so long to lose a crap ton of subs... Oh well.. This is only going to make me work harder!!! 😤😤😤💪💪,0.0
"Hi Jen! This fall, you'll see the rollout of the new name in various university materials. Keep checking back with us!",0.0
"Lord, amongst other things, please send me a man who’ll reply to all my 5 texts accordingly. 😒 WhatsApp made things easier for the other gender but yooo 🥴",0.49999999999999994
Good people doing good things. Throw them some bones.,0.0
that’s wild that we already follow eachother,0.0
Hi! Yes i remember you. You were on the a table i was assigned to. Hope you found the conference insightful though.,0.0
"I’ll deadass close out the Twitter app, just to click &amp; be right back on Twitter 🤦🏾‍♀️",0.0
More and more every day you’re just proving to me and every one else how much of big fat retard you’re becoming,0.5
✨LINE UP ANNOUNCEMENT ✨ #13 Estonia│@TradAttack Exciting and powerful Estonian sounds in which the old and new collide and spark! ⚡️We can’t wait to see them in October. Have a listen:,0.0
"That's pretty cool, wish I could get some of that luck. Anything Wilmer Flores should be cherished for the rest of your life",0.0
Why haven't you removed 'MEP' from your twitter handle Gerard? You shyster.,0.0
I'm pretty sure I'd have to be dead to stop writing.,0.0
WTFJSJS WTF IM GNA CRY CAN HE STPPPPPPP,0.0
And face the maximum penalties for failing to deliver. I and many others will be pressing for this as we continue to fight this campaign!,0.0
How do you not realize your own hypocrisy? ,0.4999999999999999
Why is most the sexual abuse people huge DNC donors? Why did DNC continue to accept millions from them even after being exposed,0.49999999999999994
I’ll probably be disgusted cuz dog but yeah,0.0
Does at @iam_Davido wants to tell me he hasn't noticed me on this app?,0.0
Stop talking out of anger😒😒He is the GOAT,0.0
"""WEATHER IN MANCHESTER"" search continues ...First India vs Pakistan and now India vs NewZealand.. Rain gods go away!! @BoriaMajumdar @vikrantgupta73 @IndiaToday",0.0
World Cup Pakistan Cricket Team fans have : 1 World Cup Pakistan people who supported India in this World Cup : 1,0.0
Watch it now (materials),0.4999999999999999
i always regret drinking 5 coffees a day when 1 am rolls around and im still fucking awake,0.0
Netflix in the living room &amp; it be cold and shit . Plus I’m being lazy .,0.0
The black lab goes to live with the other tranny who owns like 10 dogs already.,
wait make this make sense? I'm already paying for a damn HBO streaming service. TF.,0.0
"Oh, my gosh. YESSSSSS.... ❤️ Costco. Not to mention the acai bowls.... Sighhhhhhh....",0.0
What is your business you busybody??? Is she pregnant for her followers???? Why can’t you people just leave other people alone!!! If she wasn’t a celebrity would you care if she’s pregnant or not??? Leave people alone and mind your business,0.0
I get your point I really do but I will not change my mind about it ok? Now just fuck off as you are really getting boring,0.5
This has to be a sign of a psychopath,0.0
Yeah I am so glad we don't have any of those here or he probably would have brought one in too! I am with your wife on that one! Scorpions belong outside...😳,0.0
Tyler perry is just killing everyone off in this show,0.0
Better buy a telescope. Wanna see me. Buy a telescope. Gonna be in space.,0.0
"""We use it to cover the cost of childish liberals who insist on abusing our postbox",0.5
"#Honesty_KeyToSuccess One can keep a serpent as pet ,but it can sting anyone who serves it,same is the case of dishonest earnings ,you will not know when it strikes back at home.",0.0
imma go listen if it’s terrible oomf ..,0.4999999999999999
And now we have a post by the guy where he thinks his wife his crazy because she suffered a traumatic brain injury. Sounds totally legit lol,0.4999999999999999
I can't seem to fckin find those hot Tostitos here in SA and im salty af,0.4999999999999999
i dey come abuse this track ankasa.. eet deh pon repeat enuh!!!!,0.5000000000000001
So the anti Semite now decides who is a Jew? Makes zero sense.,0.0
bro why is the editing actually good my fuckin eyes 😭😭,0.49999999999999994
White nationalism's dream is to inflict white people with the very same cancer of groupthink that keeps all other races down,0.4999999999999999
"Good job OP! I actually mean it, nicotine addiction is fucking hard to kick. You’re doing really well. :)",0.0
"Que? I wouldn’t even know how to do that, chemo sobby... I’m old and suck at teknawlogee",0.0
"It's more then just \""Jews are Khazars\"".",0.0
IM GONNA BEAT THE SHIT OUT OF YOU DAWG,0.5
Shouldn't have gone to the kebab mate,0.0
Just how much longer will you lust for blood...,0.0
I will phone bank til I'm hoarse &amp; write #PostcardsToVoters til my hand cramps to Get Out the Vote for .@AmyMcGrathKY McConnell has done more to destroy the norms of the Senate &amp; trash our Democracy than anyone besides tRump &amp; Barr. He needs to GO. #DitchMitch cc: .@DemocratWit,0.0
"But he is with Sardar and Sardar needs his vote. Thanks dear you cleared everything. You only love vote, not people. Mafadparast aise tu nahi kehte na (Wese hate ki wajha mujhe maloom ha 🙃) Hate you too",0.0
Cum to the dump.,0.0
"It's the same sh*t with Robert Marawa, we have purpets board members, whom try by all means themselves. When you speak your mind people tend to use their political influence to silence them.",0.0
"i thought i was finna have me a sugar daddy then this nigga hit me with that ""let me get yo login info"" 😒😒😒😒",0.4999999999999999
Oomf just looks like he knows how to eat ass well.,0.5
nga cams livecam sex free,0.4999999999999999
We porn stars are always sooooo busy 😐,0.0
meek looking at you in the back like. bish wat,0.0
"Intelligent Lives challenges assumptions about what's possible for people w/ intellectual disabilities – and it's showing tonight, admission-free, one time only, at the Rte. 9 Library &amp; Innovation Center in New Castle, 6:30 pm. #inWilm #NCCDE #NetDE",0.0
"I am a student, there was no sex, I want anal sex. Who wants? Ready for anything ♥️ Register and Write 👉🏻 Note: Verify Email to send msg to girls",0.5
"Group chats will have your phone buzzing like you have hella friends, but in reality two people are just roasting each other😂",0.0
"No offense to Kentucky folks, I thought they called him hillbilly because of his resemblance to Granny Clampett. 😂",0.49999999999999994
"I'm streaming! 😉💋 📢 #angie_mcqueen #stripchat #stripchatlive #stripmenow #datass #cam #young #slave #redhead #dirty #deepthroat #russian #fuckmachine #selfsuck #sissy #italian #femdom #joi #petite #bigclit July 09, 2019 at 07:15PM",0.5
but the question is.. who gives a damn about your approval 🤣,0.4999999999999999
So while others are talking strictly numbers I am talking scenarios in which an areas empties out a massive amount of people at one time.,0.0
"...but I just painstakingly explained to you how they already established over the course of many, many years that she is sneaky as fuck and a highly capable assassin. No, the NK was not an impossible problem because of his vulnerability to dragon glass and valerian steel. Both the White Walkers and Arya Stark were introduced in Season 1, Episode 1. How you can possibly claim that Arya was “suddenly introduced” is beyond me. Her entire character arc was building to this moment. Was the NKs death executed flawlessly by the production team? No there were probably 100 cooler ways to do it - but the fact that Arya - the ninja assassin of Westeros - acted like a ninja assassin is not a deus ex - it’s the opposite. It’s exactly what that character as established over the course of years would do in those circumstances, just as it was prophesied and hinted at over the course of years and years and then finally outright TOLD to you as an audience member by Melisandre shortly before Arya actually did it. Are you sure you’re paying attention?",0.49999999999999994
Siii cuentan My #TeenChoice for #ChoiceMovieSong A Whole New World by,0.0
"Craziness, the part just came off.",0.0
Oh hey twitter just here to announce that I am in fact back on my bullshit,0.0
I would rather have a smart enemy than a dumb ally,0.0
THE VENGEANCE OF THE JEWS—W. E. Curtis,
-End of corporate welfare/strict prevention of any future bailouts,0.0
"I think we will dodge this bullet, but I feel bad for the folks in Louisiana.",0.0
Looks like a wack-a-doodle child of Democrats.,0.49999999999999994
Dm baby am gonna spoil you massively,0.0
"Lol, he’s gone to Barca he ain’t even turning up for training. There’s no coming back from this ,he made it official as well",0.0
"Beautiful soul shines when she, a celebrity, decides to stand up together with Hong Kong people! Nothing can confused 7M Hong Hong people and nothing can scare such a massive crowd! Ho is a hero! Her speech is helping spread Hong Kong’s on going crisis to the world! God Bless Her",0.0
Please stop with your hair and the hairbows!! Did you look in the mirror before attending the reunion?? Most of your interview looks are horrendous as well during the season. I'm embarrassed for you!!,0.5
Get well soon ♥️ When is next mixtape or song coming we are excited 😍,0.0
Ha! I live near here. The amount of people who walking that damn mirror even with the sign is astounding. And hilarious.,0.0
Thats how attempting to kill people based on a faith that says otherwise works. Very literally. A Christian does what Christ says by definition. A murderer is a murderer. Read the gospel of john,0.0
to the television's filth and sexual innuendo.,0.4999999999999999
"i don't know who needs to hear it, but y'all need to watch the scene where Kurt's dad lectures Finn on saying F*g",0.0
"WHM currently and all my abilities are shit you would joke about giving a healer but they did, and then they kept giving more. Im not even at like blood lily stuff yet this is silly.",0.0
p.s. he had foots in both camps,0.0
Some serious speed that. That James lad ain’t no slouch either! 🏃‍♂️💨 🤣,0.0
"In other words, he deserves cancer, HIV and Alzheimers.",0.0
I thought same thing I like bart more now too #cantwait,0.0
my hope is not alive .. disappoint me again Mabena #AFCON2019 #RSANGA,0.4999999999999999
I don't see any way in which my future daughter would marry a black guy. If she did,
Yep and they’re now saying simply stating the fact that obesity is a health risk is shaming.,0.0
"Twitter has corrupted me. I just saw a hot lady on the street and I mumbled to myself “damn girl, I’d buy YOUR bath water”",0.4999999999999999
Tf you know about racist and racism you hired twitter troll!,0.0
~~Bet they're not pork ribs.~~ Fuck they're pork ribs.,0.0
Yeah his only talent is falling off shit. If he was anybody else's kid he would be carrying bags for the real wrestlers.,0.5
"This one’s to all the hours spent trouble shooting windows, ableton and traktor 🍻",0.0
He know what happen when you turn on the Clinton's. You end up dead.,0.4999999999999999
Im almost certain has removed all T-shirt’s from your wardrobe with similarly large scoop necks 😂,0.0
Nah this is definitely a rare case. It sucks when you’re consistent with someone and they give you back the bare minimum 🤷🏾‍♀️,0.0
ehsjfjd U TOO LOVE!!! i appreciate ur honesty i will await 2023 with bated breath can't wait to fight u there,0.0
is a fat orange lying POS he was a huge fan of his and probably still is and as for feeling sorry for Acosta that should be immediate grounds for impeachment,0.4999999999999999
hey please choose one for my ava. thank you,0.0
Feeling miserable cause I think I have a crush. It's absolutely mortifying!!,0.0
Sorry to burst your bubble spic,0.5
"And like the treadmill, you're using everything...so yeah...I'm shocked at that one",0.0
Adebalajo also told police he is ashamed of being British when it is associated with 'murder,0.0
The problem with you people is the answer is ALWAYS more government,0.0
my army soulmate is omg 💞,0.0
"I’ve been shot with BB guns, involuntarily played wwe, violent dodgeball, I’ve been nearly drowned by these fools and they will forever be my bffs lol",0.0
Your doctrines tell you to kill us but we're racist,0.49999999999999994
Yes.........! There is a place waiting for ppl like her where the climate never changes!,0.4999999999999999
"""their testicles should be happy that we don’t"" - thank you for that, awesome.",0.4999999999999999
All niggaa so is shoot 3's dunkin not cool no more,0.5000000000000001
Av got a problem wit yer coo McLean. Ye git yer shit in a heap before av got tae come cuff yer ear noo.,0.0
Stupid Porcello picks a bad week to remember how to pitch,0.0
me popping off to bad rep from the back GJJDJDKSJSK,0.0
It's like getting stabbed to death by a butterfly's proboscis.,0.0
dummy thicc cheekers It's not often a comment has me crying with laughter.,0.49999999999999994
"sorry I should say It's real by my feeling for EE. He always acts in his own interest like OP's claims. &amp;#x200B; He's doing everything he can to win TI. All we want is a better TI, don't let tier 2 gamers ruin it with their rule ideas",0.0
I can see how difficult it would be to gather people under such oppression. If only it could be done through Twitter! maybe Parler would be safer or an exclusive &amp; protected site. It is only online you could accommodate the multiplicity of languages in a general yet granular way.,0.0
"Reminder that the pigs killed a journalist while evicting protesters from the forest in September of 2018. Oh I'm sorry, excuse me, he ""fell off a bridge""",0.0
Jeongguk's gonna what? Why— Taehyung's ass better be ready,0.0
listen to dan carlin about this topic.. he gives awesome exampels about how shit like genocide,0.49999999999999994
Ilhan Omar Attacks Tucker Carlson For Calling Out Her Hate-America Lies,0.0
Asians grab sisters and take pictures with/of them,0.5000000000000001
This movie would die if it watches #BlackStars of Ghana play 🥺,0.0
I just don’t understand not going to like McDonald’s or Carl’s Jr. if you’re not going to do that,0.0
"As much as I am taking the piss, so do I.",0.0
"Thnx. Sure it’s not dangerous, but you can taste the stone and the grain for sure.",0.0
IS THE GAME THE SEREBOUL ASSASSIN AND HE CAN WHOOP THE REAPER BUTT WITH HIS SLUDGE HAMMER,0.4999999999999999
😑 cheating milf invite me to fuck her so hard when husband not home,0.5
so im workin at a childrens science museum rn &amp; during one of the camps they were playin magic school bus...&amp; TF!?? ITS SO DIFFERENT? anyways not the point...THEY ADDED AN INDIAN GIRL &amp; I ALMOST CRIED WE LOVE REPRESENTATION!!! &amp; like?? she was NORMAL and could KICK ASS i loved it,0.0
"picou is a dog. proof: follows me around, rushes to me when i call, runs after tennis balls while kids are playing in the garden",0.0
"All the servers call me slim. The Mexicans, baby trump.",0.0
"Damn, just found out about shulk...",0.0
It’s gonna be interesting with still think he’s gonna get his head knocked off. Haha.,0.0
you have power over me do you know that,0.0
Here is one thing I dont get. How could they fit that big feet monster in the arena? Wth,0.0
The only way to beat it is to be sad but still do the shit. I promise your confidence will boost and coping w the loneliness will start to be a lot easier,0.0
Nigress steps over to the body and spits on it,0.0
His closet was a disaster he legit owes you so much,0.0
No proud white man should ever support Sweden or its products.,0.0
"most of the Canadian whites i saw were either failed actors turned ""personal trainer"" or flaming faggots on davie",0.0
"With the amount of driving I’m doing with my Mustang I’ma have 100,000 miles before my lease is over AND ALL THE GAS ON EARTH WILL BE GONE. @elonmusk I would really appreciate a Tesla Model S with everything maxed out, since I’m broke we can work on a deal my starting offer is $1",0.0
this honestly made me consider buying some coins to gild this guy. OMG that was fucking great,0.0
"#GraevineCalls “....uhhhh. Hmm. Hey, Marie, was there consent involved in their relationship? I’m customizing the tags.” She’s going to give Gaedavine phantom dick-burn.",0.49999999999999994
Sorry Man... that’s always how it seems to be though isn’t it. Shit never happens when you have extra tools and extra time!,0.0
4 people followed me // automatically checked by,0.0
"Stop throwing people in the pool, cause many ppl can’t swim",0.0
"You got that Democrats? They r speaking English &amp; they came here legally. We don’t want ur worm poop immigration sock it to America policies. Get on board &amp; get this wall built &amp; support President Trump or find yourself out of office, out of power &amp; hopefully out of money.😡👎🏽🔥",0.4999999999999999
Nah even leggings are thicker than that he came on stage with fcking pantyhose on,0.0
How is this “stealing valor?”,0.0
Nice people retaliate because of political views. But we expect this behavior from the self proclaim tolerant caring Democrats.,0.5
"i had a music class that they gave me a glockenspiel in, and i still have that thing (or the girls do, anyway)",0.0
National taxation was invented to fund the military and nobility. Try again.,0.0
It’s called resisting arrest and using a force against the police. Should be treated as such in any country.,0.0
The amount of times that I got stared or beeped at while I was walking today is ridiculous like ew🥴,0.0
Once Labor permanently fuck up the demographics,0.5
"“I go out of my way to block people who have done nothing to me and only want to petition for a reasonable addition.” Adding the national dex would in no way harm you. I look forward to you blocking me, you small minded sycophant.",0.4999999999999999
Rams choking mf’ers out on national TV #GCFiredUp,0.0
"Or didn't want to say suck my pussy, most men would not consider that an insult.",0.5000000000000001
This is getting ridiculous dawg💀,0.0
"Did the same thing to get rid of my useless Baby Owen. Have only played about 5 games with him but he has been an unbelievable finisher so far, absolutely insane on volleys. &amp;#x200B; Finally got me up to Div 3 last night. &amp;#x200B; Downsides i've noted so far is he isn't all that aggressive however i wouldn't say he's weak. Passing isn't great but you can boost that up very nicely with the right chem style, i used Engine.",0.5000000000000001
I think you’re severely underestimating the abilities of lava soap,0.0
Gayer than a tree full of monkeys on nitrous oxide,0.0
"😂😂😂 I thought the same, damn Hershey drops fr.",0.0
"As Gaga said before, “The Bigger The Star, The Bigger The Target.” That’s Why Blackpink always been haters Target",0.0
"😂😭😂 you are so salty. The fact we were slaves, and now we are presidents, F1 drivers, footballers, lawyers, politicians. Where as you is probably on the dole and eats beans on toast for dinner. Don’t be mad because a black guy either stole your chick or f**ked your mum 😘",0.5
I think that Flynn case will be another big broken toy for Democrats.,0.4999999999999999
I need I tight lil muscle ass to pound right now😈 #blackmuscle #bigmuscle #blackbodybuilder #alphabull #blackbull #alphamuscle #musclebull #darkskin #bbc #bigdick #bigdickbull #hungmuscle #bigdickmuscle #beefydick #alphatop,0.4999999999999999
Take Kyrie out immediately brad,0.0
i’m in a train station and this woman yelled at a guy for no reason. he and his brother are both deaf and now they are talking shit about her in sign language 😭😭😭😭😭,0.0
"With Epstein’s money and his connections, leading all the way to the White House, he figured he was safe. After all, look at the sweetheart deal he got from Acosta. Plus, who knows the people he has compromised? Judges, cops, prosecutors, a President?",0.0
nothing wrong with circumcising The foreskin is [the most sensitive part of the ([Full,0.0
Because her fans are trash lmaooo,0.0
UAW whines to bribed Democrat politicians,0.49999999999999994
“You can’t have dirty floors.”,0.0
The Muslims have also been prohibited from taking anything from ,0.0
That's not to say that Palestinians aren't war criminal scum,0.5
"none of whom are strangers to massive human rights violations of their own. Lol if you think Israel, Jordan, and Egypt are comparable at all to Lebanon, Iran, or Syria then you really know nothing about the middle east.",0.0
"""Welcome to the job, admin! Here's the rules and you will also have access to reddit gold, so feel free to guild whatever you like."" Woah, crazy conspiracy everyone, get your pitchforks! In all seriousness, I love to rally against the admins, but this is just stupid.",0.0
"I'm loving this one. I got the Plague Rider too (I'm a sucker for the PA paints/skins), but this one is my favorite.",0.49999999999999994
front left: keys/wallet front right: phones,0.0
When you realize these City Girls &amp; Hot Girls not playing fair,0.0
"Yeah it's kind of backwards from everything else. Also I always hated how twitter fucked up the @ and # characters. Cat's out of the bag now, though.",0.4999999999999999
If your down B can disrespectfully kill someone you chug a vanilla frosty like it’s nothing,0.4999999999999999
How many pillows? Tatlo #KissesDelavin KISSES AProudPalmoliveGirl,0.0
Charging teens for producing child porn when they take pictures of themselves is retarded.,0.4999999999999999
"All this, and the fact that from spongebob to star wars, prophecies are never as literal as they sound.",0.0
Religion has destroyed and deluded the world! Republiterds use it to control the ignorant!,0.5
Incubate and become the best uu uu can be people always gonna judge let em judge the finish product the marathon continues for life uu digg,0.0
Just sounds like the excuses of a loser. Spend more money then. Oh wait you can’t cos your owners are the biggest advocates of FFP. 🤔,0.49999999999999994
All the dead kids in the world won't convince me option is better. I like defending myself.,0.5
Show of hands where my hoes at bc y’all missing on this end,0.0
What a guy fair play askren 🤗,0.0
Damn that’s who I thought too,0.0
90% reduction in insect population should have everybody shaking! Successive Conservative and Liberal governments have brought us face to face with our own extinction. @CanadianGreens @JustinTrudeau @AndrewScheer @CBCNews @Star_Politics @globalnewsto,0.0
Damn it's that time already?,0.0
You ain’t never gotta pick me after you and the bitch don’t work I’m second to nobody I ain’t ask you to be here,0.0
"oh shit did someone recommend Sosuke, I was gonna say The Gate",0.0
I think I should just stay my ass on the westbank I’m safe over here,0.0
I used to be a burglar. Commercial mostly,0.0
the other way around we feed you,0.0
occasionally produce kids that are growing in fucked up conditions and are unlikely to end up any good,0.4999999999999999
Damn yo homie been going through alot of emotional strain now this.. stay strong my brother🙏🏾💪🏾,0.0
ang pogi ni sky at ang ganda ni diana three hundred seventy four SKYIANA SHLiveCorner,0.49999999999999983
"I love the saltiness of the playoffs, keep getting mad at each other and the refs please lol this is a great precursor for the shitshow at 10:30",0.4999999999999999
"As many people in that thread said, where there’s a will there’s a way. I’m not sure if I’d buy a 12 year old daughter a vibrator. It’s definitely icky in some ways and I’d feel odd. I get why people are vehemently opposed and I don’t think you’re a bad person if you wouldn’t do that. But I remember using sharpies I bound together with a hair tie and tons of other weird shit at that age. If she wants to put something inside her, she probably will. Silicone is better than household objects. Kids should be able to safely learn about their bodies.",0.0
Still aint met another man to suck my toes during sex🥴. Wheww,3.330669073875469e-16
Not even that nice of a shirt as well 😂😂😂 another club with a fuckery of a sponsor,0.0
I know that was bad grammar--shut up.,0.49999999999999994
That went straight over my head... dam I wish I heard that. Dam god messing up my podcast experience hahaha,0.0
And you call liberals mentally handicapped.,0.4999999999999999
"it's all about perspective isn't it? anybody who doesn't agree with your world view, no matter how ludicrous and devoid of supporting evidence, is called a troll, even if their opinion is backed by legal documents and other irrefutable evidence.",0.0
Tweedle gay and tweedle gayer.,0.49999999999999994
Wow beautiful 😘 full white Mai Tou pari hai😘😘,0.0
Oh boy Pete Alonso dead serious on @espn saying the balls will be juiced tonight 👀👀👀 #HRDerby,0.49999999999999994
Its so bad we didnt even notice that,0.0
Damn the sun and moon anime is actually hella good. Hapu is a badass,0.0
Wait... Children Strippers? Babyfingers gonna be MAD!,0.49999999999999994
I represent that remark🙃💋,0.0
They were talking about Anton giving Marvin tips and Ovie went “he’s fucked” little comments like that 😂,0.0
"the right move was just to let the mom take care of it. 12 is definitely a bit young to be looking at sex toys online, but let her mother handle it and don’t ground her for being curious.",0.4999999999999999
"Do not trust people like me. I will take you to museums, and parks, and monuments, and kiss you in every beautiful place, so that you can never go back to them without tasting me like blood in your mouth. I will destroy you in the most beautiful way possible. And when I leave you",0.4999999999999999
I want whatever dis bitch on,0.49999999999999994
"Nah, we dont get the suspense, at all. Its just.. boring. Like I know this wasnt supposed to be a heroic battle, the ""writer"" (if this show actually has one) intended this scene to be a slaughter. We supposed to feel the terror, but the lazy choreography, shitty cuts, unstructured cinematics, trash lighting made me feel like Im watching some youtube walking dead parody video. It looks low budget ish.",0.0
"Much, much, much, MUCH rather use cannabis in one form or another than drink. I never wake up feeling like shit because I dabbed too much the night before; quite the opposite! Sleep like a baby every time. And it doesn't have loads of empty carbs in it, or wreak havoc on my liver. Win/win!",0.0
Read that as immobilarity,0.0
"I bring up the debate to the table. ""What do we do with the deer? ""Bambi is fully grown. All ""Bambi"" eats is the grass and shits around the house. The deer is not leaving. We need to do something.",0.4999999999999999
I just want to go on a vacation like damn,0.0
Ever notice how the most racist talking heads seem to never have a chin?,0.0
Are these too similar to my skin tone? Love the shoes and want to get them in more than just black so I can wear them to work! Please excuse the surroundings. The Christiana Target is nasty!,0.0
shut up . younghoon is so cute,0.0
"Heh, you cute and tame yam festival!",0.4999999999999999
Torties are amazing creatures. Sweet Mabelcakes is my second tortie. :),0.0
You only laughing cos it’s thug,0.0
"Like the rabbits and foxes, some pommy git felt homesick and imported the things ""to make it more like Britain in this God forsaken land of savages"" at some point after 1788",0.49999999999999994
"i’m not wit all the drama, i’ll jus pop a bitch &amp; enjoy the rest of my day 🤷🏽‍♀️",0.0
"Again, you make the rape of children by Epstien, &amp; Acosta's illegal NPA political, I see you are not able to set aside politics for children, You've made it about trump. I was genuinely trying to have a dialogue about this horror. I thought we could agree at least on that. Sad.",0.4999999999999999
"Their’s was just a little handheld thing, nothing crazy lol",0.0
Damn it’s already 7 PM YIKES,0.0
Young girls will be forced to testify against their older lovers,0.49999999999999994
oh my goooooshhhh @moriartly!!!!!! galing!!!!!!!!!!!!!!,0.0
"Wish I was better at maths . . . forgot to subtract current 7% hydro and 4% nuclear, which on BP's figures reduces increase required from renewables to approx 21-fold. Agree, need to use a lot less, BP report page.1 states 'The world is on an unsustainable path.' Bob Dudley, BP.",0.0
"I have thought about this. I’ve never expected anything real from media. It’s entertainment. It’s either entertaining or not. If you don’t find it so, you move on. I actually think it’s amazing that we can IMAGINE being a woman in the past (where we don’t “belong”) kicking ass.",0.0
Yeah. You put that landmine in your house to kill grizzlies. The judge and jury will definitely buy that. ,0.4999999999999999
EVEN IF THERE IS A JESUS OR MOHAMMED OR SPACE ALIENS WE DON'T DESERVE THEIR SAVING. EVERYTHING YOU SEE AROUND YOU IS THERE BECAUSE WE ALLOWED IT.,0.0
I’d love to shove my tongue as far as I can into your ass hole and taste you 😋😋😋,0.4999999999999999
I feel like this is one of your few normal comments and this post isn’t even that bad compared to some you’ve lovingly narrated,0.0
Last night I was accosted by a large cockroach looking creature that was roughly the size of my fist.I fled to my friend’s house because I was afraid of it happening again. I’ve come back home today and I’m in a constant state of panic out of fear of it happening again. Fuck PTSD,0.0
"Damn, any chance you can give me more pictures on my PM",0.4999999999999999
And as long as it makes Twitch money they won't care to actually punish them,0.0
"For Criminals/cheaters Pakistani women. Enjoy life in Ca as it stands with Criminals. Cheat,Fool,abduct kids,flee to Canada. Canada welcome u.Abductor gets $ 800.kid 700 PM. Enter Canada with ill gotten money. Ca is heaven for cheaters/looters. Ca give citizenship &amp; protect u",0.0
"Your shit contains calories too. The body is not some perfect \""absolute energy converter\"". Different things digest at different rates in different ways in different people.",0.0
Massage body to body With sexx and suck in dubai Massage nuru +971559800318,0.0
Bruh… I would literally be murdered. I wouldn’t even do this shit now as a WHOLE adult. Madness.,0.0
god i didn’t understand shit abt the game but it was so fun dkdjjd,0.0
"Kitt! One of the most genuine, wonderful people I’ve ever met. Ily! You’re breathtaking!",0.0
Lol opinions like assholes everybody got 1 😂🤷🏾‍♂️,0.49999999999999994
"The wealth gap can not be expected to close in one generation. No other candidate has a program that would target Black folks explicitly, that I know of.",0.4999999999999999
"Raw Shea Butter, coco butter body oil use the body oil after you shower",0.0
"Everyone was up in arms thinking he did it cause of the manipulated audio. You will die on any negative chiefs hill so I don’t expect you to buy in, just stating facts",0.5
Spank the child right and you won't cause any psychological harm to a child. A good swap at the bottom is need to correct really bad behavior that are repeated,0.0
Buying travel online is the worst I always tend to do it in person,0.0
don't count on Wooloo he will be gone one day,0.0
Guy is hotter,0.0
"My girl Hannah is OBLIVIOUS to these trash ass men. Luke is a literal psycho, and Jed’s family straight gave away that you SHOULDNT be with him. 🤧",0.4999999999999999
"You know during Osama's 8 years,, the cages were already there right? SILLY TWAT",0.5
"Thank you, yeah I always forget about them too",0.0
Still no one except SRS and JIDF agents giving a fuck,0.0
"With the recent #earthquake activity, it’s a good time to remind our residents to be prepared!⚠️ You can also take the extra step by building a #disasterkit for your home and registering with AlertOC. Learn how to be informed and make a plan at: www.yorbalindaca/gov/beprepared.",0.0
I am still on this mother fucking call I started at 3 pm,0.0
Every time @trvisXX comes close to Florida I’m there! Still feeling the effects of ASTROWORLD!,0.0
"Here’s a reason to consider: go look at who’s making your hamburger the next time you’re at a restaurant. With such a nasty attitude towards immigrants, you must leave the kitchen staff with a strong motive to spit in your food. Enjoy your next McMeasles Meal.",0.4999999999999999
"Herrr.... Mutha, uses a fork... Bit mean meeze finkz, but yes we have LOTS of teef betweenz us🦷🦷🦷🦷🦷🦷🦷🦷🦷",0.0
"They dont understand it mate. They arent trolls, trolls go out to make bants. These people all believe that it's right someone should go to prison for not removing a yellow ribbon. #stopborrell",0.0
"No, seriously, do you like Arashi's concert that much? Omg what a stupid question I've just made LOL Then... I should made something 👀🙌",0.0
She ain’t fucking wrong here,0.0
Let’s build a wall around the state of Ohio,0.4999999999999999
Only in looks are they any different from their white counterparts. Stay away from the Westernised Asian woman,0.5
6 bearded Men of Thor stomp into the restaurant with Jack-boots and full Nazi regalia,0.4999999999999999
atheists mostly ignore these developments which are way more dangerous than a bunch of bibilical literalist fanatics,3.330669073875469e-16
And all the thieves are pointing fingers at each other.,0.0
I am rss I will support England my white master.,0.5
Lucky guy 😏 hopefully he ran his hand up the inside of your thigh and got a nice surprise,0.0
Whatever you have to say is not as good as Toot N Daad. #TootNDaad,0.0
"I always find people who parrot that shit are the ones that are too ashamed of their own bigotry. It's like when people were saying Hillary was just as bad as Trump. I mean, really? Even I'm not a fan of her but you've got to be incredibly dense to believe that.",0.0
"We have been designing, developing &amp; marketing websites in Chelmsford for over 10 years &amp; have recently opened an office there. Contact us to discuss your requirements today #chelmsford #webdesign #seo #digitalmarketing #SMM #blogging #design #website",0.0
"Honestly just Russell, he’s a dark cloud looming over our head",0.0
I have no idea what you're talking about. This is the first I've heard about gutting genitals.,0.0
"Streety 2020, Way to leave me hanging",0.49999999999999994
Germany is screwed,0.0
surprisingly accurate lol but It’s okay Swedish is a fucking monster of a language but on the bright side that’s pretty much all he says the entire time lmfao,0.5
Full disclosure i haven't watched a contra video in over a year now so i don't know if she still wears ironic nazi fetish uniforms anymore.,0.0
She looks like an angry librarian.,0.49999999999999994
Yeah but you have to say you don’t wanna date then in the level 8 confidant mission. I was an idiot and said I did and now in order for me to move on and make her 10 it forces me to date her.,0.0
"""...it seems likely that the contemplators are contemplated."" -Victor Hugo",0.0
"OOOOOOOOOO!!!! Yes, please!!!!! It is, by the way, a very hot ass at any age.",0.0
“How the faithful city has become a harlot,0.5
It makes no fucking sense to persecute those who fought for Germany,0.0
it's a segment of your delusion you were brainwashed into believing by your zionist controlled schooling system all through your life.,0.5
I think Mark Texeira just creamed his pants talking about Vlad Jr’s swing. #HRD,0.4999999999999999
rat. that’s the material of ur coats 😂,0.5
Wouldn't it make you smarter to challenge yourself? Or is it true that public schooling is really to just keep you stupid?,0.49999999999999983
yfw we'll never beat the liberals because they hate hardliner religious nuts as much as we hate SJW,0.0
Tired of watering my greatness for a bunch of insecure ppl #LevelUp,0.49999999999999994
See how All Blacks dominate rugby now. Indian cricket should have been like that given our huge resources and how mad we are about this sport.,0.0
You condone child separation and now a person as a Secretary in this Administration goes on. You Children don't matter,0.5
Follow @Owner_Durr or i will kill you with a brownie-47,0.4999999999999999
This isn't a new direction for the subreddit. This kind of thing has always been okay on the subreddit.,0.0
You’re such a bad ass!! Keep rock in’,0.0
sorry guys the truth is the american public don't know about /pol/ only 4chan users do,0.0
i wish everyone who doesn’t like me or whatever negative shit they have towards me the absolute best. it’s all love.,0.0
And nothing will happen to AOC because the republicans are weak.,0.0
You can use mine anytime. I'm under sexed as it is. Ha ha,0.4999999999999999
"If you are doing PvE, other legendary HCs are better for ad clear, Lunas/NF only stick out for the ""melt elites"" niche, but are fun cause of that, and if you don't suck, a kindled orchid/Dire promise or Duke will also give them trouble in PvP",0.0
Agreed! I am so tired of sexist assholes like that getting airtime to spew their hate....that is news it is propaganda!,0.49999999999999983
Do you know what is the real news today? OMG... learn how to do your job. You're an activist pure and simple. What We Know About Ghislaine Maxwell / Connect the dots...,0.49999999999999994
"Christians are bigots, Christianity is bigotry, says Piers Morgan / Daily Mail, if Christians believe God created only two genders: male and female.",0.0
All are the same ... #ProveMeWrong,0.4999999999999999
And now he's a slave to the Potus. Karma.,0.0
I didn’t think my favorite artist would have competition but SHEESH folk KILLED that,0.0
"When Bron was in the East it was “weak”.. so tell me how Kawhi became a god for barely getting through the East and then beating a damaged Warriors team. This LAC team is good, but let’s pump the breaks on this Kawhi blasphemy. @ShannonSharpe",0.0
That’s because people like you are so focused on skin color that racial tensions will never go away. You know who the real racists are? The people that never STFU about race,0.5
Now do it on purpose.,0.0
"Ok, sure it looks like an abomination, and yes, they should leave Sonic the fuck alone. However, I'd be lying if I said the movie didn't look fun.",0.49999999999999994
I know I’m like girl I’m JEALOUS of your brows. She’s just losing her shit and threatening a bad review which stresses me out so much😩,0.0
Or are the poor going to be so destitute that they just say,0.49999999999999994
I feel like niggas was laughing at KD getting emotional and leaving and front office said oh YEAH? if he leaving so are YOU! 😂,0.5
Wear them big for now. You’ll grow into it 🤣,0.0
can we talk about that nge manga au where they were like catholic and hunting demons or something?? that was wild why did they release that,0.0
Neo-Nazi's are not the Nazi's who controlled Germany. You guys share very little in common with the scientists that worked for the German government. Most are not supportive of science today and are scientifically illiterate. Islam hasn't added anything to the scientific community since Baghdad was a secular heaven over a 1,0.5
"You sit in the FoB because if you don't have a FoB everyone dies. You have roles delegated to handing out supplies not because that's any kind of 'RP' because of course that's not RP. Cargo exists on hippie station, too, and there's no fucking roleplay there. Things are there to make the game more complicated. Things like command and the fog of war and so forth are to make things more complicated. Those are good complications. Being forced to 'pull out a pistol IC' is not a good complication. Maintaining supply lines is fun. But it's not there to be 'roleplay' or any of that. The singular and only roleplay role on the station is fucking corporate liason and nobody cares about that guy unless he gets antag so they get to shoot him. Don't dumb down a noRP team shooter into 'oh it wouldn't have any complex mechanics if that was the case.' Of fucking course it would. Plenty of team deathmatch games involve tons of strategy and complex mechanics and ammo transport and so forth. Think planetside, on the bare minimum end of the spectrum. The difference is that they went too far in one direction and it stopped being interesting, so trying to justify it with 'roleplay' is a terrible idea, because roleplay does not exist on CM.",0.4999999999999999
Brexit and the mass stream media. Change is coming. People like you will be put on the dinasour scarp heap.,3.330669073875469e-16
"There were many times I sat at this stupid light for what seemed like ages (probably about 10 minutes, no exaggeration) and the light rail didn’t even go by! It was insane. Even though it was still annoying as hell, it was at least understandable when it was because the light rail was passing. But when the lights are red in all directions for so long and no train passes, it is 10000x more annoying. I feel your pain.",0.0
Slowly getting things set up...,0.0
I am not going to get into that loop. I honestly dont care what happened 100 years ago. i am really honest with you here. i would only feel guilty if i personally wake up and kill my armenian neighbor tomorrow. thats it. besides that is not my responsibility,0.4999999999999999
Best luck. I just wanted to warn you not to hurt yourself or your subs. Take care.,0.0
Sicking lawyers on them when they fuck up is the only way to keep them in check.,0.0
These school make you sign a policy where you can’t keep a gun. Bullshit. This guy would of already been dead had someone there had a gun.,0.0
"This is insane! Goodness... So we'll assume #HarveyWeinstein gets something similar, yes? This is such a joke... At least admit that wealty #white males are getting special considerations!!!",0.49999999999999994
"I will never have a great relationship with money or my father. I took my friends to McDonalds with my first wage from my paper round. I’d never been before. My father would tell people how I was an idiot for wasting money on my friends. Gods, I dislike that man.",0.0
Memang club poor :( shame on me,0.0
People weren’t upset with Brandi playing Cinderella and Whitney Houston playing the fairy god mother?! So why he so upset now? Get the fuck over it.,0.0
There goes that man! Coby White,0.0
I thought the same thing. I thought he was just pointing out that his nipples were hard.,0.0
Yea we cant understand how oppressed women and people of color are its a real shame i cant think of a time when both groups had it worse reallt sad times wete living in.,0.0
#CNN It's official the Democrat Party is Satan. Now the question is do you fight it?,0.49999999999999994
murrica is the only nation to have used nuclear weapons,0.0
White people are mad about The Little Mermaid being black but think Jesus is white,0.49999999999999994
Damn... Let me look. That shit looks real... Especially with the shadow... It's too too real. My bad if I'm wrong... Wow.,0.0
About to get an a s s beaten or,0.5
Ask him who his friend is,0.0
THIS is the insane delusional Democrat Party I guess Pam Keith believes supporting the butchering of unborn babies up until birth is sign of piety. Perhaps she believes Christ would approve of baby murder. @PamKeithFL Do yourself a favor~drop any argument that refers to Christ,0.0
"Loud it abeg. I’m tired of moronic Trump supporters bringing up someone who has no effect on things. Hilary ran, she lost, they need to move on. Excusing his behavior by bringing her up shows how weak the logical part of their brain is. Tueh!",3.330669073875469e-16
They came up with a system to nominate and they ignored it. Sorry but that does not happen in a democratic institution. The rest is irrelevant. Poor turnout for MEP elections because no one sees the point.,0.0
Ion gaf what nobody say losing your mom really hits home vs somebody else or even your dad !!💯 and anybody who’s ever been through that you strong asl frfr💪🏾❤️ cause some people can’t even stomach half of that shit and give up on life.,0.0
Im not religious but can you imagine believing Donald freaking Trump has anything holy about him?,0.4999999999999999
"He uses the same tired shtick of \""bullshit mountain\"" to refer to conservative and on more than a few cases has used selective editing to get the benefit of out-of-context framing.",0.4999999999999999
"#Chiefs HC Andy Reid has said that he wants Damien Williams to be ""the full-time starter for the year"". It's reassuring to hear this after they signed Carlos Hyde. Williams was a monster at the end of last year &amp; that should continue in that explosive offense in 2019. 🔔🐮",0.0
You're buggin. Knicks FO finally doing things the right way. F that.,0.0
WW3 is already shaping up. It started in Syria and it is continuing into Africa. Right now the US is supporting an ethnic Sudanese government which is in civil war with an Iranian backed islamic group. Russia is supporting Iran and Syria with military weapons and China is working with Russia and Iran to create a trade network which does not rely on the US dollar.,0.0
The only reason homosexuality gets this much attention is because of homophobes.,0.4999999999999999
oomf obsessed w stoner theater kids not gonna say who but if u kno u kno,0.0
"Got a customer who looks for a hug from me when she sees me, love greetings like that *thumbs up*",0.0
THIS IS A TROLL POST,0.0
"**""...Crazy Southern fundamentalists.""** *He shakes his head.* **""So they're all mages? How well trained?""**",0.49999999999999994
He does not need your corrupt support Barr. Especially not from you who tried to bury Mueller's report.,0.49999999999999994
I HAVE to order my outfits by today or I’m fucked lol,0.0
OOOOOO I just know one of these people was having a HORRIBLE day then this happened,0.0
It was actually her REVERSING her project monarch programming!! Kikes probably didn't know she could do that and now she's telling EVERYTHING SHE KNOWS!!!,0.4999999999999999
Sad thing is Trudeau wants Alberta destroyed. Same objective as his father,0.0
There is a whole sub category on PornHub that starts just like this. It’s a normal fantasy.,0.0
"From diplomacy to security, Australian women missing from world stage",0.0
John can die for you if you really matter to him.,0.4999999999999999
And pagans? What the fuck have pagans contributed to Europeans? Nothing,0.0
I figger you gotta bust your nut sack pert near wide open to be able to see the seminal vesicles.,0.0
This is a reply to a post about the California earthquakes? Just stfu and get over the derangement. I'll send you some tissues to dry your tears in 2020.,0.49999999999999994
"Regarding Eric Swalwell dropping his bid for POTUS: The *ego* is what gets me. Swalwell is doing GREAT work in the House. But, that apparently wasn't enough for him and his ego. Do these FWMs think they're playing Bingo, where 'SOMEONE is going to win, and it might be me!'? /1",0.0
Namjoon but only we both are equally clumsy 😂😂😂also suho,0.0
Show us your zeal and zest by taking your bike on a stroll along your favourite paths. Participate in the Forum Cyclothon 2019 and celebrate the beauty of your neighbourhood! Date: 28th July Registration link: It's time to ride and shine!,0.0
Isn't scruff a gay dating app too?,0.0
Mononoke HATE him. Local medicine seller learns one key trick that mononoke DON'T want you to know,0.0
I keep buying these shitty stolen bikes from crack heads for like $5 which are a pain to ride and probably help my fitness more as opposed to getting a nice efficient bike but I'm not going to cry if my bike gets re-stolen or damaged.,0.4999999999999999
HAHAHAHA!!!That Friggin Shaft picture knocked me off my seat,0.0
My sons don’t deserve this,0.0
"I knew it!!!! Where did you bury my brother, you gold digger!!!😡😡😡",0.49999999999999994
I have long claimed that she is a succubus.😅😅,0.49999999999999994
So if Europe collectively decided to kick out non-Whites (Jews included) you wouldn't object?,0.5
"well, you're a self-loathing, gaslighted imbecile, so yeah....",0.0
"I know, right! So many feeding their egos, so few caring about the nation",0.0
It was the GERMANS that killed them and it was AMERICA that got them out. Tthey are in forever dept to us for liberating their sorry asses from those camps,0.0
So you guys all go to WV to have incest?,0.5
Why is America's population so retarded,0.5
You Need to Be Inconvenienced for Your Church,0.0
A Somali Dancer Bedazzles a Forbidden Nortriptyline Sweatshop With Loli Watches,0.0
pretty sad when a nigerian thinks you are retarded because you cant understand the world,0.0
You are on of the reason we are incapable of having constructive discussions on /pol/. You are an illiterate,0.5
I know that the humanities departments are completely corrupted by rotten communists today,0.0
I'm not a Nazi and I believe National Socialism is retarded and Hitler was a radical power-hungry idiot who didn't know what he was doing and his beliefs shifted and deviated heavily too.,0.49999999999999994
Implying he didn't blow it by killing 4 people,0.4999999999999999
So how do you know that the gigantic electric chair was really a rumor and not something the Jew author just made up on the spot?,0.5
"Bitches , she said bitches. Not woman who are already love themselves because they learned that in their fucking teens, instead of getting their self worth from some dude who was trying to fuck em. That’s why ladies/woman turn into wives ! And bitches into toys used &amp; unloveable",0.5
"All arabs/mudslimes do is steal the work of others while yelling \""look look shitslam is so great all praise the great pedo-prophet!",0.0
White wives love black dicks,0.5
"D'Angelo 2020: ""It was a very short lived very toxic relationship.""",0.0
this doctors office keep calling me to see the counselor but i just dont have the time for it right now,0.0
Because money. Take stand you elitists who call yourselves progressives. Who say they are with all women and yet allow a monster to continue to walk among you. Disgusting. #Hollywood #Film #MeToo #TimesUp #TimeForAChange #NeverAgain #RoseArmy,0.4999999999999999
besides all the religious shit,3.330669073875469e-16
drop your letterboxd usernames below pls,0.0
It's safe to make love while parked in Coeur d'Alene,0.5
#puredrive I must say that the blackstar match was wasteful and shambiloc,0.0
"""DURRRRRR LOOK AT ME! I THINK I'M SO SMART CUZ I DENY GOD'S EXISTENCE! HUUUURRRR DARWIN! BANANAS! MUH SPAGHETTI MONSTER!!!!!",0.5
Now if you 30 trynna flex with that shit. I FEEL YOU,0.0
"""Really disappointing"" is a fair way to describe pretty much all of the leaked plot points.",0.0
I'm not here to judge your tweets but damn I found your tweets tweeted by someone else long ago.,0.0
"if your gonna dm me my picture I just posted and talk wild shit, you can get blocked. If you felt like what you wanted to say wasn’t meant for public, then nigga it wasn’t meant for my dms either.",0.4999999999999999
Ghosts are like punctual trains! True or false?,0.0
❤❤CUM GET NAUGHTY!!❤❤ITS HUMPDAY BABY!!❤❤WE MAKE IT HOT BABY!!🔥🔥🔥🔥BLONDIE'S!!❤❤(647)462-8888❤❤,0.5
Hopefully you reported him. Don’t need WoT players in here.,0.49999999999999994
Don’t panic just witness via @YouTube,0.0
attack on titan only gets better,0.0
Arts marketing? It’s a nonsense. There is no such profession. Find your skill.,0.0
went to rally’s last night and it was fuckin good,0.0
No goddamn idea what animal this belongs to,0.4999999999999999
"or disparage others retained by the people."" in other words just because the constitution doesn't explicitly sttate a right does not mean one is not entitled to it.",0.0
"It's probably the dumbest most lawsuit prone corp activity there is my close second: Wilderness outings, any type of team, building exercise is almost assuredly fail",0.0
u literally can just seatch it up omg,0.0
"i've been calling s9 coinflip season because of this. surprised it's not a meme yet, probably because reddit is full of s̶i̶l̶v̶e̶r̶s̶ challengers to notice this",0.49999999999999994
"I remember the pride I had for my first hand made intersection. Looking back it was ugly as sin but it gave me so much joy that I managed to make a functional intersection myself. I am sure your ""friend"" felt that same joy and I am happy for him.",0.0
LOL at Finn's disgust at giving Liesl mouth to mouth. 😂🤣#GH,0.0
Was Trump trolling Putin trash with his tweet on South Africa? #Douma #Assad #Damascus #Mar15 #WhiteHelmets #Russia #Idlib #Syria #OPCW #TrumpParade #ConcentrationCamp via @clayclai,0.0
Crap did I miss the window??,0.0
I don't believe that a lady (of non indian religion)will name her baby with a Hindu name.monotheistic faiths asks the followers for allegiance to it and not to country or respecting native culture. Hence this us done liberals to damage bjp.,0.49999999999999994
"Hi, locale! Have you consumed the Hero 'The Great Witch' today? ^0^",0.0
Girl he’s too much lol thank you though,0.0
"""makes me want to bully him"" /u/EarnestNoMeta 5 second look at your profile tells me you spend all your time on this website. You definitely look like someone who gets bullied IRL PepeLaugh",0.5
not realizing that TPTB are ambidextrous and will twist your tit with the right AND the left hands,0.0
"Many, many congrats -- weight loss, sure, but on all of the other amazing mental changes you've gone through. To me, that's always the most amazing part of this -- to hear what an impact the lifestyle change has had on someone. You're taking active steps to make your life a better one, and you've found something that really works for you -- and that's fantastic!!! Happy Cry away -- you've earned it! EDIT: And, having now clicked on your post history - GO BIG RED! (Cornell 1990-1993, til I got too damned cold and moved to Southern California -- but I still treasure my time above Cayuga's waters)",0.0
In the main sub people were finding it impossible for him not to have a mental health issue. Because obviously no one from the left could possible be a shitty human.,0.5
"Those sweet, tender yet wrinkly red lips... I wanna know what they can do. That mouth.... mmmmmmm. I'm tryna violate you from HEAD to TOE ma'am. Please, please, PLEASE let me sip on your body fluid. If I can't do that then ATLEAST let me see you on BLACKED!",0.0
So he takes this opportunity to dissolve the entire fucking company and hire out the construction to non union guys.,0.4999999999999997
Shoutout to my bff for her unexpected blessing/token of love today😭💙I don’t deserve her!!,0.0
"#ClimateChange crisis, or nature's own #GreenNewDeal? ""The amount of vegetation growing on the earth has been increasing every year for at least 30 years.""",0.0
he looks like harry styles and i cant unsee it wtf,0.0
Pointless appointment. Wouldn’t last a month with the amount of stick he would get. Worse than fat sam. No chance.,0.4999999999999999
I don’t like them at all. i’m gay,0.4999999999999999
Dems lose because they’re led by cowards who don’t do their job,0.5
Cause if you want to label me as a white supremacist,0.0
this is what u see if ure kneeling in front of him,0.0
🔨🔨 genit #IndonesiaRejectsLGBT #IndonesiaRejectsLGBT,0.4999999999999999
Chill bro his dick can only be ridden so hard,0.0
If @callmejimmy got abducted and I saved her TWICE I would play D&amp;D every fucking day!,0.0
Wow you must be really posh to have tasted such an exclusive high end item.,0.0
Lolz. I’ve muted me. Must have been annoying myself.,0.0
John is all over you Janks,0.0
Where is cheater Dhoni.... Against England last 9 overs only 60 runs... 🤣🤣🤣🤣🤣🤣🤣😭😭,0.5000000000000001
When Tyreek Hill gets off with no punishment,0.0
"the point of the hashtag is for lgbt overwatch players to be open and proud of themselves and who they are if youre gonna be such a wet sock about it just mute the hashtag dont go shitting on people for ""flashing it"" when thats litteraly the point of the #LGBToverwatch tag",0.49999999999999994
This is absolutely disgusting!,0.0
"America's War Criminals: Sheilding Brett Kavanaugh, exposes bizarre sexual ...",0.49999999999999994
"Oh good, you made a deal for the overall well-being of the game. Phew, almost thought it was cause you were sick of feeding fleets...",0.0
me in the 7th grade trying to pretend I wasn’t gay:,0.0
Pedophilia is what they have in common,0.0
"The audacity to call me anti-social when I don’t come downstairs,,but the reason I Don’t is because of my bratty sister",0.0
The thing about this that's interesting is that based Norn Iron hasn't legalised gay marriage in the first place,0.0
is it by any chance possible to get away from any social interactions in such a small city? i doubt. kill me.,0.0
Please explain to your governor that New Mexico chile is the GOAT! I mean why else would you guys serve them during games? 505!!!,0.0
Looked like he got hit in the mouth,0.49999999999999994
"You are welcome, good luck!",0.0
Well the passive aggressive thing is a whole different conversation. I don’t like that shit either.,0.0
"*that. Marianne saying part of out immigration ""problem"" is a result of us fucking around in Latin America is worth so much more than some boring white guy telling me Medicare 4 all is unrealistic",0.0
"If you asked me I think that women are behind the wheel of the car going straight off the cliff. I would have never thought I would think like this but the more I see the idea just keeps getting reinforced. Only through them has it become mainstream to attack and insult white men. Their emotions control too much of their thinking. They put their pet groid on a pedestal along with every other brown companion because he has been \""wronged\"" throughout history. We should be unapologetic as creators and destroyers in this world and moving forward",0.4999999999999999
What’s that? You think the YouTube channel needs more trains? I agree.,0.0
Put a Trump 2020 in your piehole!,0.49999999999999994
Omg wtf I love stranger things,0.0
"So still nothing, huh? Didn’t have a break or a lull or anything? I wonder what conclusion you think people might draw about the argument you’re making. Personally, I think you completely crumbled in the face of someone who didn’t accept your horse shit at face value.",0.0
So why was god like yeah lets give teenagers acne,0.0
Oh my God! I would f*** the living s*** out of you,0.0
Wow.. Go! Romblon!!!! 💪🙏😍😊,0.0
Mjölnir= m'yol-near The J makes a y sound in this word,0.0
God damn lot of self care today. feels good to finally know what's wrong and what I need to work on. gonna be tough but your boy here's feeling great for now.,0.0
What a wonderful girl 💖💕😍💋😋🍀,0.0
"Racism is systemic, the exact opposite of taking things personally. So, yeah, don't put them in the same basket. If a POC tells you something is racist, you don't get to call them insecure.",0.0
"Ok go on 🤑🤑😈😈 Fuck, I'm hard already. #Findom #CashMaster #Paypigs #Finsub #cashslave #humanatm #humanwallet #gayfindom #paypig @KDsub1 @Weakcashcunt @rt4masters @rtpig76",0.49999999999999994
Somebody stole my package off the porch,0.0
... Cuba? Has anyone been to Cuba? People are starving there.. smh,0.0
Here's some Tuesday Trivia for you! @pepsi #tuesdaytrivia #medicine,0.0
Just translate word and see which way makes sense Kapp,0.0
You gotta crush OWOWEOOE — If a crush on Ryan Reynolds counts then hell yeah,0.0
"The men's World Cup in Russia generated over $6 billion in revenue. Meanwhile, the Women's World Cup is expected to earn $131 million. Source: Forbes. Learn to do research and get some education ignorant liberals.",0.4999999999999999
"You are a fake account! I guess it is easy for you to get behind a screen and tear down someone's looks with no name?! Trisha is far from perfect, but she is stunningly beautiful. Geez. You said some mean shit.",0.5000000000000001
Edits where you could shift the whole paradigm with a simple change in character.,0.0
"Well cricket is like that only, whoever plays well on that day wins.. Your team played well it happens ❤️",0.0
PACK GFX PARA THUMBNAILS DE CSGO GRATIS by @Goldenbr101 ♦Aprenda a fazer uma thumbnail de csgo -,0.0
"Everyone whining about microtransactions is a complete moron. It's not ""pay to win"" it's ""pay if you want but it's dumb and you could get the same rewards just by playing"". You can pay for Kosmetics. Character skins. That's it.",0.0
Looks like no one is really talking to one another lol,0.0
Unpopular opinion here but I’m still not mad about trading Davis 🤷‍♂️,0.49999999999999994
why is it always non black people that wanna say something bad about his dreads,0.0
"There should be decibel limits on motor vehicles. There are few things more annoying than some limp-dick jackass sticking an obnoxious fart pipe on their car/truck. Fuck everyone else, I need to feel cool... C. Motor vehicle noise. It shall be unlawful for any person to: 1. Operate any motor vehicle that is not equipped with a muffler in good working order and in constant operation to prevent excessive noise. 2. Operate a motor vehicle equipped with a cut-out, by-pass, or similar muffler elimination unit, or to operate a motor vehicle with devices that amplify motor noise or motor vehicle exhaust noise. 3. Operate a motor vehicle if the exhaust noise is plainly audible at two hundred feet. For purposes of this subsection, ""plainly audible"" means the detection of the sound of a muffler or of an exhaust by a person using his or her unaided hearing faculties. Explain to him that you will take him to court if he doesn't correct the problem. Or pack a few pounds of thermite in the muffler and wait. Your call.",0.4999999999999999
"if I can't have you nobody can! I gave you my virginity etc..."" ",0.49999999999999994
And you should use those strengths damn it!,0.0
Actually means that you’re a dumbfuck. Google is your friend. Try it sometime,0.49999999999999994
Crap I meant prophet or steward forget which one it was. It was more that rtas was lazy learning about the great journey. I can easily see the Flood being a myth since it was extremely to encounter them.,0.0
"Your argument, taken from Barr I might add, is that Mueller contacted the DOJ to complain not about the DOJ but rather about the media. That is laughable. If you fail for this, you'd end up voting for a con man.",0.4999999999999999
But you're an animal,0.49999999999999994
You will never understand. I get if it's too tough a sport for you to personally practice,0.49999999999999994
If I get bad news at my appointment rn we’re going out tonight and getting fucked up. ok? Ok,0.0
White people also attack people believe it or not.,0.5
"I refused to even school the fool but yeah like that! #ripkendrick found under the bleachers, in a school, with organs replaced by newspaper😠yeah that ""deceased donor"" i think about",0.5000000000000001
Luscious lips and beautiful tits,0.49999999999999994
"I wonder if the majority of the public know what ‘anti-semitism’ means. It would be clearer if we called it what it his - Jew hate. It means Jew hate. It’s 2019 and because our main opposition party is a magnet for loonies, we’re talking about Jew hate again. #BBCPanorama",0.5
Che notebook but with nazi slogans,0.0
shayla always want me eat bad with her,0.0
"And in doing so he made himself look, CRAZY. Good for him.",0.0
girl shut up worry about yourself,0.0
please someone beat the breaks off these bitches when they clock off.,0.5
Take a look in the mirror before you tweet crap like that,0.49999999999999994
what is this weird ass american thing that you can’t drop the flag??? are y’all really that sensitive over a piece of fabric,0.5000000000000001
Misa joined Deportivo Abanca a few days ago,0.0
"What the heck, my bamboo tablet works out of hand:",0.0
"it was dead long before those two, fat body",0.5
"I'd bet these aren't the only ladies that Trump have abused, Trump is rich he's evil &amp; he think the law of the land doesn't apply to him,",0.0
Thats what I'm talking about trooper.. Short stack baller!!!!!,0.0
Take some time Get your head straight G we ain’t going nowhere,0.0
Mon 19:00: Temp 23 C; Humidex 24; Humidity 41%; Press 101.5 kPa / rising.,0.0
what in the actual fuck is this??,0.0
Trump only employs all the best Pedos!,0.0
8) actually go out and practice with your gun on your own time to build marksmanship,0.0
White people really been on some nigger shit son and I hate that word 🤦🏽‍♂️🤦🏽‍♂️,0.5
It's a troll and a rather hilarious one at that. Look at the guy's post history!,0.0
Today its given to millions from early childhood to create a captive crowd of working slaves who have one massive neurological motivator for staying employed and on the company's pharmaceutical plan indefinitely.,0.4999999999999999
Wouldn't touch an electric car with a long bargepole.... Forcing these things on us is political bullshit!!,0.0
*giggles* sugar.... on top of... my tits? Hehe,0.5000000000000001
Bill wants his moment in the sun... free political coverage to spew progressive ideas.,0.0
"""Some guy looked at me weird on the subway? That's rape!\""",0.0
"I mean, I still listen to Day26 🤷🏿‍♀️",0.0
i cant believe !! everyone read this masterpiece or u smell,0.0
The #child is more #intelligent than his #father,0.0
They're not impersonating you. They're MOCKING you. And you can't tell the difference? And you want them reported as frauds? You're the fraud here. You deserve all the mockery you get. #CdnPoli #FakeNews #Propaganda,0.4999999999999999
————([= It has a lot of stabbing power,0.0
Oh gosh. Does your granddaughter’s school offer counseling? Someone she can speak to before her thoughts become a full-blown eating disorder?,0.49999999999999994
"Something has to be physically wrong, poor lady.",0.0
If you have enough tanks the machine grind isn’t so bad with the 2x win bonuses for first wins. I’m on stage seven and I have only played until I got all of my available tanks on the two time win. For that day.,0.0
The mentality you've exhibited is bullshit that's been around since before the dawn of Christ. And know what that mentality usually precludes? A collapse of society. If you can't even get a grip on the reality that the poor aren't eating beef,0.0
LOL! Well done to everyone who voted #loveisland,0.0
Check out my nigga Waves B,0.4999999999999999
"Obama was inept, dysfunctional, corrupt, but he crossed their palms with moolah, amazing how the one buying the drinks, paying for the meals is always popular",0.0
is that 76 fucking health and 59 defense? ....i thought my Zephiel was beefy but I guess that's just baby levels,0.0
Al-Qaeda breakaway group re-enters Damascus refugee camp,0.0
Damn I guess wanting to buy a house without a leaking roof makes you a cb,0.0
"He is a blithering idiot, a sexist and misogynist.Just like his moronic boss.",0.4999999999999999
Fuck that was hot would love to have a hole like that around regularly,0.0
You’d have west coast fans (both of the Bucks/Celts and neutral fans) bitching the .,0.4999999999999999
Bro people forget how nasty Dwight was back then,0.0
It’s perks to having a fat mama! She fa show would stop at McDonald’s 😂,0.5
Don't let a girl with no eyebrows tell you shit about life...Period.,0.0
Now before you show me some pictures of dogs being boiled alive,0.0
CBD Vermont has the goods — I swear by the Earth Rhythm Herbal CBD Sore Muscle Rub!,0.0
game pauses and plays a YouTube PSA about how objectifying women is terrible.,0.0
The fact they lost top made things even worse. Like you said I try so hard to be a fan but it’s tough when the team consistently suck every year,0.0
He shall...destroy all tyrants and heresies.,0.0
Is that the daily mail thing? Got a link tae it? I want to boil my piss,0.4999999999999999
"Using the word 'retard,' or any derivative of 'retard' is trashy. It's not witty, it's not funny. It's trashy. I understand the urge to mock pc culture. I don't understand acting trashy. #Disability",0.0
"Yeah, I'll accept any shit Kevin Feige throw at me now, but I wish they could have found a good reason to make Professor Hulk a thing in the MCU. Endgame feels like AoU to me, lots of amazing ideas that weren't well developed, it was a lot of wasted potential. But I still fucking love it, of course.",0.5000000000000001
Let's break them down! #tlaGrizzly,0.0
"People scream ""put in Haener"" until he played, same would probably go for Yankoff and Sirmon",0.0
"Chill, drama queen. This world has always sucked. Find the good.",0.0
"Richard. You're a fat cuck. Quit sniffing your fingers, stop eating Wendy's chilli, and get in the gym. Big up pointless pointing, conway conman, and your BOY liquid richard.",0.4999999999999999
I just hit a mean ass wall..,0.0
Thats true tho. Hantu takut ur mom,0.0
"Just for.the diplomatic Immunity __sita white ____case____ Diplomatic immunity is a form of legal immunity that ensures diplomats are given safe passage and are considered not susceptible to lawsuit or prosecution under the host country's laws, but they can still be expelled",0.0
Every year this bloody sadhna pass takes our precious lives &amp; we have been demanding of a tunnel for the last several years. The govt hasn't left any way before us except that we sit on hunger strike. They should consider our demand as soon as possible. Long live Karnah🗻,0.4999999999999999
Fuckkk i got my chains tangled,0.0
"this wordsearch told me that I'm a whore, beautiful and sad. im-😎😋🤣🙃🤑",0.0
It helps spread when a shithead like is on TV spreading this lie!,0.0
Super Mario World,0.0
--both sides of what liberals and minorities tell whites every day,0.49999999999999994
Ever wonder why some nigga named Libya after the labia?,0.0
"Full circle, come back to the Clips",0.0
How is killing children fight against foreign occupation?,0.0
"Yeah, came here to say this. This is how you make a knockoff of a Theragun. There's tutorials on YouTube!",0.4999999999999999
Imagine having this much faith in dudes despite copious evidence that men are in fact trash.,0.0
faggot anon-chan~,0.0
"Think: 👉Why in 373 seats EVMs recorded more or less Votes than polled? Is it normal? 👉Who stole those EVMs &amp; why? 👉Why no FIR or case being investigated by CBI, Police etc. 👉Why serial no. of 3 lakh EVMs not matching with those issued by EC &amp; EVMs present at counting center?",0.0
"Damn, he said that, and The Guardian is one of our reliable editorial, oh well 💄💄💄💄💄💄💄💄",0.0
Brooklyn isn’t a city whoever made this is a clown,0.0
My heart just goes zig zag whenever I see this trio #suits Tag a lover of suits,0.0
"Referees are very mistreated at the youth level unfortunately, and it makes a lot of people who do referee think that senior refs should be immune to criticism from fans. Which is frankly, a completely horseshit stance. If your in a position of power, you should expect to get criticized. Some of the issues people have with soccer officiating stem from the fact that there isnt enough openess in soccer officiating at high levels. When you have things like NUFC red card records, or lack thereof, where the incident of red cards is MULTIPLE standard deviations from the mean theres going to be issues, for example. When theres a non-trivial amount of match fixing going on, theres going to be distrust. When referees dont call the game the same way for both teams, theres going to be distrust. When referees ignore obvious as fuck fouls, and fail to properly card them, people are going to distrust refs. Its not a small amount of incidents in any league that causes it. Its a large amount of issues, that often times remains unaddressed thats an issue. Failure to address what VAR was used for and why it made a decision is a simple illustration of that fact. Soccer has as a whole failed to include the audience in the officiating discussion as to simply inform the audience of whats going on. Baseball at least has universal signs so people know whats going on (meanwhile certain soccer refs are really confusing with their signals). The nfl is smart enough to announce their fouls.",0.0
let the commies reap what they sow live and let live and all that pish posh,0.0
Anyone that argues for Obamacare is equally inane.,0.4999999999999999
I give her credit. She really licked the competition.,0.0
It's either a cost in money or in effort because it is far easier to shop for unhealthy food in America.,0.0
See ADHD diagnosis rates in USA vs EU etc. It's very much a ham science right now until we understand and can analyze brains better.,0.0
sex symbol training w/ @BigJames_21 ✌🏾,0.49999999999999983
"Porto Limnionas, have you been here? 😍🇬🇷 ................... . . . . Keep tagging your photos - Make sure you’re following @zakynthosgreece 👍🏽. . . . #zakynthos #zante #zante2019 #greece #hellas #europe #ελλάδα…",0.0
"Nahhhh i need to put my hands on ur skin to feel how smoth it is before u die 😹. Buttttt, here is a site with the best top 10 creams of 2019 (^^)",0.0
"I’m sorry, but that’s actually really gross. 😷 Where are your manners sweetheart 😕",0.49999999999999994
What are you willing to sacrifice to make your dreams come true?,0.0
Karimi 2020: call me sweetheart again and imma punch ur throat,0.0
Shuoo wen u call me sister my hrt no break oo,0.0
What did Bob Ross do to these ADCs? 🤣,0.0
Mad max is going to be the year 2020’s theme,0.0
They would care if that were a blonde-haired blue-eyed child.,0.0
"Urdolls Offers Realistic Silicone, TPE Sex Dolls",0.0
The gifs of sex with a pilot in a windmill should be epic,0.0
Economy has nothing to do with hiring a cover up guy for rich pedophile sexual trafficking perverts. Birds of feather flock together and this Adm. runs the whole gambit of corruption and greed.,0.0
He must be one sexy fat dude,0.0
I love team INDIA♥️♥️♥️ Achcha khelin pura tournament,0.0
"You think it’s all downhill from here for McDavid, Drai, and Nurse? Is it like a Benjamin Button reverse-aging thing?.. Damn maybe tanking is the right way to go. Get some new faces in here and start rebuild 7.0.",0.0
Why I read this in yo voice 😂😂😂,0.0
I would rather pay 6 rtgs to watch a dung beetle roll shit than read that fuckin 6 mari thread. the worst i ever came across in these streets to date.,0.0
Tldr - Germany is doomed as well,0.0
Clueless an bullied by the unions !!!!!,0.0
No sex or nudes just chat. DM me let me spoil you with money and $1000 for weekly allowance. I will also send you $100 to get your hair and nails done. CA/US sugar baby only RT to notify me immediately. #sugarbabywanted #sugarbabyneeded,0.0
Shoutout @JColeNC for making my Megatron Challenge go viral 🙏🏾,0.0
I hate the HR derby almost as much as I hate the NBA skills challenge,0.0
"She'd watch him, a slice of pizza halfway in her mouth. It appears that he's trying to challenge herml, so she continues to inhale her slice before grabbing another.",0.0
" mfw she mentions the previous asshole that held the ""diversity"" position quit 9 months ago because ""it was a hostile work environment"".",0.0
It's a stupid boycott because not only does it ignore all the other countries that commit human rights abuses (like the UK,0.0
I was all mad that my bathroom is being used by random ppl but I forgot I have a bidet. I mean what do I expect! It’s the only way to poop. #thankseuropeans no one wants a dirty American butthole,0.49999999999999994
Just so I can look back at all the pissed off gambling addicts behind me.,0.4999999999999999
I hate that shit eating grin of his. I just want to ........ ya know.,0.49999999999999994
West African Xenophobia are out of AFCON. It all ended in praise🙏,0.0
"I love Buck slyly saying ""we're not far from Disneyland...!"" as if he and Pat are going to bail on the game to go to Disneyland and we're just going to be listening to dead air",0.0
Or do you think he is incapable of holding this show in private without university assistance or something?,0.0
I play recklessly if I have enough food and booze on hand. Then you can murder and steal all you want,0.4999999999999999
*gets ignored for days* I swear I’m never texting this nigga again Him: *texts me* Me: *Responds in .3 seconds*,0.0
-Iggy has somehow gotten stuck in a hole in a wall her butt was completely exposed and she was unable to get herself free-“help.... I’ve been stuck here for 2 hours...”,0.0
Love riding shotgun! I feel that it gives the best perspective to be a side seat driver.,0.0
"Understand!!!, glabalization is dead, the world is not ready for this model, conditions of inequality are deeper than the idea to hold it...",0.49999999999999994
Right!!! I think all of us resisters and Dems should complete the poll and just take their junk over...🤣🤣🤣,0.0
"Holy shit my school did the exact same thing, same length of passing period too haha",0.0
This is so very sad. He was the best.,0.0
"That one song, yes. That’s what i saw on the gram. I’ll tag you in it😂",0.0
liberals are slaves to emotional politics and democrat politicians know this so well they've gamed the system so hard that we're all fucked,0.0
aye we'll all just go brasso for a couple of days then while you're away sunning yourself!,0.0
"Me, I’m the alumni that’s pissed.",0.0
"Has an afterburner option, so women can't steal the sperm in order to let you pay for her kids.",3.330669073875469e-16
The Tunisia players no dey hurt again? Mmoa,0.0
oh my god i looks like he put a sliver of blush on and it suits him better than it ever wud on me😭😭😭😭,0.0
"Good night, make it a good morning by sending me your money losers #findom #paypig #mistress #walletdrain #paypigswanted",0.4999999999999999
i think it’s time for you to put the juul down,0.0
thats horrifying as an adult let alone a 12 year old!,0.0
"nah i watched it, they give fake spoilers like saying dumb stuff about the characters like Thanos has a big peen and stuff.",0.4999999999999999
Do you agree that whites are not the most intelligent race by your own criteria then?,0.5
Of course. You are more than welcome. It is disgusting what people have to do to make sure this jerk doesn't make any money off of the albums.,0.0
Fucking idiot thinks this is lion king,0.5
Smoked a big blunt in ma’s car 🤷🏾‍♂️,0.0
From commies to fascists and anyone in between.,0.0
Y’all know DAMN well she got out that car by herself out of pure stubbornness,0.0
Kid Cudi’s hums could cure cancer,0.0
She’s awesume!! I shot with her once she super chill..,0.0
naughty sexy scene pics with Tiffany Rousso,0.49999999999999983
"""Thomie hit a homie"" -me chanting repeatedly as a 10 yr old rocking a Chief Wahoo shirt and an Indians fanny pack while holding onto my Slider stuffed toy for dear life. (Sidenote: this was way prior to moving to Texas &amp; becoming a die hard Astros fan)",0.0
i failed maths because of you.. bathong what more do you want Maodi 😒,0.0
have to bring one of the dogs at work to the vet cause he’s shitting blood shsjnsksj i’m nervous,0.0
It's a picture of people having heterosexual sex anon.,0.4999999999999999
give me a character and i’ll put if they rule or suck,0.4999999999999999
Where are they getting the money from 🤔,0.0
"WAIT, whose talking shit?",0.0
I know you ain’t gonna snitch 😄,0.0
this is the girl who’s marrying the guy who basically said she did/does everything for him like a slave.,0.4999999999999999
Check out what I just added to my closet on Poshmark: 💜Worthington gorgeous Animal Print blouse!💋. via @poshmarkapp #shopmycloset,0.0
THE CRIMEA VOTE IS NOT LEGAL AND HAS RUSSIAN SHENANNIGANS THEREFORE WE REFUSE TO ACCEPT IT AS LEGIT,0.0
Maybe @BDUTT @RanaAyyub @khanumarfa can get a bit educated about real #Lynchings and #Intolerence happening in India and then educate the dolts in @washingtonpost .,0.0
Lmao nigga said “you didint read the whole tweet”,0.4999999999999999
If the mother is a serial killer won’t her daughter subsequently be a serial killer? Like mother like daughter,0.4999999999999999
"Bigger club with a shitter team, manager, stadium and Fanbase.",0.0
"Remember that you are enough just the way you are! And if you’re having trouble remembering, just take a look at these adorable eeveelutions. All nine of them believe in you!",0.0
BIG Miami and BIG Orlando. Thank god not small orlando or Miami,0.0
Same but I’m a dude. Playing doom porn,0.49999999999999994
"Every time I see a Sophie Turner icon on the TL, they talking about Dany. Why not tweet about their damn make the north great again queen? Gots to be the most pathetic fans. like you won chick, celebrate that and stop obsessing over dany but they get it from their fave I guess😏",0.49999999999999994
Indeed. Costs way too damn much in Eugene because everyone is avoiding Portland's outrageous expense.,0.49999999999999994
Trump Shows his admiration for his co- sexual predator friend...,0.49999999999999994
there is a reason its illegal you shitstain mcdonalds employee,0.0
RT: tmj_nyc_health #MaiaReficco #Kallystas #GO #Sucker #JonasBrothers #KCAMexico,0.0
Can I do that even when she is sad n tired ?,0.0
He’s a pussy &amp; her man couldn’t even defend her..,0.5
I should go for a bike ride but damn I’m lazy 🤡,0.0
how in the fuck did I not know she was lesbian.,3.330669073875469e-16
Yeah I stopped in the middle of season 2. Cause it got boring...and homeboy big sister pissed me off since season 1.,0.0
People were gassing this man up too lmao,0.0
'Queen' is codeword for men being subservient to women. fck off srs,0.0
Lol my girl wouldn’t even send you bobs and vagine if you bought her premium,0.5
you lookin at me like you want another bitch to jump out of my face,0.4999999999999999
Aswear the whole world u two u mess up for this tweet under😂😂😂,0.0
🥰 - first impression: ur so mf pretty and intimidating - your nickname in my head: jes - closeness rating: 8/10 - do i like you: obviously - you are my: close oomf - to be honest: i’m glad u completed the mutual even with ur skinny ratio and that we started talking ily,0.0
is a legend and looks like he's having a blast. Love it 👍,0.0
So be happy Polacks are irrelevant. At least Russians fight for pragmatic gain. Poles would let the world burn and claim moral victory.,0.0
"How I met your mother, sofro com a lenda",0.0
"I don't think that's the relgion's fault. Humans suck in general. If we didn't, we wouldn't have so many laws telling us why it's not ok to rape and pillage.",0.0
Nah I’ll never buy a single nail from that shit hole again,0.0
You are so delusional. Just looking for something to hate. Very sad. I will pray for you.,0.5
"i agree i only like bernie rn. and immigrant kids are dying under his authority rn so i guess it’s balanced out, unfortunately",0.0
realise the woman was his special needs carer,0.0
SOME PEOPLE LIKE TO FUCK CORPSES DEAL WITH IT ~FckH8,0.0
wait till we get to two lanes bitch then it’s over,0.49999999999999994
"Six-year-old Yusra and her family in war-torn Yemen. She had an aggressive tumour in her left eye, but couldn’t get the life-saving treatment she needed. @wburema @OrlaGuerin @UNICEF_Yemen @UNICEF_uk",0.0
"no more regretting my true self, no more stupid threats from my brother. I'm gonna end it and finally feel good about myself for the first time in months",0.0
"Horrific !...the death of 50,000 Americans at the hands of illegals, that’s a lot of blood on your hands and the deep state ...full stop ..",0.4999999999999999
" example of the endemic sectarian violence Its okay to say ""Islamic terror attack""",0.0
Lol acting like u acc watch the show pipe down,0.0
People just flip flop on these degrees based on what's going to get them the most money and end up overwhelming these departments and shitting up job prospects.,0.0
this might have unintended effects somehow but i approve of improvements to The Discourse,0.0
People saying the Thunder here definitely don’t know shit about the NBA.,0.4999999999999999
i do it when there’s not a good convo there 🤷🏻‍♂️,0.0
Just ignorant at its finest 🤦🏾‍♀️,0.4999999999999999
"Hi subtony1074 Go and hobnob with the queen with the crop at FETISH.The FREE BDSM and FETISH sex dating site that offers real dates with kinksters you want to meet. … Spanking ,BDSM and bondage dressed in your nylons, knickers and sussies.",0.0
How do they make millions on child porn?,0.4999999999999999
No one: Me: I smashed a monitor hell yeah,0.0
Bloody it's even hard to celebrate...,0.49999999999999994
hell yeah but don't forget that other music by foster the people is also very good,0.0
Killing everyone is despite the hard-mode requirement,0.4999999999999999
no i mean the fact that they rent a floor full of high end brand is just endearing ITS HIGH END BRAND I REPEAT DUDE,0.0
"💯💯 no bs , Street niggas spokesman @bcmoneyman",0.0
This is why I say WTF the way I say WTF 😂,0.4999999999999999
Sordom and Gomorrah 🚶‍♂️🚶‍♂️,0.0
bruno_mars_-_nothin'_on_you.mp3,0.0
Openly wishing a mental illness on a child. Delightful.,0.4999999999999999
Basically,
wow! that dress is spectacular for it's potential to go form sweet and innocent to cum dripping minx,0.49999999999999994
"Guitar is a great hobby. Music in general, shit keeps you humble when you're learning to play a song on youtube from some 18 year old who started playing a year and a half ago.",0.0
🤣ohhhhhkay and now you’re talking about Kavanaugh. For some reason. That’s not suspicious at all 😂 SMH can’t wait until your generation dies off. Then we can finally start fixing all your bullshit.,0.0
Donald Trump's refusal to deal with the UK ambassador following the leak of his frank assessment of the US president's chaotic rule raises a big question: can the sides' much-vaunted 'special relationship' survive? @AFP digs through the diplomatic fallout,0.0
"What I mean is not only should you assert your ""Merry Christmas"" but have something that tells people if they celebrate Kwanzaa or Hanukkah and don't like you saying that: they can go to hell.",0.5
I dont think that there arent any transgender people because they are in the wrong body but if you denie something to be male or female then you cant make up genders. They are just thin air then.,0.0
I feel like regardless if the bride is 100% on board this is stupid and tacky af. Sorry friends none of y’all getting engaged on my day,0.49999999999999994
Disgusting #CaliforniaGovernment I'm happy we home schooled our daughter. Sad for those who don't or can't. A major voter overhaul of Calif Gov needs to take place ASAP.,0.0
"I call for eliminating AOC... if I see her, can I make a citizens arrest?",0.49999999999999983
"Of course not, especially when we live in a police and surveillance state And also, almost all gun nuts are hardcore bootlickers that wouldnt dream of raising their arms against an actually tyrannical government",0.0
Still can’t get enough of my 70s coin-op dancing circus clown machine. It brings me endless joy while subtly freaking me out. I’m very happy that I’m easy to please.,0.4999999999999999
"That guy creeped me out, ESP when he started talking walnuts and children!!!",0.0
"Awe, I was wondering myself but all is now known name about the fruit! (;",0.0
Black coffee read if you constipated,0.0
1999 might be the worst year I ever seen😂,0.0
"I’ll end my abrupt interruption by saying that Dan played devils advocate by asking the question. Mark replies with more of the bandwagon left wing script, and didn’t answer directly. I’ll no longer engage in any political conversation as I’m fucking bored of it now",0.4999999999999999
