SDB Feature,,apunim,pvalue,support
Age,1) Gen. X+,0.5647721454173067,4.2144432985295884e-13,271
Age,2) Millennial,0.3492312072892938,1.9669567234993404e-44,1886
Ethnicity,black,-0.04166666666666677,,4
Ethnicity,white,0.37740429505135387,7.40602361031343e-51,1896
Gender,man,0.4695298573975044,3.0793435372807578e-55,1439
Gender,woman,0.29084951337604537,1.5213366969044749e-18,877
