SDB Feature,,apunim,pvalue,support
Age,1) Gen. X+,0.066036699263817,0.5817772258480922,271
Age,2) Millennial,-0.006760928601686964,0.7773857663147187,1886
Ethnicity,black,-0.04166666666666677,,4
Ethnicity,white,0.0004255194303050144,0.9670283217783191,1896
Gender,man,0.09068736510905435,0.000319729741891004,1439
Gender,woman,-0.24415461838774744,1.4070693791254935e-13,877
