SDB Feature,,apunim,pvalue,support
Age,1) Gen. X+,0.13722492218642504,0.11589699532056551,122
Age,2) Millennial,-0.11880482700271627,0.13849722035703396,123
Ethnicity,black,-0.13636363636363652,,4
Ethnicity,white,0.19038745743108668,,8
Gender,man,0.26627330436113966,2.0773422155915984e-13,395
Gender,woman,-0.4636954197845574,1.7962632640050113e-28,390
