comment,inherent_polarization
" Teacher shows a video of some Black ""speaker"" who basically says ""Yea 1/3 of black males are in some form of the prison system",0.0
"""...Only Russian people...\""",0.0
"""HOLY SHIT THESE GUYS ARE HEROES LONG LIVE FREEDOM\""",0.49999999999999944
"""He had cleared up the etymological problem and shown why the Templars should have given the name Baphomet to their so-called idol. Baphomet was Father Mithras",0.0
"""Teach me to try to be a good guy"" The CB knows hes being a dick, sad thing is is that it must work sometimes:/",0.0
"""They could. "" Quit with your fear porn tactics, you do nothing POS",0.0
"""This magazine is sexist towards women! It shows a women on the front cover who has cleavage.\""",0.0
"""Very tactical. Just that it shows your sweet ass and is distracting on enemies tactically is all I'm saying.""",0.0
"""You get half of your allosomes from your mother and half from your father. Since females are XX",0.49999999999999944
"""[twitter trolls] goes to show violence against black bodies is so normalized",0.0
#ArmyMeansFamily #BTS Did you know BTS BTS is my light BTS is my love BTS is my world And BTS is my everything in this universe Ilove you bangtan,0.0
#DistractionBecky has to be the best burn ever inflicted! LOL ❤️👏🏻👏🏻👏🏻👏🏻👏🏻👏🏻💪🏻,0.0
#JeremyVine what has this would come to - vegan fish and chips is not Fish and chips - why not call it something strange and chips !! 🐟🐟🐟🐟🐟🐟🍟🍟🍟🍟,0.0
#NGARSA and they delivered 🇳🇬🇳🇬🇳🇬🇳🇬,0.0
#NowPlaying Love Gun (FRA-2017) Tess,0.0
"#Privilege narrative is a false narrative that only succeeds in dividing people in a democracy, and undermining/distracting from the ongoing struggle for #civilrights to be applied universally for all. At this point the use of the term ""privilege"" is becoming an idiot test.",0.0
"#STND Grim story of marriage strife, an affair and rape unfolds",0.0
#Trump's crying. Boo-Hoo! The UK Ambassador Said something not nice about him. Boo-Hoo! Trump like flatters &amp; people who lie to him about how great he is. Yuks! I wonder if he complained the Queen &amp; if she laughed. Trump's crying: Boo-Hoo!,0.0
#UNDERWOOD 21 (#Olivetti Studio) #Typewriter. Blue Metal Body #Manual Typewriter. QWERTY Keyboard. #Working #Portable Typewriter. #Vintage #Machine #Stylish #officedesign #Rare #Collectible,0.0
"#bettorrundown Tim cashes futures Donkey show ⚽️ More free-play=More bettor. Slot Promo⚽️ Shut-up &amp; Bet. @netimegambling Great conversation, got lost in it. hookers 2:1 comps. 7 royals. 400,000 &amp; 3 Unknown. Longer=More Bettor. Thank God the World Cup is over. Early=Do Bettor",0.0
#tuesdayselfie @EthanDolan @GraysonDolan kinda wanna delete these,0.0
"(I'm not even sure that this is a left-made effigy, but still using it as a talking point). That's the thing I hate the most about the left, communists, or whatever the correct term is for their kind/party/inclination. In the past, they could have always argued that they had a legit gripe with their age-old admin/USA Puppet perspective. We legitimately had close ties with the USA in the past anyway. No arguing there, even if the value of the relationship itself could have been debatable. With everything that's been going on now, the left has shown that they're at least as willfully BLIND as their opponents when they continue to spout the admin+US bullshit. On a brighter note: one good thing is that China is finally included in this effigy. That was the second thing that these groups have been traditionally blind to (China = commies, we're commies, china == friends). If leftist groups did this, then hopefully it's a good start.",0.0
"(Perhaps) Stan wouldn't punch him, The Jewish boy love him too (much).",0.0
"(for sure NSFW) *Friends sisters little virgin ass filled with my cum on snap* ^40,816,881 ^Views ^76% ^Rating &amp;nbsp; ^| ^| ^I'm ^a ^bot ^| ^-1 ^voting ^for ^removal ^| ^last ^update ^2019-03-15",0.0
(keep your nose clean and STFU) nah,0.0
"**at restaurant** Me : [ ah yes, can i get table for one? ] Waiter : [ just for one? ] Me : [ yes just me ] Waiter : [ okay sir, your table will be at the ba k of our store ] Me : [ but..thats a parking lot ] Waiter : [ exactly...suck it up ]",0.0
*nothing (damn auto correct),0.0
"*you miss your shots, as expected from anti Pun scum* *i pull out an rpg and destroy the car* *i unload MY pistol into your direction*",0.0
......and McPherson of course,0.0
......that looks so strange,0.0
"/u/Vindex101 Still dunno what THAT part of Vivid Strike is, but in [episode 1](/s ""nearly the whole squad from Vivid gave our new girl the yuri hazing of her fucking life as an introduction""), and at the end of [episode 3](/s ""the contender for a space MMA championship title just choked slammed her childhood friend in a hallway while half a dozen other highly trained fighters including the champion herself sat and watched, and then the other girl checked her right back for it""), so if I'm not yet at THAT part, then THAT part must be fucking _awesome._",0.0
1. Border invasion Emergency. Anything else... Mosquitos... Chick fil a closed on Sundays... This.,0.0
100% True Story....NINJA SKILL EXTREME ACTIVATE!!! ⚔️👊⚔️👊⚔️🖕🕷️🕸️ #spiderweb #spider NOT MY #frontdoor #asshole #ninja #lostit #smh 😈,0.0
17. Which assumes I am racist in the first place. Which is hilarious inaccurate for reasons I won't go into.,0.0
"20 or 30 years is not \""short term\"" and businesses realize that soon immigrants will start asking for more benefits and pay and create a situation that will bleed them dry. ",0.0
22M’s 🤯🤯 GAHDAMNN and that dont even include all the ppl who reposted the vid and shit like that,0.0
76 is not Fallout 76 is a bad joke in form of a game And Bethesda is already shitting all over Fallout lore so....,0.0
8. Only with your bare hands? I bet you can only do handjobs,0.0
98 mph first serve on fh and he dumps it into the net.,0.0
A #hashtag or two would probably reach more of the people,0.0
A Hung Tgirl with a nice booty to eat is all I need right now!,0.0
A crazy bitch on the bus doing fucked up shit doesn't mean all women are like that. And it certainly doesn't mean men are oppressed.,0.0
A girlfriend isn't just a hole for you to put your willy in,0.0
A liberated woman is one who has sex before marriage and a job after. ~Gloria Steinem #quote,0.0
A man said if I’ve got a bf why am I wearing air forces 🤣,0.0
A rare example of its usage by a NSDAP member can be taken from a 1931 work by Joseph Goebbels called The Nazi-Sozi: Questions and Answers for National Socialists. Since the rise of Cultural Marxism the term has been used as a broad Europhobic epithet,0.0
A very high probability that I will have to drive 98% of the way to portland tomorrow and I really don't want to. goddammit...,0.0
"ABC,CBS,NBC! Are Traitors To The American Republic! For Not Showing The 4th Of July Parade And Other Activities Showing How Great America Really is! Plus Haters Of Our POTUSA Trump! Friggen Blood Thirsty Bolsheviks Are What They Are! POTUSA Trump is MAGA! What Is wrong With That?",0.0
AD Malz was God Tier sleeper op. I had perfected my build and strats right before the mage rework. Fuckking riot games..... Just when my teams started listening to my playstyle started giving my four 400+ AD voidlings peel. We would melt everyone,0.0
AOC hates America . She said she did t care about our veterans not fallen soldiers . I had people who had family in the military who died and they cried just hearing AOC speak. She needs to #RESIGN,0.0
ARRRRRRRRRRRIIIIIIIIIIIIIIIIIIIIP!!!,0.0
Absolutely under pressure middle order failed miserably...#CWC19,0.0
"Aelia Capitolina existed BEFORE Hadrian as did the temple of Jupiter on the \""Temple Mount\"" aka Jove (Jo-ve.... Yahweh... same fucking word). Josephus lied. He said the entire city was raised to the ground. There is no archeological evidence of this. The \""Western Wall\"" was never part of a temple",0.0
"Agree'd buddy, I hope more people think like this and just don't vocalize it compared to the loud portion of miserable people projecting others and labeling everyone when they clearly don't have a good grasp on themselves. Its just not cool to be nice too people right now. The cool thing is to deliberately shit on people with intent and no sarcasm or humor. Just serious vile accusations that I bet 99% of them don't even care about after they type it out... I left facebook for the exact reason you said. People I know had 2 personas, 1 for online and 1 for in person. I didn't like the online personas of any of them so I quit. I gotta quit reddit at some point, alot of the time it does nothing good in my opinion. Just creates more strife with no purpose. Dumb.",0.0
"Ah and here I was thinking cross hatching was a piece of sht no one used, ggs",0.0
"Ah, I get it now. Walked right into that one - that's some fine trolling you're doing.",0.0
"Ahh you must be referring to dancing jimmy, yeah he’s dead.",0.0
"Ahh, so you’re a lovely blend of climate science denial and looney conspiracy theory. The inside of your head must be a wonderland of implausibility.",0.0
Ajit I can honestly say absolutely no one in England gives a shit if you’re not supporting England anymore 👍,0.0
Alcohol right up there with cigs. Another socially acceptable drug. Ill sign up to get rid of that.,0.0
All my situations be so toxic when u find the perfect person for u and life isn’t fair that shit hurts. So u just gotta throw the whole friendship away 😪,0.0
All that only applies if you consider getting pregnant to be harmful. The way you talk about it makes it sound like a guy just gave you cancer with his dick,0.0
All the South Africans on my TL data don finish,0.0
All you need is that good ass blanket on tha bottom,0.0
Alright I used to absolutely hate my hair in ponytails cause I thought I looked like a boy and I probably did but now I dig it.,0.0
"Also LOL @ \""committed same-sex relationship\"". That's like what...0.001% of same-sex relationships?",0.0
"Also the transportation and health care both free , and from time to time they give you double your salary as gift , while obama said iraq war was for oil and Afghanistan was for marijuana",0.0
Also this kind of shit is why the Hispanic label should be abolished and people shouldn't be allowed to pick more than one race. When you force everyone to pick one without additions close to 75% of the population of America would pick white. SJWs are only winning because they're dividing potentially white people against one another by breaking up the monolithic white majority into manageable pieces.,0.0
Always two there are no more no less...,0.0
Always watching your back! 😂 Miss you my fat distant work wife,0.0
Always wondered why train tickets cost so much to London... Now i know :D,0.0
"Amanda NeverTrump-ing as always, it's like a mental illness with you guys at this point",0.0
Amber wants to cuss him OUT! #LoveIsland,0.0
"America hates gingers. First Walker, now Jeremiah.",0.0
Amy is a wierd name for a guy but whatever... are you a Democrat?,0.0
And also Mostly Indonesia against the law to protect women such like “marital rape” 🙄🙄🙄🙄,0.0
And it makes you watch a significant portion of that despite that it was only 8 episodes ago.,0.0
"And then there is the disparity between how #Assange is being treated and the vile, human trafficking, pedo Epstein!",0.0
"And trying to \""control\"" sub-humans is pointless as any human should be focused on their total eradication.",0.0
And you can't buy them ...,0.0
"And you just LIED, you don't know what was already wrong with that man!!,coming from wherever,coming through whatever,him like some of the others, were &amp; are already sick when they come here !!!",0.0
And you know what? I hope they keep making bad decisions. Screw the Hawks.,0.0
And you sir are a bully of magnitude proportions. Your name calling shows you have the emotional intelligence of a 5 year old. P.S. your (current) wife’s cause is to stop cyber bullying. Get on board! #MelaniaTrump,0.0
Angry Kike is crying on Jewtube,0.0
Another denier in the black community.,0.0
Another journalist in court over course in Germany,0.0
Another set of neon leopards for my bestie off on a hen do! @Gelish Passion and Look At You Pink-Achu! • #nailappointment #nailart #nailinspo #nails #nailtech #mobilenailtech #gelmani #gelnails #gels #nailharmony #makethemgelish #gelish #gogelish #harmonyarmy #nailart,0.0
Are you gonna write a big mean and scary letter? Ooohhhhh....lots of words. That ought to show them! You need to pass the torch to someone who gets shit done. #ImpeachmentInquiryNow,0.0
"Are you jealous because you can't get pussy? Don't worry, puberty will hit soon.",0.0
Aren't you the same one who kept people longer in jail than they had to be because you like slave labor?,0.0
As a white girl I have nothing against WM/AF. In fact I'm barely even aware it exists. I never really notice. But it does get me that these Asian girls are basically coolie scabs who will work under the worst conditions. So they lower the standards for all women. Asian girls don't mind being China doll whores. I mean they basically are a race of prostitutes. No offense or anything,0.0
"As an actual ""encrypted"" comm? So annoying. PGP can be useful for out-of-band authentication/begin-of-comunication and then switch to signal.",0.0
At least my theoretical backyard has a pool,0.0
August 15 to be exactly ☝🏻,0.0
Awesome. I’m sure I’ll get sucked in very quickly.,0.0
Ay I know this is an old ass comment but look up meditate by earthgang featuring JID. You won’t be disappointed.,0.0
Baekhyun got a dispatch photoshoot honey I’ll get you out of there,0.0
Bang on! You hammered ‘em down into bits and pieces!,0.0
Basically blacks inherited a wealthy city hoping to suck it dry,0.0
"Basically your entire argument for weed is based on a stereotype of what weed smokers are and saying ""fuck hippies""?",0.0
Because he or his lawyers said so? How about affidavit from a 13-year-old who talked about how Epstein procured her for Trump. Trump bragged about assaulting women and walking in on teenagers changing clothes. Said he'd be dating a 10-year-old in a few years. I'm sick of this.,0.0
Bench players talking like starters I hate it,0.0
Big moves are happening with Northern Ireland and abortion law as of a few hours ago:,0.0
Birds of a feather flock together 😡#EpsteinIsTrumpsBFF,0.0
Bitches be really pressed of me lol like wow I didn’t know I was admired by my fans like that,0.0
Black men treat spanish women like trophy’s .. especially hustlers,0.0
Botanical gardens are always a good idea,0.0
"British guys really be wearing above the knee jeans shorts, you really hate to see it",0.0
Bruh gtfo of here with that 😂 that was debunked already go find that don’t come to me with gossip you found in the internet this ain’t grade school,0.0
But a power line goofy movie crossover would be dope,0.0
"But fine go on being that simple minded child. Try your best to meek out a painful existence living in your own depravity. You're only excuse being \""But",0.0
"But not beneath Dan, because he really loves drinking pissy lemonade.",0.0
"But now, they have 9.4M followers. 🤟😭",0.0
"But the Jews are actually the \""real Nazis",0.0
By the time we were 13 my friends &amp; I had been catcalled by grown men. We had more than one make disgusting remarks about us &amp; our age. This is NOT okay. It is not NORMAL. We were not “underaged women”. We were children. These types of men are disgusting. #protectourgirls,0.0
"CAPITALISM, in this era??? What a scandal! I'd rather make a skin for a champ with 100 sure buyers than a champ with 10 buyers. OBVIOUSLY.",0.0
COMES,0.0
CU Nursing is making changes to the way it teaches nurses. Lawmakers and university administrators have highlighted the seriousness of mental health issues and the College plans a rollout of a new curriculum this fall. See what’s behind it. #CUNursing,0.0
Camaroonian child soldier.,0.0
Came across your stream a while ago. And was like holy fuck this dudes cracked. Then you blew up. And that’s great.,0.0
Can someone pls help my future husband find his way to my heart already? 🥺,0.0
Can't believe y'all arguing with niggas who don't have any facial hair. Couldn't be me.,0.0
"Child rape isn't something to laugh about, but please continue showing the world the disgusting nature of trumpers.",0.0
Christianity is a journey of figuring out how to love the world. #grumpypastor,0.0
Citation needed. He came up with his theory following his astronomical observations; he didn't just pull it out of his backside.,0.0
City girls are mostly girls that were kicked out from the country for their harmful activities that could influence the other girls,0.0
"Clicked on this and wondered if someone would do the token ""you dorks like digital buTt lol."" Figured nah, not here. Sorry to say it, m'guy, but in my experience it's the dudes who come in swinging this stuff who tend to be transferring a bit of insecurity themselves. Like you didn't play Mortal Kombat back in the day and appreciate the ladies out fighting in their suntanning kit, come on, be real for a second lol.",0.0
Community groups raising money to pay court fines and fees for former felons so they can register to vote in Florida -,0.0
Completed Black Legion Dark Apostle and Dark Disciples 😊 #siegestudios #warhammer #warmongers #40k,0.0
Completely irrelevant to the point,0.4999999999999999
"Constantly saying your ugly to boys your interested in trying to get compliments, honestly you could be the hottest girl ever and this will turn me immediately off.",0.0
Cries about being small..says he will fight anyone Anyone obliges and......u guessed it...He was 3 times my size hahah,0.0
Cuckold Joseph?,0.0
"DONT THINK I WOULD FORGET YOU, @russelbuck! The time we spent together was MAGICAL as hell, you're so fucking sweet and you've got such a magnetic personality with an infectious smile, playing rockband with you and just chatting was amazing! I'm glad I FINALLY got to buy your CD!",0.0
Damm I wish it was my dick👅👅👅👅👅👅👅👅🍆,0.0
Damn I forgot she snuck up on Jon in that same spot too!,0.0
Damn I forgot to leave my AC on 🥵,0.0
Damn I laughed way to hard at my last tweet 😂😂,0.0
Damn anybody up 👀 let’s get high,0.0
"Damn baby, your stunning. I walk you anywhere",0.0
Damn lol and people were saying he flopped,0.0
Damn that kid upped his ignorant insults at the end.,0.0
Damn! Now that's a read Ayanna but then she deserve it,0.0
Damn! The curves on this one!,0.0
Dear mr Cleese tone it down to a level we mere mortals can understand and you will get a better response to your rant s .ps big fan,0.0
"Definitely not scared to fly tomorrow, I mean what’s the worst that could happen? 🤷🏻‍♀️ (IT COULD FALL CRASH AND WE COULD ALL DIE, THAT’S WHAT🤦🏻‍♀️)",0.0
Demo Team B 0 - 2 Demo Team A 90:00: The final whistle has blown!,0.0
Did that white box just made fun of the blue box that had man-in-cock?,0.0
Did you miss your bf when he was in jail for curb stomping that black guy?,0.0
"Didn't see a singsong Lots of resistance, through Rather shallow propaganda from you",0.0
Didn’t Tlaib vote against funding to help those children at the border? Hypocrite,0.0
Disgusting women are not objects to be ogled my rich white entitled men! #DumpPervertWhiteHouse,0.0
"Do it. For yourself at the very least and have fun with it. Also gives you more opportunities to learn about music styles, choices, etc. through research. Like when one song has a beat that calls back to an old song that tells more to the story.",0.0
Do you know how to use Google? It's wicked useful for that kind of thing.,0.0
Do you not see how this convo is going ???? They ain’t gonna want our crazy asses there 😂,0.0
Do you want to go to the titty twister ?,0.0
Doggo is not impressed,0.0
Don't Jews mutilate their children all the time and yet you celebrate them and invite them on your show like that hag Laura Loomer.,0.0
Don't blame you I packed in a few years ago now and went to the odd game since but definitely not going back until this guy has gone.,0.0
Don’t let @NoFridayy fool y’all he is a BARB at heart and is delusional for his STANmembership of the Queen @NICKIMINAJ . 🤪,0.0
Don’t make fun of me but either careless whisper or tiny dancer,0.0
"Don’t need a gun, just a pair of balls.",0.0
"Don’t talk rubbish! He only did his job, which is to report, confidentially, to the Govt, with his views on the Trump admin - views borne out by what many others have said. And confirmed by Trump’s appalling, infantile response. Blame the treasonous Daily Mail for the leak!",0.0
"Dudes under 6’2 have toddler bodies? C’mon devil dog, you’re better than that",0.0
EPA's new public records rule lets Trump administration pollute in private,0.0
Easily just gained another 100k followers from that little load of shite we just watched,0.0
Ehhh why are you crying? #LoveIsland,0.0
"Even if i wanted to believe in that.. Those photos of them together seem staged. And, besides they've had dating rumors for years now, and they are dating now all of the sodden when they've just released a song together... It makes me believe this is a pr",0.0
"Every time I have been to a GP or A and E they always use Google and medscape, right in front of me, so how is it not ok for us to work things out too?",0.0
"Everybody is trying to be on my research committee. Bring y’all ass, we about to make history. Just know ya name gonna be in the smallest print.",0.0
Exactly. And then you ignored me and didn’t come. So you flaked. You’re a flake. A flake from Salt Lake.,0.0
"Excuse me sir, I'm not the one who's trying to call someone who was there a liar",0.0
FAIL: deflection isn't a valid rebuttal.,0.0
FUCK THAT! I want my black genes to be so god damn diluted that by the third generation its just a white guy with a 70s looking fro.,0.0
"FUCK the refs! Missed our And-1, and BS calls on the other side!",0.0
FYI: Those big black eyes on alien greys aren't they're eyes,0.49999999999999944
Facebook Censorship’s Thanks Ordered 3.5 Million Extra FEMA Camps Coffins ⚰️ Damn FuckUps At SeeYa Florida All The Way To Texas Found HomeBoy Deader Door Nail At International Airport He Tested JY384 Ends DumbAsses Overseas,0.0
Fact: None of these differences in privilege really matter all that much. Oh,0.0
Fair enough if you didn't know. Sorry for being a dick about it.,0.0
"Falling so hard for this girl. Always making my mornings great, my whole ass days great &amp; nights.. I never felt this kinda love in my life 💗",0.0
Feed your soul. Waterfall Glen Soap Company #vegansoap #naturalcosmetics #buylocalchicago #bulgariangirls #waterfallglen #bulgariangirl #balkanbeauty,0.0
"Feel free to send boobies. Many thanks, Xx_NoobSlayer_xX",0.0
Feeling empty inside and not hearing ily from someone you wanna hear it from sucks,0.0
"Feeling like crap is one thing but looking like it too, now that just sucks🤢😫",0.0
"Fetish Fantasy Series Perfect Touch Vibrating Pussy Pump via @YouTube Our ""Deal of the Day""",0.0
Fie channeled Blublanc oh my,0.0
"Finals let’s get it 🤑 Playing Lazy, And Toonki and a shitter",0.0
"First I wanna say, I appreciate your efforts to try and help guys like me. And these are nice maxims to believe in. I want to believe in them. &amp;#x200B; HOWEVER... I saw the original post, and it's really telling that you had to take out the part about women who date/validate ""womanizing, arrogant, rude, yet physically attractive"" men. And how that's not the best thing to do. To date men like that and validate thinking like that. I thought that was a fair point to make, in fact that's kinda at the core of the incel ethic. But somehow that's too controversial a viewpoint to preach. &amp;#x200B; And that's why we're angry. Because we're saying ""We thought being a womanizing jerk was bad and that people who support that shouldn't do that!"" And in response, the world says ""Shut up incel, you're just entitled."" We're confused at a world that, at face value, claims to be about the content of your character, where all you have to do is be yourself and be decent and the right people will gravitate towards you, but any time we point out a jerk who gets ahead, we're accused of being the jerks and that the jerks we've fingered have done nothing wrong.",0.0
"First, deal with oral dysbiosis. Second, deal with oral dysbiosis. Third .....",0.0
"Flopped harder than Rihanna after your buddy Chris Brown smashed her face into the steering wheel, amirite?",0.0
"For real cuz I know how hurt you feel when someone you're not even in love does you wrong in some way so I can't even imagine how that shit must feel if someone you're truly in love with does it, OMG just thinking about that shit got me shook😩",0.0
Free sex #blowjob #xxx #porn #sex #hot #fuck #teen,0.0
"French star, Antoine Griezmann is walking on a tight rope after Atletico Madrid issued a press statement, alleging breach of contractual obligations from the player's end.",0.0
From the pictures they look good as hell but I never went cause of the pricing and five guys was legit closer. But shit ima make that trip for one now.,0.0
Fuck everything,0.0
"Fuck me, you really don't like women do you?",0.0
Fukin rudeboy episode so far tho init,0.0
Funny shit that a study lately show that most germans do not give shit about their own history.,0.0
G a s p. ❛ Sorry— sorry! Don’t be scared! ❜,0.0
"Gee Oedipus, gouging out your eyes so you can’t see doesn’t mean you didn’t just get nasty with mother. It just means you aren’t man enough to look at what you’ve done.",0.0
Geeze . Who can keep up with these abusers.,0.0
"Get lost ..... Why not since last 4.5 years?? On other hand ji already installed more than 200 CCTVs in his constituency, that too within 30 days of his election Shame on u.... U people only act on social media for publicity, ZERO on ground",0.0
Getting a lil sick out of nowhere &lt;&lt;&lt;&lt;,0.0
Getting shot,0.0
Give me all my mf shoe money😂,0.0
Glad to see you would rather have a dead child over an effeminate one.,0.0
Go worship your jewish zombie on a stick and be done with it. I'm sick of those christians calling themselves nationalists.,0.0
Goddamn that is a great observation. This is almost Milton Friedman word for word.,0.0
Goddamn thats gotta be heartbreaking for him.,0.0
Going to be a tough reality when all those trump supporters with preexisting conditions realize their Fuhrer has again screwed them (and America) over.,0.0
Got burned so hard on El Pollo Loco ER. Want to die.,0.0
Gotta look after the afflicted 😂,0.0
"Great game for the neutral. Bit of a gut-kick for us. We played well and were shafted, yet again, by a couple of dodgy refereeing decisions. VAR can't come soon enough.",0.0
Group Tries Again on Petition for Gun Sale Background Checks,0.0
HOLY SHIT! Amazing progress,0.0
"HUGE ANNOUNCEMENT! Talk Me Into is on Patreon. Ton of exclusive content for supporters of the show is coming. If you feel so inclined, become a patron of TMI at",0.0
"Happy Birthday Bon!! My favorite tracks from him are High Voltage, Dirty Deeds, Let There Be Rock, Rock 'N' Roll Damnation, Kicked In The Teeth, and Highway To Hell 🤘🏻🤘🏻",0.0
Harry Tuttle? I think not. Tom Stoppard would cheerfully punch this idiot in the bollocks.,0.0
Has our raping of Africa caused them to sometimes rely on trophy hunters to fund their wild life reserves? Is there a better way? Charity etc. What are your thoughts on and his approach? I presume you are not busy tonight to answer these questions.,0.0
Has your jealousy made it into your masturbation fantasies yet? Do you pull on your penis while thinking about what might have been? If only. If only you weren't such a sad,0.0
Have fags never thought that MAYBE this is their test in life? That some people are tested to see if they can be celibate or not? That some people are tested with money,0.0
Having hoes in 2019 is not as fun as it was in 2014 ... I blame city girls that stallion mf n whoever else 🤷🏾‍♂️,0.0
He also slept with either your girlfriend or wife 😂,0.0
He banna. He vhanna. Bathong. Yhoo hai hai. What's fucking happening in this country. Yhoo. Hai,0.0
He can though more like Jesus can never win the Champions league lol,0.0
He is banned from the USA.,0.0
He looks like that baby dinosaur on that 90’s show ... About a family of dinosaurs. He also looks like hot-garbage.,0.0
"He made a nurse stab some guys with a fucking pen, that has to count",0.0
He still just sits in the room all day smoking weed doing nothing,0.0
He was. Reports on the state of governments was what they used to do. Before we seceded sovereignty to Trump Said we were to weak to stand alone Proof shown.🤦‍♀️,0.0
"Headcanon: Crowley is a Jamiroquai fan: all flights for the Moon, Mars, Jupiter &amp; the outer galaxies of Alpha Centauri shuttle departs, 2.56 seconds I’m holding heaven in my hands It’s automatic baby, and it feels good",0.0
Here’s the can be proud that Islam is terrorizing the globe ever since the times of paedophile 😂,0.0
Hey darling! Anyone can buy my nudes and videos! Only cheap price darling! Dm me now. Dont hesitate! Dont forget to follow and retweet! #cumtribute #cumslut #teen #sex #porn #sexy #nyc #horny #snapchatslut #video #pics #dm #cumwhore #ass #tits #booty #sex #sexy #boobs #Paypal,0.0
Hey dog I see you everyday on t.v. love you man,0.0
Hey im 5'9 and i never behaved like that,0.0
He’s been accused of raping one of Epstein’s girls himself,0.0
"Hi welcome to my twitter page, i like to post relatable but also depressing shit about my life. Enjoy ☺",0.0
Holy shit. She really likes me and trust me. God bless 🙏,0.0
Holy toxic he calling u kid but he acting like a kid 😂,0.0
"Home Depot is where you go to buy homes, right? #BoycottHomeDepot should really take a bite out of white people being able to buy homes.",0.0
Horny men are ruining the economy,0.0
How come I suck so bad at racing games wtf.,0.0
How could you @troyhunt ?!,0.0
How low can this Nishant Verma stoop Arnab teared him apart by saying him the slave of Vadra and Rahul but this shameless still debates with his shameless irritating tune shame on such liyals of fake gjandhis.,0.0
How much did whining about that handbag help society? As if the average american can even afford to spend$26k on a CAR let alone a stupid handbag,0.0
How the fuck is that supposed to solve any problems with rampant unemployment due to technology? That's going to be a cause of rampant unemployment due to technology.,0.0
"How young was She, Alan? Damn, no wonder Democrats stick together like glue! Are you a right or left nostril guy?",0.0
Hows it feel knowing your kind is not only being wiped out by society finally having enough of your shit..,0.0
I DONT THINK IM MENTALLY READY FOR THIS ANNOUNCEMENT!!!!,0.0
"I WANT TO THROW MYSELF AWAY, THIS IS SO DAMN CUTE",0.0
I am tits deep in background research. I have two characters I’m trying to write for today.,0.0
I am very glad he is okay and that you were able to take him to a vet. I hope he recovers well. The other post sounded like your dad wouldn’t let them have any vet care at all (though it’s still awful he couldn’t go right away). Please get them fixed ASAP! Have you had the others checked for this same parasite?,0.0
I bit the crap out of my tongue today 😖,0.0
I called my doctor today he told me I wasn’t allowed to do shit I was doing all week 🤦🏽‍♀️,0.0
"I can hear this gif, @geraldocortes. 😏",0.0
I can’t fucking wait for Midsommar I haven’t been this excited for a film since Roma,0.0
"I do think there is a line between ""Tax the rich"" and Fully Automated Luxury Gay Space Communism with a tiny pinch of Genocide. It is not like you are taking ALL their money with taxes, just a tiny bit more to pay the poor teachers...",0.0
I don't feel like going into detail about banking or finance though so I am going to stop there. I am sure I am missing something but this is already long as fuck.,0.0
"I don't hate a lot of people just this girl from high school, one of my friend's girlfriend, one of my ex boyfriend's brother's girlfriend, this couple on instagram I don't know but has a go fund me page for their vacation...AND LUKE P #theBachelorette",0.0
I don't want to alienate people based on their lineage. I would rather focus on the ways in which MM today hurts minorities w. his policies/words/actions. There are good ppl descended from slave owners and bad ppl descended from abolitionists. This is a harmful distraction.,0.0
I don’t do any of those things and am not an imbecile having run a business worth $50m with an annual turnover of $20m. What have you done?,0.0
"I don’t have a dick, I’m just a regular female who enjoys dick pics...",0.0
"I don’t wanna see anyone talking about Bey’s voice acting when Donald’s voice on Can You Feel The Love Tonight was the way it was. Now when we dragged him for it, y’all were crying saying he’s not a vocalist, but cant give my good sis a pass for something shes deadass not bad at?",0.0
"I expect to also vote for nominee as I always have but if it is a sure loser, it will be discouraging.",0.0
I feel like I can become a badder bitch 🤔,0.0
I feel sorry for you guys all you see is angry me 😥,0.0
I find it amazing how the opinion someone has of a person could change so drastically. How selfish someone can be to go to suck lengths to belittle someone...apologies for the mini rant,0.0
I fucking love subliminal messaging via old fashioned newspaper pagination this is the greatest,0.0
"I get this all the time. My reply is thanks for the compliment but I've been doing this for over a decade. In my head I'm like ""Would you rather I drink and smoke heavily and work with chemicals and sleep on my face?"" (Line from the Janitor on Scrubs)",0.0
I got 2 years left time need to slow tf down😭,0.0
I had JUST started it when they took it down. I had only gotten through episode 1. Now I'm watching it on Hulu which is okay enough but the commercials are fricking obnoxious.,0.0
I hate it when my girl can’t come over and smoke cus her square ass boyfriend is being clingy again😪,0.0
I hate this place,0.0
"I hated to do it but the short porch in Cleve combined with the amount of training I figured Joc probably did to “try and win this damn thang, bruh!” {I imagine that’s probably how he said it}",0.0
I have good veins they said. Something only a prick would say. 💉,0.0
I havent seen her say that but I don't see her doing BG porn,0.0
"I honestly fucking knew it, not surprised",0.0
I hope that they are African books and not USA cast-offs.,0.0
I hope your not one the bitch in charge is upset with. But if you are good.,0.0
I just got done fucking her and am now back in my hotel room.,0.0
I just want to talk to these crooks real quick. ..... igotcashonsightlmkforthelowlowapplemerch.,0.0
I know it makes arabs feel better when they talk about their loot and pillage of persian empire,0.0
I know right 🥺 id kill for those socks,0.0
I lied to myself for a year or so thinking the Joey Dosik version was the best version of this but this nigga floated,0.0
I like how you just ignored this entire post chain to start attacking me on stemcells.,0.0
"I like your piece, and I appreciate the message. Everyone is a person, and deserves to be treated as such. Sorry you had a garbage response to your art.",0.0
I live in California. I’ve lived in California my entire life. I can unequivocally tell you that: (1) Nobody has said “he’s right” when it comes to Forest Management; (2) Nobody listens to trump about anything; (3) is a Supreme #AssClown. #BringAHoe,0.5
I look forward to it honestly. Cynical as it is it's gonna take something dumb and shallow like the Olympics being overrun to finally have some important conversations.,0.0
I meaaaaaan 90% of this sub is fake shit and people trolling. I think he vets his sources more for his Patreon because he’s been pretty spot on for months (it’s also a paid subscription),0.0
I mean I sometimes wear sexy undies on just a regular day when no one is going to see them. Major confidence booster 🤷‍♀️.,0.0
I mean I’m not going say I’m surprised but it’s always wild to see a nigga you grew up round go that way,0.0
I need three hours of Jim Cornette and Rip Rogers yelling about things they hate.,0.0
I once tried one particular blend from Bystro that blew my mind. Haven't found it again ever since,0.0
"I prayed for him to miss wide, and it worked occasionally.",0.0
I said my parents were dead when I applied. They are still dead.,0.0
I said that it was very like jews/Israelis to glorify murderers who killed United Nations diplomats that had even rescued hundreds of jews over the course of their life.,0.0
I saw fox and it was an immediate lie,0.0
I seen shit in my days but not like this 🤢🤮🤮🤮,0.0
I seriously can not wait to see you and be with you!!!!,0.0
"I showed up in a dress with curled hair/makeup he was in a mismatched.. bad.. outfit because he “needed to do laundry”, ate off my plate w/o asking, asked for a box after I insisted I was gonna finish, and gave me a borderline noogie. .. 🥰",0.0
I smile at their flirting and advances. Then I brush them off. Makes me feel so good to turn them down. I go home to my cute asian gf and feel happy that I have someone who values me for who I am not what I have.,0.0
I taught you some shit🤦🏽‍♀️,0.0
"I tell folks all the time, “you either love this work or you absolutely hate it...there’s no in between...and I love every bit of it!”",0.0
I tell ya if they didn't smell so nice and I didn't want to cum inside them they'd *really* be more trouble than they're worth.,0.0
I think i can deferr this paper and Im praying I can still get my stipend or else Im fucked lol,0.0
I think it’s time for the Dems to bring in chamber pots. What nonsense- huge decisions affected by someone’s bladder! #GOPee #LeakyDemocracy #VoteThemOut,0.0
"I think most people want to see Jamie kill Cersei. If he goes back to kiss her ass, then his whole arc is shit.",0.0
"I think you mean the “Patriot Act.” To prevent “terrorism” or some shit? Oh, and remember the NSA? Freedom.",0.0
"I told congressman Ray LaHood to go fuck himself my freshmen year of college in front of about 100 other PoliSci students over the issue of gay marriage. Back in 1996 when it was definitely not cool to say lay off the gays, bro. My professor was very pleased. Got an A.",0.0
I told y'all I need a Pisces but y'all bitches are out there IGNORING ME,0.0
I wanna smoke crack to lose weight but if I become a crackhead or OD I'd be pissed,0.0
"I want to be a black man that brings change. Ohene Kwasi Owusu-Boateng is the name, and we will change this world!! #WeAreHSM",0.0
I wanted Brown style federalism in 2014 as the No.option but it was all lies &amp; the status quo or worse outside EU has eventuated. For middle 20% Tory lunacy is far riskier. Leonard should back Drakeford and say no deal Johnson and Farage lunacy Is potentially worse than indy.,0.0
I wanted to be in the middle 😩,0.0
"I wanted to see the stakes of the loss of Bran/3ER in some way. A vision. A prophecy. Something. Otherwise I have no idea why Westeros needs a 3ER and IRL we don’t. “Death is forgetting” is a metaphor that works on that level, but I don’t know what “we’re just animals” looks like. Literally. It’s so open for interpretation that I can’t relate to it so I can’t really fear it. And can Bran steer anybody into the future? He’s a repository of history, not a prophet. He can see what’s happening in other places currently as well, but only where there are still weir woods, which is almost nowhere in the South. So essentially that makes Bran a big MacGuffin for the characters to protect instead of an active participant in a story where he has demonstrated tremendous magical power, at the end of an arc that started with his disability convincing him he’d never be a knight and ended with him becoming a tree wizard. Which is disappointing. Give him some god damn agency. At least make him helpful in the battle — even if only in the planning stages. Telling the Northern Alliance about the Night King’s purpose was a great start in 802, but I wanted more in 803. Why is Bran just warging crows in the battle instead of warging Ghost or a dragon or fighting the Night King’s mind for control of the wights or something more interesting? Just a missed opportunity for Bran in that whole battle. And regardless of whether the Night King was killed the first time or simply driven back, one of the main themes of the show is about how if we forget history, we’re doomed to repeat it... so it really would have been more narratively and thematically satisfying (or at least more interesting and complex) if there was some key information from the past that only Bran, the keeper of all history, could access that was crucial to defeat the Night King, rather than just going through this whole story arc to start political shit between Dany and Jon. Now granted, there’s three episodes left, and this is a show that has always been narratively subversive (they killed off their movie star lead actor in season 1 for goodness sake), so there may be a way for the writers to tie the Cersei plot back to the Night King and the older lore in some interesting way. But I’m pretty worried they haven’t bothered to do that.",0.0
I was like 2030?! Then realized imma only be 30..damn,0.0
I was thinkin the same thing ...... 🧐,0.0
"I wasn’t gonna post a selfie but seeing how many people are so fucking triggered by it made me change my mind. Fuck y’all who have a problem with selfies. This is 42, biiiiiitch.",0.0
I went yesterday but I only got shit to make dinner with 😂,0.0
I wish my baby was that cuddly,0.0
I would assume if you took the leap I to full time you would have secured more of a safety net then setting a goal each month. Like what happens if you don't meet the donation goal of rent? Do you lose your living conditions?,0.0
I would literally trade all my eggs for a blunt rolled by u,0.0
"I would miss you the most, baby.",0.0
I wrote a snail mail....how are you?,0.0
I'd rather jerk off onto you,0.0
I'll laugh my ass of too.,0.0
"I'll take ""The Dumbest Fucking Shit Ever"" for $1500 please, Alex!",0.0
I'm Allowed to Rob You!,0.0
I'm a queer female-bodied person and I love this sub. Wouldn't change a damn thing about it.,0.0
I'm glad I don't live amongst a population as clearly retarded as you do.,0.0
"I'm going back to sleep 😴 I love you all, my wonderful friends ... I will talk to you later!! 💜💛💚💙",0.0
"I'm gonna get a little ""don't do shit"" now. Hee.",0.0
"I'm honestly surprised nobody has commented ""sit on my face"" yet",0.0
I'm in love with your booty,0.0
I'm sorry you don't care for the occasional tranny you might see walking down the other side of the street but as long as they're not trying to pick up everyone they meet,0.0
"I'm with you- the Allure box this month was rough. I prefer IPSY for that reason- no surprises and if I get something I dont want I have time to prepare myself lol. As for the ND, experiment with it. I got the Morgana one which is a horrendous burnt orange. I put it over top a silver too faced shadow and it turned it a pretty light coral color. ((Hugs)) box disappointment sucks.",0.0
IE. I clearly don't have a duty to save my sperm when I jerk off and insert them into women,0.0
"IF true... Worst ARG ever, no contest, hands down. This clown should just dissappear",0.0
IM LAUGHING LUKE P BYE #TheBachelorette,0.0
Idk who started this trend but y'all dirty mfs doing anything tryna go viral ... I hate y'all,0.0
If U don’t watch @joerogan I ask that U please go &amp; Watch the #FightCompanions BC its the funniest Fuckin thing you’ll ever see BC the last 1 they did @BrendanSchaub is BEYOND FUCKED UP &amp; When @francis_ngannou Knocked Out Kaine Schaubs Mouth was wide open &amp; #YoungJaime said YIKES,0.0
If you believe a small subset of whites,0.0
"If you do attempt to impregnate a white women....you need to think of the welfare of the children. While I will admit that some white women are into shitskin mexicans such as yourself (I will go into ""why"" in a later post....too long to type really)",0.0
If you spoiled it I'm gonna fuck you up Joke,0.0
"If you think about killing people, are you then a murderer?",0.0
"If you think hard enough, literally anyone can be compared to Hitler.",0.0
If you're not a flaming retard or aspie,0.0
Im somewhere in between humble and hell nah,0.0
Imagine being such a fucking loser that you choose to hang around a sub for a game you don't like just to whine about it.,0.0
"Initially I was bothered by this, but then I realized I haven't touched Rocket League in months. I had kinda felt bad for ignoring it, but now I don't care anymore. I'll probably uninstall it from my systems and happily play other games.",0.0
"Interesting, I've never heard it used that way. The almighty Google indicated that ""western world"" is not clearly defined. However, it does suggest that my understanding is apparently not the most common so...fair enough! That just means they're *both* wrong though lol. The claim by corporate129 that circumcision is limited to the US is definitely bullshit.",0.0
"Is he a member of Sf9? OMG that's horrible, taking two flights AND performing all in the same day?!!!",0.0
Is the American Army the biggest scam in American history?,0.0
Is there anything socially that men aren't better than women at?,0.0
Is this sexy or hot ? #slut #jailbait,0.0
It doesn’t look good. It’s just ... fat.,0.0
It is also an EXTREMELY lazy solution and things like that article are objectively evil.,0.0
"It is most definitely your freedom. But i wonder why someone who says, ""freedom means you can be a dick"", is afraid of being accused of harassing girls just for asking for their number? I've asked for a few numbers in my day, never was i worried about that though.",0.0
It literally affects nothing in this instance,0.0
"It needs to have the necessary horsepower and the body. An ugly car with horsepower makes no fucken sense. A gorgeous car with horsepower, makes all the damn sense😭😍😍. A pretty Betty with attitude. Grrrrr",0.0
It wasn't an inside job. Shut the fuck up already.,0.5
It's all a scam that deters you mindless sheep from their real agenda - mass non-white immigration into all white countries.,0.0
"It's not cope. Young babies prefer races of their own when made to pick a choice between faces. The degree of ""white lust"" differs considerably, with black women having the least. Thinking that whites are inherently superior and objectively attractive is a common alt right cope. People prefer their own race, and that goes for all races. You don't see this kind of shit happening 50 years ago. In fact, people stuck to their race so much that segregation was a common occurrence. Even among Indian castes there was severe segregation, and, marrying outside your cast wasn't allowed. What people are attracted to is status. It's perceived status to have a white gf or bf, sometimes more than looks (which is why you see ugly white manlets with Asians). Those Asians don't find those white men attractive, they are just there for the status",0.0
"It's not that hard to #BoycottHomeDepot . They've reduced their inventory to bare bones, telling shoppers to ""order it online."" I'll order from Amazon. When you bring something home from HD it's either missing parts or broken. Most products are junk from China.",0.0
It's not worth the £1.30 they charge for it.,0.0
It's ok since he saved the entire universe but using too much that topic in every single movie will be tiring. And I bet they'll do some other shit to try to make him look like a villain,0.0
It's ok. It is just that it is not pure white like s3 It's the blue and silver undertones that enhance the wig,0.0
"It's silly to give attention to the people who project hate towards you, when your time could be spent LOVING the people who LOVE ((YOU)). ❤️",0.0
"It's the thin edge of the wedge, and the Unionists in Scotland will grasp at any straw to undermine Holyrood",0.0
It's unbelievable how formulaic and predictable shitlibs are.,0.0
Its going to be Crimea on a wider scale. Without a proper head,0.0
It’s also dumb to think ‘all of Alberta’s money comes from oil and gas. They need to diversify.’ You realize our agriculture is the best in probably the world? Fuck outta here,0.0
"It’s been a year of studying away from home but fuck, the heartache in missing home and missing old friends still hurts so much",0.0
It’s lit. 😂... I’m bouta annoy &amp; irritate da shit out ya 😂,0.0
"It’s not for the body, it’s for the soul.",0.0
It’s not short enough at the sides to be a mullet. I don’t look at Neil and think redneck.,0.0
I’d kill for a bowl of strawberries and watermelon,0.0
"I’ll come with, baby A$AP 🥺",0.0
I’m about to delete this stupid bird app till I go watch FFH,0.0
I’m an American dumbass. This is from vacation lmao..,0.0
I’m going to see spiderman far from home and it better be fucking amazing,0.0
"I’m hip smh, Peter was about to dust his ass on the bus tho 😭😭😂😂😂",0.0
"I’m in a very happy space in life , despite all the bullshit life’s REALLY GREAT🤞🏼🖤",0.0
I’m in the hood like a head gasket,0.0
I’m not buying another designer nothing this year. That shit is stupid. It’s cute but then what? Let me get to this end goal... 🙄 #DeedsOverDesinger #PropertiesonProperties #MakeChanelRichFirWhat #SheWasTeamNaziAnyways #TruthBeTold,0.0
I’m not buying your lame defense. #DisbarAcosta,0.0
I’m sorry hon. You don’t deserve that. It’s purely immature and so silly. I’m glad you got rid of that negativity!! Hugs!,0.0
"I’m trashing the estimated 10,000 USMNT fans that show up in Chicago for the Gold Cup Final vs Mexico. The game was on US soil not at the Azteca in Mexico City. We can tell it was a Mexican home game! Don’t blame the venue, blame our fans that didn’t show up. #getemout",0.0
I’ma just keep watching the new season of stranger things and hope ion die I guess,0.0
"I’ve seen a dyke bitch beat you up, you can’t fight gtfoh 🥳",0.0
Jam would be fine. Ketchup is the hardest of passes,0.0
"Jarold Nadler: If anyone should be in jail sir it should be you for abuse of your power. I see on your face nothing but HATE and Retribution, no one should be able to what you are doing!!",0.0
Just chop it up to a difference in tastes... The discography alone is too unbalanced so ig they just mean who raps better and I still dont agree,0.0
Just imagine being this stupid.,0.0
Just killing time on my break at work,0.0
Just woke up stupid early 🤦🏻‍♂️,0.0
KABOOM: Jeremy Bash just called out the entire plantation white house &amp; the @gop for being racist af @DeadlineWH ...there's not more outrage because THEY'RE NOT WHITE. #CloseTheCampsNow,0.0
"Katie, can please help get these out! If not, it's okay...don't want to see you in trouble too! ❤️",0.0
Keep being stupid and gullible dude. Republicans are counting on you!,0.0
Keep this man's mouth shut Star Sports @StarSportsIndia. He is commenting bullshit. Who is he to comment tons of negativity about Dhoni's position about ability? Sanjay is pure emotional rust.,0.0
"Kido 2020 Just a 6 inch spicy Italian on Italian herbs and cheese. Provolone, lettuce, tomatoes, onions, mayo, salt&amp;pepper, mustard. Thanks!!!",0.0
Kill it and everything that looks like it,0.0
King Tut Related to Half of European Men? Maybe Not,0.0
"Klitschko was also biting on every feint and was scared shitless to throw. No doubt that is down to fury, but wilder would throw regardless of the front and footwork (often to his own detriment instead of picking his shots)",0.0
"Know your place, young king . It’s right by the phone when I text “You up?” After I leave the club at 2:30 in the morning. 👌🏾",0.0
L-3’s DYNCORP PART OF EPSTEINS TRAFFICKING RING. 👇🏻👇🏻👇🏻 @bigredwavenow @TrueEyeTheSpy @VincentCrypt46 @ShakaThaGod @ROYALMRBADNEWS @BusyElves,0.0
"LOL. White bro conservative could take 5 seconds to browse my TL to see that I am a hard core conservative, but no better to slam me as some anti-semitic DFA thug. Nathan is not covering my fellow conservatives in glory here that is for sure.",0.0
Later chumps.,0.0
"Leave when you could, don't let nobody waste your time. Let alone, tell you what to do.",0.0
"Let me tell you a story about another little infrastructure project known as ARRA. I worked at a location in California that was the recipient of ARRA funding. It was a shitshow from the get-go. There was no oversight, the work was pure shit, and in some cases, the infrastructure was in worse shape after the work was done. This included roads (gravel and slurry sealing, done as badly as you can imagine), electrical (terrible), solar (also terrible), and so forth. It was outrageously expensive, and at the end of the contract, the company dissolved so there could be no accountability for the garbage-tier work that they had done. Billions and billions of taxpayer dollars disappeared with nothing to show for it. Moral of the story: beware any infrastructure project the Democrats agree with. It means they've found a way to siphon away the money into a donor or shell company.",0.0
Licking ice cream gets you 20 years in jail and yet Flint still has poison water and no charges...,0.0
Lied thrice in one BBC interview by claiming that the Abbott government is considering settling asylum seekers in Australia,0.0
"Like he was going to turn down the chance to be VP...🙄😑 Given that he considered Obama to be such a ""clean &amp; articulate black man,"" he probably figured, ""Hey, why not?""",0.0
Listview adapter in a fragment giving null pointer exception,0.0
Literally my first reaction when I saw this was news...who the hell are they?,0.0
Lmao that shit dope asf tho bro I wish lol,0.0
Lol Maangchi would show up with her own wings and destroy him with a simile on her face.,0.0
Lol NO ! I’ve been crude and obnoxious for YEARS so I’m salty others are profiting off that persona,0.0
Lol i didn’t know my comment hurt you this much😂😂 Do you want me to say sorry😢😂,0.0
Look at such a beautiful pussy 👅👅👅,0.0
Look at this foolish toad,0.0
Looking forward to seeing those guys represent UF!!!,0.0
Looks like they've made themselves right at home already!,0.0
"Love goes way beyond this thing we call a world, it causes us joy, it causes us grief. However it's all we have right now....Who are you ???? sg",0.0
Love me or hate me I don’t give a flying fuck really lol.,0.0
Low-key her best feature aside from her rear end,0.0
Luckily I can always prove you subhumans wrong.,0.0
MIDLand JIDF work together against whites. Jews help muslims invade white countries.,0.0
MRAs have no clue. They think they are doing something new when in reality they are circle jerking.,0.0
Man if the titty twister ever got totaled id be a wreck,0.0
Man wanted for a crime has finally been arrested after loud fart exposed his hiding spot,0.0
"Man, they should impeach that Jussie Smollett. Oh wait. He's not a politician. &lt;shitpost.jpg",0.0
Many states have practical abortion bans as it stands. But abortion doesn't really check nigger birthrates,0.0
"Marchand living rent free inside /r/hockey’s head since like, 2013. It was a cunty, ratty, bitch of a move but it’s not suspension worthy. At most a 2 minute minor for roughing. Settle down",0.0
Martial arts and gadgets ain’t got shit on laser beams shootin out a nigga eyes being made of steal flyin and super strength he hit him wit da krypt and made it human vs human and u see what happened,0.0
Maura stop being a cow #LoveIsland,0.0
Maybe if you weren’t a bigoted asshole you wouldn’t get so many downvotes,0.0
Maybe they were asleep and she couldn't see😂 I hope they were because I can't understand why someone wouldn't high five a child💔,0.0
Me when my man wants to take me out,0.0
Meanwhile in moron world is tweeting (crying) people are mean to him and his savior.,0.0
Men and Women died protecting that flag including homosexuals. If you don’t like our flag LEAVE!,0.0
"Men are bigger, stronger, smarter, are problem solvers, heal faster. Etc Men are literally built to work and get things done Women on the other hand, are built to have babies and raise families. Everything else men do better It's not just the bible it's biology Feminism lied",0.0
Metallica - Enter Sandman (cover by Leo Moracchioli) via @YouTube #Metal #metallica #EnterSandman Bad ass cover song!,0.0
Millennials are killing the random,0.0
Missing the fact you were proven wrong about your initial statement and it had nothing to do at all with Europeans.,0.0
Mixed race people always go for white people...why??,0.0
Most boring is the endowment session. I want to scream every time I agree to go with my wife to not expose my apostacy.,0.0
Most officers are nice people who deal with bullshit all day. Show them a little humanity,0.0
Mozart!! What you up to today?? 😘😘,0.0
"Mr. President,Wow,I blame Obama for a lot of what is now taking place in this country! Mainly ignoring the rule of law etc.? In the first 27 weeks of the year, 25 police officers have been shot to death in the line of duty. Need to bring the death penalty back?",0.0
My GSD/Husky mix feels the same way.,0.0
My apologies young lady. Go back to dreams of lasagna verdi with calamari.,0.0
My ass cheeks just clenched together at the thought lol,0.0
My aunt also is cancer free since mid 1990's! I hope you guys have many many years together! ❤,0.0
"My baby first name so damn ugly, should have made Jesiah his first and his first name the middle 🤣",0.0
My black nanny who protected me from my white abusive father Thank you Maude,0.0
My dawgs 💯 @MaceoAustin5 @tre_mitch33,0.0
My ex was a snorer. Had a Pavlov effect for me. As soon as I heard her loud fucking snoring I'd start getting drowsy. Took awhile to get a good night's rest after we broke up.,0.0
My issue isn't handing over the paper jew,0.0
My life sucks. I don’t know how to even care about people’s feelings. I’m done with everything.,0.0
My plans be better than yours.,0.0
Neat! As in native to the US or does that include immigrants?,0.0
Nice scam ya goin' on there......wonderful diversity!,0.0
Nice. Fat shaming people. Boy there’s no limit to your hypocritical garbage,0.0
Nicki should at least know Arewa Twitter are Nigerians not Saudis! 😂😂😂😭 Y'all better use the same energy to save the North from itself. ❤️,0.0
Niggas so stupid that’s Cboy on his account 😂,0.0
No one still whines endlessly about how terribly unfair is was for Joshua to kill them all and steal their property.,0.0
No one uses Beckett for actual prices lol,0.0
No there are not yes u are abnormal,0.0
"No, I did not attack you. I laughed at the thought that you think reporters would think a woman wants you just b/c of optics. Go walk your chocolate lab, snowflake. You’ll be fine.",0.0
"No, employing your tactic of simply asserting things without any evidence, I have already won this argument. You set the standards, you fell to them. If you would care to have me once again humiliate you intellectually in the future, just let me know...",0.0
"Nope, Nyet, Non, No! Go away! #voteblue",0.0
Nords>Whites>Koreans>Spics>Asians>Indians>Arabs>Blacks>Khajiits>Jews,0.0
North Korea is incapable of developing a long range ballistic missle,0.0
Not clear who the bully really is here though. that small kid looks cocky af,0.0
"Not everyone who uses our language is with us. Case in point: the angry busker railing against ""self-hating whites"" and ""gentrifying assholes"" while on a local full of immigrants WHILE PLAYING BEATLES. HELP me",0.0
"Not surprised. Players in this game can be notoriously stupid and cowardly. I'll often have fights several times a day where teammates will hide in a corner at full health in a fight, or stand mere inches from an objective but refuse to do anything or cover the guys trying to.",0.0
Notice something? It's always white people shooting up places full of innocent people. EVERY FUCKING TIME!,0.0
Now Playing Yasiin Bey [Mos Def] - Niggas In Poorest [LYRICS] [HQ - NO TAG] On Wu World Radio,0.0
Now hiring for 90 #Sales job opportunities in #RestonVA. Click the link in our bio to see them.,0.0
Now it's a gigantic SJW hugbox and the only people allowed to troll are a tiny subset of the least funny posters on the forum who kinda just languish in their tiny subforum making the same jokes they've made for over a decade,0.0
Now lets compare that the Middle Ages Europe. The punishment for sodomy? A fine,0.5
Now that’s gotta be a teleportation or time travel device right?,0.0
Nowhere else will you find a more treacherous hive of scum and villainy.,0.0
"Nuba, the flying pig, heritage Asian eatery, Anton’s. Bakeries: sugar Patisserie, just cake’s bakeshop, the pie hole, cartems, blacksmith bakery, Breka Ice cream: earnest ice cream, rain or shine",0.0
OH MY GOD PETE THE PILOT FINALLY FLIES ON CAMERA IM SO EXCITED #TheBachelorette,0.0
"OKAY SO— How do you feel about Bakugo waking up from a 2 year coma and Kirishima being so excited to tell him what he missed while he was asleep? And Bakugo is just sitting there with this sweet, half smile daze at his boyfriend while he rambles. Bc that’s my fucking JAM.",0.0
OMG it's almost as if two different people dabbing two different products could have two different reactions! Weird! /s sorry I'm snarky/bitchy today.,0.0
Obama Trolls Trump? Ex-President Posts Photo Holding Personalized US Women’s Soccer World Cup Championship Jersey,0.0
Obese slavesluts electro bdsm and ugly crying bbw in tit tortured punished,0.0
"Obviously doesn't cause any safety issues in England, I don't know whether that's because there is not enough police officers to use the parking facilities . They churn out more shite than the average city sewers.",0.0
Obviously he’s serious like did you not no that mr beast actually copied Morgan you uncultured swine,0.0
"Off to call on a best friend in Frankfurt. We helped each other out big time during Erasmus, and still do. I ended my year earlier than hoped to vote against this shitshow. What an appalling shame. The friendships I made across the EU can be sure to last a lifetime. #SaveErasmus",0.0
Oh my I’ve been laughing like a fool 😂😂😂,0.0
Oh shit it really do be like that,0.0
"Oh so y’all movin around barefoot #realkuntrygirlshit , lol cuz them hot girl heels and flops”slides/sandals “ make a lot of loud annoying ass noises 😂😆🤣 but don’t mind me I’ll turn the radio up so u can still be unheard 😆🤪😭",0.0
"Oh, yeah. I love yo... I loooove you. Take it, you dirty girl. Take it all.",0.0
Ohhhh just wait on it !! Finna b hitting u up sooon my boy 🥰🥵,0.0
Ok but deliciously dark. And let's not forget that they desperately WANTED to be a Simba Chippie... Like it was their dream and purpose and they had a whole song and everything 😊,0.0
"Ok ladies, many moons ago I had intimacies with my friends mothers! Yes plural, Two of them admitted wanking with deodorant cans. Can I have a yes or a no if you have ever used a deodorant can to get your self off? J 👩🏼‍🚀",0.0
"Okay I’m hella dumb, what’s biophobic?",0.0
Okay now I’m convince these nuts are watching me lmao,0.0
Old school I got my nudes on one of these,0.0
"Omg, that looks so creepy it gives me the chills👀",0.0
"On the other hand, more cream pokemon!",0.0
"On the plus side, the treatment for women's insanity is the doctor fingering your twat.",0.0
"Once in a while I get \""hey wanna fuk?\""",0.0
One day a mother duck who took,0.0
"One night, me and a friend were playing cod in the basement when we heard some noise upstairs. We were alone in the house, so we were really freaking out like every 14 years old boys would. I had the bright idea to check the camera in the living room but it made things even worse, because we saw 2 red eyes (at least it looked like eyes) looking at the camera. We were both really tired because it was like 3am but we're pretty sure it was eyes. The thing is, the camera wasn't designed to see colors in the dark so we freaked out and hid in a closet for a good 15 minutes. I have absolutely no idea what happened in my living room that night and I will never check that fucking camera ever again",0.0
One of the chronic offenders got suspended for TWO YEARS. How the fuck is that even possible? I don't know,0.0
Online en su webcam Morenita Sex,0.49999999999999944
Only in countries where loonies have easy access to AR-15s do schoolkids die by the dozen.,0.0
Ooooh. So some have tried to take advantage of your generosity I'm so sorry babe. That sux,0.0
Or her tounge. But yet she hates the USA.,0.0
"Original tweet got deleted, @Waterstones why is this popping up on your website when looking up German language books? Right next to children’s books too. #waterstones #wtf",0.0
Other countries racism involves government approved violence (ie; South Africa),0.0
Otherwise they would admit that nice guys need to become assholes.,0.0
Our colleges have been infiltrated by a bunch of overpaid radical leftists. Shut them all down and start over🤨,0.0
Our thoughts and prayers are with the family and friends of Deputy Sheriff Nicolas Dixon of @HallCountySO. Deputy Sheriff Dixon was shot and killed after a vehicle pursuit of a stolen vehicle. He is survived by his wife and two sons. #NYPD,0.0
Over 70 islands leased for resort devlopment,0.0
PLS Blondemila can throw my ass to the hell #FindUAgainMusicVideo,0.0
Pacific always go wild anytime Mexico wins anything 😂😂,0.0
Pakistanis started trolling India after defeat.. le Indians: #NZvsIND #INDvsNZ,0.0
Pedicabo off nos plena,0.0
People really out here smoking sativa...that’s craazy,0.0
Perfection fallacy. Just because laws don't stop all niggers everywhere from nigging doesn't mean we should ditch laws altogether.,0.0
Personally. Well of fucking course I am. You called me an idiot and ppl are literally personally attacking me bc I said it gets old. Fucking christ. The only reason I wrote this is bc I keep seeing ppl on my timeline comment and I dont even think they know what was said.,0.0
Phil Robertson was banned from the show Duck Dynasty on A&E. This was eventually reversed.,0.0
"Piggybacking onto this, I can't get the game to acknowledge that I've downloaded the texture pack.",0.0
"Piracy is not an issue. Crunchy gives very little to the original creators and the studios make more from buying figures, posters etcetera. Not to mention all of the streaming platforms for anime are shit .",0.0
"Plans for the build of an exciting new museum, Ngaren: The Museum of Humankind, have been revealed by Studio Libeskind: #enkimaguk #designer",0.0
"Please, dont call him humanitarian, please!!! A rapist",0.0
PoC cant be racist,0.0
Ppl call him a stat padding bum y’all don’t appreciate basketball shits funny Lebron isn’t the goat but some of y’all even say he ain’t top 10 it’s easy to spot flaws when ppl hv game like mj Kobe n Bron,0.0
Pressuring someone into sex is a violation as well but it isn’t rape per se,0.0
Pretty sure I heard Venezuela is in the process of being overthrown. Let's do that.,0.0
"Pro-tip: Spain was 9th GDP country in the world after Canada before joining the EU and had around 5-10% base unemployement. After joining the EU and the industrial \""restructuring\"" the unemployement skyrocketed to a base of 15 to 20% during the Gonzalez socialist regime (just masked few years by the building bubble during Aznar and Zapatero times) and we turned our prosperous industrial nation into a services and tourist shit and a laughable shithole",0.0
Put @mr_faisu_07 behind bars for committing anti-constitutional acts by provoking hatred and promoting terrorism on social media.#arrest_team_faisal,0.0
Questioning Alabama’s scheduling is some lazy nonsense.,0.0
RT Cubehrmanageme1 #LadyGaga #KCAMexico,0.0
"RT DataScientistFr: via RichardEudes - Leveraging Agent-based Models (ABM) and Digital Twins to Prevent Injuries #artificialintelligence, #businessanalytics, #datascience, #deeplearning, #digitaltransformation, #ds #datascience,…",0.0
RT shalinametz #TeenChoice #ChoiceSummerTour arianagrande,0.0
"RT: A HUGE no. of illegal Bangladeshi immigrants have made Bengaluru their home, posing serious threat to national security while taking away jobs of Indians. Inflow must end NOW &amp; I urge the HMOIndia to extend NRC to K'taka &amp; Bengaluru to weed them out. AmitShah kishanred…",0.0
RUIN LUCAS' LIFE AND ALL ASSOCIATED WITH HIM OR WHO HA,0.0
Rapmon hugged me because he lost a bed DAMN,0.0
Really really wish people understood how bipolar my mother is she’ll literally love me then miss me then I go home and she tells me to leave help me with this woman,0.4999999999999996
"Really, we make such things as Mps in this country, a waste to humanity. Ghana has no future with any of these pigs, they're all the same, I'll say without fear that our parliament is the most useless institution in the country, they grown things like himself, Sia Asem",0.0
Reminded me of u @bunnytings,0.0
"Right? I don’t understand how people got this idea that pleasure is sinful and experiencing it is wrong. If the things God makes are good then so is sex. There’s no wrong way to have sex.** **unless there is no consent, etc things related to this.",0.0
Rip those panties off with my teeth.,0.0
"S'up clown? You joining the #ClownCar to #ClownWorld? We're going to have some fun along the way! So are you a baby killer like the rest of these mentally ill ""candidates""? How much of earnings are you planning on stealing?",0.0
STOPPP why are you crying... tell me ur past TELL ME,0.0
Samuel Little Henry Louis Wallace Chester Turner Derrick Todd Lee Around blacks never relax! #BlackStars,0.0
See she really comes out here acting like there’s no proof but it comes to bite her in the ass later,0.0
"Seems to be mostly horny guys, though I have seen a couple of women...",0.0
"Send them to his wife, ask her to keep him on a better leash. She needs to know what kind of an asshole she is married to. Ask your wife, on what planet, is it a good idea to keep dick pics, from someone not her husband. Look and see what else she is hiding.",0.5
"Seriously? I can understand if she had an umbilical hernia and also the fact that scar tissue adhesion is an utter bitch (I had it), but all it means is that you need to be more aware of how you work out and maybe avoid those areas until treatment for the problem ceases. Heck, one of my chicas has actually done videos of exercises for our group of friends who had diastasis recti issues.",0.0
Shame he cancelled it out,0.0
"She didn't want to #Brexit. She is a New World Order Globalist Stooge. She is headed for the #Trash. #FreeTommyRobinson @realDonaldTrump to show your opposition to the Globalist #MassMigrationAgenda, PUHLEEEEEZE #FreeTommy His LIFE is in DANGER! @realDonaldTrump",0.0
"She fucked logan paul tho, so huge yikes",0.0
"She's no longer a Kinder, then, she's a Fraülein. 🐶",0.0
"Shit, at least Hayward is trying to get the coaches involved by passing to them...",0.0
Shortsighted. You should've slept with him and gotten info on the final episodes.,0.0
"Shut up and make me a sandwich, hun.",0.0
Since then there was a fairly fluid stream of the more retarded and damaging ones getting kicked out of the party,0.0
So I think this is the idea: do what the unabomber did except hire a bunch of really hot prostitutes to go into the cabin with you,0.0
So ab world most diverse country h .... Bhot si achchi chize h ... Han kuchh buri bhi h... We are fighting for those. And Pakistan bki youth agr Kashmir mudde ko thoda Pakistani mirror se bahr Nikal ke dekhe toh ptaa lge ki actually it's all frm ISI and Jaise e mohhamd...,0.0
So brave!!!! Only talking to people to who you agree with!! We should all aspire to be you!!!!,0.0
So fucking what If Notre Dame got donations to rebuild?,0.0
So funny🤣🤣@KamalaHarris just pledged 100~bill to build houses people...these progressive idiots can’t make up there mind.,0.0
So we’re just rewarding dogs for every little thing they do. No one cares that your dumbass can sit.,0.0
So when Jews were falsely accused of poisoning wells in the Middle Ages,0.0
So where does the myth of evil white oppressors come from? They seem to ignore the fact that most early European settlers have Native American blood in them. The seem to exaggerate the conflicts and ignore the marriages,0.0
Some bitches be more worried about who they’re going to fuck at night than their own children,0.0
Some shit straight outta North Korea,0.0
"Some smart toys have a lock mode. So they can't be accidentally vibrate. Be aware that some countries don't allow sex toys. So always good to check local laws when flying internationally. put sex toys in a clear zip lock bag. That way, if your bag is screened, there is no reason for them to touch it.",0.0
Someone needs to get a big administration going to spread itself over all the villages in this country and start fixing shit from there by civilizing that majority again since they are subhumans.,0.0
"Something I've always wondered: Do you think people get worn-down by the constant stream of right-wing bullshit in the media as they age, and start to believe it more simply because of increased exposure?",0.0
Sometimes I think trump is missing brain function,0.0
Sometimes a better yuh keep your mouth shut !,0.0
Sorry dude. We’ve reached our white supremacist immigration quota.,0.0
Sounds like you are using hate speech to me,0.0
"South Beach: go to Yardbird and Prime just to cross it off the list because they’re Miami hot spots. Late night: Bodega for tacos. Sunday brunch: Prime Fish, Bird and Bone or Sweet Liberty then Sunday Funday at bacon bitch. Shh Lounge is also in the back of Bacon Bitch but it",0.0
Southern Maryland is beautiful this time of year.,0.0
Spineless Lindsey strikes again. When are you going to stand up for yourself and this country? #turd,0.0
Steal This Look: Dinner in an Artist's Atelier - Remodelista,0.0
Stfu trump. You're an embarrassment to the USA. You've done enough damage,0.0
"Still Alive,Goodbye Baby,Until Whenever,Haru Haru,Lies,Tell Me Goodbye, Blue, Sober, If You,Cafe,My Heaven, Loser,FXXK IT,Koewokikasete, Fantastic Baby, She Can't Get Enough, Love Song,Stay 🧡 No.1,Gara Gara Go, Hands Up, Top Of The World,thanks to the live performances in Japan",0.0
"Stitches + Alex, both on Globe Quest, is so fucking good",0.0
Stop lying plis before your money goes vanishing.,0.0
Stop worshiping an event you know nothing about. ,0.0
"Subtle changes. If you're a teacher or Uni Lecturer you slowly put red pill material in your classes. If you're a banker you grow rich off a corrupted system and siphon your wealth to \""causes of merit\"". If you're in politics you can use your influence to remove people you don't like in congress or parliament. Take a look at Australian politics 2007-2013. This revealed that \""faceless men\"" behind the scenes hold all the power and that politicians are just empty suits. Benign unthreatening faces",0.0
"Such a great season!! @DENISE_RICHARDS has quickly become one of my favorites, such a breath of fresh air! @lisarinna is the queen and I bow down to you. @erikajayne is real, honest and fabulous! @CamilleGrammar is just a straight up biatch! #RHOBH",0.0
Sucks on your beautiful booobs 💋,0.0
Syphilis Rates Soar 134% Among Homosexual Black Men,0.0
TL;DR Hypocrisy is your name and game,0.0
"Tampa just won the home run derby, go crazy",0.0
Ted the crazy pitbull loves to vomit over my sister,0.0
Tell the Greek Gods not to rape?,0.0
"Thank goodness a black man with a platform actually spoke out about this way too far left/woke/progressive silliness. Let’s be honest, if Will Cain said the exact same thing, we would call it racist. When you question why Trump won, here goes one reason. Smh.",0.0
"Thank you! RT @BHoffman_NYPost: In case you needed another reason to love #NYC, I give you @bryantparknyc",0.0
"Thanks! Yea, designed the logo a few years back with a friend, and love the way worked it in with the whole cover.",0.0
"Thanks, area traffic staff has been intimated for taking necessary action.",0.0
That indirectly means I'm sorry but eat your shit 😂😂,0.0
"That last paragraph. If you gon hoe, go hard!",0.0
"That sounds perfectly reasonable, especially since you don't live there. You're not an asshole here in the least, and it definitely says something that you're doing this much.",0.0
"That stupid debate was a total car crash. Actually, that's an insult to car crashes. It was a complete waste of the planet's molecules and airwaves.",0.0
That's insane. Half gram lines?! I just started using Ket this week. Here I was worried about K cramps doing just a few 50mg lines a few nights,0.0
That's not the threat you think it is... @Sen_JoeManchin #FIFAWWC,0.0
That's what made the twitter trolling so potent,0.0
That’s my ex’s name 😂 just damn made my night 😂 plus he supports Arsenal 😂 so ... yeah 😂 you might not fully get it,0.0
The Christchurch shooter wasn’t radicalized online. Read his manifesto. He just saw how Muslims and non white supposedly infested white populations and destroyed them. He is fucked up. He murdered 50 people to accelerate the political divide in America and it worked. Just saying.,0.0
The Democratic Party has wanted to bring them in to this country just like Obama brought all these Muslims in under the cloak of darkness. Why don’t the dams go there and ask him how many people want to go home? They have an asked that question. They are not being held prisoner,0.0
The Eldar did SHIT to Octarius. They CERTAINLY haven't blown it up.,0.0
The Ford Ranger / Toyota Tacoma / Dodge Dakota etc would have a hard time doing all of the same shit as their full-size counterparts. The big draw for something like a compact truck was back then (note there aren't remotely as many made anymore) was fuel economy.,0.0
"The Snitchin Skittle? didnt that guy get exposed for dropping dimes on his whole crew? the same crew that smashed his BM &amp; didnt care about him at all? the same Skittle that claimed he would go to Chief Keef’s Hood, then **got exposed on Security Footage running to his Car before even going inside the Gate** cause he saw people pulling up????",0.0
The XRP Community Poisons is poisonous right now. See you later bones. Hope it works out for you. The people on this thread throwing negativity about need to think about how that’ll influence the community. Many here aren’t even real people or have vested interest,0.0
The attack of your accusations is Michael Bay,0.0
The basis for Britain's empire and wealth was its disgusting imperial,0.0
The best part of this match is the commentators on Grand Stand shit talking it.,0.0
The fact is...if they break the law that puts them in jail then that is where they need to be.. they get what's theirs for that. And as for eptstine. He needs to have the same punishment as the rest. He is no better than the other criminals in the system,0.0
"The fact that those song came out when I was in middle school is crazy lmao except ""shots"" I had already graduated high school when that came out and was taking shots to that song lol ALOT of shots 😂 #LRT",0.0
The frustrating part of this is the list of coaches that this is obvious seems to grow yearly. Players quitting sports cuz they have jerk coaches. Players literally sandbagging so they don't have to play for certain coaches in high school &amp; clubs. It shouldn't be this way.,0.0
"The girl in the black got it mixed up man, she got the other girl beat up for doing nothing.",0.0
The government are traitors selling the country's future for a few of Gazprom's shekels.,0.0
The hype is real for the new album!! From The Godfathers of Slam!! 🔨🔨 Time to spin my favorite album!!,0.0
"The left one looks more natural, and more visually interesting to me. but I think it's not because of the art style. If you notice, the left one has 5 different kinds of trees. This gives it far more visual variety than the same 2 trees on the right one. I'm pretty sure that if you could find a couple extra types of trees drawn in the same cartoony style, the right one would look a lot better.",0.0
The majority of people know you for what you really are. You're only fooling the minority of blind sheep.,0.0
"The new OP, Rakuen Toshi, for the anime ""Cop Craft"" is a Banger",0.0
The niggers are in our brains,0.0
The only thing that can stop a bad guy with a gun is triangles with tabulations.,0.0
"The others are pretty bad though.. i remember whispering ""what the fuck"" the first time i saw the Dragon ball live action as a kid",0.0
The perfect leftist. Demands things that are undeserved and classless in public...oh yeah and narcissistic. @mPinoe,0.0
"The state that elected a incestuous, bigamust, tax evading, campaign contribution fund THEIF and liar on government asylum documents. What did they expect with people of such low morals representing them? Your congress woman hates America, Americans and defiantly the pledge.",0.0
The take-home point to Chiao: our ability to identify with another person dramatically changes how much we can feel the pain of another and how much we're willing to help them.,0.0
"The truly dickish thing about reality is that new things never look exactly like things that came before. You can try to draw comparisons and speculate all you want, but whatever gets you in the end is going to be something entirely new that you weren't prepared for.",0.0
The vast majority does not have these sorts of skills,0.0
The waitress asked if this was my favorite drink...I told her absolutely. Only the real know that the Brown wears the crown. #crownandcoke #staybrown #potatoefever #crownroyal,0.0
Then come back and try fight the man. Lmao,0.0
Then he has to stop messing around on our streets and act like a grown-up man. In Sweden you go to jail..,0.0
Then you shld be pissed about the illegals who are breaking in.,0.0
There has to be a major cluster fuk up but after the last election I don't know anymore,0.0
There is a difference between not sleeping with everybody you meet (which is self-control) and completely repressing your sexual needs just because some bible thumping shithead or stormfag told them to (which is usually just being a fucking sheep that instantly believes anything anybody tells them.),0.0
There is no climate emergency you chronic lying imbecile.! Ever wonder what a lobotomized about rats looks like look no further it is right here👆🏼👆🏼👆🏼👆🏼,0.0
These are horny hours my boy,0.0
These people are all from the same city...nuts.,0.0
These thot thot thot thot thot thots,0.0
They also worship the one who created Jesus so who’s the boss now. Childish tweet 😝,0.0
"They aren’t concentration camps. They R detention centers. Unfortunately, the adults who brought them here while breaking our laws, are either not their parents or are and have caused the situation. But my heart does break for the kids. They had no choice😢",0.0
They deserve each other. She allowed this behavior in exchange for their votes. Time to pay the devils she sold her soul to.,0.0
They don't know the consequences? Teach them about the consequences. Problem solved.,0.0
"They said something about gay people having privilege and women having privilege. Their views in general are so far from mine, it’s not worth the couple of laughs I get.",0.0
They're equally worthless in themselves and just an abstraction of value.,0.0
"They're hardy an \""idealization\"". Shit like plea bargaining makes that much clear.",0.0
They're not being hypocrites,0.0
Things got bad for the white people. Meanwhile the niggers just kept nigging on.,0.0
"This Bernie Sanders guy who exists in y’all’s imagination sounds like a monster. I hope the real Sanders slays him with that Ross Perot sword, highlander style.",0.0
This Tielemans news is paining my chest,0.0
This be all black girls and then we come back the next day with box plaits 😭,0.0
This caption seems super white. God I hate white PR Twitter,0.0
This disproves your point that high taxes INCREASE economic growth and mine that they DECREASE economic growth. Oh we'll guy's probably a dumb asshole anyway amirite!,0.0
This guy again. The guy who assured everyone we would sign someone last summer. Absolutely deluded. No concept of his own idiocy,0.0
This is The Capital District: Democrat mayor doesn’t repair or open swimming pools for inner city kids. Republican CE foots transportation bill for City to get kids to rural lake to swim. Lapdog TU reporter attacks County Executive.,0.0
"This is a way to keep brown people from completing their census, thus under-representing their true population, thus cutting their number of congressional seats and limiting their voice. STFU, YOU TWIT.",0.0
This is about a girl wearing fake tan wtf are people not understanding my god 😂,0.0
"This is actually the worst painting I have ever seen. It’s so goddamn ugly, just looking at it pisses me off.",0.0
This is me but being that it does lose some of its unique functionality I'd say only the damn colors makes me mad like wtf I want a turquoise switch 😭😭,0.0
This is one of many stupid stats along with spin rate. Either you can play like a pro or you can’t period!,0.0
This is one of the silliest dramas i've ever seen. Is baffling that these people are adults who have a huge platform.,0.0
"This is such a bullshit, employer-centric I pay you so I own you approach. It would not fly with our employment laws in Australia either. &amp;#x200B; It's not the employee's fault you lost a client, don't change their role because of it. If you have to do that to make ends meet, you give them redundancy and pay them out appropriately.",0.0
This is the ultimate failure of collectivist thinking. It runs under the assumption that individualist policy thinking does not protect the group as a whole,0.0
This is why ugly people shouldn’t have kids,0.0
This is your only valid criticism. Which I would counter by saying that the guy is in a middle of a beating,0.0
"This literally is 99.3% of time i get more kills than you, no matter if it’s quads, Alcatraz or hot pursuit. Negro @TheDerekMo always got more damage, ALWAYS!! Lol",0.0
This looks like rec ball.,0.0
This nigga went outta town over the weekend jus left me for an entire weekend den wen I tell him ima see him tomorrow it’s the end of the world lol the nerves of this bitch after he left me for 3 days 🙄 niggas,0.0
"This propaganda machine (FOX)with direct line to Whitehouse helping shape and give the prez bullet points for policy is dispicicable. At night their freaks come out. Fucker, Hick Hannity Ingraham, Wing Nut Watters. Defend the prez even about The great championship womens team.",0.0
This was proven to be started by Russian trolls. Try not to be such a dope. You’re letting your country down,0.0
Those were her last words? That's wonderful,0.0
"Though Epstein has the blackmail material, so he is the key that blows the lid off of this sick world.",0.0
Thus being american is nothing special,0.0
"To all my friends of all colors, sexualities, genders. I love you all. I know I joke around a lot and talk shit. But I love you all. If anyone is giving you a hard time because of an aspect in your life that you have no control over. If you feel alone. I’m here. At all times.",0.0
Today we ain't working in silence?,0.0
Toothless Cooch is a Ruthless Cooch. Oarty time!!!!,0.0
"Tourists in Alaska, or ""Pukers"" as Southcentral Alaskans call them, reacting to wildlife rarely goes well. It boggles me that these homonids can be so ignorant, or have so little threat assessment.",0.0
Transgender??? They're getting everywhere....,0.0
"True. Quit smoking also. If anyone smokes weed then buy a vaporizer like vapcap instead Save your lungs, save America.",0.0
Trump says thinking about God got him through Mueller probe and 'witch hunts' #MAGA #Trump2020 #Boss #KAG,0.0
Twitter fucked up my whole account,0.0
"Twitter is a paradise for liars, once u are on this app you can be as Rich as Jeff Bezos 😁",0.49999999999999944
U DO NOT HAVE A DEGREE LET US SEE A PICTURE,0.0
U weren’t even alive for 2 of the 3 games. LMFAOOOO. U won’t even land BIjan either,0.0
UNLV has a state of the art gym that you cannot beat.,0.0
Uncensored Jacuzzi set available on ONLYFANS!! ➡️ LINK IN BIO ⬅️🔥🔞😈💦,0.0
Unfortunately I can see him doing that as well. That can be something that damages a child for the rest of their lives.,0.0
Ur buggin. Raps or nobody else (except my Sixers),0.0
VM just dust ur shoulders off and pop yo collar at em and keep pushing foward and through those haters on the lean 😜,0.0
"Vagina’s and football.... nothing more, nothing less. Ciao.",0.0
Vic the real cyber bully here,0.0
Vile tasting them....but fun to bite the end off and try to shoot them at your primos.,0.0
Wait why would you name a drink Mountain Dew like wtf,0.0
Walhart was awesome. And like an idiot I didn’t know you could recruit those guys so I never got one of the coolest characters :(,0.0
"Wanna know how rich white men, in general, are psychopaths? They didn’t give women the right the vote until after black men got the right. That was his momma, wife, girlfriend, daughter etc. if that’s how he do his momma, yo momma better watch out.",0.0
Wanting to die because I have to wake up in three hours,0.0
We MEN have to Pay the women now Just to Be Women ~! LOLxs1000 !,0.0
We are passing a petition to have a restraining order against @mPinoe where she cannot get within 50 feet of our White House. She is a Psycho. @realDonaldTrump @limbaugh @TheJuanWilliams @JesseBWatters,0.0
We hold their non existent gm hostage and force feed him coney dogs,0.0
We in hell frfr everyone lying on god,0.0
We should question parents dominion over children because,0.0
Weird how they preach the 1st amendment but then go ape shit when someone drops a bit of fabric.,0.0
Welcome fwd to Europe 👑 @KumarFyah !!! 😎✈ Have a great time on this side of the world!🌍 Your Europe Family can't wait to see you and the Habaneros performing live and direct at #Reggaejam and @ReggaeGeel !!! 🎶🎵 Soon come!🔥🔥🔥🔥💯,0.0
Well did you? 🤤 Nice cock bro!,0.0
Well done @thisisheart for the breaking news of a new mum kissing her baby on his head!!! Cutting edge news report!!! #GetAGrip #GiveUsOurBayRadioBack,0.0
"Well it's the Internet so I'm generally not serious. We are both speculating here, me less so, I'm mainly taking a dump",0.0
Well this sucks for you haha,0.0
Whaaaaa???? Honey- can you at least TRY TO HIDE YOUR FASCIST agenda?? STOP attacking free speech for your delicate and fragile being. Parody accounts are as American as legal immigration!,0.0
"What a good little bot you are. Trump is a criminal, a rapist, a traitor, a thief, a liar, an adulterer, a sexual predator, and he’s supporting concentration camps. No amount of “reporting and blocking” is going to change any of that.",0.0
"What a nice ass, it worths 😍",0.0
"What is \""right\"" who gets to decide that? what if whats right is to kill you and your entire family? whose to stop that from happening ever?",0.0
What sub is willing to shove this up his butt no lube with video proof? #findom #paypig #sissy #finsub #cashcow,0.0
What the f&amp;@k did you just bring upon this cursed land,0.0
What type of mobile set up will you be using?,0.49999999999999944
"What would probably happen is they would go “we thought you guys gave a really solid effort, so we’ll give it to you anyway” or they’ll just save it for another day, another challenge or release it as a purchasable skin. There’s no way they’d waste time making a skin and then not give it out to players. Although I think this is a shit post, and it is interesting to think what would happen if we failed.",0.0
"What, her stand out camping was for cheese and your surprised, she should be purged for a week in front of a revolving churn.",0.0
"When akbar v said "" these bitches going through worser shit than the bitches they talking about"" 🙌🏽",0.0
When follow me it makes my dick twitch,0.0
When my barber cut my dreads he cut my bitmoji's too,0.0
When the only people I see you arguing with and trying to start pile on’s against are black women....,0.0
When your virgin gf is there asking 4 money to buy make up n do her hair... n u r there thinking of telling her how u r not ready n dont want to rush things,0.5
"Where do i draw the line between “ralp youre a fucking pessimist, things are way better than it seems “ and “ralp stop denying it to yourself, this is a shitty situation and you know it”",0.0
"Where sleep the dead of yesteryear, Of damask, incense, and great gold chalices: Over the wayside ditches, and the alleys,",0.0
Whining little Orange bee. Always talking about being treated unfairly while locking babies in cages. Grow a pair fat man.,0.0
"White people are weird but aside from that, I never got the whole remaking somebody else as black thing. Why not just make a whole new character &amp; storyline for a black character?",0.0
White people really don’t punish they kids. Just let them do whatever the hell they want,0.0
White slavery will become real ;),0.0
Who do we have to kill to initiate Amber and Ovie #LoveIsland,0.0
Who molested 14 year old girls. So a far I am Republicans men are PERVERTS just like trump. Women stand up I don’t care Republican Democrat Independent you have to see HOW WRONG this is please tell me you do. For sake of your daughters an your granddaughters you must care PLEASE,0.0
"Who's the worst person you've jacked/jilled off to? Don't be cowards, TELL ME!",0.0
"Whoever they are, they need to go away and have a long think.",0.0
Why ? Is Cleveland boring too?,0.0
Why Apple's Mac Pro 'trash can' was a colossal failure #tech,0.0
Why are Americans so fucking afraid of nudity?,0.0
Why aren't there any black drivers in NASCAR?,0.49999999999999944
Why do they hate your American freedoms so much for?,0.0
Why does my father bitterly bitch and complain about the actions of my mother Your anecdote generalises perfectly to all 3.5 million men and boys on the planet. Clearly there is no need for further examination of the issues. Long live feminism!,0.0
Why has /pol/ forsaken him?,0.0
Why is it that ppl often calls my husband's bland and/or boring? 🤔 Do I have a boring taste in husbands?,0.0
Why is there no.............TURKEY!!!!? 🦃🦃🦃🦃🦃🦃🦃🦃🦃🦃🦃,0.0
Why should a White,0.0
Why waste your life when you can have it remembered.,0.0
Will no one rid us of this dimwitted fool?,0.0
"Wind 0.7 mph E. Barometer 30.10 in, Falling slowly. Temperature 86.2 °F. Rain today 0.00 in. Humidity 50%",0.0
Worked for us two years ago.,0.0
"Worst is free money donated by fools that believe your a real Rev.... fastest way to make money is start your own church, preach bullshit and enough gullible sheep are sure to follow....,sit your ass down!",0.0
Would love for antifa to show up and block or harass a real man who is showing up to buy some materials. Would be great TV,0.0
Would you rather have dick fingers or pussy ears?,0.0
"Wow maybe he would have been happier being held back? maybe he needed to change schools. Nobody knows the kid's situation and nobody asked or cared, that's my fucking point",0.0
Wtf is this I hope he founds the nonce and breaks his knees who steals another man's dog ffs,0.0
Wtf is wrong with people with animal cruelty ffs!!,0.0
Y'all don't even know how much I hate mind games loool and it seems like that is all dating is. Does mek me wan commit to celibacy and call that George. 🥴,0.0
"YESSSS I'M FRICKIN DEAD You did an amazing job, all these faces are priceless hahaha!!!",0.0
YESSSSS AU RIGHTS THANK U SOCIAL DUMMY,0.0
Ya I’m sure but dubloadz would be sick with svdden death lol,0.0
Yeah MLB advertise Yelich and Bellinger more than the actual best player in the game Trout. Makes fucking sense. Give Trout his recognition man,0.0
Yeah i agree just fucking hilarious,0.0
"Yeah, and many of them can easily make turns like this all day. This jackass can't and probably shouldn't be driving.",0.0
"Yeah, he might have a chance of turning shit around.",0.0
"Yeah, right? They should just shut up and... Take it.. And.... Uh.... What?",0.0
Yes I know. Oils ain’t good for Mother Earth that’s why I gotta get it fix and they definitely ain’t good for my fkin pockets,0.0
Yes. My MC killed the other antagonists before they met. :),0.0
Yo the take was still racist,0.0
"You \""never know\"" what little piece of garbage you might need",0.0
You a ole Burger King taco eating ass nigga 😂,0.0
"You are _really overselling_ the planning and strategizing ability of then-Aisha! Remember, she went there without telling her team,or leaving a note, without having a plan, and then got caught in a bear trap, asking the Nine for help...",0.0
"You are all a bunch of clowns trying to make every last dime out of 2 kids death. Fuck you, you greedy pricks.",0.0
You are literally pulling shit out of your ass to defend your fragile little world view.,0.0
"You are literally saying youd rather an islamic theocracy that exports terrorism all over the world then a secular welfare state because you want cheaper gas. This is an indictment of you, not socialism",0.0
"You are not going to believe this, but he does not have MarioMaker2... Crazy right?",0.0
"You can do this to Hillary, too! She wrote books! She wrote ""It Takes a Village,"" and ""What Happened."" She actually *told* the world you're Putin's puppet! HOW DARE SHE!! Get a crate of *her* books! Give *her* the same treatment!",0.0
You can say he’s weak but he is anything but a lil bitch! Dude has no real super power yet goes straight for the action every time!! He a real one,0.0
You can't win an argument with stupid people. They will drag you down to their level and beat you with experience.,0.0
You didn't know shit from shit,0.0
You disagree? Black out the wheels and exaggerate the swooping lines and it's like Burton's batmobile. Not 100% ofc,0.0
You do note she is stalking abt is da pipol @GirlsGeneration,0.0
"You dont even know my envy levels rn, lmaoo",0.0
You gave Greece the land back when the Muslims invaded them,0.0
You get rid of ACA...you and all Gop'ers will regret it quickly...retaliation will be swift,0.0
"You gotta pay the troll toll, if you wanna get into this boy’s hole!",0.0
You hate women but you can’t say you be misogynist. Tueh,0.0
You have to legally inmigrate. Then,0.0
You haven't tweeted since July 5th. Just before all went down with Epstein. Did your attorney tell you it was time to shut up?,0.0
You live in Florida? Watch out for all the crazies and serial killers.,0.0
"You mean, #ProtectOurDemocraticPartyDonors?",0.0
You need a licence for that in the UK,0.0
You never said that you are ashamed of the peaceful maulana who called you prostitute just becauseyou became actress.,0.0
You of all people referring to anyone else as smug and annoying could be the funniest thing I’ve seen yet on here.,0.0
"You politicians are beyond stupid and if you can’t see why a serving president wouldn’t get upset over one of his ambassadorial guests slagging him off and criticising his government, then you shouldn’t be in the job sunshine..",0.0
You should visit a sauna so your entire body can cry.,0.0
"You sound like an expert, and you know what we think of them.",0.0
You will bow down to the throne or you will die.,0.0
"You're absolutely white, Sean!",0.5
You're just spouting mindless talking points on all taxation being theft and offering literally nothing realistic in return.,0.0
"Your allowed to kill, doesn't mean every duel ends in a death.",0.0
Your decreeing is going to embarrass the hour of temptation JHM,0.0
Your evangelists are making ppl fool world over to snatch their property n money since ages.,0.0
Your female relatives back in Somalia are comforting amisom troops. Your lil cousin in jubbaland in Kenyan kkkkk,0.0
Your reading comprehension is the problem here.,0.0
Your swanton is fkn glorious,0.0
"Your words mean a lot to me, Melissa. ❤️",0.0
You’re virginity is making you a bird as usual made me think of sweet Dee,0.0
You’re walking around the campus naked????? 😱,0.0
Y’all been subbing Jenn body on twitter for 2 days and she dnt even have a Twitter😂😂😂😂 if that ain’t some pressed shit...,0.0
[TIFFANY] hates yoona aegyo sound,0.0
"[clenches fist, grits teeth] kim seungmin ,,, i would die for you",0.0
"[thinks for .5 seconds about any girl] [sweats, in a gay manner]",0.0
^____^ HI welcome to my art account spencer 🐙 he/him 🍄 under 18 main is @aIIisters love to have a good time will put important stuff in the replies as they come,0.0
"a man just flirted with me! gods, is my lesbian presence not strong enough?!!?",0.0
ahhhhh i like the progress. let the love begin!! 😭,0.0
all change is dumb,0.0
all his bots r voting 4 him,0.0
all these chicks poppin pussy I’m just poppin bands 😩😩,0.0
also bro nathaniel is just a putinist shill who spreads halfbaked conspiracy theories that are almost half right,0.0
also women will typically stop having sex with their boyfriends when they cheat and act up towards him while men will still fuck their wife and tend to them,0.0
anarcho-communism is a nonsense term for the same reason that anarcho-fascism is a nonsense term. It is an oxymoron,0.0
and now fucks over gentiles that work with him to hire actual jews to try and make himself appear part of the tribe.,0.0
armos tried to pull a jew on the turks,0.0
as they themselves are murderers,0.0
"at 0:05 the guy on the ground says ""die motherfucker"". Immediately after the cop shoots him there's a second shot, that isn't the cop's. Then, 0:16 on, the cop takes the gun out of the guy's hand and places it on the hood of the car. watch it again and see what you think.",0.0
"back to you. Creatures like Vile / Great Girros are also ridiculously effective as well, terribly overstatted especially considering the drawback buffs you. vs revenge you just play aggro tempo and boardwipe revenge (2)",0.0
basically takes a big chunk of his ideology from the third reich,0.0
"because it will \""ruin their lives\""",0.0
being single sucks someone ruin my life already,0.0
bitchhhh 😂 you fkn alcoholic where you been puto,0.0
"bts has taught me to love myself through allowing me to exist in the same universe as namjoon's thighs, damn. haha they've taught me to love myself by speaking up for myself and not letting others get me down!",0.0
can we please just euthanize these savages already?,0.0
damn giriboy produced two songs for pentagon wowie,0.0
"damn, my bad, i really need to look who i’m responding too, but the idea of it still holds i guess.",0.0
"disarm everyone and send in the rats. that is how democrats plan everything, ratass backwards. democrats don't care if sound stupid as long as they can have the agency's for their kickbacks and money laundering. a vote for a democrat is a vote for money loss.",0.0
divert the attention of the board with fake bot stories and buzzwords spewed by people with no formal training in computers.,0.0
don't forget to share ur cook,0.0
dont listen to morons,0.0
don’t tease me :(((( am babie,0.0
everyone feels as though society is retarded but they just to with it to fit in,0.0
everyone shut up! listen to a bouncy love song!! dance around in your room at 1 am!!! be nice to each other!!!!,0.0
everywhere you go there’s demons,0.0
ew here i go feeling un-fucking-important,0.0
exactly. They don’t even put a trigger warning or anything. I HATE IT,0.0
"fam, never put your trust in people to run a con that have never done before, especially if they're saying it's free. period.",0.0
faved fahab of Falkland road😜😜,0.0
"filthy children in cages and the choice of who one loves and chooses to marry.... Yeah, i am really struggling with which of these things is analogous.",0.0
first impression: freakin cute your nickname in my head: baby boy closeness ratings: 6/10 do i like you: yes you are my: best friend to be honest: you're my dumb asses dad ever had a crush on you: yes should you post this too: yes,0.0
full admission...they just wanted Obama to fail. 🐬,0.0
funny how i notice everything without even trying 💀💀,0.0
"funny that you can put a ton of effort to hanging out with someone for like a year with no reciprocation but the second you say fuck it, they’re free 24/7",0.0
get laid regularly. when the happening happens all you resource hungry alpha man beasts will starve. the manlets shall inherit the earth,0.0
girl ur in! easy as that tf i rlly hope we actually make this happen,0.0
"hate to say it, but i would respect the sport more if they just went all in like the WWF. or you know, crack down on corruption and malingering.",0.0
have mercy on me please i messed up to the third degree this crush is kind of crushing me,0.0
he wriggles it about a bit,0.0
he's so sexy im sickkkkkk,0.0
here come “big titty women corny” twitter,0.0
hi cheer up is all i will be listening to for the rest of the year,0.0
hi your voice is so fucking cute im crying,0.0
homestuck reread dave sucks at first when did i start crying about him,0.0
how can people go on social media while just not answering texts like bitch I’m waiting and u out here viewing Snapchat stories 😭 pls I beg u,0.0
how much has woman like me sold,0.0
i can’t wait to do this with my siblings except it’ll be mexican music or kpop 😂,0.0
"i could date the ugliest mf, but once i fall in love he’s the bombest guy on the planet for me 💀🙈",0.0
"i got out of my fine, you need to write a letter claiming marital problems, it worked!",0.0
i had to give ihop a break tho i ate that shit like 3 days in a row last week,0.0
i have to get out of bed and change to go to the mall but its so fucking cold that i dont want to :/ jungkook come save me,0.0
i hope ppl will rt the ga lol PLS I JUS WNA GIVE IT TO SOMEONE 😭😭😭😭,0.0
"i just started programming because i had a computer and was just dicking around. i didn't even know who the ""big names"" were when i started. i still don't and don't really care either.",0.0
i like how you put raped next to caged and killed,0.0
i mean i have crushes on people and i'm not gonna tell them but if it's just a friend i wanna make out with or some shit i'm not playing anymore,0.0
i need to get off the internet mfs are retarded,0.0
"i never once said harden isn't a flopper. i said curry does the same shit. and i gave you proof. but as typical of your type you always have an excuse. you can't admit your little pretty boy begs for fouls and then whines like the bitch he is when he doesn't get them. that's why he gets more techs and more fines than harden ever has. now excuse me, i'll be ignoring you to watch the game.",0.0
i rejoice with you this day 🙌,0.0
i wanna cosplay a physical copy of ace attorney: apollo chad klavier,0.0
i would slap you but that’s what you want🤠,0.0
i'm going to rip my head off and slam dunk it over michael jordan,0.0
i'm praying for you sis lmao 😭😭🤲 we gonna get him one day when he be slipping loool 👀👀,0.0
if she listens to the tumblr SJWs she will spend the rest of her life being famous solely for a role she played for a brief moment in her increasingly distant youth before she spoiled herself,0.0
"if u don’t know what’s awesome, then u need awesome lessons lol",0.0
"if you can look me in the eyes and tell me you've never gone to the bathroom just to wipe before, then I know you are a liar and cannot be trusted",0.0
im not saying rin is a dorito but if u touch him u get cheese dust all over ur hands,0.0
im ready to get my ass back in the gym,0.0
imagine those who don’t like any of them..... tasteless,0.0
is she really dying her hair while pregnant? yuck.,0.0
"it slows down a bit, first 5 levels are nothing compared",0.0
it's ridiculous,0.0
iwantsomeonetotalktobutidontwantpeopletothinkimusingthemjustasaplacetovent,0.0
i’ll fight tony don’t worry about it,0.0
i’m actually gonna block u say that again,0.0
i’m so - i’m only friends with one person and it’s because we can hang out for 3 days straight and i won’t get annoyed,0.0
i’m so happy for u!! i hope your recovery process goes smoothly &amp; pls stay hydrated and well rested,0.0
"jeah, the streaming quality was incredible bad. the shadows totaly clipped and made many scenes unwatchable. sky made an incredible bad Job with the streaming in germany.",0.0
just took 200 threes and only made 70 smh washed af,0.0
"like either my hypothyroidism has came back full blast worse than ever before or i’m pre-diabetic bc i haven’t felt this fucking lethargic, hot, like i’m on the verge of barfing, can’t even walk to my kitchen without feeling like i exerted all my energy in a MINUTE",0.49999999999999944
"like, at least the OP shithead MC is weak by the show's own metrics whereas Naruto is just like ""yeah I'm the son of the first Ninja President and god""",0.0
listen to atomizer by big black,0.0
literally disgusting wastes of space is what those anons are,0.0
"lmao. yeah, right kid. respawn is too lazy and incompetent to fix anything. the only way you can motivate them is if you buy some of their $18 p2020 skins.",0.0
local gay drama omg this is so MESSYYYYY,0.0
"love it, god damn right give me official lore content for those two!",0.0
me &amp; my friend went to burger king today and there was my ex best friend w her best friend who apparently had a crush on me and he saw me the first time irl and said „ew is that krystal“ LIKE? AM I UGLY TO U FAT BOTCH? ok anyways..,0.0
me realizing i am indeed human and have well....sexual needs when it rly disgusts me and tears me apart,0.0
muh magic man in the sky strawman,0.0
murderer of kid who isn't capitalist,0.0
my bosses are lw racist and it makes me uncomfortable,0.5
"my boy isn't kinky at all. but I'm sending him videos of my puppy and he's saying shit like ""wow what a good pup!!!"" n like,,,, its low key sending me STRAIGHT into pupspace",0.0
my cousin be telling me a sticky situation she got herself into 😂😂😂 she actually wants to kill me tonight skdjdsjd,0.0
my friends fell asleep on me 😡,0.0
my mom baked a whole ass cake but forgot to add sugar..,0.0
my sisters gonna say i need to teach her daughter how to mump when she have her.. wtf😂,0.0
"nah, this guy bought his id",0.0
netflix and choke me am I right?,0.0
nobody does shit because they dont want to keep suspending me,0.0
nope..alien is a play on my middle name Allen...bet you feel stupid now,0.0
oh shit how far in are you 👀,0.0
"oh, i mean i would but you’re a crackhead so no",0.0
ohhh no the NSA saw me look at some gay porn,0.0
oj simpson makes me sick to my stomach dude,0.0
ok but damn who is this 🤤🤤🤤,0.0
one of the biggest threats to the world now is hoax #SpiderManFarFromHome,0.0
osrs.... grave... evil tree... wut?,0.0
people never appreciate anything,0.0
perhaps i should rewatch sense8 but how about my watchlist theres ton of ot djskskks,0.0
please if you don’t like the existence of yoo jimin just save your bullshit.,0.0
"please tell us the strain of weed your lawyers are smoking, we would love some!",0.0
pls engage a pro photographer and give us some quality images of the kits! These obese are a no no!,0.0
pray 🙏 dirty house 🏠 educated 📚 hoe 🚂 a job 💰 gold digger 🏗 clean pussy 😌 stank pussy 🤢 faithful 👼 cheater 🖇,0.0
"pray+act.=two edged sword i guess if you don't believe in trusting God your ""immoral"" counsel makes no sense. all u can do is act, UR also left trusting your fellowmanwoman .Your cynicism in what a man and law can do to change us is therefore completely rational",0.0
question: what killed off your brain cells? quickly.,0.0
"r/funny users should be quarantined in their terrible, terrible sub laughing about the horrendous things they call humorous.",0.0
remember non Jews are beasts of burden,0.0
she just seems like a bully honestly.,0.0
she's annoying and disgusting. i hate her,0.0
shoulda told him to go suck his mumma,0.0
"slytherin, taurus, lesbian",0.0
so im just flying around spectating in the End rush thing that @Emmaboowho and uhhh idk any of the other @'s BUT EXCUSE ME WTF,0.0
"so now you’re enabling , who enabled a pedophile? #alaska are you OK with this?",0.0
"softdrinks everydayy, okay im dead.",0.0
someone pls give him one 🐋,0.0
someone tell mint that i'm dead,0.0
sometimes it can make a shit day into a good one by doing the same. sometimes you can even do it without posting it on instagram or fb too! doing something kind for others is just in general good advice really.,0.0
spray bullets at kids and then off yourself,0.0
stan twitter is venting about how bad you want to kill your self and attaching a photo that has NOTHING to do with the tweet,0.0
stolen from the tl but quote with an emoji and ill tell you - first impression - your nickname in my head - closeness rating (1-10) - do i like you - you are my...? - tbh,0.0
straight people are really annoying,0.0
"stream purple, superhuman, dnyl and take off!!!",0.0
suck my cock (chicken) hahaha!,0.0
switching campuses might b the move fuck it,0.0
thats great and even better that you are not associate with all their scams. Im so happy you left them.,0.0
"thats ice bow lmao ice bow is different to xbow cycle, check the xbow cycle vs golem on tv royale, stop being ignorant",0.0
the census is to count the citizens...not matter race....if you're not a citizen then you shouldn't be on the census...dang..how do you make through life without any common sense? You can't be that dumb..can you?,0.0
the fact that you literally went straight to twitter-,0.0
the kangaroo and hungaey ones weren’t serious. the cardio one was bloodshed,0.0
the only thing I miss about not being a manger is I got away with not doing a lot bc my upper management sucks at following up and holding people accountable now I gotta deal with it 🤧,0.0
the worst part is they see nothing wrong with it,0.0
"their current “crossovers” qx50/60 are more like regular sized SUVs, it doesn’t make much sense to market them as crossovers. Definitely agree, everyone and their mother has a goddamn crossover these days, not a smart move to leave that market.",0.0
thinking about the video of the monkey getting his boogers picked,0.49999999999999944
this whole conversation i CANNOT,0.0
this....means nothing. i can post a pic of my gf and say this is the love of my life and still call her a fat ass kelly price and cheat on her the same day 😭,0.0
"those parents don't use the word \""degenerate",0.0
"tick tock twisted midget, couldnt happen to a better POS",0.0
to buy... a zizigom... or a danygom... or cry... — .......cry,0.0
tobin winking at the end of that promo video—,0.0
true i mean most of my moots are older and they’re still as much crackheads as me so skdksjs,0.0
twitter has developed into a safe space for monster and vampire fuckers alike and I think that’s beautiful,0.0
u see I haven’t been exposed to shit,0.0
unless they need to kill bin laden,0.0
unpopular opinion stalker isn’t good,0.49999999999999944
volunteer humanitarian work all over. Barely manage to keep virginity in tact.,0.0
well ur post was about how she was a hypocrite. i just explained u got it wrong. she has her own standards and rules,0.0
what if I kill myself tomorrow hoe,0.0
where do you recomend meeting good women?,0.0
whites girls really still gonna be dressing up as cows for free chick fil a?,0.0
"whoever this is driving a damn fool cause baaabbyyyy, i’ll be on side the road with the rest of the people collecting me some dollars. DYFHM.‼️‼️🗣🗣🗣",0.0
why didn't you upvote my comment then n E r D,0.0
"why does my room smell like my brother,, he’s smelly",0.0
why would you think that Meghan and Liz would condemn this? Two bottle blond bimbos riding on their fathers' coattails... yuck,0.0
wow California. shameful. what about all the legal citizens without healthcare?,0.0
"wow you get worked up easy, that shit is funny. I never claimed he's in it... just questioning the accuracy of people claiming the show writers invented him as matter of fact, and asked for a source on that. **Which you don't have**, just a strawman and a short temper lmao.",0.0
wut lol what kinda basement dweller threat is that 😂,0.0
yah do whatever u need. it a long process 2 learn how 2 cope but it can be done this stupid disorder does not define us Ok try not 2 forget tht,0.0
yeah yeah bitch I couldn’t go to work I was stuck in the house 😂,0.0
"yeah. im not even mad about these types of bars from the 90s- it was just how shit was, even if it's messed up. glad times have changed in this area",0.0
you get the snake to kill the rat then you kill the snake @Tsu_Surf,0.0
you look pretty chill there buster @AlbertsStuff,0.0
— sense of what the hell was happening.  Cerulean was the dominant scent that had her head tilting down. She didn't so much see what was there as seeing color in a strange way. She could see Vriska's general figure and only picture a smug grin in that damn beautiful face. —,0.0
“I got my Spanish ting convinced that I speak Spanish...” 😌 🔥chico caliente de verano🔥,0.0
"“It’s not you, we’re just incompetent at managing our own affairs and have no strategic vision.”",0.0
"“The Home Office have made repeated promises to reduce use of detention for vulnerable people, but very little has changed” - @jessphillips #SetHerFree",0.0
“private section of a county jail” Saaaaaay WHAT????????????,0.0
"☺✌Ty, I'm sorry, I have a terrible habit of forgetting to ck my account. I get so involved with my reading, or with History and Universe Studies that I forget. Have a Beautiful Day, Erin!! 😮😵😂📚📖",0.0
🍇choice summer tour： my #TeenChoice for #ChoiceSummerTour is BTS WORLD TOUR LOVE YOURSELF: SPEAK YOURSELF TOUR.@BTS_twt,0.0
😂 if the post gets 1k retweets I'll post a nude,0.0
😂i love him he be slaying 😍,0.0
🤣🤣🤣 I know pathetic and scary!,0.0
