sample_size,iteration,level,apunim,support
3,0,Other,0.0,33
3,0,Asian,0.0,9
3,1,Other,0.0,30
3,1,Black,0.0,3
3,1,Asian,0.0,15
3,2,Asian,0.0,12
3,2,Other,0.0,27
3,2,Black,0.0,3
3,3,Other,0.0,12
3,3,Asian,0.0,6
3,4,Asian,0.0,6
3,4,Other,0.0,36
3,4,White,0.0,3
3,5,Asian,0.0,15
3,5,Other,0.0,27
3,5,Black,0.0,3
3,6,Other,0.0,24
3,6,Asian,0.0,6
3,7,Other,0.0,24
3,7,Asian,0.0,9
3,8,Other,0.0,30
3,8,Asian,0.0,12
3,8,Black,0.0,3
3,9,Other,0.0,15
3,9,Asian,0.0,9
4,0,Asian,0.0,24
4,0,White,0.0,6
4,0,Other,0.0,72
4,0,Black,0.0,3
4,1,Other,0.0,72
4,1,Black,0.0,6
4,1,Asian,0.0,25
4,1,White,0.0,6
4,2,Asian,0.0,30
4,2,Other,0.0,54
4,3,Other,0.0,129
4,3,Black,0.0,3
4,3,Asian,0.0,31
4,4,Other,0.0,70
4,4,Black,0.0,6
4,4,Asian,0.0,37
4,4,White,0.0,3
4,5,Asian,0.0,21
4,5,Other,0.0,136
4,5,Black,0.0,6
4,5,White,0.0,3
4,6,Other,0.0,101
4,6,Asian,0.0,13
4,7,Other,0.0,91
4,7,Black,0.0,3
4,7,Asian,0.0,31
4,7,White,0.0,3
4,8,Other,0.0,60
4,8,Asian,0.0,32
4,8,Hispanic,0.0,3
4,8,Black,0.0,3
4,9,Other,2.246265189357875e-16,90
4,9,Asian,0.0,23
4,9,Hispanic,0.0,3
5,0,Other,0.0,171
5,0,Asian,0.0,73
5,0,Hispanic,0.0,3
5,0,Black,0.0,3
5,0,White,0.0,10
5,1,Other,0.0,140
5,1,Asian,0.0,68
5,1,White,0.0,6
5,1,Hispanic,0.0,3
5,2,Other,0.0,220
5,2,Asian,0.0,53
5,2,White,0.0,9
5,2,Hispanic,0.0,3
5,3,Other,0.0,145
5,3,Asian,0.0,63
5,3,White,0.0,9
5,4,Other,0.0,184
5,4,Asian,0.0,57
5,4,White,0.0,7
5,4,Black,0.0,9
5,4,Hispanic,0.0,3
5,5,Black,0.0,3
5,5,Other,0.0,189
5,5,Asian,0.0,42
5,5,White,0.0,12
5,6,Asian,0.0,59
5,6,Other,0.0,182
5,6,Black,0.0,15
5,6,Hispanic,0.0,6
5,6,White,0.0,3
5,7,Other,0.0,166
5,7,White,0.0,6
5,7,Asian,0.0,61
5,7,Black,0.0,6
5,8,Asian,0.0,56
5,8,Other,0.0,144
5,8,Hispanic,0.0,3
5,8,White,0.0,7
5,8,Black,0.0,3
5,9,Other,0.0,164
5,9,Asian,0.0,66
5,9,Black,0.0,9
5,9,Hispanic,0.0,3
6,0,Asian,0.0566110895696005,151
6,0,Other,0.004840067340067132,298
6,0,Black,-0.07235621521335793,15
6,0,White,0.16472545757071547,19
6,0,Hispanic,-0.04306220095693784,6
6,1,Other,-0.0209955178108043,275
6,1,Asian,-0.0022637712752578065,114
6,1,Hispanic,0.30548302872062655,9
6,1,Black,0.0,9
6,1,White,0.4563106796116504,9
6,2,Other,-0.006881510171849702,274
6,2,Asian,0.038291118312281096,143
6,2,White,-0.041533546325878634,15
6,2,Black,-0.12587412587412575,14
6,2,Hispanic,0.0,6
6,3,Asian,0.03020697370874509,109
6,3,Other,-0.02157767180048478,265
6,3,Hispanic,-0.06103286384976521,6
6,3,White,0.06530801296896722,20
6,3,Black,0.0,16
6,4,Asian,0.028806584362139852,111
6,4,White,0.26050420168067234,12
6,4,Black,0.0,9
6,4,Other,-0.03742028636746479,244
6,4,Hispanic,0.0,7
6,5,Other,-0.04675745167126931,330
6,5,Asian,0.10507585690204162,106
6,5,White,0.12826603325415675,16
6,5,Hispanic,0.14613180515759328,9
6,5,Black,0.0,7
6,6,Other,-0.009732438248803373,345
6,6,Asian,0.03988416480189547,81
6,6,Black,0.0,9
6,6,White,0.0,9
6,7,Asian,0.07075088099756029,105
6,7,Other,-0.036225833386858385,337
6,7,White,0.1103400416377516,13
6,7,Black,0.0,6
6,8,Other,-0.009094353921940218,346
6,8,Asian,0.027267562961560438,105
6,8,Black,0.0,6
6,8,White,0.0,12
6,8,Hispanic,0.0,4
6,9,Other,-0.040202825063382866,274
6,9,Asian,0.05676662609272976,96
6,9,Black,0.0,18
6,9,White,0.06870229007633573,18
7,0,Other,-0.04432898518682284,429
7,0,Asian,0.012610879555412955,182
7,0,White,0.15074798619102409,20
7,0,Black,0.20454545454545445,21
7,0,Hispanic,0.3850415512465372,9
7,1,White,0.10833035395066144,48
7,1,Other,-0.017961278283181798,370
7,1,Black,0.0,32
7,1,Asian,0.011907456875084885,210
7,1,Hispanic,-0.09008189262966332,10
7,2,Asian,0.004972520282648504,170
7,2,Hispanic,0.0,4
7,2,Other,-0.0101805348174291,385
7,2,White,0.18110236220472445,24
7,2,Black,-0.08925318761384346,27
7,3,Other,0.01044129235618599,509
7,3,Asian,-0.0011967228205836738,200
7,3,White,0.1227902532250357,32
7,3,Black,0.07334525939177097,34
7,3,Hispanic,0.39860139860139865,13
7,4,Other,-0.0479623425639285,470
7,4,Asian,0.029441117764471073,212
7,4,White,0.2539184952978055,31
7,4,Black,-0.0318118948824342,18
7,4,Hispanic,0.15384615384615372,6
7,5,Asian,0.05354770738857565,225
7,5,Other,-0.030045721750489807,415
7,5,Black,-0.1329479768786127,18
7,5,Hispanic,0.18906064209274664,7
7,5,White,-0.026946107784431156,10
7,6,Other,-0.05025125628140695,411
7,6,Asian,0.08594172276546597,206
7,6,White,0.2012012012012011,34
7,6,Black,-0.02811523776466509,25
7,6,Hispanic,0.324503311258278,6
7,7,Other,-0.04398897279156183,462
7,7,Asian,0.028453024713195503,180
7,7,White,0.21381886087768434,24
7,7,Black,0.0,9
7,7,Hispanic,0.18577075098814222,6
7,8,Other,-0.010786224821312538,411
7,8,Asian,0.020121007457436297,140
7,8,Hispanic,-0.10447761194029843,9
7,8,Black,0.0,15
7,8,White,0.004119464469618924,28
7,9,Asian,0.06319107419822878,187
7,9,Other,-0.04447556177902237,476
7,9,Black,0.13636363636363633,21
7,9,Hispanic,-0.14529914529914525,9
7,9,White,0.38067061143984215,24
8,0,Other,-0.0030522527447496843,603
8,0,Asian,0.022788389139019937,278
8,0,White,0.19034966521415664,69
8,0,Hispanic,0.31426362582141476,20
8,0,Black,-0.10841654778887307,25
8,1,Asian,0.03771918758672891,357
8,1,Other,-0.04047371766055407,642
8,1,White,0.299806576402321,51
8,1,Black,-0.04345449576386986,33
8,1,Hispanic,0.3679890560875512,15
8,2,Hispanic,0.23140071831708559,16
8,2,Other,-0.040579604083574264,548
8,2,Black,-0.07396271797955499,36
8,2,Asian,0.062314634185024816,286
8,2,White,0.11459211953247371,60
8,3,White,0.2060301507537687,71
8,3,Other,-0.054165159338310204,614
8,3,Asian,0.036595666262266395,283
8,3,Black,-0.027595269382391714,35
8,3,Hispanic,0.35363790186125194,16
8,4,Other,-0.03705328518880974,605
8,4,Asian,0.03342637347675127,347
8,4,White,0.19960942948807356,53
8,4,Black,-0.001109877913429696,25
8,4,Hispanic,0.29729729729729726,18
8,5,Other,-0.04915470363210058,625
8,5,Asian,0.01892147587511836,281
8,5,White,0.2193817520590437,71
8,5,Hispanic,0.2067578439259854,19
8,5,Black,-0.08956171924624173,40
8,6,Other,-0.03546767370076617,615
8,6,Asian,0.119496855345912,320
8,6,White,0.2998736233977251,40
8,6,Black,-0.011532125205930726,15
8,6,Hispanic,-0.31972789115646255,3
8,7,Other,-0.03673160191792852,621
8,7,Asian,-0.0013357928884930993,292
8,7,Hispanic,0.4218009478672985,9
8,7,White,0.2739745205095897,54
8,7,Black,-0.041384147767126456,35
8,8,Other,-0.08198461130273288,595
8,8,Hispanic,0.3241785188818048,16
8,8,Asian,0.057113979421072734,265
8,8,Black,0.07973421926910296,30
8,8,White,0.24063932044260644,65
8,9,Other,-0.032869194369164606,610
8,9,White,0.3136015962753574,43
8,9,Asian,0.051848610807263176,294
8,9,Hispanic,-0.027552674230145856,20
8,9,Black,-0.061371841155234724,37
9,0,Other,-0.08836268061845229,829
9,0,White,0.2937293729372938,112
9,0,Asian,0.06657565221101144,441
9,0,Black,-0.0009450519778588535,60
9,0,Hispanic,0.20811855670103094,48
9,1,Other,-0.05093122822307754,791
9,1,Asian,0.005176333613914577,433
9,1,White,0.1774949210166258,87
9,1,Hispanic,0.2817089452603471,28
9,1,Black,0.026725049071417758,53
9,2,Asian,0.049026402082417715,407
9,2,Other,-0.0753892190796642,875
9,2,Black,0.06442577030812326,65
9,2,White,0.22147720775508078,147
9,2,Hispanic,0.08161258603736467,22
9,3,Other,-0.08133496663673484,732
9,3,Asian,0.04946107988353181,476
9,3,White,0.1812569144570143,110
9,3,Black,-0.10969793322734506,40
9,3,Hispanic,0.115702479338843,19
9,4,Asian,0.033227348850756,382
9,4,Other,-0.042876434841323315,697
9,4,Black,-0.16001679966400678,37
9,4,White,0.2070111604800057,115
9,4,Hispanic,0.3636363636363636,46
9,5,Other,-0.049776652409548504,650
9,5,Asian,0.037978034862446046,390
9,5,White,0.2819906334263682,83
9,5,Hispanic,0.10966057441253257,22
9,5,Black,-0.06118484946584652,23
9,6,Other,-0.022967706356064554,837
9,6,Asian,0.037228531678293424,424
9,6,White,0.23118455497382173,98
9,6,Black,-0.23733195449844885,61
9,6,Hispanic,0.1703511053315994,16
9,7,Asian,0.052830943086522385,405
9,7,Hispanic,0.23180291153415453,18
9,7,Other,-0.06248021402202198,837
9,7,White,0.20341061396754787,128
9,7,Black,-0.01567626686110103,43
9,8,Other,-0.05201422940101925,800
9,8,Asian,0.04101605439130006,479
9,8,White,0.2398351748532254,105
9,8,Hispanic,0.3029315960912052,31
9,8,Black,-0.18668432003026283,41
9,9,Other,-0.055874888472679754,855
9,9,White,0.20657150552114187,141
9,9,Asian,0.03599754722102151,425
9,9,Black,-0.178167157698868,50
9,9,Hispanic,0.36794107330761133,40
10,0,White,0.2422225122916938,172
10,0,Other,-0.07981819019394071,1102
10,0,Asian,0.06214841254209438,544
10,0,Black,-0.09634720631284208,91
10,0,Hispanic,0.18460019743336614,35
10,1,White,0.15484473984837463,179
10,1,Other,-0.05293823910523484,1031
10,1,Asian,0.043365255194393326,552
10,1,Black,-0.1418902586415277,60
10,1,Hispanic,0.20575651497471797,53
10,2,White,0.2110929089632576,126
10,2,Other,-0.07265316722465162,980
10,2,Asian,0.07513182468141744,602
10,2,Hispanic,0.2644508670520231,41
10,2,Black,-0.038142620232172485,69
10,3,Other,-0.08365674682246962,900
10,3,White,0.23712201951810744,165
10,3,Asian,0.05757292455023473,502
10,3,Hispanic,0.1808699074985239,71
10,3,Black,-0.05886237926195005,88
10,4,Other,-0.05283166629044338,961
10,4,White,0.22317952880836842,221
10,4,Asian,0.04212896034637059,581
10,4,Black,-0.049634794156706546,89
10,4,Hispanic,0.20369132004814763,50
10,5,Other,-0.08156214576475591,1028
10,5,Asian,0.06985024445888838,660
10,5,Black,-0.11634756995581737,80
10,5,White,0.20208664096166926,173
10,5,Hispanic,0.22680802726240062,49
10,6,White,0.21075181719352845,169
10,6,Other,-0.12422135007543865,941
10,6,Asian,0.09835741143874925,604
10,6,Black,-0.10426731078904998,71
10,6,Hispanic,0.24185667752442988,39
10,7,Asian,0.11793410890534467,542
10,7,Black,-0.08237572084017332,92
10,7,Hispanic,0.14093959731543612,42
10,7,Other,-0.11447777322216533,971
10,7,White,0.23179029255990888,190
10,8,Other,-0.07693458213851002,985
10,8,Asian,0.07446777613197406,573
10,8,Hispanic,0.212386795208881,77
10,8,White,0.22178461017236262,188
10,8,Black,-0.06708595387840668,68
10,9,Asian,0.09182741713352362,574
10,9,Other,-0.08634898691208083,953
10,9,White,0.2046546580739188,167
10,9,Black,-0.12839423399262487,61
10,9,Hispanic,0.18113295516357128,50
11,0,Hispanic,0.16570432508987903,66
11,0,Asian,0.026468604717442095,814
11,0,Other,-0.05388991764533899,1178
11,0,White,0.19479347335569774,274
11,0,Black,-0.1012699446434386,111
11,1,Black,-0.04006437891590508,119
11,1,White,0.19710550608975308,245
11,1,Other,-0.061196081053811045,1233
11,1,Asian,0.045877632424463244,789
11,1,Hispanic,0.20358716173694144,84
11,2,Asian,0.05266294158900998,772
11,2,Other,-0.07583030450602393,1196
11,2,White,0.17874303401858394,250
11,2,Black,-0.07564581340082102,102
11,2,Hispanic,0.2487931830583889,68
11,3,Asian,0.04732583702079819,732
11,3,Other,-0.08706950578770574,1198
11,3,Black,-0.0694745679703351,106
11,3,White,0.20985888468314468,216
11,3,Hispanic,0.21660193720462298,73
11,4,Other,-0.06625188893681469,1292
11,4,Asian,0.03849447133613826,810
11,4,White,0.2155101000446059,238
11,4,Hispanic,0.19259071301700068,80
11,4,Black,-0.18595619077209885,112
11,5,White,0.2049448536378912,229
11,5,Other,-0.10045992257708303,1203
11,5,Asian,0.08079119392561845,702
11,5,Black,-0.09319899244332495,99
11,5,Hispanic,0.15079365079365076,75
11,6,White,0.23543324979756167,242
11,6,Asian,0.052266503781388564,728
11,6,Other,-0.083991879742509,1168
11,6,Black,-0.08812630900596105,117
11,6,Hispanic,0.2207527975584944,59
11,7,Black,-0.07060497807208625,124
11,7,Other,-0.0649660766356459,1213
11,7,Asian,0.03632623595935683,775
11,7,Hispanic,0.08609271523178805,51
11,7,White,0.1997685152511751,273
11,8,Other,-0.05385685608471622,1093
11,8,Asian,0.04874348061394114,747
11,8,White,0.21946031791046883,246
11,8,Black,-0.22642915439480493,110
11,8,Hispanic,0.15465042276570595,78
11,9,White,0.18923436098376265,254
11,9,Other,-0.03829240261875353,1187
11,9,Asian,0.03595865201364303,789
11,9,Hispanic,0.25745080427859884,84
11,9,Black,-0.2574391100070206,101
12,0,White,0.19877986372189918,375
12,0,Other,-0.09214219404922627,1465
12,0,Asian,0.04868662166444152,904
12,0,Black,-0.059210035092958926,146
12,0,Hispanic,0.16565424396650794,126
12,1,Asian,0.041750296450215475,989
12,1,Other,-0.08031105987015148,1421
12,1,White,0.17198188064329786,293
12,1,Black,-0.18894426823742633,156
12,1,Hispanic,0.16337378397352315,138
12,2,Asian,0.058114915759641964,853
12,2,Other,-0.06280308329973294,1422
12,2,White,0.1601659247362781,312
12,2,Black,-0.06068286864469958,94
12,2,Hispanic,0.1607748549031431,95
12,3,White,0.17888849508562335,341
12,3,Asian,0.0432884536326809,889
12,3,Other,-0.06733338914327289,1429
12,3,Hispanic,0.20233179499635653,111
12,3,Black,-0.11852668030851567,86
12,4,White,0.18754667548144607,376
12,4,Other,-0.10182019495951178,1295
12,4,Asian,0.06290673996206547,881
12,4,Black,-0.16034395548811334,133
12,4,Hispanic,0.208122697283866,82
12,5,Other,-0.055344579501563095,1443
12,5,White,0.17796918597597966,303
12,5,Asian,0.03087966377385559,952
12,5,Hispanic,0.2376012376012376,114
12,5,Black,-0.1847613075174413,151
12,6,Asian,0.04870902591430169,1020
12,6,Other,-0.07889441817643515,1611
12,6,White,0.17237951623918904,423
12,6,Hispanic,0.14482149615239057,106
12,6,Black,-0.05821282906933628,98
12,7,Asian,0.04824187985757816,837
12,7,Other,-0.098135227624273,1408
12,7,White,0.19433415602532456,337
12,7,Hispanic,0.16206209057248647,111
12,7,Black,-0.09485031343371018,124
12,8,Other,-0.08021037793598089,1409
12,8,Asian,0.04709452700928573,894
12,8,Black,-0.20613919026197405,105
12,8,White,0.17612665221456933,355
12,8,Hispanic,0.2230189640738179,95
12,9,White,0.19218492503195408,322
12,9,Other,-0.08499496481865179,1416
12,9,Asian,0.04917290668907515,918
12,9,Black,-0.08959003101083961,129
12,9,Hispanic,0.09049530612889965,110
13,0,White,0.17307891158772318,502
13,0,Other,-0.09104890048380898,1685
13,0,Asian,0.021248808196790883,1134
13,0,Hispanic,0.18068938599273043,138
13,0,Black,-0.0650694334060662,197
13,1,Asian,0.03331262050886625,1114
13,1,Other,-0.046893773998371135,1551
13,1,Black,-0.1207349081364829,194
13,1,Hispanic,0.16380059058537433,114
13,1,White,0.17473881759672788,407
13,2,Other,-0.07710091477670417,1708
13,2,Asian,0.06439274316031231,1181
13,2,White,0.1635692379349257,434
13,2,Hispanic,0.1616401680134255,138
13,2,Black,-0.13182545122229844,188
13,3,Asian,0.03623374306969413,1140
13,3,Other,-0.08346831593725747,1774
13,3,White,0.17909205521978694,431
13,3,Black,-0.06223008267182168,183
13,3,Hispanic,0.12928655892786753,170
13,4,Other,-0.0997871803220418,1595
13,4,White,0.1475948394425172,399
13,4,Asian,0.06822620485636627,1062
13,4,Hispanic,0.20964354716769798,122
13,4,Black,-0.1109655867005425,172
13,5,Asian,0.04196305110029549,1143
13,5,Other,-0.0919590822472988,1713
13,5,White,0.20787277896476863,441
13,5,Black,-0.16656152556731135,150
13,5,Hispanic,0.1733882705958752,150
13,6,Other,-0.08817774305599044,1584
13,6,Asian,0.0544738694715366,1020
13,6,White,0.2001936793233586,439
13,6,Black,-0.2046617843924719,140
13,6,Hispanic,0.17232543241511847,114
13,7,Other,-0.08451275740670962,1606
13,7,White,0.17669035614272388,434
13,7,Black,-0.05536082730504384,137
13,7,Asian,0.03942103679548968,1039
13,7,Hispanic,0.16899145378757885,146
13,8,White,0.1743863364267375,445
13,8,Black,-0.11184874514993161,159
13,8,Other,-0.05402658341042218,1636
13,8,Asian,0.018369040789547007,1103
13,8,Hispanic,0.11190306486101208,95
13,9,Other,-0.061958723454581935,1604
13,9,Asian,0.03954214714350271,1094
13,9,White,0.18082674461428208,463
13,9,Black,-0.11246738725307491,147
13,9,Hispanic,0.12400326616195723,136
14,0,Other,-0.09413211683301305,1905
14,0,Asian,0.043153459652284246,1349
14,0,White,0.18965536617467887,579
14,0,Hispanic,0.16453089134734294,151
14,0,Black,-0.09254022284081427,204
14,1,Other,-0.07580072861712885,1801
14,1,Black,-0.0633667738418867,203
14,1,Asian,0.031144943843692662,1163
14,1,White,0.1715983669419978,467
14,1,Hispanic,0.14954119189270942,173
14,2,Asian,0.05589206932971378,1303
14,2,Other,-0.0917723966191744,1843
14,2,White,0.15217298976452956,494
14,2,Black,-0.142962565409902,208
14,2,Hispanic,0.19279104101400743,154
14,3,White,0.16501490350001485,535
14,3,Other,-0.08659922088577657,1837
14,3,Asian,0.01338737560935252,1383
14,3,Black,-0.10899590526447506,162
14,3,Hispanic,0.1783906392630909,129
14,4,Other,-0.06331754880960726,1720
14,4,Black,-0.1675825294093702,171
14,4,Asian,0.024413512847391756,1290
14,4,White,0.1428863441314349,507
14,4,Hispanic,0.2008649646578176,165
14,5,White,0.16884774681527434,499
14,5,Asian,0.021666558815241384,1305
14,5,Other,-0.07231845286834947,1978
14,5,Black,-0.1552751834611082,217
14,5,Hispanic,0.19229344870880036,154
14,6,Other,-0.07656827293678865,1959
14,6,White,0.158974401965017,531
14,6,Asian,0.03235343120769194,1352
14,6,Hispanic,0.17245833659016196,161
14,6,Black,-0.09221213569039655,197
14,7,Other,-0.10025915327755067,1886
14,7,Asian,0.04159190564561054,1292
14,7,Black,-0.10909396537233146,191
14,7,White,0.20988504805260283,546
14,7,Hispanic,0.15792490685010027,122
14,8,Black,-0.15638488032436676,152
14,8,Other,-0.08491648572054561,1880
14,8,White,0.16529326981291503,576
14,8,Asian,0.05099582892919204,1327
14,8,Hispanic,0.12131010743715445,165
14,9,Other,-0.07128519125961028,1822
14,9,White,0.16255928081510204,468
14,9,Asian,0.027329865546189287,1214
14,9,Hispanic,0.1716706768490428,195
14,9,Black,-0.10165758664657476,116
15,0,Asian,0.028538554015981165,1305
15,0,Black,-0.2671899423500344,221
15,0,Other,-0.07224034652114263,2056
15,0,White,0.16262189186299714,668
15,0,Hispanic,0.17282889079965605,217
15,1,Other,-0.08124176197896021,1997
15,1,Hispanic,0.1604173968362427,243
15,1,White,0.1714414648131926,685
15,1,Asian,0.019755956837145774,1375
15,1,Black,-0.13742665619096975,207
15,2,Asian,0.04382598396598601,1464
15,2,Other,-0.06832386065077652,2086
15,2,Hispanic,0.12526539278131638,200
15,2,White,0.17986330254518557,564
15,2,Black,-0.10568103797334637,191
15,3,Asian,0.0019103309584551046,1495
15,3,Other,-0.058515910147986176,1962
15,3,White,0.1446411347739888,587
15,3,Black,-0.056977268478296726,246
15,3,Hispanic,0.12276834369049433,169
15,4,Other,-0.09127491067199658,2128
15,4,Black,-0.14958933484382583,278
15,4,Asian,0.04444714948376263,1468
15,4,White,0.18236992303566157,649
15,4,Hispanic,0.1693980624283827,218
15,5,Asian,0.05700433775853403,1529
15,5,White,0.15348330787744416,657
15,5,Other,-0.07798202989796921,2141
15,5,Hispanic,0.1365984707584212,236
15,5,Black,-0.10720973081474602,235
15,6,White,0.16504095454520076,701
15,6,Other,-0.09038140225912537,2009
15,6,Asian,0.059403721583358764,1360
15,6,Black,-0.14033894380363834,231
15,6,Hispanic,0.11583517212923589,190
15,7,Asian,0.037565300661103807,1579
15,7,White,0.15336731381296453,661
15,7,Black,-0.1035441473040594,247
15,7,Other,-0.08193321568701196,2140
15,7,Hispanic,0.17381759531667684,232
15,8,Asian,0.034635228122702325,1463
15,8,Other,-0.08560336851415867,2018
15,8,Black,-0.13419196768532926,204
15,8,White,0.18061545227104192,638
15,8,Hispanic,0.2015617309406303,216
15,9,Other,-0.10079720924328694,2072
15,9,White,0.1637380660141706,626
15,9,Asian,0.05794960777660701,1466
15,9,Hispanic,0.11591549192202195,183
15,9,Black,-0.07994501840109962,227
16,0,Other,-0.07715338202015443,2345
16,0,Black,-0.13669855933135378,258
16,0,Asian,0.04758417806808445,1674
16,0,Hispanic,0.14246283740898535,213
16,0,White,0.154039672933611,693
16,1,Other,-0.060471405876411775,2359
16,1,Asian,0.018356301432782267,1574
16,1,White,0.15020297699594037,856
16,1,Black,-0.15435937728888943,267
16,1,Hispanic,0.12070712187215071,276
16,2,Asian,0.03341915270163006,1637
16,2,Other,-0.07333929831048741,2343
16,2,Black,-0.15165019368950394,273
16,2,White,0.13866299601246876,764
16,2,Hispanic,0.16432980451174561,272
16,3,Asian,0.01603521284322795,1570
16,3,Other,-0.07712703065435185,2071
16,3,White,0.15937307124878677,657
16,3,Hispanic,0.15407755838757312,250
16,3,Black,-0.0812416920791305,263
16,4,Hispanic,0.1507688639267655,275
16,4,White,0.1463387160362708,760
16,4,Asian,0.025434128094230415,1657
16,4,Other,-0.08804880859001293,2338
16,4,Black,-0.11789399849085477,274
16,5,Asian,0.039263666474187005,1781
16,5,Black,-0.0820332415621495,282
16,5,Other,-0.08332213927937634,2410
16,5,Hispanic,0.11274132395880247,239
16,5,White,0.13327085651808895,793
16,6,Other,-0.06459284503621737,2303
16,6,Asian,0.01970135951842837,1696
16,6,Black,-0.13505880797266565,292
16,6,Hispanic,0.14601400398278408,265
16,6,White,0.16632220881225057,794
16,7,White,0.12934269904982196,781
16,7,Other,-0.07227343687612048,2356
16,7,Black,-0.17099491827737454,308
16,7,Asian,0.05187863085453195,1773
16,7,Hispanic,0.14534435537951484,223
16,8,Other,-0.07469714941605773,2297
16,8,White,0.1279709238871287,736
16,8,Asian,0.021889246332582334,1712
16,8,Hispanic,0.1450618432642326,268
16,8,Black,-0.09228441754916795,293
16,9,Asian,0.021929495203773325,1653
16,9,Other,-0.0695599129295591,2407
16,9,White,0.15557796976121763,856
16,9,Hispanic,0.1280151247922244,254
16,9,Black,-0.09126282851537805,256
17,0,Asian,0.03877841038667234,1873
17,0,Other,-0.08499938672160183,2685
17,0,White,0.1504932539329879,950
17,0,Black,-0.1565654605964661,336
17,0,Hispanic,0.14550538481854275,337
17,1,Black,-0.10936264657414194,363
17,1,Other,-0.05461627887454536,2559
17,1,White,0.14455405970191074,878
17,1,Asian,0.017176095039152142,1862
17,1,Hispanic,0.09876859170595821,289
17,2,Other,-0.06132146643094679,2665
17,2,White,0.14784705976743848,801
17,2,Asian,0.01653227980716417,1964
17,2,Hispanic,0.13217921889343837,366
17,2,Black,-0.16847417770627912,331
17,3,Asian,0.03126539477854222,1867
17,3,Other,-0.08302671410206407,2545
17,3,White,0.12419451143386656,806
17,3,Black,-0.07011255010792475,301
17,3,Hispanic,0.14100769628741358,343
17,4,Hispanic,0.1339098731540056,268
17,4,Other,-0.07677162055867377,2641
17,4,White,0.12458321169617684,954
17,4,Asian,0.02755744103051731,1918
17,4,Black,-0.08984438835727125,306
17,5,Asian,0.02924234674570213,1876
17,5,Other,-0.07122821454041117,2453
17,5,White,0.15021244345753176,820
17,5,Hispanic,0.11222507675919545,283
17,5,Black,-0.14673760027566612,331
17,6,Other,-0.08477838945647807,2549
17,6,Asian,0.021925795740852974,1809
17,6,White,0.13383871596170527,886
17,6,Black,-0.10946924604499574,327
17,6,Hispanic,0.15199533368978757,277
17,7,Black,-0.10442983761169274,323
17,7,Other,-0.06953483650437871,2539
17,7,Asian,0.020664107020191762,1841
17,7,Hispanic,0.12667723742221465,325
17,7,White,0.14484897558875565,844
17,8,Asian,0.02672403924232953,1934
17,8,Other,-0.07825581466714922,2754
17,8,Hispanic,0.12675026950648333,327
17,8,White,0.15564882162355323,993
17,8,Black,-0.13075024800570612,341
17,9,Other,-0.0774006042937936,2566
17,9,Black,-0.184367617598938,345
17,9,Asian,0.028917976461834433,1922
17,9,Hispanic,0.14339293388375937,321
17,9,White,0.1434534451712394,928
18,0,Hispanic,0.1410524170954103,412
18,0,Other,-0.06788525458818535,2859
18,0,White,0.14454446614949268,1072
18,0,Black,-0.07973572471510967,394
18,0,Asian,0.02086902461211142,2138
18,1,Asian,0.024514323630630636,2018
18,1,White,0.1425443001024897,1035
18,1,Black,-0.13673716926791804,375
18,1,Other,-0.07662777990105203,2792
18,1,Hispanic,0.13595802398629345,387
18,2,Other,-0.06764149938127972,2856
18,2,White,0.13107755609309116,1024
18,2,Asian,0.03614638913704014,2068
18,2,Black,-0.1828108488904544,337
18,2,Hispanic,0.12328523636917645,454
18,3,Other,-0.085268015561273,2809
18,3,Asian,0.043739360774836845,2038
18,3,White,0.14397501793813663,1111
18,3,Hispanic,0.14192337246739092,360
18,3,Black,-0.14951034167433516,393
18,4,Other,-0.05700754021031467,2929
18,4,Asian,0.018533894518907527,2101
18,4,White,0.12800671169004835,1069
18,4,Black,-0.16479045841230025,395
18,4,Hispanic,0.14253299549975418,464
18,5,Other,-0.07933279856717639,2758
18,5,Asian,0.021315534082718378,2113
18,5,Hispanic,0.1524743425431929,353
18,5,Black,-0.12606691920977955,364
18,5,White,0.15572584188676541,920
18,6,Hispanic,0.1281344893319692,380
18,6,Other,-0.07601296755383177,2744
18,6,Asian,0.027727427372177562,2049
18,6,White,0.1448818022876789,893
18,6,Black,-0.12461841485574598,372
18,7,Other,-0.06888162460465329,2859
18,7,White,0.15363863040407255,990
18,7,Asian,0.034193469217773935,2019
18,7,Hispanic,0.1285679812465527,325
18,7,Black,-0.18915865944663698,401
18,8,Other,-0.062412362305227106,2731
18,8,Asian,-0.0008610311207798073,2089
18,8,White,0.1462850569914991,952
18,8,Black,-0.08114753646466003,371
18,8,Hispanic,0.16392112691165325,327
18,9,White,0.13502825601731566,957
18,9,Other,-0.057444113315169826,2593
18,9,Hispanic,0.1332733326983374,349
18,9,Black,-0.13071336553581953,315
18,9,Asian,0.0039087124063377655,1883
19,0,Other,-0.05373269925372789,3128
19,0,Asian,0.020315686117964634,2379
19,0,White,0.1258413584253391,1117
19,0,Hispanic,0.11450375569757526,353
19,0,Black,-0.08866554040903395,455
19,1,Other,-0.08925695795613059,3035
19,1,Asian,0.04857718337986798,2184
19,1,Black,-0.15381499828644424,462
19,1,White,0.1499168815792422,1109
19,1,Hispanic,0.1428498461302721,339
19,2,Black,-0.1834583455843254,454
19,2,Other,-0.07555689134741811,3128
19,2,Asian,0.03168680992406374,2329
19,2,White,0.1407006244994754,1151
19,2,Hispanic,0.12225650900883125,440
19,3,White,0.1379521016363355,1120
19,3,Other,-0.07361312538049589,3063
19,3,Asian,0.015252463470769813,2173
19,3,Hispanic,0.12181152267650268,433
19,3,Black,-0.07583373399187028,402
19,4,Other,-0.0768290833296472,2997
19,4,White,0.13001105008645406,1122
19,4,Hispanic,0.14959533429879437,519
19,4,Black,-0.13126805486580814,414
19,4,Asian,0.02112116519798401,2176
19,5,Other,-0.07207064799177118,3207
19,5,Asian,0.03642714035043352,2332
19,5,White,0.14244478868196522,1116
19,5,Hispanic,0.13001638882119934,440
19,5,Black,-0.13054192516374472,454
19,6,Other,-0.07892884323170536,2977
19,6,White,0.12905346247705038,1181
19,6,Asian,0.015461594294800558,2233
19,6,Black,-0.09414687538004485,417
19,6,Hispanic,0.1038421809491017,437
19,7,White,0.14168151499294562,1131
19,7,Other,-0.08186623790034503,2886
19,7,Hispanic,0.13296382875032006,437
19,7,Asian,0.026104149002609198,2282
19,7,Black,-0.10488878767072256,385
19,8,White,0.14379888277965402,1030
19,8,Other,-0.07419504306674878,3056
19,8,Asian,0.020848141295763973,2303
19,8,Hispanic,0.10625773069027376,431
19,8,Black,-0.10085618817129616,395
19,9,Black,-0.09403545976175615,456
19,9,Other,-0.08334957538429916,3033
19,9,White,0.12913685782235768,1141
19,9,Asian,0.03522917805944728,2201
19,9,Hispanic,0.1406149495780646,471
20,0,Other,-0.07682663796660529,3437
20,0,Asian,0.017746541908898836,2529
20,0,Black,-0.170082507333906,494
20,0,White,0.1368449352800384,1364
20,0,Hispanic,0.15868006685432792,524
20,1,Other,-0.0897268376711897,3202
20,1,Black,-0.09394401278857953,481
20,1,Asian,0.021638750033243,2444
20,1,White,0.13210040832001713,1250
20,1,Hispanic,0.15602751297212494,444
20,2,Black,-0.12961075589043766,466
20,2,White,0.13704466865335876,1329
20,2,Other,-0.08236167179499206,3173
20,2,Asian,0.040085445909077894,2323
20,2,Hispanic,0.121258076926766,474
20,3,Hispanic,0.12777797762030185,518
20,3,Asian,0.024135158006852026,2521
20,3,Other,-0.09176045992055012,3209
20,3,White,0.1334305722910214,1336
20,3,Black,-0.10470707189638093,530
20,4,Other,-0.06955192740927033,3255
20,4,Black,-0.12237803161387666,538
20,4,Asian,0.02219471357348557,2382
20,4,White,0.14302011563659486,1313
20,4,Hispanic,0.11318747149971833,458
20,5,Asian,0.018302213248186823,2433
20,5,Other,-0.07766143364639383,3159
20,5,White,0.15350867707849267,1223
20,5,Hispanic,0.1313846759223616,415
20,5,Black,-0.11061674332204509,467
20,6,Other,-0.07819757563092776,3438
20,6,Black,-0.13134721248702433,516
20,6,Asian,0.005113609673535964,2493
20,6,White,0.11385074056188688,1399
20,6,Hispanic,0.14894716518262766,515
20,7,Other,-0.08426566955987665,3485
20,7,White,0.1405388359839842,1334
20,7,Asian,0.03399171905503536,2562
20,7,Black,-0.1680195088938015,494
20,7,Hispanic,0.1071981681096046,540
20,8,Asian,0.031019786731340614,2408
20,8,White,0.1423021626511801,1260
20,8,Black,-0.1846419793518846,448
20,8,Other,-0.07375310069235894,3270
20,8,Hispanic,0.08328011203679574,487
20,9,White,0.1457106944383688,1390
20,9,Asian,0.014498854007909333,2539
20,9,Black,-0.14468424155972917,533
20,9,Other,-0.07988684670001733,3519
20,9,Hispanic,0.10931999868408064,538
21,0,Other,-0.0702022241451056,3805
21,0,Asian,0.022605415993299217,2786
21,0,White,0.1430809424677649,1466
21,0,Black,-0.1580020862290762,548
21,0,Hispanic,0.12264611207102895,551
21,1,Other,-0.06277183394926718,3597
21,1,Hispanic,0.11745816315385638,618
21,1,White,0.13404584050228296,1473
21,1,Asian,-0.019088917428561565,2781
21,1,Black,-0.1293032908471975,517
21,2,White,0.13119004698852219,1463
21,2,Hispanic,0.10450677874477314,585
21,2,Asian,0.023510006950927795,2635
21,2,Other,-0.057811581331328236,3736
21,2,Black,-0.16051181617061894,584
21,3,Black,-0.13831246261500954,553
21,3,White,0.13685471341930677,1420
21,3,Asian,0.016490691566208308,2626
21,3,Other,-0.07681264316338621,3441
21,3,Hispanic,0.12093989236005065,522
21,4,Other,-0.06228346027920173,3622
21,4,Asian,0.018115660150341342,2621
21,4,White,0.13003180088127222,1309
21,4,Hispanic,0.12701372285594353,538
21,4,Black,-0.12107215215937893,549
21,5,White,0.12011884910343147,1391
21,5,Other,-0.06047963224277646,3642
21,5,Black,-0.135064797779081,569
21,5,Asian,0.007807621995314797,2701
21,5,Hispanic,0.11811330645213353,543
21,6,Other,-0.07090410144939785,3485
21,6,Asian,0.02257081843542512,2638
21,6,White,0.13397866920471402,1394
21,6,Black,-0.13850795703315522,520
21,6,Hispanic,0.10730743910467413,540
21,7,Other,-0.0775769263863451,3504
21,7,White,0.1265009036681552,1323
21,7,Hispanic,0.12938605850069562,597
21,7,Asian,0.034332276516695986,2562
21,7,Black,-0.14848571890988677,503
21,8,Black,-0.11619035165036895,567
21,8,Other,-0.08207677103417702,3583
21,8,Asian,0.014694817579018792,2685
21,8,White,0.13872886542149954,1394
21,8,Hispanic,0.11653837284600332,638
21,9,Asian,0.03972531503003227,2527
21,9,White,0.12675801605584952,1430
21,9,Other,-0.09810049039860867,3441
21,9,Black,-0.1622585684183889,602
21,9,Hispanic,0.12134974851737855,549
22,0,Asian,0.010855602845521607,2913
22,0,Other,-0.06881462991573667,3867
22,0,Black,-0.12875184513098178,592
22,0,White,0.11517257961409626,1429
22,0,Hispanic,0.12203865653727661,673
22,1,Asian,0.0058834571872240496,2752
22,1,White,0.13796979950429233,1494
22,1,Other,-0.06589938800155266,3701
22,1,Black,-0.13108957389784845,533
22,1,Hispanic,0.11964188945403967,660
22,2,White,0.11232098261867365,1705
22,2,Asian,0.004149380450462716,3032
22,2,Black,-0.11789296204516174,619
22,2,Hispanic,0.10964809706724417,664
22,2,Other,-0.056750186765869765,3793
22,3,Black,-0.1392023369219534,607
22,3,Asian,0.024351632619271497,2763
22,3,Other,-0.08217134212374799,3637
22,3,White,0.13589759825144815,1397
22,3,Hispanic,0.14021181904016364,665
22,4,Other,-0.0721918151507896,3808
22,4,Asian,0.021817285069045,2780
22,4,Black,-0.12473160450250793,598
22,4,White,0.1371175782023658,1527
22,4,Hispanic,0.09116265613062759,649
22,5,Asian,0.013773354881320855,2814
22,5,Other,-0.06841416728790592,3818
22,5,White,0.10805733972631794,1508
22,5,Black,-0.11375553245903929,626
22,5,Hispanic,0.1523524292088801,555
22,6,Other,-0.06184834795159362,4057
22,6,Asian,0.01917363056474722,3103
22,6,Hispanic,0.1001568175488984,652
22,6,White,0.1173331779014028,1666
22,6,Black,-0.14225767667019987,736
22,7,Other,-0.07721424030056659,4041
22,7,White,0.10861716685489844,1810
22,7,Asian,0.016185360054492653,2993
22,7,Black,-0.11923998300600856,604
22,7,Hispanic,0.12681203366909702,670
22,8,Black,-0.16369401839523254,626
22,8,Asian,0.03020026361014498,2862
22,8,Hispanic,0.11509029135461978,648
22,8,Other,-0.07685597254877628,3800
22,8,White,0.12243707175910484,1658
22,9,Other,-0.0675280330287544,3815
22,9,Hispanic,0.11505213971790029,692
22,9,Asian,0.015514881273802699,2789
22,9,White,0.1238352184223286,1582
22,9,Black,-0.17659958718092522,592
23,0,White,0.12440743867148026,1777
23,0,Black,-0.16748775279621014,702
23,0,Hispanic,0.12414933364823319,668
23,0,Other,-0.07643457858115388,4256
23,0,Asian,0.016493497816883706,3084
23,1,Black,-0.1354271653152485,613
23,1,Other,-0.0804664163094728,4279
23,1,Asian,0.005131256237457835,3203
23,1,White,0.12626301322320171,1802
23,1,Hispanic,0.11595582060278804,719
23,2,Black,-0.13293511271775835,618
23,2,Asian,0.0204232133156879,2864
23,2,Other,-0.07413426915394516,3899
23,2,White,0.13435829600899438,1530
23,2,Hispanic,0.12213587065730375,698
23,3,Hispanic,0.10668098722063953,731
23,3,Other,-0.06698994389746907,4274
23,3,Asian,0.01611596152309077,3207
23,3,White,0.1256319828120528,1824
23,3,Black,-0.1573965001679024,661
23,4,Other,-0.08355837798274952,4078
23,4,Hispanic,0.1226940901468794,740
23,4,Black,-0.1435593398017542,635
23,4,Asian,0.026520193666704387,3248
23,4,White,0.13225038794697772,1640
23,5,Asian,0.018803301727658983,2988
23,5,Other,-0.05617561360575128,4066
23,5,Black,-0.18324750353741112,686
23,5,Hispanic,0.12119093786808838,657
23,5,White,0.12353456318231434,1522
23,6,Other,-0.07650076169275881,3853
23,6,Hispanic,0.12587236201330493,743
23,6,Black,-0.0971631323906707,593
23,6,Asian,0.01293593896381947,2987
23,6,White,0.12760850124573303,1669
23,7,Asian,0.008665850263688213,2910
23,7,White,0.11778663950025955,1769
23,7,Hispanic,0.09977885662458012,775
23,7,Other,-0.05678840185527696,3858
23,7,Black,-0.12181885281266512,678
23,8,Other,-0.049087782892996,4009
23,8,Hispanic,0.11889087568834769,693
23,8,Asian,0.006082225565103467,3151
23,8,White,0.10952664700476335,1642
23,8,Black,-0.11471606426803317,678
23,9,White,0.12000736608480324,1666
23,9,Asian,0.021125903066717577,3064
23,9,Other,-0.07352119796838404,4088
23,9,Black,-0.12412365387350714,770
23,9,Hispanic,0.11329695955460017,713
24,0,Other,-0.05978341735288603,4393
24,0,Asian,0.0011502436368111,3218
24,0,Black,-0.1566333550044795,700
24,0,White,0.1296808335838836,1795
24,0,Hispanic,0.11911204083096041,935
24,1,Asian,0.007472565881260865,3382
24,1,White,0.10951303759313752,1846
24,1,Other,-0.060804031419609245,4326
24,1,Black,-0.12973203899375535,723
24,1,Hispanic,0.13277821270134982,726
24,2,Hispanic,0.1170760534301466,824
24,2,Other,-0.06823227417986948,4278
24,2,White,0.12958333816604017,1832
24,2,Asian,0.012052507084191524,3207
24,2,Black,-0.12699049376278526,721
24,3,Asian,0.014306582227883042,3208
24,3,Other,-0.07488190373107058,4233
24,3,White,0.12878805544513344,1751
24,3,Hispanic,0.10497732276313942,753
24,3,Black,-0.10561289521253055,729
24,4,Hispanic,0.12448837204881211,761
24,4,Other,-0.07033685001071935,4415
24,4,Asian,0.027730802938084224,3250
24,4,White,0.11746974946177124,1726
24,4,Black,-0.1566188906906593,672
24,5,White,0.11666308748017577,1948
24,5,Other,-0.06776383982183451,4549
24,5,Asian,0.02290187167167625,3516
24,5,Hispanic,0.10765594994025052,789
24,5,Black,-0.12426282577979386,887
24,6,Other,-0.06969919047812012,4500
24,6,Asian,0.008811729213088431,3374
24,6,Black,-0.13092662110296835,740
24,6,White,0.11966781226792576,1832
24,6,Hispanic,0.10220504343404459,817
24,7,Other,-0.0593488716646221,4420
24,7,Asian,0.016936568296359457,3311
24,7,Black,-0.13134739763627742,813
24,7,White,0.10293068944688442,1765
24,7,Hispanic,0.11219858228116263,789
24,8,Other,-0.07180092529422491,4346
24,8,White,0.11317251051864355,1676
24,8,Black,-0.1119740910315674,709
24,8,Asian,0.01748478550088936,3187
24,8,Hispanic,0.11565966765317379,758
24,9,Other,-0.06498602087720864,4302
24,9,Asian,0.012552419840239717,3325
24,9,White,0.12187147600488882,1755
24,9,Hispanic,0.10548126197544616,804
24,9,Black,-0.1611133514461023,625
25,0,Other,-0.06429133654691126,4873
25,0,White,0.11411824704010083,2078
25,0,Asian,0.01709550421732552,3514
25,0,Black,-0.12980309485461716,809
25,0,Hispanic,0.1260435899204619,910
25,1,Other,-0.06901512695679732,4504
25,1,White,0.1138151586547226,1950
25,1,Asian,0.02038138920169425,3396
25,1,Black,-0.13651463066759856,800
25,1,Hispanic,0.12291911464859852,881
25,2,Black,-0.1328184669988354,832
25,2,White,0.12519005014928394,2002
25,2,Other,-0.07341888220590254,4712
25,2,Asian,0.00507562654410297,3578
25,2,Hispanic,0.10715486637879656,896
25,3,Asian,0.003607413185158887,3310
25,3,White,0.11485649812629542,1871
25,3,Other,-0.07136661563413134,4386
25,3,Black,-0.09939085938465908,764
25,3,Hispanic,0.10469324272302226,792
25,4,Black,-0.12505281566573476,876
25,4,Asian,0.0214400881641514,3576
25,4,Other,-0.06534663764436686,4696
25,4,White,0.12725436934906134,2066
25,4,Hispanic,0.10193610040556007,801
25,5,White,0.1274692915841585,1955
25,5,Other,-0.07503973012847676,4484
25,5,Asian,0.020826070833126552,3534
25,5,Hispanic,0.10712184627755147,738
25,5,Black,-0.12526188576674338,753
25,6,Hispanic,0.09964351489291565,853
25,6,Other,-0.06485342353112991,4809
25,6,Black,-0.14141895998530013,830
25,6,Asian,0.0031972126491967424,3484
25,6,White,0.11827360849946902,2026
25,7,Hispanic,0.10750201889086838,816
25,7,White,0.11577764772485769,1998
25,7,Asian,0.014871756914588172,3346
25,7,Other,-0.07161395147933533,4580
25,7,Black,-0.08553603253602018,761
25,8,White,0.11805198620537033,2010
25,8,Other,-0.06425158484480199,4521
25,8,Asian,0.014630099294515024,3349
25,8,Black,-0.1145721809623627,780
25,8,Hispanic,0.11243722012377796,832
25,9,Other,-0.06194637846461839,4598
25,9,White,0.10915829003354749,1982
25,9,Asian,0.004726460119013294,3438
25,9,Hispanic,0.11023691812471677,787
25,9,Black,-0.11713541289877223,863
26,0,Other,-0.05411192806409226,4888
26,0,Asian,0.009225653180796042,3648
26,0,White,0.11661912918050282,2194
26,0,Hispanic,0.09214111477554232,857
26,0,Black,-0.10862035916507988,884
26,1,White,0.1252306937610075,2054
26,1,Other,-0.0634994055883277,4789
26,1,Asian,0.014834375993500813,3711
26,1,Black,-0.15477933557774298,856
26,1,Hispanic,0.10825465132107082,880
26,2,Other,-0.06444023281519763,4929
26,2,White,0.11163430526013884,2016
26,2,Asian,0.014679219131995297,3709
26,2,Hispanic,0.11243148490684331,949
26,2,Black,-0.11114887517478704,885
26,3,Asian,0.019573658763629577,3618
26,3,Black,-0.10775151559409482,813
26,3,White,0.10760748713854731,2179
26,3,Other,-0.07090163104512326,4873
26,3,Hispanic,0.09598351405914674,944
26,4,Other,-0.06585975380557114,4898
26,4,Asian,0.01855464380023003,3782
26,4,White,0.11142500438440171,2168
26,4,Black,-0.12063829203253955,867
26,4,Hispanic,0.08828405386530543,956
26,5,Asian,0.018633637413367814,3683
26,5,Other,-0.07503624315446251,4714
26,5,Black,-0.13143849436843777,869
26,5,Hispanic,0.10947050671126238,925
26,5,White,0.1143815616678227,2116
26,6,Other,-0.07354097632871902,4826
26,6,White,0.1104149513460364,2077
26,6,Asian,0.01468486652737551,3700
26,6,Black,-0.13571303109548463,851
26,6,Hispanic,0.09930680843780716,887
26,7,Asian,0.004845588456885037,3776
26,7,Hispanic,0.10163754378835833,911
26,7,Other,-0.05557478078019938,4738
26,7,White,0.1270287960114721,2042
26,7,Black,-0.13103774837388665,915
26,8,Asian,0.018802528578482247,3666
26,8,White,0.11830312357616056,2207
26,8,Other,-0.06007397434225812,4985
26,8,Black,-0.109229520247173,898
26,8,Hispanic,0.09455012052203492,889
26,9,Other,-0.07216409525519292,4757
26,9,Black,-0.1036655463217291,875
26,9,Hispanic,0.11906135006150732,1002
26,9,Asian,0.008738736399573082,3651
26,9,White,0.11950996601254556,2051
27,0,Asian,0.0063002927144692215,3903
27,0,Other,-0.06405908071323947,5386
27,0,White,0.11517978356099594,2275
27,0,Black,-0.10162581698689852,927
27,0,Hispanic,0.09351210284702557,943
27,1,Asian,0.021681144535690863,4030
27,1,White,0.10410326210356213,2274
27,1,Other,-0.06529075418876644,5298
27,1,Hispanic,0.10200603720405162,1092
27,1,Black,-0.1348344369064048,915
27,2,Other,-0.059237173216456676,5101
27,2,Black,-0.11684181027542045,980
27,2,White,0.10760439242169899,2240
27,2,Hispanic,0.1049818954026718,996
27,2,Asian,0.008918384321042005,3788
27,3,Other,-0.05715272429025786,5175
27,3,Asian,0.014815223351946762,3828
27,3,Hispanic,0.11156168428454465,1080
27,3,White,0.11692452962745697,2303
27,3,Black,-0.14402929917989893,1007
27,4,Black,-0.11383240169274421,747
27,4,Other,-0.07386949866447562,5046
27,4,Asian,0.015861861613879962,3750
27,4,Hispanic,0.09683056403144735,946
27,4,White,0.11643219128983294,2154
27,5,Other,-0.07430123748136011,5137
27,5,Black,-0.12650052787677762,945
27,5,White,0.11877590060563493,2198
27,5,Hispanic,0.12959001913588053,1097
27,5,Asian,0.0038882656401738073,3860
27,6,White,0.12392716208321758,2255
27,6,Black,-0.1606740813535704,1017
27,6,Other,-0.07360345086276174,5181
27,6,Asian,0.013690399479147016,3917
27,6,Hispanic,0.1207949411610496,999
27,7,Asian,0.00624641475132248,3929
27,7,Other,-0.06549254107483811,5096
27,7,White,0.11655996747202438,2218
27,7,Hispanic,0.1038879445007231,995
27,7,Black,-0.13137395173505145,990
27,8,Asian,0.01893021203886625,3980
27,8,Hispanic,0.10159790500384183,975
27,8,Other,-0.06928694038182522,5135
27,8,White,0.12249647165141743,2239
27,8,Black,-0.11109785442239642,991
27,9,White,0.11432841674805957,2157
27,9,Asian,0.007951085702689292,4017
27,9,Other,-0.07529421252620856,4957
27,9,Hispanic,0.12011531204110619,997
27,9,Black,-0.13518781221018283,876
28,0,Asian,0.012044128054117788,4140
28,0,Other,-0.06773547441913864,5536
28,0,White,0.1096391761013997,2318
28,0,Black,-0.11792909679485512,1048
28,0,Hispanic,0.10819968335223706,1175
28,1,Asian,0.011282541315577252,3927
28,1,White,0.10746163196647372,2290
28,1,Other,-0.06570745404536411,5195
28,1,Black,-0.12102098651051187,983
28,1,Hispanic,0.10283399660592146,1087
28,2,Other,-0.06157668744494975,5440
28,2,White,0.10474925367055876,2499
28,2,Black,-0.12586513060883858,1017
28,2,Asian,0.001138412707455543,4163
28,2,Hispanic,0.09809758156787346,1151
28,3,Asian,0.023146054028166635,4131
28,3,Other,-0.06767815845785168,5446
28,3,White,0.11571652645543012,2353
28,3,Black,-0.1400953357525836,1094
28,3,Hispanic,0.11215606057855593,1087
28,4,White,0.1043978895644315,2417
28,4,Other,-0.06087126785593334,5331
28,4,Asian,0.009693304539671639,4108
28,4,Hispanic,0.10295626104402139,1156
28,4,Black,-0.11815764896213928,936
28,5,Other,-0.06864993755587687,5522
28,5,Hispanic,0.10772426317171548,1216
28,5,Asian,0.009195953909014624,4242
28,5,Black,-0.11159044480475769,1043
28,5,White,0.11575081920160081,2478
28,6,White,0.09908680594633199,2298
28,6,Other,-0.06270033198864858,5347
28,6,Asian,0.014491905478976335,4126
28,6,Hispanic,0.11191221125936719,1027
28,6,Black,-0.10678049384962178,984
28,7,Other,-0.05351628035699551,5801
28,7,Black,-0.14132045735542886,1032
28,7,Asian,0.0009624441098391043,4347
28,7,White,0.10359677142954216,2484
28,7,Hispanic,0.09814007170228105,1149
28,8,Black,-0.11990755861985676,988
28,8,Hispanic,0.09665152144022901,1231
28,8,Other,-0.04993481427228346,5628
28,8,Asian,0.007921432721750447,4268
28,8,White,0.10816987951607387,2487
28,9,Other,-0.06357852370738945,5242
28,9,White,0.11288456767952577,2298
28,9,Hispanic,0.10692784691708794,1070
28,9,Black,-0.10625740151984789,905
28,9,Asian,0.008552138811480337,3968
29,0,Black,-0.17247254748501073,1064
29,0,Other,-0.0681095672490697,5763
29,0,White,0.10578594883139178,2526
29,0,Asian,0.024181045612966006,4407
29,0,Hispanic,0.10768449791238999,1213
29,1,Other,-0.06749552557438453,5646
29,1,Asian,0.01580266871602645,4298
29,1,White,0.11742460342498524,2560
29,1,Hispanic,0.11775045430903366,1145
29,1,Black,-0.16892627699553445,1048
29,2,Other,-0.07040180718069633,5957
29,2,Hispanic,0.09608609813217982,1197
29,2,White,0.1189371050624209,2595
29,2,Black,-0.12786003808298077,1075
29,2,Asian,0.010280758029733602,4465
29,3,White,0.11928360851490677,2571
29,3,Other,-0.0722170798566578,5861
29,3,Black,-0.15584123435956795,1128
29,3,Asian,0.010740133104627859,4493
29,3,Hispanic,0.12259186776212799,1253
29,4,Black,-0.12543207312446883,1055
29,4,White,0.10577436509657824,2481
29,4,Other,-0.07372616527534198,5579
29,4,Asian,0.008804473682759124,4394
29,4,Hispanic,0.10774706667769386,1224
29,5,Hispanic,0.09761778961147233,1177
29,5,Black,-0.08469350920916166,1015
29,5,Other,-0.05821365067790188,5771
29,5,Asian,0.013461599640631264,4372
29,5,White,0.11530229993799786,2437
29,6,Other,-0.05673981860125393,5853
29,6,White,0.10966452440958871,2672
29,6,Asian,-0.007403688436618309,4345
29,6,Black,-0.10668237335021212,1101
29,6,Hispanic,0.10429981034163885,1230
29,7,White,0.10488974103819086,2595
29,7,Asian,0.0028431576853853533,4523
29,7,Hispanic,0.09398283945244774,1211
29,7,Other,-0.06621618694159744,5794
29,7,Black,-0.09574675076507631,1190
29,8,Other,-0.05636352329471161,5764
29,8,Asian,0.01469430080714148,4503
29,8,White,0.11582296349857177,2541
29,8,Hispanic,0.10670375801421812,1203
29,8,Black,-0.18816696981207337,1086
29,9,White,0.11556389403672224,2435
29,9,Asian,0.002427300602757527,4372
29,9,Other,-0.05811806930285685,5753
29,9,Black,-0.11924640306725565,1048
29,9,Hispanic,0.10248014397357856,1213
30,0,Asian,0.00459524153790545,4748
30,0,Other,-0.05275541923001342,6200
30,0,White,0.10895373743059412,2713
30,0,Black,-0.14709449979206768,1275
30,0,Hispanic,0.10003866674903848,1390
30,1,Other,-0.059053069871732346,6080
30,1,White,0.09478441449441252,2761
30,1,Asian,0.021191398486649582,4686
30,1,Hispanic,0.09564628976880925,1330
30,1,Black,-0.14796527422842204,1103
30,2,Black,-0.17342438440773658,1123
30,2,Other,-0.06026165939740957,5949
30,2,Asian,-0.0006562539752472291,4474
30,2,White,0.11190992325073706,2626
30,2,Hispanic,0.12223151868253525,1316
30,3,Other,-0.06054470637828272,5986
30,3,Asian,0.007553028398570054,4481
30,3,Black,-0.13907278020796407,1206
30,3,White,0.10624717454559979,2524
30,3,Hispanic,0.10874776223968612,1288
30,4,Other,-0.06117508583487216,5869
30,4,White,0.10811261381779394,2638
30,4,Asian,0.007452603391079321,4505
30,4,Hispanic,0.11320017256642459,1202
30,4,Black,-0.10826846781046333,1215
30,5,Other,-0.06095383238551591,5881
30,5,Asian,0.009394320577146063,4411
30,5,Black,-0.13451205944236755,1044
30,5,White,0.10930188847334603,2596
30,5,Hispanic,0.11721698740966702,1086
30,6,Hispanic,0.09091032468567352,1188
30,6,Asian,0.01723210397086897,4465
30,6,Other,-0.058378950311374175,5682
30,6,Black,-0.12435222630926487,1180
30,6,White,0.10753683464817093,2651
30,7,White,0.10871664435132486,2729
30,7,Asian,0.014726396232140152,4615
30,7,Other,-0.06987169053061007,5967
30,7,Black,-0.12217000283209023,1246
30,7,Hispanic,0.08591266389633291,1300
30,8,Other,-0.06423084163162798,5904
30,8,Asian,0.01136234771452984,4715
30,8,White,0.10796818506195198,2589
30,8,Black,-0.12728426136447576,1078
30,8,Hispanic,0.08904480564360909,1170
30,9,White,0.1047766147656961,2612
30,9,Asian,0.007806480355847896,4761
30,9,Other,-0.05178456715226063,6301
30,9,Hispanic,0.09171799306492869,1332
30,9,Black,-0.167767858748504,1216
31,0,Hispanic,0.08934841972873389,1294
31,0,Other,-0.07069367585114225,6163
31,0,Black,-0.13491520249653507,1176
31,0,White,0.11179399122153943,2804
31,0,Asian,0.019751287675855194,4686
31,1,Hispanic,0.09403899728009486,1475
31,1,White,0.09604397908954541,2890
31,1,Other,-0.051654872589006855,6477
31,1,Asian,0.003506333485635482,5022
31,1,Black,-0.15304168774140292,1218
31,2,Asian,0.007558560415078786,4817
31,2,White,0.11123675569605006,2758
31,2,Other,-0.06083167011919715,6195
31,2,Hispanic,0.0932184553095767,1318
31,2,Black,-0.12480703180093722,1201
31,3,Other,-0.0586195107357249,6238
31,3,White,0.10215550917063765,2867
31,3,Hispanic,0.10800696633666025,1400
31,3,Asian,0.004678750564178468,4874
31,3,Black,-0.1506979183961231,1161
31,4,Other,-0.06311590710587388,6342
31,4,Hispanic,0.1138821413477469,1266
31,4,Asian,0.011059878419900155,4771
31,4,White,0.10785796603851452,2777
31,4,Black,-0.13420939290176626,1259
31,5,Hispanic,0.1029424763454549,1308
31,5,Asian,0.007986226495246709,4638
31,5,Other,-0.058621394006276424,6034
31,5,White,0.10600894527350146,2749
31,5,Black,-0.14895205221852972,1247
31,6,Hispanic,0.11122310866209796,1358
31,6,White,0.11392406000345667,2785
31,6,Asian,1.8548152255798866e-05,4841
31,6,Other,-0.06483804308445959,6227
31,6,Black,-0.12717543031166123,1101
31,7,Asian,0.008975562264751342,4753
31,7,Other,-0.06398242478442577,6088
31,7,Hispanic,0.119178613769773,1263
31,7,Black,-0.126574297833982,1172
31,7,White,0.09997978359091793,2688
31,8,Asian,0.012176354830508473,4747
31,8,White,0.11080439120133993,2739
31,8,Other,-0.06387985170523496,6300
31,8,Black,-0.15318938098319587,1204
31,8,Hispanic,0.10487400383537493,1378
31,9,Black,-0.1315295373225791,1232
31,9,White,0.1132597464011628,2881
31,9,Asian,0.007407382274349667,4780
31,9,Other,-0.061161334734080176,6351
31,9,Hispanic,0.09115022163976433,1409
32,0,White,0.11519341763252601,2922
32,0,Other,-0.062407509127164286,6384
32,0,Black,-0.11116095825676627,1307
32,0,Asian,0.004316264031444575,5070
32,0,Hispanic,0.10825846722504669,1402
32,1,Black,-0.11982785950299683,1358
32,1,Asian,0.02238766298033749,4988
32,1,Other,-0.07216338814073707,6646
32,1,White,0.10811705841569162,2912
32,1,Hispanic,0.11145381370703449,1373
32,2,Other,-0.06485154276922611,6543
32,2,Asian,0.0029111444061000716,4989
32,2,White,0.11001058399998508,2989
32,2,Hispanic,0.09939035762223776,1301
32,2,Black,-0.12237894049711404,1296
32,3,Asian,0.018648002285689788,4934
32,3,Hispanic,0.1072145185490547,1484
32,3,Other,-0.059478535260219,6564
32,3,White,0.1094517047772518,2936
32,3,Black,-0.14687102943916067,1338
32,4,Other,-0.06658837244433435,6480
32,4,Black,-0.10957475962223265,1302
32,4,Asian,0.004955535323031617,4910
32,4,White,0.10050972664563752,2891
32,4,Hispanic,0.10297000230817077,1505
32,5,Black,-0.1281737377971428,1212
32,5,Asian,0.009939654307877317,4943
32,5,White,0.10554427442806863,2887
32,5,Hispanic,0.10471008305563691,1421
32,5,Other,-0.058605895725032074,6393
32,6,Other,-0.05743769361691572,6780
32,6,Asian,0.010615607271785461,5111
32,6,White,0.11304346241731232,3072
32,6,Black,-0.13538702768388022,1261
32,6,Hispanic,0.08916917940327077,1566
32,7,White,0.09989660222905485,2809
32,7,Hispanic,0.10405399543448668,1447
32,7,Other,-0.0601819492197249,6177
32,7,Asian,0.00804285448525899,4795
32,7,Black,-0.10422241627596009,1245
32,8,Other,-0.05862828853599123,6276
32,8,Asian,0.016847787311068105,4934
32,8,Black,-0.14013809928238533,1293
32,8,White,0.1029504882429987,2860
32,8,Hispanic,0.09483719327052814,1362
32,9,White,0.10577717062440775,2722
32,9,Other,-0.06322212906358567,6182
32,9,Black,-0.11955919969396853,1184
32,9,Asian,-7.121481827678246e-05,4647
32,9,Hispanic,0.10515028984082483,1402
33,0,Asian,0.0022873940238870172,5194
33,0,Hispanic,0.09332288031442458,1569
33,0,Black,-0.09164755625095493,1343
33,0,Other,-0.06355688251268443,6935
33,0,White,0.10897198726253951,3026
33,1,Black,-0.13908244015014976,1348
33,1,Asian,0.014018849281246715,4957
33,1,Other,-0.058377189077603614,6438
33,1,White,0.10166344276420575,2885
33,1,Hispanic,0.0934629486725565,1427
33,2,Other,-0.059564389337222544,6902
33,2,Black,-0.13217855749785234,1320
33,2,Asian,0.0031943804932198154,5148
33,2,Hispanic,0.10009908688401131,1539
33,2,White,0.11508266566752068,3043
33,3,Asian,0.01057210697812472,5098
33,3,Other,-0.061407508727667606,6650
33,3,White,0.09925510290985007,3120
33,3,Hispanic,0.09089537579555351,1458
33,3,Black,-0.1264925973271565,1342
33,4,Other,-0.061065021723704316,6984
33,4,Hispanic,0.09740093778568547,1588
33,4,White,0.10646759198815128,3054
33,4,Asian,0.0026045400546053643,5229
33,4,Black,-0.11588095781438111,1305
33,5,Other,-0.06420453656399835,6931
33,5,Asian,0.011292182273207958,5280
33,5,White,0.10278039349752659,3202
33,5,Black,-0.15330808484118796,1385
33,5,Hispanic,0.09572507884377233,1453
33,6,Asian,0.012369208956809038,5268
33,6,White,0.10811300107033733,3057
33,6,Other,-0.06075108653945959,6811
33,6,Black,-0.1344231293133714,1416
33,6,Hispanic,0.10623206128320244,1422
33,7,Asian,0.010172865744243392,5133
33,7,White,0.1008213778651423,3019
33,7,Black,-0.13535032480073175,1397
33,7,Other,-0.05622948427414402,6702
33,7,Hispanic,0.10669265399242595,1581
33,8,White,0.09993506428832616,2920
33,8,Asian,0.006311620230513368,5273
33,8,Other,-0.06740008806980678,6634
33,8,Black,-0.12690316903710186,1353
33,8,Hispanic,0.10196703207141988,1596
33,9,Asian,0.01564070619585285,5052
33,9,White,0.1074109476819126,3012
33,9,Other,-0.06080553809718029,6805
33,9,Black,-0.14340540910590224,1376
33,9,Hispanic,0.10955083154592656,1448
34,0,White,0.09460575969515322,3335
34,0,Asian,0.01294398767777329,5506
34,0,Other,-0.054715817615468273,7318
34,0,Hispanic,0.1145286971480218,1652
34,0,Black,-0.18236336373898904,1371
34,1,White,0.09998044642222723,3155
34,1,Asian,0.010371130856037268,5391
34,1,Other,-0.06024251469529441,6986
34,1,Black,-0.1399792119844865,1388
34,1,Hispanic,0.08107891616890858,1570
34,2,White,0.09822513867792,3260
34,2,Asian,0.0006679492519040721,5395
34,2,Black,-0.1335980639736259,1505
34,2,Other,-0.04133122749661577,7127
34,2,Hispanic,0.09001106429649597,1554
34,3,Other,-0.05599944166299619,7031
34,3,White,0.09753002338923376,3245
34,3,Black,-0.146533968101373,1421
34,3,Hispanic,0.10440181754177986,1502
34,3,Asian,0.005404487562576596,5255
34,4,Other,-0.054619481985913175,7309
34,4,White,0.09403748094420653,3210
34,4,Asian,-0.008852243987832468,5600
34,4,Hispanic,0.0950826468509834,1768
34,4,Black,-0.10301347835677573,1504
34,5,Asian,0.0023340353239902,5470
34,5,Black,-0.13960797194642421,1377
34,5,Other,-0.0515587725816666,7417
34,5,White,0.09117672652311092,3405
34,5,Hispanic,0.09545679449803744,1703
34,6,White,0.1062178549819847,3080
34,6,Asian,0.00695598480887872,5195
34,6,Other,-0.053274122586889905,6820
34,6,Black,-0.15715149360429867,1409
34,6,Hispanic,0.10462993917427715,1481
34,7,Other,-0.052799763484627754,7105
34,7,Hispanic,0.09630411970567865,1566
34,7,Asian,0.003594464014916405,5446
34,7,White,0.1059444545792916,3095
34,7,Black,-0.11519174854828733,1381
34,8,Black,-0.13262082350858678,1478
34,8,White,0.09660900539227879,3286
34,8,Hispanic,0.09204873403699,1598
34,8,Other,-0.059127951092328254,7064
34,8,Asian,0.008481642345086707,5334
34,9,Asian,0.007937419372908655,5385
34,9,Other,-0.05418770868334812,7086
34,9,White,0.10107896075458263,3263
34,9,Black,-0.1363018965478367,1420
34,9,Hispanic,0.11078549903209362,1556
35,0,Black,-0.16798305231472355,1494
35,0,Other,-0.051390321274042146,7073
35,0,Asian,0.01511871101397954,5457
35,0,White,0.10223650388672566,3156
35,0,Hispanic,0.09284791466604195,1695
35,1,Other,-0.052120193075466045,7530
35,1,Asian,0.013453990586631224,5644
35,1,White,0.09406494591530591,3323
35,1,Black,-0.14918344894792918,1608
35,1,Hispanic,0.10116855625195642,1748
35,2,Other,-0.0679969960825849,7362
35,2,Asian,0.004202153195452531,5631
35,2,Hispanic,0.10194740333381612,1684
35,2,White,0.10628760588921225,3314
35,2,Black,-0.1307097082511558,1400
35,3,Black,-0.1323619578838291,1502
35,3,Other,-0.052152600900165984,7204
35,3,White,0.0966777407510014,3250
35,3,Asian,0.019483215310518717,5528
35,3,Hispanic,0.09153096756321737,1511
35,4,Asian,0.013962104318630753,5665
35,4,Other,-0.0636947931450263,7301
35,4,White,0.09737541115839055,3371
35,4,Black,-0.13806368084375137,1480
35,4,Hispanic,0.08448213676996716,1738
35,5,Other,-0.0507646486246334,7404
35,5,White,0.10510965936268882,3351
35,5,Asian,0.004850086685749657,5639
35,5,Hispanic,0.09855342833426083,1630
35,5,Black,-0.14830201211116417,1475
35,6,Other,-0.06311282404838817,7366
35,6,Asian,0.014415276380173597,5541
35,6,White,0.09825740092009835,3322
35,6,Hispanic,0.09944842245333022,1681
35,6,Black,-0.10628382054885958,1570
35,7,White,0.09187593437061899,3385
35,7,Asian,0.008621844956730724,5884
35,7,Other,-0.04875084466007018,7542
35,7,Black,-0.14850653012599366,1572
35,7,Hispanic,0.09715034446155076,1723
35,8,Other,-0.05822593917885144,7552
35,8,White,0.1054722594382573,3260
35,8,Asian,0.004965851541082986,5714
35,8,Hispanic,0.09710004183339745,1669
35,8,Black,-0.11268120193554335,1538
35,9,Other,-0.06690516885165093,7749
35,9,White,0.10762263853060905,3332
35,9,Asian,0.011487605970298444,5656
35,9,Hispanic,0.11324588812053886,1733
35,9,Black,-0.14551716859981412,1597
36,0,Other,-0.04955757500345709,7533
36,0,Asian,0.005471905859732018,5687
36,0,Hispanic,0.082630761006147,1715
36,0,White,0.09747535321263683,3509
36,0,Black,-0.15035704229490388,1571
36,1,Asian,0.006276317905320449,5804
36,1,Black,-0.14630516890286765,1619
36,1,Other,-0.05699366178139154,7772
36,1,White,0.0965499075869892,3501
36,1,Hispanic,0.10762186422964043,1840
36,2,Asian,0.003604585031625506,5999
36,2,Other,-0.06105657560911314,7692
36,2,White,0.10293663727628367,3513
36,2,Black,-0.14073814581819513,1614
36,2,Hispanic,0.10415610954742978,1809
36,3,Asian,0.014235272656903197,5820
36,3,Other,-0.063189208268185,7671
36,3,Hispanic,0.09664737691647654,1803
36,3,White,0.1024719166773844,3564
36,3,Black,-0.13266629936839713,1711
36,4,Asian,0.013732108967046828,5694
36,4,White,0.09728676440777578,3356
36,4,Other,-0.06034787327526525,7303
36,4,Hispanic,0.07913344420082957,1695
36,4,Black,-0.1341316920506931,1516
36,5,Asian,0.0014517153197636016,5675
36,5,Other,-0.07035689504069242,7421
36,5,Black,-0.14658699700053596,1527
36,5,White,0.09844010138271256,3540
36,5,Hispanic,0.11693549148378495,1689
36,6,Other,-0.04787503357877723,7689
36,6,Asian,-0.004245771152637267,5862
36,6,White,0.09485109859895313,3462
36,6,Hispanic,0.08133787118762988,1754
36,6,Black,-0.1133282062723852,1600
36,7,Black,-0.133458779196992,1621
36,7,Other,-0.05856410219735886,7615
36,7,White,0.085713716173758,3585
36,7,Asian,0.006649925595488859,5952
36,7,Hispanic,0.09382785688209869,1811
36,8,Black,-0.1215102313884522,1662
36,8,White,0.10110080335647476,3580
36,8,Other,-0.051334881111533455,7952
36,8,Asian,0.004885059051230285,6103
36,8,Hispanic,0.09207166222075447,1779
36,9,Asian,0.00036950200908799296,6083
36,9,Black,-0.1236252317006206,1513
36,9,Hispanic,0.07902260714111904,1800
36,9,Other,-0.05832812562375176,7667
36,9,White,0.10299923534458426,3639
37,0,Other,-0.05347442558875586,7866
37,0,White,0.10473923697382483,3587
37,0,Black,-0.15723291249544413,1607
37,0,Asian,0.00154720747699046,5924
37,0,Hispanic,0.09763435218296776,1841
37,1,White,0.09657771414504879,3895
37,1,Asian,0.005331563267593702,6326
37,1,Other,-0.05102650412830912,8348
37,1,Black,-0.12728569101558332,1763
37,1,Hispanic,0.08919814948474905,1919
37,2,Asian,0.0070362677895550165,6500
37,2,Hispanic,0.10132972022602423,1893
37,2,White,0.10433433402416682,3807
37,2,Other,-0.053239520610453075,8294
37,2,Black,-0.14065035208504656,1699
37,3,Other,-0.05634215927541618,8142
37,3,Asian,0.011999234389600077,6205
37,3,Black,-0.1338562765357439,1732
37,3,White,0.09698805529722312,3727
37,3,Hispanic,0.10329411270222325,1965
37,4,Asian,-0.001176051635189127,6161
37,4,Other,-0.05070064100544205,7915
37,4,White,0.10113760715015094,3554
37,4,Black,-0.1476156495751797,1648
37,4,Hispanic,0.09878376150001776,1923
37,5,Asian,0.014787551978171406,6272
37,5,White,0.09888626972652656,3660
37,5,Black,-0.1416457321025265,1733
37,5,Other,-0.051331173443868096,8184
37,5,Hispanic,0.08829268779955604,1884
37,6,White,0.09276842926601492,3575
37,6,Asian,0.009766860002594559,6104
37,6,Other,-0.053815205663160295,8031
37,6,Hispanic,0.0844369883352638,1801
37,6,Black,-0.1497445629959157,1745
37,7,Other,-0.05325687432026421,8194
37,7,Asian,0.006119746339772666,6384
37,7,White,0.09438773971419262,3843
37,7,Black,-0.15107657199763463,1766
37,7,Hispanic,0.09729905730439868,1893
37,8,White,0.09628130528741338,3527
37,8,Black,-0.12232850967300649,1631
37,8,Other,-0.053003655845949425,7788
37,8,Hispanic,0.10061021703926687,1900
37,8,Asian,0.009106084065548534,6133
37,9,Black,-0.14370742966759692,1747
37,9,Other,-0.047569187290240456,8449
37,9,Asian,0.006826101665605961,6350
37,9,White,0.0987901041462891,3865
37,9,Hispanic,0.07928122316554112,1905
38,0,Asian,0.011837434136222735,6435
38,0,Other,-0.05794707741705002,8585
38,0,White,0.09101457356884894,3877
38,0,Black,-0.123266968725695,1805
38,0,Hispanic,0.09695880335319056,2055
38,1,Asian,0.0004716196357747244,6313
38,1,White,0.09743040611665749,3840
38,1,Other,-0.051800707165240024,8442
38,1,Black,-0.13602245363189222,1793
38,1,Hispanic,0.09601404832980856,1990
38,2,White,0.08789730053684479,3862
38,2,Other,-0.04767577727158579,8473
38,2,Asian,0.0023841154144838986,6483
38,2,Hispanic,0.08647943481283153,2003
38,2,Black,-0.1498128781277517,1818
38,3,Black,-0.13749287440630165,1797
38,3,Other,-0.051747474256911626,8427
38,3,White,0.08760759269828129,3870
38,3,Asian,0.011430353204994116,6253
38,3,Hispanic,0.09011693912116588,1943
38,4,Other,-0.05137037259495619,8382
38,4,Black,-0.12787910636346492,1803
38,4,White,0.09138485786477207,3883
38,4,Asian,0.008477856389567667,6521
38,4,Hispanic,0.10011107076280824,1948
38,5,Other,-0.06369911988035479,8459
38,5,White,0.10130208491389588,3998
38,5,Black,-0.12931916986428107,1847
38,5,Asian,0.005025122489179563,6462
38,5,Hispanic,0.0969058339831963,2047
38,6,Black,-0.1380618351155569,1815
38,6,White,0.09614707515545537,3876
38,6,Other,-0.06305697034150426,8427
38,6,Asian,0.010710366865494548,6481
38,6,Hispanic,0.09886610576481819,1940
38,7,Other,-0.06555655377259363,8333
38,7,White,0.10082823785750765,3699
38,7,Hispanic,0.09413251297084191,2033
38,7,Asian,0.00974601007047066,6327
38,7,Black,-0.14603558863277463,1693
38,8,Other,-0.05930633970427858,8249
38,8,Asian,0.008584955222052517,6472
38,8,White,0.09561185451200738,3760
38,8,Black,-0.13376927783965134,1739
38,8,Hispanic,0.10509246936087512,1982
38,9,Black,-0.13110976417180145,1801
38,9,Other,-0.05032726502937218,8229
38,9,White,0.0871291962338632,3897
38,9,Asian,0.00634838851924733,6409
38,9,Hispanic,0.09348523868154002,1937
39,0,White,0.09145589230949773,4112
39,0,Other,-0.0498729462420427,8997
39,0,Black,-0.16118568268204306,1968
39,0,Asian,0.00842480681651992,6742
39,0,Hispanic,0.09451357003712038,2136
39,1,Hispanic,0.10035829929266837,2129
39,1,Other,-0.050864583743811594,8556
39,1,Asian,0.017038308081642597,6508
39,1,White,0.0823740759877178,3913
39,1,Black,-0.15059341627628361,1861
39,2,White,0.09496618186091405,3961
39,2,Asian,0.012023352869453262,6740
39,2,Other,-0.05873568541685774,8683
39,2,Black,-0.1340994769535831,1872
39,2,Hispanic,0.09723541914190968,2016
39,3,White,0.09798100259476464,4122
39,3,Black,-0.14729855481932438,1889
39,3,Other,-0.05768564561974144,8694
39,3,Asian,0.01478954527744389,6698
39,3,Hispanic,0.08588206640927168,2134
39,4,Other,-0.05879920062146419,8729
39,4,Asian,-0.0039243400210411394,6724
39,4,Hispanic,0.08754910756464272,2203
39,4,White,0.10650586259094767,3993
39,4,Black,-0.10481662137237235,1908
39,5,White,0.0898359839009572,3950
39,5,Other,-0.05239699353684487,8639
39,5,Asian,0.006029960242620673,6721
39,5,Black,-0.1372133090505005,1889
39,5,Hispanic,0.089392060923438,2047
39,6,White,0.10182233467821905,4021
39,6,Black,-0.14091333053260618,1856
39,6,Other,-0.05487181097309325,8768
39,6,Asian,0.0005331067513862719,6743
39,6,Hispanic,0.10752003051215592,2122
39,7,White,0.09581711628762302,4076
39,7,Asian,0.011226493547692768,6832
39,7,Other,-0.0611574458714278,8751
39,7,Black,-0.12407116278938428,1879
39,7,Hispanic,0.09091492904292392,2110
39,8,Other,-0.054562694095655014,8503
39,8,Hispanic,0.1053913881312165,2062
39,8,White,0.09481285717965503,3963
39,8,Asian,0.010711741591870483,6477
39,8,Black,-0.14722798311465532,1821
39,9,Asian,0.007575738065722525,6759
39,9,Hispanic,0.09318717856056,2083
39,9,Other,-0.04511425826035647,8688
39,9,White,0.09490309114416588,3929
39,9,Black,-0.12358735779570944,1965
40,0,Asian,0.0121243229876568,6833
40,0,Other,-0.05095774185723371,8847
40,0,White,0.09594782768851395,3971
40,0,Hispanic,0.09575675423363193,2128
40,0,Black,-0.14249188382918818,1998
40,1,Other,-0.050879025813726705,8955
40,1,Black,-0.12003447437561589,1983
40,1,Hispanic,0.08218059544299751,2218
40,1,Asian,0.005747456415736438,6924
40,1,White,0.09176826297277454,4124
40,2,White,0.09702924994823961,4175
40,2,Other,-0.0519988239249507,9097
40,2,Asian,-0.00038157090176979314,6847
40,2,Hispanic,0.0816648436438494,2321
40,2,Black,-0.16154923779625427,1975
40,3,White,0.08567398982721129,3932
40,3,Other,-0.04816150529930379,8562
40,3,Black,-0.15157288212839087,1920
40,3,Hispanic,0.09809017990053832,2150
40,3,Asian,0.004579218674123391,6523
40,4,Other,-0.060558475494756236,8767
40,4,Asian,0.010775070034030398,6696
40,4,White,0.09612610246608914,4013
40,4,Hispanic,0.092482313449836,2086
40,4,Black,-0.14017712100767404,1842
40,5,White,0.09696756785165438,4342
40,5,Black,-0.13000715127804832,1987
40,5,Other,-0.05350702667614667,9343
40,5,Hispanic,0.09964859513977518,2363
40,5,Asian,0.0058752190006599895,7030
40,6,Other,-0.06067219125665532,9150
40,6,Asian,0.017871852854346528,7100
40,6,Black,-0.13109531528351512,1873
40,6,Hispanic,0.09073007101439047,2180
40,6,White,0.09003681416391818,4280
40,7,White,0.08983257930909845,4252
40,7,Hispanic,0.08912038964733525,2224
40,7,Asian,0.008362555497421344,7105
40,7,Other,-0.05989484501187999,8918
40,7,Black,-0.14271501970105963,1814
40,8,White,0.09043383820409287,4089
40,8,Other,-0.04935608903980793,9162
40,8,Hispanic,0.09713255626063244,2193
40,8,Asian,0.005218958298764117,6836
40,8,Black,-0.14056182444647547,1996
40,9,Hispanic,0.0941012595378576,2017
40,9,Asian,0.012136175245041833,6909
40,9,White,0.09395856123756859,4202
40,9,Black,-0.12935875065711158,2003
40,9,Other,-0.06413790527056461,9079
41,0,Asian,0.009901280734442287,7057
41,0,Black,-0.13062467854841955,2043
41,0,Other,-0.059194196591686794,9226
41,0,White,0.09742155235631883,4342
41,0,Hispanic,0.09427359092472581,2347
41,1,Other,-0.049335345522703994,9083
41,1,Asian,0.010456291711647869,6762
41,1,White,0.0847177408566735,4129
41,1,Hispanic,0.08848211889516275,2126
41,1,Black,-0.14124866134678682,1923
41,2,Black,-0.12471714181400105,1972
41,2,Other,-0.05337668915306523,9073
41,2,Asian,0.01016759141629114,7030
41,2,White,0.08571651767578976,4197
41,2,Hispanic,0.0898931497522144,2190
41,3,Black,-0.14241214030421098,2062
41,3,White,0.09932420028789109,4316
41,3,Other,-0.05845995837522261,9322
41,3,Asian,0.009642136360819781,7199
41,3,Hispanic,0.08999231421933737,2252
41,4,White,0.0920163721310842,4319
41,4,Hispanic,0.09596314033885629,2375
41,4,Black,-0.13456244581526397,1945
41,4,Other,-0.06554432231692432,9267
41,4,Asian,0.01367621444656287,7142
41,5,Asian,0.011262366899977361,7002
41,5,Other,-0.055532324089418626,9171
41,5,White,0.09336985730128625,4183
41,5,Black,-0.1524504366940634,1973
41,5,Hispanic,0.09961928925540839,2205
41,6,Black,-0.144992760393715,1964
41,6,White,0.09726857433886532,4302
41,6,Hispanic,0.09457442381078486,2282
41,6,Other,-0.04711609090598719,9417
41,6,Asian,0.004584997598321228,7247
41,7,Asian,0.010555123979220525,7184
41,7,Other,-0.061423087446190995,9135
41,7,Black,-0.1252778174165279,1978
41,7,White,0.09021212021997206,4265
41,7,Hispanic,0.08147426991068321,2386
41,8,Asian,0.00885177304804534,6789
41,8,Other,-0.054031751112825974,8925
41,8,White,0.10037435272409544,4104
41,8,Black,-0.14226231454088867,2010
41,8,Hispanic,0.10290746389412589,2127
41,9,Other,-0.04916706870277327,9225
41,9,Asian,0.0020035309863270546,7116
41,9,Hispanic,0.09554338652424296,2216
41,9,White,0.08994205703625156,4257
41,9,Black,-0.11934757851408785,2034
42,0,White,0.09278113343535624,4250
42,0,Asian,0.007433890036043005,7238
42,0,Other,-0.05247438874449049,9426
42,0,Black,-0.1451691109986681,2144
42,0,Hispanic,0.09974202526075526,2306
42,1,Other,-0.05538411311492138,9692
42,1,Black,-0.14232446505055107,2151
42,1,White,0.08524310953761062,4539
42,1,Asian,0.013241490641042896,7375
42,1,Hispanic,0.09449977365532437,2363
42,2,Other,-0.057566487402184924,9446
42,2,Asian,0.015840524549805397,7269
42,2,Hispanic,0.08553642805042314,2313
42,2,Black,-0.14418375357311522,2031
42,2,White,0.09524744362448277,4443
42,3,Other,-0.05021224956341472,9756
42,3,White,0.0883213257614959,4544
42,3,Asian,0.009062102804753941,7466
42,3,Hispanic,0.09980336390364025,2400
42,3,Black,-0.15862790289891726,2115
42,4,Other,-0.056239928462469044,9827
42,4,Asian,0.014002726876468101,7461
42,4,Hispanic,0.07786000836464403,2478
42,4,White,0.09641285493531952,4481
42,4,Black,-0.14371075567231664,2247
42,5,Other,-0.059169871534991085,9141
42,5,Hispanic,0.1029024647060978,2223
42,5,Asian,0.011754330313619284,7074
42,5,Black,-0.14545709436707588,1946
42,5,White,0.08947603587059709,4276
42,6,Other,-0.049536425807133494,9586
42,6,White,0.09221358466475423,4466
42,6,Asian,-0.003189754242746828,7400
42,6,Black,-0.15012998312004325,2030
42,6,Hispanic,0.0871465850381292,2411
42,7,Asian,0.005517356578928381,7061
42,7,Black,-0.13575875754160696,2120
42,7,Other,-0.0477288562610968,9373
42,7,White,0.0887449328024681,4433
42,7,Hispanic,0.090531708883363,2325
42,8,Asian,0.012083316613419277,6924
42,8,White,0.09368661155507398,3935
42,8,Other,-0.05802991079102207,9075
42,8,Black,-0.12307005641897086,2016
42,8,Hispanic,0.10646743821484608,2329
42,9,Asian,0.0030400161243520143,7261
42,9,Black,-0.11500533232666045,2035
42,9,Other,-0.05400944881657728,9398
42,9,Hispanic,0.09097529837531712,2234
42,9,White,0.08744624708873196,4280
43,0,White,0.09321248693110004,4556
43,0,Other,-0.05481523714419669,9944
43,0,Asian,0.004122468286086141,7499
43,0,Black,-0.13233421997014846,2193
43,0,Hispanic,0.09202214088596196,2426
43,1,Other,-0.04944710290255935,9966
43,1,Asian,0.004618928151197695,7562
43,1,White,0.08281179755659204,4644
43,1,Hispanic,0.09106606757557671,2501
43,1,Black,-0.13858094148351927,2262
43,2,Other,-0.0497630157586211,9827
43,2,White,0.08976324096359085,4562
43,2,Hispanic,0.07712772045282723,2471
43,2,Black,-0.13923112346800268,2153
43,2,Asian,0.00819776027489125,7375
43,3,Asian,0.004335282402949178,7276
43,3,Hispanic,0.10155492994152422,2441
43,3,Other,-0.044601805727656624,9534
43,3,White,0.08666367533915868,4352
43,3,Black,-0.13360165946516944,2172
43,4,White,0.089522214034515,4522
43,4,Other,-0.060305806327267036,9672
43,4,Asian,0.004522939186077805,7340
43,4,Black,-0.10880350050247257,2094
43,4,Hispanic,0.08508814342195248,2428
43,5,Asian,0.013128825083310787,7445
43,5,Other,-0.06389384597155146,9584
43,5,Black,-0.12440485503598919,2152
43,5,White,0.09185118047392937,4608
43,5,Hispanic,0.08170790487084248,2458
43,6,Other,-0.05678718866565082,9652
43,6,Hispanic,0.08552966850170236,2446
43,6,Asian,0.00900176028437124,7432
43,6,White,0.08994589258503657,4331
43,6,Black,-0.1171983381767881,2102
43,7,Other,-0.05733057451539297,9775
43,7,White,0.09246656972025531,4586
43,7,Asian,0.010469294774144508,7493
43,7,Black,-0.12642495190761877,2214
43,7,Hispanic,0.09246263341203106,2401
43,8,White,0.09540577132071122,4618
43,8,Asian,0.003283219894586593,7463
43,8,Other,-0.04961552863913817,9751
43,8,Black,-0.15636811473941267,2222
43,8,Hispanic,0.09157419599765226,2507
43,9,Other,-0.05230586293593067,9925
43,9,Asian,0.002856280177270112,7625
43,9,White,0.08814734937099629,4577
43,9,Black,-0.12518347473419267,2079
43,9,Hispanic,0.08411988072517197,2409
44,0,White,0.09827135484141539,4522
44,0,Hispanic,0.10115338964533814,2474
44,0,Other,-0.056264156089594466,9771
44,0,Asian,-0.005233764138331342,7531
44,0,Black,-0.1473135123234699,2115
44,1,Asian,0.0006199436417302247,7787
44,1,White,0.09623353526038303,4748
44,1,Other,-0.050282362939222634,9976
44,1,Hispanic,0.09350540772761876,2453
44,1,Black,-0.1457833320868424,2214
44,2,Asian,0.008452176615537313,7883
44,2,White,0.09141323937430085,4689
44,2,Other,-0.05804994567388646,10314
44,2,Black,-0.1640665155924586,2203
44,2,Hispanic,0.08753153895274463,2669
44,3,White,0.09329694914659639,4734
44,3,Other,-0.05282479910475422,10048
44,3,Asian,0.00266686529570896,7610
44,3,Hispanic,0.09572201278448643,2598
44,3,Black,-0.12300788330735565,2185
44,4,Other,-0.05620688438612403,10034
44,4,White,0.09166515281208816,4630
44,4,Asian,0.006622568290963288,7681
44,4,Black,-0.14321296054657243,2098
44,4,Hispanic,0.09483700311448243,2480
44,5,Black,-0.15451786233925577,2237
44,5,Other,-0.047939915655233804,9933
44,5,White,0.09128345972211438,4534
44,5,Asian,0.0010763501139825946,7520
44,5,Hispanic,0.08631647389854467,2378
44,6,Black,-0.14082870368695216,2346
44,6,Hispanic,0.09524651675340796,2442
44,6,Other,-0.04921588992267631,10185
44,6,Asian,0.006319675077344981,7734
44,6,White,0.08255632218151505,4615
44,7,Black,-0.133928975089094,2099
44,7,Hispanic,0.09026924367777274,2435
44,7,White,0.09234771297712914,4604
44,7,Other,-0.052621240262819204,9915
44,7,Asian,-0.006841543966977795,7609
44,8,Other,-0.05348983880052482,10221
44,8,White,0.09305558837017006,4616
44,8,Black,-0.13573447208710096,2333
44,8,Asian,0.007800902447685507,7988
44,8,Hispanic,0.08371245481113664,2603
44,9,Other,-0.06501129674923381,10065
44,9,White,0.08994875651899538,4743
44,9,Black,-0.13401734591141992,2239
44,9,Asian,0.017029016263344486,7687
44,9,Hispanic,0.08951872299523508,2511
45,0,Asian,0.004635040417850749,7950
45,0,Other,-0.05613979694423181,10431
45,0,White,0.09794998416599521,4752
45,0,Hispanic,0.08893983002638402,2596
45,0,Black,-0.13914334080597224,2328
45,1,White,0.0849559967709624,4710
45,1,Other,-0.05927890041484797,10068
45,1,Asian,0.004576675883096658,7835
45,1,Hispanic,0.0860500074128886,2527
45,1,Black,-0.14224876589407887,2300
45,2,White,0.08582547162390218,4790
45,2,Other,-0.04677440794697619,10539
45,2,Black,-0.14344894950385687,2306
45,2,Hispanic,0.08328022844857683,2661
45,2,Asian,0.003932939773969212,8263
45,3,Asian,0.01072613935559003,7959
45,3,Black,-0.13101093172623485,2352
45,3,Hispanic,0.09402687796785977,2666
45,3,White,0.08534325429049167,4827
45,3,Other,-0.050206934623635104,10444
45,4,Other,-0.04449059612866361,10142
45,4,Asian,0.000456278497056461,7740
45,4,White,0.09499622705946462,4615
45,4,Hispanic,0.08671838402266145,2502
45,4,Black,-0.14152963639316632,2146
45,5,Hispanic,0.0957448969132982,2666
45,5,Asian,0.0026859758127379812,8178
45,5,Other,-0.056081009305115365,10750
45,5,White,0.08985166709276078,4962
45,5,Black,-0.12728147421210245,2266
45,6,Other,-0.05740601606115827,10529
45,6,Black,-0.11974512464084659,2319
45,6,Hispanic,0.08685923321458675,2695
45,6,White,0.08744035466583452,4782
45,6,Asian,0.005254636039274125,8062
45,7,White,0.09254029655183962,4719
45,7,Other,-0.04784199399902069,10292
45,7,Asian,0.01030103627795897,7905
45,7,Hispanic,0.08879517332860544,2563
45,7,Black,-0.15446581572559728,2237
45,8,Asian,0.0045405447219505285,8015
45,8,Other,-0.05481970440639827,10242
45,8,White,0.08535712553941088,4757
45,8,Black,-0.1339489674721666,2273
45,8,Hispanic,0.08782969213060846,2623
45,9,Other,-0.048116856281175,10065
45,9,Asian,0.0007009591290013003,7632
45,9,Hispanic,0.09682715315529034,2558
45,9,White,0.09034523868820903,4566
45,9,Black,-0.13402774568260636,2219
46,0,White,0.08781685316112356,4908
46,0,Asian,-0.00024105843045333785,8212
46,0,Other,-0.049936324772988525,10582
46,0,Hispanic,0.08752265057783655,2666
46,0,Black,-0.14909214796299874,2416
46,1,Asian,0.012065294210287403,8657
46,1,Other,-0.055387622288567126,11208
46,1,Black,-0.1312155315088913,2496
46,1,White,0.08470023941163062,5045
46,1,Hispanic,0.09203846690655285,2871
46,2,Black,-0.1326881193488015,2444
46,2,Other,-0.04946217883619546,10549
46,2,Asian,0.007166670963971485,7864
46,2,White,0.08201490185210442,4767
46,2,Hispanic,0.08890588430033085,2659
46,3,Other,-0.05270810646050759,10493
46,3,Hispanic,0.09102896202155598,2662
46,3,White,0.08977547104472874,4782
46,3,Asian,0.004397493528164965,8009
46,3,Black,-0.14240540830156903,2281
46,4,Other,-0.055317315056406094,10303
46,4,Asian,0.015003473606454938,7886
46,4,Black,-0.13390074372322414,2320
46,4,White,0.08882878717094826,4811
46,4,Hispanic,0.09217143854220128,2646
46,5,Hispanic,0.08805981849898187,2806
46,5,Asian,0.008778090366307334,8339
46,5,White,0.08539179193520519,5096
46,5,Other,-0.057539642979038914,10905
46,5,Black,-0.1300707767990901,2426
46,6,White,0.08226511934324612,4805
46,6,Hispanic,0.09805028351005465,2661
46,6,Other,-0.05670647782219115,10276
46,6,Asian,0.008156517985343146,7859
46,6,Black,-0.1202281001979407,2452
46,7,Other,-0.049717925203597274,10699
46,7,Asian,0.008549044297979489,8011
46,7,White,0.08221375329009536,4774
46,7,Hispanic,0.0951008530150242,2736
46,7,Black,-0.15969398480486394,2286
46,8,Hispanic,0.0920400099033245,2524
46,8,White,0.09272369155205532,4781
46,8,Other,-0.05664097950472232,10205
46,8,Asian,0.007837000639762517,7883
46,8,Black,-0.13425833506661508,2411
46,9,Hispanic,0.08236026427150121,2733
46,9,Other,-0.052968043988145065,10544
46,9,Asian,0.005784025410183,8184
46,9,White,0.08848227854147045,4906
46,9,Black,-0.10792330943384404,2319
47,0,Other,-0.06759727688830541,10799
47,0,Asian,0.012914604416732705,8484
47,0,White,0.09090838924813492,5042
47,0,Hispanic,0.09986171055503298,2736
47,0,Black,-0.15261087879538335,2427
47,1,Black,-0.1124935970530301,2516
47,1,Other,-0.049335709761989324,10790
47,1,Asian,-0.0010213654884820374,8517
47,1,Hispanic,0.08844608816156264,2782
47,1,White,0.08547984413157733,5016
47,2,Other,-0.051158057840311855,11053
47,2,Hispanic,0.09845949903676311,2773
47,2,Asian,-0.0004836910416403071,8455
47,2,Black,-0.14055156328548304,2444
47,2,White,0.09191521581606028,4917
47,3,Other,-0.05784030003963192,10777
47,3,White,0.08794130600447389,5055
47,3,Asian,0.010745579270909513,8238
47,3,Black,-0.13278306707775972,2390
47,3,Hispanic,0.10380322098328229,2603
47,4,Asian,0.0036018614614479285,8164
47,4,Black,-0.1305146347367187,2449
47,4,Other,-0.05123999267586207,10799
47,4,Hispanic,0.08781317319440334,2875
47,4,White,0.0832555319221684,5030
47,5,Other,-0.04728284758434019,11120
47,5,Asian,0.012800606945930966,8499
47,5,Black,-0.16032809469319725,2547
47,5,Hispanic,0.08908291839103517,2787
47,5,White,0.08652575610746677,5086
47,6,Asian,0.006307655355213531,8561
47,6,Other,-0.04428746019727208,11142
47,6,White,0.08444795749652059,5160
47,6,Hispanic,0.08883484376544526,2824
47,6,Black,-0.13927258808656262,2470
47,7,Asian,-0.0014038343621558707,8542
47,7,Other,-0.04982461292274799,11310
47,7,Black,-0.14353526688658635,2471
47,7,Hispanic,0.08381371865354224,2856
47,7,White,0.09449281013947283,5132
47,8,Other,-0.04959933640681073,11309
47,8,Hispanic,0.08136539435805727,2893
47,8,Asian,0.00862063588880065,8567
47,8,White,0.08218928499157992,5266
47,8,Black,-0.1542453428813306,2551
47,9,White,0.08784558967033733,5230
47,9,Asian,0.010232059822440034,8420
47,9,Other,-0.06141184303116884,10978
47,9,Black,-0.13791768628831388,2485
47,9,Hispanic,0.08835027923025807,2801
48,0,Other,-0.04713464879552691,11190
48,0,White,0.08641577306779055,5240
48,0,Asian,-2.643239899602999e-05,8471
48,0,Hispanic,0.08379953798968223,2932
48,0,Black,-0.1283867690084225,2555
48,1,Other,-0.04840438938243484,11428
48,1,Black,-0.14344061295272392,2515
48,1,Asian,0.0037726737592201944,8612
48,1,Hispanic,0.09113603397656905,2955
48,1,White,0.07999384798245858,5483
48,2,Other,-0.04930749306112918,11308
48,2,Black,-0.13431752146056075,2585
48,2,Asian,0.0048851353634361055,8640
48,2,White,0.08654234015140007,5135
48,2,Hispanic,0.08918648473899463,2918
48,3,Other,-0.05372715164352483,11220
48,3,Asian,-0.0018904500276706276,8583
48,3,White,0.08630590768242877,5299
48,3,Hispanic,0.08472202702798008,2897
48,3,Black,-0.1332513608839931,2504
48,4,White,0.08941782023760263,5034
48,4,Asian,0.009640137609487015,8315
48,4,Other,-0.05574799638885271,11088
48,4,Black,-0.13018143338189261,2530
48,4,Hispanic,0.0908413950159927,2852
48,5,Other,-0.057084451016786844,10989
48,5,Hispanic,0.08882682657417489,2833
48,5,White,0.08800280839224892,5144
48,5,Black,-0.14227102476480716,2635
48,5,Asian,0.007928361613121656,8384
48,6,Other,-0.048641585136195285,11466
48,6,Asian,0.004653981226047041,8875
48,6,White,0.0823693729570434,5202
48,6,Black,-0.13487401051107956,2624
48,6,Hispanic,0.08696144650107086,3051
48,7,Black,-0.13061176856178436,2529
48,7,Other,-0.05665446189949228,11199
48,7,Asian,-0.0025363325706042952,8565
48,7,White,0.08722669760314664,5369
48,7,Hispanic,0.07889201783521273,2930
48,8,Other,-0.04874659517367036,11505
48,8,Black,-0.1661038246964762,2559
48,8,Asian,0.013472672757733981,8952
48,8,Hispanic,0.08232548965754985,2916
48,8,White,0.08306018751861052,5307
48,9,Asian,0.0012102341197221536,8713
48,9,Other,-0.0505014027502901,11505
48,9,Black,-0.11924631429877443,2612
48,9,White,0.08790553477072484,5215
48,9,Hispanic,0.08773855553577034,2752
49,0,Black,-0.13723780581612016,2714
49,0,Other,-0.04639709111116262,11783
49,0,Asian,0.0008141411669470022,9061
49,0,White,0.08958993881155362,5184
49,0,Hispanic,0.08329900812462215,3032
49,1,White,0.09292367508816829,5500
49,1,Other,-0.05473017119205751,11966
49,1,Hispanic,0.08861238749051366,3047
49,1,Asian,0.009461613983730603,8885
49,1,Black,-0.14074834792799665,2669
49,2,Other,-0.04874170702093524,11982
49,2,Asian,0.010174091872349803,9090
49,2,Hispanic,0.0889016362897329,3032
49,2,White,0.08160974584331274,5444
49,2,Black,-0.14138081773482986,2652
49,3,Other,-0.05443134327478984,11425
49,3,Black,-0.13380740834921684,2569
49,3,Asian,0.006199176766831296,8797
49,3,White,0.08483928216545965,5322
49,3,Hispanic,0.0765537396569827,3047
49,4,Black,-0.1395246536793767,2511
49,4,Other,-0.05479058100511833,11263
49,4,Asian,0.006105312436778247,8644
49,4,Hispanic,0.0942184525983665,2906
49,4,White,0.09249344636415471,5136
49,5,Asian,0.01121842057185187,8840
49,5,Other,-0.055419272857968306,11688
49,5,White,0.08198623653270384,5460
49,5,Hispanic,0.09335756919331903,2982
49,5,Black,-0.14453961829537107,2652
49,6,Asian,0.00716097688272745,8947
49,6,Other,-0.05396149251607733,11558
49,6,Black,-0.13505825231439617,2675
49,6,White,0.0773555969248584,5382
49,6,Hispanic,0.07921691779675494,3024
49,7,Asian,0.003481895661555236,8732
49,7,Black,-0.13732132818657827,2655
49,7,White,0.0911586773301036,5258
49,7,Hispanic,0.08945025150677889,2898
49,7,Other,-0.04653447358406182,11724
49,8,Other,-0.05399992847112326,11524
49,8,Hispanic,0.09295859914968993,2949
49,8,Asian,0.00036158413649696556,8787
49,8,White,0.08366124325154613,5426
49,8,Black,-0.12937331886007467,2651
49,9,Black,-0.15669586382589,2560
49,9,Other,-0.05477097736708315,11371
49,9,White,0.09616131291067229,5345
49,9,Asian,0.009931030421736266,8649
49,9,Hispanic,0.08034198151338245,3016
50,0,Black,-0.1282667784511687,2671
50,0,White,0.08925126431248741,5391
50,0,Hispanic,0.0875678748864303,3129
50,0,Other,-0.05624301969949702,11677
50,0,Asian,0.005784790974607148,8964
50,1,White,0.08671202006559571,5323
50,1,Black,-0.17382677388139034,2595
50,1,Other,-0.04302641974969714,11602
50,1,Asian,0.004802631165134974,8956
50,1,Hispanic,0.08908669131537254,3099
50,2,Asian,0.005603352114461311,9364
50,2,Black,-0.13977145991633366,2700
50,2,Other,-0.04799722800827262,11988
50,2,White,0.08771752371343487,5608
50,2,Hispanic,0.08161546392614606,3174
50,3,Asian,0.002384945292491286,9001
50,3,Other,-0.058778858483525286,11652
50,3,Hispanic,0.09263230333780444,2921
50,3,Black,-0.1339080829525853,2666
50,3,White,0.08823461758944058,5323
50,4,White,0.0913554008481785,5547
50,4,Hispanic,0.09664465773430536,3102
50,4,Other,-0.05709741997171045,11604
50,4,Black,-0.1389959848220983,2800
50,4,Asian,0.003813522479281462,9076
50,5,Asian,-0.0006534747369396864,8792
50,5,Hispanic,0.09041349488440743,3018
50,5,Black,-0.13048232141623897,2540
50,5,Other,-0.05500944350962389,11317
50,5,White,0.08629515744731954,5365
50,6,Hispanic,0.09570061408172237,3055
50,6,Asian,0.010621153319930327,8998
50,6,White,0.08559155366053747,5392
50,6,Other,-0.05412785407263793,11629
50,6,Black,-0.142306151212257,2578
50,7,Asian,0.004707433603698499,9327
50,7,White,0.08335348864663426,5625
50,7,Other,-0.04845450518215288,12010
50,7,Black,-0.15313598272670967,2749
50,7,Hispanic,0.0889778092571088,3069
50,8,Other,-0.05185221341431347,11203
50,8,White,0.07902500673815802,5297
50,8,Asian,0.0022054587524312024,8857
50,8,Black,-0.12890239998137176,2616
50,8,Hispanic,0.08665108738939982,2998
50,9,Other,-0.04954510936031606,11996
50,9,Asian,0.0027346693676846,9214
50,9,Black,-0.1284938911363568,2769
50,9,Hispanic,0.0863373291602255,2974
50,9,White,0.08288000846455489,5550
51,0,Asian,-0.0006392905838391621,9044
51,0,White,0.08410442398779729,5601
51,0,Hispanic,0.0923264778202267,3046
51,0,Black,-0.13532721838217182,2682
51,0,Other,-0.05645334294896756,11754
51,1,White,0.08514840623838298,5686
51,1,Hispanic,0.08825702054422098,3135
51,1,Asian,-0.0034348143336912357,9504
51,1,Other,-0.05063306076846517,12122
51,1,Black,-0.13619247064755408,2836
51,2,Asian,0.0036802744059550342,9282
51,2,Other,-0.05503795377945578,12120
51,2,Hispanic,0.08648108623262513,3187
51,2,Black,-0.1466358602518882,2735
51,2,White,0.08799316284676537,5562
51,3,Other,-0.04868087459248615,12232
51,3,White,0.08631332161346475,5715
51,3,Black,-0.12261309355810078,2794
51,3,Hispanic,0.09651423537526002,3145
51,3,Asian,-0.0007770265663664875,9450
51,4,Other,-0.05180833734533722,11851
51,4,Asian,0.003788567232194934,9150
51,4,White,0.0850039996867811,5596
51,4,Hispanic,0.08424707357602787,3185
51,4,Black,-0.13396713551472578,2809
51,5,Asian,0.0016942015200276444,9171
51,5,Hispanic,0.08759091153630669,3105
51,5,Black,-0.16114975717193525,2793
51,5,Other,-0.044494267913292924,12036
51,5,White,0.0851671505664413,5583
51,6,White,0.08123797491198571,5736
51,6,Other,-0.04929452681156564,12241
51,6,Hispanic,0.08846396654910989,3186
51,6,Black,-0.14590829232148655,2813
51,6,Asian,0.004541570953861848,9568
51,7,Other,-0.04234649353464659,12347
51,7,Asian,0.0010579379048489296,9431
51,7,White,0.08681764493733453,5783
51,7,Hispanic,0.08207467967810589,3229
51,7,Black,-0.14943468865323895,2777
51,8,Asian,-0.001318734398975402,8972
51,8,Other,-0.051618945348259025,11819
51,8,Hispanic,0.09775166661738241,3002
51,8,White,0.08645585554819094,5561
51,8,Black,-0.13304127882126376,2669
51,9,Asian,0.008079908039619442,8848
51,9,Other,-0.052873719050778346,11586
51,9,Black,-0.12804922863023036,2644
51,9,White,0.07725268100905272,5430
51,9,Hispanic,0.09883911211371207,2865
52,0,Other,-0.051609843050621385,12178
52,0,White,0.09132207860368081,5497
52,0,Asian,0.005917624223512129,9422
52,0,Hispanic,0.08917758733259502,3194
52,0,Black,-0.1527812019222229,2763
52,1,White,0.08582010084049285,5624
52,1,Black,-0.1386734274014061,2764
52,1,Other,-0.04464554098826557,12149
52,1,Hispanic,0.07485108219946762,3023
52,1,Asian,-0.0035136664907985385,9225
52,2,Other,-0.053200922844761814,12491
52,2,White,0.0912170720859684,5869
52,2,Hispanic,0.09554003443582404,3270
52,2,Asian,-0.0032853277572045298,9563
52,2,Black,-0.14513872503847627,2936
52,3,Hispanic,0.08892355592577397,3363
52,3,Asian,0.0040638200954946045,9671
52,3,White,0.08760616754559633,5845
52,3,Other,-0.05456262617860332,12449
52,3,Black,-0.13124132537783176,2858
52,4,White,0.08040486137107049,5984
52,4,Other,-0.04766491020185404,12574
52,4,Black,-0.13736572761821617,2913
52,4,Asian,-0.00028622307376529346,9470
52,4,Hispanic,0.08502605689684736,3131
52,5,White,0.08418373731654961,5504
52,5,Asian,0.007485237844972704,9166
52,5,Black,-0.12334814717701777,2757
52,5,Other,-0.05413032613900242,12057
52,5,Hispanic,0.08190093193310041,3046
52,6,White,0.08399660231964984,5749
52,6,Hispanic,0.0859169016941862,3281
52,6,Other,-0.04443157842418583,12536
52,6,Black,-0.14037666636684856,2840
52,6,Asian,0.0016704503985582452,9469
52,7,Other,-0.058259408998585796,12448
52,7,White,0.09167018793638947,5726
52,7,Hispanic,0.08855872932196698,3298
52,7,Asian,0.012996998730303829,9372
52,7,Black,-0.15145965602131223,2802
52,8,Other,-0.052624879565498085,12426
52,8,White,0.08997819662520203,5946
52,8,Hispanic,0.0923494108214885,3367
52,8,Asian,0.008751636256260225,9721
52,8,Black,-0.15617289837977064,2891
52,9,Other,-0.05214628718335607,12287
52,9,Asian,0.009063446383173227,9338
52,9,Black,-0.1302539808228777,2759
52,9,Hispanic,0.08849747199715878,3071
52,9,White,0.08530756329506882,5761
53,0,Other,-0.04994537572870614,13195
53,0,White,0.08122086693998837,6099
53,0,Asian,0.009093931150900349,10238
53,0,Black,-0.14072184489396322,3025
53,0,Hispanic,0.0817092782174149,3474
53,1,Asian,0.003522803628612192,9807
53,1,White,0.08344219107451298,5892
53,1,Other,-0.05080051353756455,12554
53,1,Hispanic,0.08912008151154405,3396
53,1,Black,-0.15261183631418404,2880
53,2,White,0.08626996690771835,5888
53,2,Hispanic,0.08710878527079857,3210
53,2,Other,-0.055068746823087246,12572
53,2,Asian,0.008661443638628197,9515
53,2,Black,-0.14614044934157852,2909
53,3,Black,-0.15428053554742155,2894
53,3,Hispanic,0.08857625196608855,3356
53,3,Other,-0.05488977465386308,12491
53,3,Asian,0.003547712646402027,9606
53,3,White,0.08251841556404209,5819
53,4,White,0.08520787668093971,5777
53,4,Other,-0.05288116748610846,12530
53,4,Asian,0.004668339022304927,9655
53,4,Black,-0.13026775105591376,2929
53,4,Hispanic,0.08529431278115591,3268
53,5,White,0.08428049730515433,6081
53,5,Asian,0.00957876955797303,9946
53,5,Other,-0.05505993788046195,12911
53,5,Hispanic,0.08379592576318382,3377
53,5,Black,-0.14524344553441987,2929
53,6,Other,-0.04405748718720567,12818
53,6,White,0.08253283917102276,5955
53,6,Asian,-0.0061982928773603434,9940
53,6,Hispanic,0.09352470693637711,3374
53,6,Black,-0.1274504450399634,2954
53,7,White,0.08561102863324964,5874
53,7,Other,-0.051497191437956155,12401
53,7,Hispanic,0.08949347716414756,3311
53,7,Black,-0.13535586702553776,2920
53,7,Asian,0.004996142400763503,9520
53,8,Black,-0.11409482435018681,2851
53,8,Other,-0.05087862015891299,12814
53,8,Asian,0.0011975482859877611,9804
53,8,White,0.08224904451983889,5963
53,8,Hispanic,0.0808423979263642,3347
53,9,Asian,-0.004668897234867477,9706
53,9,Other,-0.04805237554110954,12417
53,9,White,0.08211943906113568,5916
53,9,Black,-0.12374561335266265,2814
53,9,Hispanic,0.0902237990903718,3401
54,0,Asian,0.004918643077751767,10141
54,0,Other,-0.052653403999425204,13357
54,0,Hispanic,0.07870088505067586,3476
54,0,White,0.08585461454072345,6236
54,0,Black,-0.1461787576742837,3089
54,1,Hispanic,0.08501913166593549,3476
54,1,Other,-0.051357522060856135,13230
54,1,White,0.0864654013513669,5925
54,1,Black,-0.14817000966763233,3066
54,1,Asian,0.007718718510217979,10243
54,2,White,0.08722439424595277,5993
54,2,Other,-0.045542054375006094,13000
54,2,Black,-0.14738820429364421,2968
54,2,Asian,0.0009870373195376468,10304
54,2,Hispanic,0.08255631317452734,3539
54,3,Asian,0.000719114844453589,10167
54,3,Other,-0.04772357549988848,12995
54,3,White,0.07802517730898803,6091
54,3,Black,-0.12776926295697547,2927
54,3,Hispanic,0.08000908810473606,3466
54,4,Asian,0.011269819611871968,9941
54,4,Black,-0.13621099201291495,2986
54,4,White,0.07831849367021723,6135
54,4,Other,-0.062089366741161736,13165
54,4,Hispanic,0.08700653447404741,3361
54,5,Other,-0.05222782362223382,13435
54,5,Asian,0.00015004551181372922,10088
54,5,White,0.0860877102007768,6329
54,5,Black,-0.13678012930116726,3093
54,5,Hispanic,0.0920607649849001,3498
54,6,White,0.07836357728431065,5909
54,6,Asian,0.00014830955346189156,9881
54,6,Other,-0.04413141295744909,12623
54,6,Black,-0.1317241200184455,2911
54,6,Hispanic,0.08193216213444174,3424
54,7,Asian,0.004497567403803757,10261
54,7,Other,-0.04444261678714849,13129
54,7,Hispanic,0.09013205079962233,3437
54,7,Black,-0.14400095835606277,3059
54,7,White,0.08296260190432843,6273
54,8,Black,-0.1436476005973809,3003
54,8,Asian,0.006091581275541551,10261
54,8,Other,-0.04538265796257755,13300
54,8,Hispanic,0.08255086001371394,3401
54,8,White,0.07991988639780845,6103
54,9,Other,-0.04523537330162809,13153
54,9,Asian,0.005098543698194969,10108
54,9,Black,-0.15722872030899954,2970
54,9,White,0.0867233256069825,6184
54,9,Hispanic,0.0765984453886612,3448
55,0,White,0.07683232861848013,6393
55,0,Other,-0.04418043851920542,13869
55,0,Black,-0.12350638258889622,3118
55,0,Hispanic,0.07837010983090459,3706
55,0,Asian,-0.00046018659109096986,10536
55,1,Other,-0.0480036545653833,13441
55,1,Asian,0.0006318627444276255,10260
55,1,White,0.0817250970210766,6115
55,1,Hispanic,0.08761762355384965,3441
55,1,Black,-0.14146762765781204,3116
55,2,Other,-0.04963636367201478,13243
55,2,Hispanic,0.07867718736621296,3324
55,2,Asian,0.008426927121564102,10227
55,2,White,0.08304975220541964,6166
55,2,Black,-0.1522520063944166,3126
55,3,Other,-0.052178454839828844,13309
55,3,Asian,0.007922793257133914,10157
55,3,Black,-0.14117939460101944,3065
55,3,White,0.08543416191073912,6226
55,3,Hispanic,0.08684834378343659,3612
55,4,Other,-0.049500941573655775,13449
55,4,Hispanic,0.08490212595869497,3594
55,4,Black,-0.15313545806992548,3094
55,4,Asian,0.006438857746263958,10288
55,4,White,0.0772943704237717,6206
55,5,Other,-0.05504612053600339,13259
55,5,White,0.08625847725097206,5979
55,5,Hispanic,0.0867932189993415,3442
55,5,Asian,0.004819579117822444,9915
55,5,Black,-0.13156189734489437,2999
55,6,Other,-0.048373468609807645,13553
55,6,White,0.08060767264582792,6241
55,6,Hispanic,0.08485991146492676,3556
55,6,Asian,0.0019516457846559495,10404
55,6,Black,-0.13439323877962667,3179
55,7,White,0.08290583923239521,6497
55,7,Asian,0.004457639784490904,10696
55,7,Other,-0.050599633934848544,13991
55,7,Black,-0.1566160466565916,3272
55,7,Hispanic,0.08922096451231215,3670
55,8,Asian,0.005669718272229315,10124
55,8,Other,-0.055380263835864155,13553
55,8,White,0.07964597742406855,6383
55,8,Hispanic,0.08288259950045385,3535
55,8,Black,-0.1286788761554341,3026
55,9,Other,-0.05219187225509435,13408
55,9,White,0.08315345912418892,6248
55,9,Asian,0.011170732336638184,10260
55,9,Black,-0.13265753285218526,3118
55,9,Hispanic,0.08048204331116003,3544
56,0,Asian,0.0043872071124560616,10283
56,0,White,0.07621988137122424,6317
56,0,Other,-0.04859853015354285,13691
56,0,Black,-0.14189388286278282,3069
56,0,Hispanic,0.07836198728215214,3542
56,1,Asian,0.0037003642743795406,10553
56,1,Hispanic,0.08705938854255658,3625
56,1,Other,-0.05158886484252466,13569
56,1,White,0.08354008031216817,6295
56,1,Black,-0.12831492587268173,3100
56,2,Other,-0.04874729046592201,13521
56,2,Asian,0.0007371424064997535,10317
56,2,White,0.08801877590188224,6273
56,2,Hispanic,0.0888915076839897,3547
56,2,Black,-0.13436342333255538,3146
56,3,Other,-0.0482407756293256,13812
56,3,Asian,-0.0005505360956561844,10425
56,3,White,0.07968198598567967,6376
56,3,Black,-0.1493300169223601,3089
56,3,Hispanic,0.09112527859839072,3524
56,4,White,0.08711021243397173,6424
56,4,Asian,0.003703246893228232,10569
56,4,Other,-0.0487058297975858,13546
56,4,Black,-0.15956162574907629,3301
56,4,Hispanic,0.08921905122171374,3632
56,5,Asian,0.006319932492315353,10281
56,5,White,0.07960353984607857,6332
56,5,Other,-0.05166021743029445,13444
56,5,Black,-0.132342106372327,3130
56,5,Hispanic,0.07892181252289292,3424
56,6,Black,-0.13709168190005108,3318
56,6,Asian,-0.0022502040885656557,10508
56,6,Other,-0.04632269661764187,13542
56,6,White,0.07895424457396234,6448
56,6,Hispanic,0.07623713113126271,3715
56,7,Other,-0.06208075822854034,13119
56,7,White,0.0885597883169305,5963
56,7,Asian,0.012541991195136212,10037
56,7,Hispanic,0.08259951932990639,3386
56,7,Black,-0.1399940055547321,2993
56,8,Other,-0.04663737012512243,13959
56,8,Hispanic,0.08916503532044415,3517
56,8,Asian,0.006822086706584783,10613
56,8,Black,-0.13702500317597363,3306
56,8,White,0.07849968084736944,6314
56,9,White,0.0811453929813056,6523
56,9,Asian,0.0008247097980322026,10707
56,9,Other,-0.04993715927601281,13864
56,9,Black,-0.1348080321250145,3158
56,9,Hispanic,0.08560623315604457,3585
57,0,Other,-0.05010054489179225,13681
57,0,Asian,0.0033019423799667655,10594
57,0,White,0.07937936111274618,6503
57,0,Hispanic,0.08017961471875744,3657
57,0,Black,-0.13894200184170813,3227
57,1,Asian,0.0046171822627461235,10624
57,1,Other,-0.044062119963831005,13934
57,1,Black,-0.14427293725833526,3250
57,1,White,0.074742154755649,6345
57,1,Hispanic,0.08910346430199136,3718
57,2,Black,-0.1591678015734461,3183
57,2,Asian,0.006158638011149071,10708
57,2,Other,-0.04802993567921708,13644
57,2,White,0.08044684459846335,6635
57,2,Hispanic,0.08555501415774452,3669
57,3,Other,-0.04142502289265413,14191
57,3,Hispanic,0.0846271357997897,3694
57,3,Asian,0.002682082513414438,10783
57,3,White,0.07954533724816938,6490
57,3,Black,-0.1513616138250514,3229
57,4,Other,-0.040385058144015044,13771
57,4,Black,-0.1591803066465783,3301
57,4,Hispanic,0.08707338275014247,3522
57,4,White,0.08086694540759314,6462
57,4,Asian,0.002179665890602804,10493
57,5,Black,-0.15362131509671545,3316
57,5,Asian,0.006438882155022058,10908
57,5,Other,-0.043497797831505224,14283
57,5,White,0.07312179169772469,6542
57,5,Hispanic,0.08061704275399714,3667
57,6,Other,-0.04483376350058883,13978
57,6,White,0.07155744127267215,6472
57,6,Asian,0.001991812641914207,10721
57,6,Black,-0.13770910741896425,3319
57,6,Hispanic,0.079577085974922,3669
57,7,Other,-0.054327939021192734,14126
57,7,Black,-0.15691690172998354,3266
57,7,White,0.08422936973920067,6423
57,7,Asian,0.009355992584848483,10799
57,7,Hispanic,0.08342638256127573,3728
57,8,Asian,0.0062341090124644625,10256
57,8,Hispanic,0.07686847992175198,3689
57,8,Black,-0.13676425562205677,3151
57,8,White,0.07919780852636046,6211
57,8,Other,-0.050551481854990976,13700
57,9,Other,-0.05119033886904904,14123
57,9,Asian,0.008780369682947346,10685
57,9,White,0.08430803183196298,6493
57,9,Black,-0.14300366105776594,3298
57,9,Hispanic,0.08970536968085173,3730
58,0,Asian,0.004270119663347185,10884
58,0,Other,-0.04230876789928595,14178
58,0,White,0.0733214794564341,6783
58,0,Hispanic,0.08096020136392383,3834
58,0,Black,-0.14058730275089712,3279
58,1,Other,-0.05176588231064306,14274
58,1,Asian,0.006013520890262126,10950
58,1,Hispanic,0.09640696538419918,3741
58,1,Black,-0.14685094751129207,3395
58,1,White,0.0836220668046225,6594
58,2,Other,-0.0463153709227931,13856
58,2,Asian,0.0010783968588767689,10747
58,2,White,0.0799677944558356,6376
58,2,Black,-0.1414419117560356,3166
58,2,Hispanic,0.08803815442183774,3683
58,3,Asian,0.01009991748725381,11074
58,3,Black,-0.1631022975480534,3312
58,3,Other,-0.05002223738806772,14587
58,3,White,0.08081513146786154,6652
58,3,Hispanic,0.0821258932740394,3792
58,4,Other,-0.046347356420848446,14558
58,4,Asian,-0.00013508725664530623,10967
58,4,White,0.08771064532516833,6611
58,4,Hispanic,0.09828560482565094,3694
58,4,Black,-0.14365325194665357,3435
58,5,Other,-0.05272407064461157,14448
58,5,White,0.07647289693734138,6785
58,5,Black,-0.12517948634133524,3389
58,5,Hispanic,0.08713313624406449,3813
58,5,Asian,0.006217834380415325,10927
58,6,Other,-0.052456466924627264,14668
58,6,White,0.07881129668658488,6713
58,6,Asian,0.012857854010037513,11179
58,6,Hispanic,0.0793395395467041,3911
58,6,Black,-0.14473882787503559,3369
58,7,Asian,-0.005800803608790471,10662
58,7,Other,-0.04240062458466508,13980
58,7,Black,-0.13240665312207195,3326
58,7,Hispanic,0.07962173823340049,3803
58,7,White,0.0824695004678533,6593
58,8,Black,-0.13470762036002895,3140
58,8,Other,-0.042328182730496905,14222
58,8,Asian,-0.00017359341325299431,11014
58,8,White,0.07588644116069511,6638
58,8,Hispanic,0.0852382832553105,3744
58,9,Asian,-0.0003914543118878097,11377
58,9,Hispanic,0.08613282442317138,3970
58,9,Other,-0.04358809316316833,14854
58,9,White,0.07771690449113149,6992
58,9,Black,-0.1363181133580325,3524
59,0,Black,-0.14952531753316445,3427
59,0,Other,-0.050457669728912205,14424
59,0,Asian,0.00554141313512998,11076
59,0,White,0.08419720105529609,6731
59,0,Hispanic,0.08695469212731326,3839
59,1,Other,-0.05209715846836551,14495
59,1,White,0.08231285034734886,6755
59,1,Black,-0.11833274215923574,3454
59,1,Asian,0.00767041487775585,11069
59,1,Hispanic,0.07953524122439101,3842
59,2,White,0.07597159486712166,6856
59,2,Other,-0.04659003329315068,15033
59,2,Asian,0.0075011272422921575,11454
59,2,Black,-0.1422918065139076,3419
59,2,Hispanic,0.07889808353077916,3937
59,3,Hispanic,0.08122775868275574,3900
59,3,Black,-0.13470305284492476,3390
59,3,Asian,-0.001510879290926043,11300
59,3,White,0.08224084038383479,6840
59,3,Other,-0.05182720470433284,14654
59,4,Other,-0.05453268772427136,14066
59,4,Asian,0.00753452794160767,10986
59,4,White,0.08718424463145612,6547
59,4,Black,-0.1539552301638113,3389
59,4,Hispanic,0.083708542352912,3804
59,5,Other,-0.050918272776106985,14301
59,5,Asian,-0.006652319410732683,11100
59,5,Black,-0.13837282151754676,3273
59,5,White,0.08315665244315557,6679
59,5,Hispanic,0.08263712068768843,3957
59,6,Black,-0.1586996450545755,3392
59,6,Asian,0.006041257569564444,11124
59,6,White,0.08215176661230766,6821
59,6,Other,-0.04558206836868666,14351
59,6,Hispanic,0.0852201659611941,3778
59,7,White,0.07731639513887235,6872
59,7,Asian,0.0029110107117455548,11425
59,7,Other,-0.049022201257871545,14575
59,7,Black,-0.1402676335389256,3358
59,7,Hispanic,0.07788471951757617,3912
59,8,Hispanic,0.0888475624858873,3839
59,8,White,0.0829195079073381,7064
59,8,Black,-0.1385454817568143,3416
59,8,Other,-0.05008907635897057,14835
59,8,Asian,0.001995508969753006,11004
59,9,Asian,0.0036008477066516694,11384
59,9,Black,-0.14074591758469332,3395
59,9,White,0.0850921564403405,6722
59,9,Other,-0.05053725567750498,14606
59,9,Hispanic,0.08058073584589823,3729
60,0,Other,-0.039333624982328064,15080
60,0,Black,-0.12965455971417947,3477
60,0,Asian,0.004131623259718021,11384
60,0,White,0.07437562176663909,7229
60,0,Hispanic,0.06985780752380792,4031
60,1,Other,-0.04648820614623022,14520
60,1,White,0.08260011854302853,6896
60,1,Hispanic,0.08559268162515732,3978
60,1,Black,-0.1436491882745181,3525
60,1,Asian,-0.004247754460429766,11164
60,2,Other,-0.04400102406422786,14559
60,2,Asian,0.006303046504763575,11232
60,2,Black,-0.1609310019911207,3424
60,2,White,0.07870661713467508,6773
60,2,Hispanic,0.0832816181190485,3855
60,3,Other,-0.05238710552076689,14717
60,3,White,0.07458620481845868,6838
60,3,Hispanic,0.08432152672375791,3866
60,3,Asian,0.010935957315983418,11269
60,3,Black,-0.12014128811187334,3492
60,4,Other,-0.04738483064226477,15142
60,4,Asian,0.009334727688422709,11524
60,4,Hispanic,0.08178602316981241,3935
60,4,White,0.08116174714125267,7092
60,4,Black,-0.13251788651982513,3527
60,5,Other,-0.05311979917501613,14886
60,5,White,0.08232397160123685,6772
60,5,Asian,0.0036435149199955524,11402
60,5,Hispanic,0.08824349605322736,3903
60,5,Black,-0.1475377774882719,3505
60,6,White,0.08228156950844001,6986
60,6,Other,-0.05053052374041672,14790
60,6,Black,-0.13711233453789753,3529
60,6,Asian,0.0022416818192013167,11241
60,6,Hispanic,0.08735760672726854,3936
60,7,White,0.07790334847873713,7051
60,7,Asian,0.012598821208941397,11390
60,7,Hispanic,0.08166236929694409,3887
60,7,Other,-0.05024327474536099,14733
60,7,Black,-0.16751330395685474,3259
60,8,Black,-0.12356349981634256,3348
60,8,Other,-0.04342133714395581,14128
60,8,Asian,-0.0045057063159884385,10998
60,8,White,0.07651326031846596,6584
60,8,Hispanic,0.08318760357601164,3816
60,9,Other,-0.05341986006357969,15253
60,9,Black,-0.14382142179054072,3507
60,9,Asian,0.006544543258409988,11298
60,9,White,0.08211104881257855,6896
60,9,Hispanic,0.08184757819170344,3945
61,0,Hispanic,0.08950443786397186,3968
61,0,Asian,0.008004847784659586,11548
61,0,Other,-0.050625720485672425,14835
61,0,Black,-0.1483477458658693,3435
61,0,White,0.08097848961978824,7000
61,1,Other,-0.04790926598612614,15145
61,1,White,0.0710684697468514,7095
61,1,Asian,0.010091703388573998,11570
61,1,Black,-0.15107263907539611,3577
61,1,Hispanic,0.08060626209602724,4133
61,2,Asian,0.0014188941134363536,11769
61,2,White,0.07377464722474582,7202
61,2,Hispanic,0.07905060132600372,4161
61,2,Other,-0.048946742211178416,15372
61,2,Black,-0.11717462299952114,3627
61,3,Asian,-0.0034269827793679923,11208
61,3,White,0.08000813159439303,7041
61,3,Hispanic,0.0813711074138467,4012
61,3,Other,-0.046662065292790225,14764
61,3,Black,-0.11453033821258188,3514
61,4,Asian,0.012269511412529228,11459
61,4,Other,-0.05319171627718869,14820
61,4,White,0.07779159560340318,7105
61,4,Black,-0.14651386435013083,3474
61,4,Hispanic,0.07880753693194978,3808
61,5,White,0.08610060452364214,7077
61,5,Other,-0.04581680579064568,15604
61,5,Asian,-0.00012804985025664922,11686
61,5,Black,-0.1360074452847757,3672
61,5,Hispanic,0.08430902867461967,4087
61,6,Asian,0.007993456009025233,11632
61,6,Other,-0.04459707292894864,15117
61,6,White,0.07959052526654573,7113
61,6,Hispanic,0.07999971276888965,3935
61,6,Black,-0.15638165019738248,3451
61,7,Hispanic,0.07608218887183361,4076
61,7,Asian,0.007663743885544731,11635
61,7,White,0.08152594390153925,7031
61,7,Other,-0.05189516623063721,14988
61,7,Black,-0.13929523765977436,3563
61,8,Black,-0.12257591389209352,3506
61,8,White,0.07103731294224506,7250
61,8,Hispanic,0.08972519179678781,3971
61,8,Other,-0.04608737738724564,15223
61,8,Asian,-0.0058871186855794615,11738
61,9,White,0.07832471664820105,7175
61,9,Other,-0.048878012874895176,15179
61,9,Hispanic,0.08688850882011104,3960
61,9,Asian,0.010280352435033769,11600
61,9,Black,-0.14889175683737008,3539
62,0,Other,-0.04839364576379312,15359
62,0,Asian,0.005934047699318769,11599
62,0,Black,-0.13869317179654458,3550
62,0,White,0.0782265432701041,7200
62,0,Hispanic,0.08194200872453557,4101
62,1,Other,-0.04952890371043656,15162
62,1,Asian,0.011554991623658735,11822
62,1,White,0.07812649771921945,7126
62,1,Black,-0.12765533677579732,3521
62,1,Hispanic,0.08248646595148938,4003
62,2,Asian,0.013238285305407476,12148
62,2,Other,-0.056034702957924794,15723
62,2,Black,-0.13998686202193206,3570
62,2,White,0.08157087087176083,7344
62,2,Hispanic,0.07962526827435143,4045
62,3,Other,-0.055195284638457576,15415
62,3,Asian,0.008162085275245092,11733
62,3,Hispanic,0.08206645181965289,4185
62,3,Black,-0.12877075354942194,3604
62,3,White,0.07570477353404473,7328
62,4,Asian,0.008057866784653618,12080
62,4,Other,-0.05281976707916113,15541
62,4,Black,-0.14088746681969164,3638
62,4,White,0.08071186397281406,7261
62,4,Hispanic,0.08037868297965906,4089
62,5,Asian,0.002976896989907132,11924
62,5,White,0.08310814919163136,7034
62,5,Other,-0.04359366614128418,15386
62,5,Black,-0.137028554426078,3629
62,5,Hispanic,0.08315352412561214,4241
62,6,Other,-0.04956374877966331,15671
62,6,Hispanic,0.0749900324933545,4112
62,6,Asian,0.004503665329958671,11815
62,6,White,0.07367776930104013,7212
62,6,Black,-0.12043076342031944,3654
62,7,White,0.08011197780338117,7053
62,7,Other,-0.04640623176174545,15281
62,7,Asian,0.0005749520019668254,11733
62,7,Black,-0.13598760214598535,3542
62,7,Hispanic,0.08408688863045759,4033
62,8,Other,-0.050423191052852145,15534
62,8,Hispanic,0.09077265007771787,4034
62,8,Asian,0.008931716550506908,11813
62,8,White,0.07908408621552203,7209
62,8,Black,-0.1516374360612887,3581
62,9,Other,-0.0497038245089913,15227
62,9,Asian,0.006002083912067073,11884
62,9,Black,-0.14577610881956754,3636
62,9,White,0.07811059381327327,7212
62,9,Hispanic,0.08627916796660177,4071
63,0,Hispanic,0.0835053020291128,4283
63,0,Asian,0.00331052257499173,12299
63,0,Other,-0.04733555116499991,15807
63,0,White,0.08232208586091948,7347
63,0,Black,-0.14171028550503773,3947
63,1,Asian,0.0015349671760364499,11857
63,1,Black,-0.14439381949859542,3549
63,1,White,0.07881911957550183,7201
63,1,Hispanic,0.08509511341586612,4150
63,1,Other,-0.048644256288855214,15510
63,2,Asian,-0.007083804655851172,11879
63,2,Hispanic,0.08379162819046738,4079
63,2,White,0.08047964511017125,7429
63,2,Other,-0.03964072940658611,15710
63,2,Black,-0.136402960648627,3613
63,3,Asian,-0.0019415596292151646,12217
63,3,Hispanic,0.08184683715344207,4116
63,3,White,0.08016387212801303,7563
63,3,Other,-0.04215252665454033,15927
63,3,Black,-0.1396676851686145,3618
63,4,Black,-0.1253675117184088,3735
63,4,Other,-0.050442991785992264,15764
63,4,White,0.07462214728303057,7303
63,4,Asian,0.009969813574263317,11884
63,4,Hispanic,0.07017466346905143,4183
63,5,Black,-0.1388630592884098,3576
63,5,Other,-0.04762974006232161,15563
63,5,White,0.07398103356795384,7233
63,5,Hispanic,0.08333388651734318,4121
63,5,Asian,0.00028362356229564954,11909
63,6,Other,-0.04622736445048126,15494
63,6,Asian,-0.0044520865492496935,11728
63,6,White,0.07864523902687472,7123
63,6,Hispanic,0.09271980818703357,4119
63,6,Black,-0.15559140812857014,3538
63,7,Other,-0.04644343201290236,15503
63,7,Asian,-0.0005385453905363418,11936
63,7,Hispanic,0.08216450323025327,4123
63,7,White,0.07293981773182755,7202
63,7,Black,-0.14256753074794506,3614
63,8,Hispanic,0.06868234184983824,4332
63,8,Asian,0.006069897700506689,12157
63,8,Other,-0.04368229376988327,15807
63,8,White,0.07728177887619514,7258
63,8,Black,-0.13223918872831178,3949
63,9,Asian,0.001864614718846453,12136
63,9,Black,-0.13701087582795532,3613
63,9,Other,-0.05019470561061663,15592
63,9,White,0.07854360642334289,7285
63,9,Hispanic,0.08214089567396136,4270
64,0,Other,-0.049433103064797146,15783
64,0,Black,-0.12857041653925108,3662
64,0,White,0.07971775890982945,7161
64,0,Hispanic,0.08821942726425608,4120
64,0,Asian,0.0018806333322632283,12105
64,1,Hispanic,0.0803459100005818,4349
64,1,Other,-0.052202163269383976,16017
64,1,Asian,0.005547179854387628,12544
64,1,White,0.07735884325056602,7610
64,1,Black,-0.1454494831407693,3700
64,2,Asian,0.008281674970600577,12309
64,2,Black,-0.13539065385313362,3775
64,2,Other,-0.04700866328802632,15704
64,2,White,0.0792594147806324,7397
64,2,Hispanic,0.08184940523672882,4226
64,3,Asian,0.003092213076106618,12085
64,3,Other,-0.04950572375591864,15800
64,3,White,0.07960428197870192,7294
64,3,Hispanic,0.07995589938690821,4291
64,3,Black,-0.1350734690047106,3672
64,4,Other,-0.05505680049094984,15845
64,4,White,0.07992040242333356,7516
64,4,Hispanic,0.08041384740392507,4129
64,4,Asian,0.008150981110631056,12078
64,4,Black,-0.1368242865193083,3816
64,5,Asian,0.00424978623746659,12425
64,5,Other,-0.0450878418985755,16330
64,5,Hispanic,0.07881954770313662,4350
64,5,White,0.07560560474084664,7626
64,5,Black,-0.13472221142659957,3907
64,6,Black,-0.1496477119489205,3759
64,6,Other,-0.053890860148899496,16735
64,6,Hispanic,0.08492880305807163,4460
64,6,Asian,0.0025130196954202904,12868
64,6,White,0.08030087450963658,7693
64,7,Other,-0.05445679572009452,16120
64,7,Black,-0.12868555883579502,3791
64,7,White,0.08145380156232848,7423
64,7,Asian,0.003874869564973076,12185
64,7,Hispanic,0.08529704486373361,4291
64,8,Asian,-0.002337287021200425,12122
64,8,Other,-0.04706288954697644,15749
64,8,Hispanic,0.08147120924437738,4085
64,8,Black,-0.1285504727070646,3672
64,8,White,0.07599301958277364,7358
64,9,Black,-0.14871044041296316,3817
64,9,Hispanic,0.07512444481547209,4343
64,9,Other,-0.045658207929512515,16294
64,9,White,0.0782981710386438,7589
64,9,Asian,0.0028170756937689937,12470
65,0,White,0.07807237962532843,7605
65,0,Other,-0.045253388649412286,16393
65,0,Black,-0.14580395044729644,3877
65,0,Asian,-0.0032309558016274317,12549
65,0,Hispanic,0.08104916336941717,4403
65,1,White,0.07832728276692304,7817
65,1,Other,-0.05059692914726913,16296
65,1,Asian,0.003284943160995975,12717
65,1,Black,-0.13104345837051165,3950
65,1,Hispanic,0.08213434623849418,4462
65,2,Other,-0.045046508609743574,16848
65,2,Hispanic,0.08064700032479916,4272
65,2,Black,-0.1498865233000781,3998
65,2,Asian,0.0070387194504745836,12589
65,2,White,0.07309840753674754,7812
65,3,White,0.0737580254673414,7687
65,3,Other,-0.04899585808726094,16022
65,3,Asian,0.004125093399903528,12181
65,3,Hispanic,0.08481784269066442,4376
65,3,Black,-0.1398229088634241,3863
65,4,Other,-0.04826086190244122,16335
65,4,Asian,0.007206635503092365,12640
65,4,Black,-0.14728162311667511,3843
65,4,White,0.07760482514078217,7650
65,4,Hispanic,0.08257849486576457,4412
65,5,White,0.07224912658131444,7669
65,5,Hispanic,0.08364492378986618,4263
65,5,Other,-0.04847103924132629,15987
65,5,Asian,0.0008282124532871437,12347
65,5,Black,-0.14102785115212707,3642
65,6,Asian,0.0016072998818997537,12579
65,6,Other,-0.047782631428322994,16152
65,6,White,0.07989268420133584,7713
65,6,Black,-0.14242128193730433,3725
65,6,Hispanic,0.07269963058703346,4317
65,7,Asian,-0.0025686203247001285,12996
65,7,White,0.0728165606316738,7763
65,7,Other,-0.043954561012641634,16825
65,7,Hispanic,0.07909969717538087,4548
65,7,Black,-0.13370039301026862,3980
65,8,Other,-0.04258654924920015,16117
65,8,White,0.08202698424588865,7589
65,8,Black,-0.15370680698563605,3758
65,8,Asian,0.004496338150692843,12403
65,8,Hispanic,0.07561452100068791,4302
65,9,Other,-0.05018679910314411,15907
65,9,Asian,0.0034322422346333517,12294
65,9,White,0.08330816810142612,7357
65,9,Hispanic,0.08703500474941615,4307
65,9,Black,-0.1476769780722509,3707
66,0,Other,-0.045282613730528574,16382
66,0,Hispanic,0.08661998970185818,4355
66,0,Black,-0.13305941933674864,3813
66,0,White,0.07725125581745447,7801
66,0,Asian,0.000692927202553886,12549
66,1,Other,-0.044999106680179986,16496
66,1,Asian,0.0015092556985992639,12766
66,1,Hispanic,0.07729480969498917,4462
66,1,Black,-0.13700211079353844,3945
66,1,White,0.08163080237457497,7799
66,2,Asian,0.003096282604423247,12853
66,2,White,0.07607666398280995,7796
66,2,Other,-0.046114867077246234,16782
66,2,Black,-0.1434836427780603,3942
66,2,Hispanic,0.08223126495131979,4401
66,3,Other,-0.04471737298966164,16312
66,3,White,0.07098570548962185,7781
66,3,Black,-0.12860526516549814,3774
66,3,Asian,0.0025547713769627106,12351
66,3,Hispanic,0.0815964970717533,4318
66,4,Hispanic,0.0816060314366002,4434
66,4,Asian,0.007239733328347759,12645
66,4,White,0.07856378388886584,7854
66,4,Other,-0.047751508471452396,16255
66,4,Black,-0.16217784728000229,3937
66,5,White,0.07853488790221987,7672
66,5,Black,-0.14804178349486372,3650
66,5,Other,-0.047026949970211736,16250
66,5,Asian,-0.00030369800275961814,12800
66,5,Hispanic,0.07947600226883361,4334
66,6,Other,-0.05164944669390832,16467
66,6,Hispanic,0.07259497627215053,4499
66,6,Asian,0.004926582063986469,12607
66,6,Black,-0.132482717041459,3747
66,6,White,0.07915023134420161,7595
66,7,Asian,0.004250472615699619,12702
66,7,Other,-0.05216506053115697,16337
66,7,White,0.07954476784625483,7459
66,7,Hispanic,0.079836244091938,4409
66,7,Black,-0.14772803240786697,3817
66,8,Other,-0.04855063161988432,16858
66,8,White,0.07780191714680815,7840
66,8,Asian,0.0022617397930950263,13018
66,8,Black,-0.1403488096299581,3964
66,8,Hispanic,0.08689042603690093,4644
66,9,Other,-0.04410728278359753,16644
66,9,Asian,0.0006984743312126456,12920
66,9,Hispanic,0.07789694022906758,4514
66,9,White,0.0781216989985543,7846
66,9,Black,-0.14269309901506053,4017
67,0,Asian,0.0008408395089881312,12765
67,0,Hispanic,0.08135116586225774,4472
67,0,Black,-0.13034439211108864,4080
67,0,Other,-0.049072438990924776,17131
67,0,White,0.07927862692889028,8027
67,1,White,0.0751869828813097,8132
67,1,Asian,0.006375785643798617,13370
67,1,Other,-0.052172970349346044,17188
67,1,Black,-0.14627185937820775,4067
67,1,Hispanic,0.07392938281783128,4660
67,2,Other,-0.050185833084283385,16608
67,2,White,0.0754671097659118,7754
67,2,Asian,0.0014076291603007112,12825
67,2,Hispanic,0.0808361855013483,4567
67,2,Black,-0.13509830579884569,3859
67,3,White,0.07437029818670456,8019
67,3,Other,-0.04817458894789563,17116
67,3,Asian,0.007031348003497343,13323
67,3,Hispanic,0.07598421945949672,4712
67,3,Black,-0.1455141034319323,4043
67,4,Black,-0.14359535300293882,4029
67,4,White,0.08103703743398344,7835
67,4,Hispanic,0.07959105294645348,4507
67,4,Asian,0.004735468820563174,12881
67,4,Other,-0.04665250224178325,16836
67,5,White,0.07754122367618504,8044
67,5,Asian,0.010605307370519575,13131
67,5,Other,-0.0599228358777081,17281
67,5,Hispanic,0.08445892370481849,4510
67,5,Black,-0.13867502493471925,3979
67,6,Other,-0.04719451061925265,17096
67,6,Asian,0.0008145029669077505,13233
67,6,White,0.07551009991434447,8116
67,6,Black,-0.1388525088278907,3949
67,6,Hispanic,0.07441798171880183,4610
67,7,Black,-0.13255260171848432,3940
67,7,Other,-0.048834083741076666,16836
67,7,Hispanic,0.07370457801141718,4592
67,7,White,0.07408555786711057,7954
67,7,Asian,0.00289435422255871,12856
67,8,Asian,0.0036494392476572597,12611
67,8,Other,-0.04794559548926373,16583
67,8,Hispanic,0.08030042582649269,4361
67,8,White,0.0793069192796949,7812
67,8,Black,-0.13748465485977107,3906
67,9,Black,-0.1521083136592405,4122
67,9,Other,-0.04567310748170008,16883
67,9,Hispanic,0.07640936252163322,4633
67,9,White,0.07570196093972309,7872
67,9,Asian,0.0023384510329431123,12996
68,0,Black,-0.1393019155153903,4210
68,0,Asian,0.004163732448259336,13056
68,0,Other,-0.04553163861941025,17463
68,0,White,0.07938389848453058,8092
68,0,Hispanic,0.0780210993209933,4639
68,1,Other,-0.04200483376532295,17496
68,1,White,0.07080212055594896,8033
68,1,Asian,-0.0001560227138021848,13455
68,1,Hispanic,0.07991159293266314,4820
68,1,Black,-0.13675895246975625,4117
68,2,Asian,0.003917045871865555,13582
68,2,Other,-0.044124696963025914,17550
68,2,Black,-0.14226657726825234,4225
68,2,Hispanic,0.08337640373707775,4678
68,2,White,0.07258830603843412,8229
68,3,Other,-0.047822771888744495,16724
68,3,Hispanic,0.0861155487401055,4515
68,3,Asian,0.007594256243055688,13047
68,3,White,0.08206832051469116,7842
68,3,Black,-0.16330077339612017,4076
68,4,Other,-0.044800350298310546,16877
68,4,Black,-0.16203996139298854,4006
68,4,Asian,0.007795505170877434,13036
68,4,White,0.07734809581911199,7854
68,4,Hispanic,0.07174831095442706,4545
68,5,White,0.07487971055949015,8012
68,5,Other,-0.045595949221589216,17126
68,5,Asian,0.003790852791326319,13209
68,5,Hispanic,0.08454713851181071,4626
68,5,Black,-0.15586121619648072,3935
68,6,White,0.07304747509379309,8071
68,6,Hispanic,0.07593341283230017,4595
68,6,Other,-0.049449668987296205,17033
68,6,Asian,0.0009632703384258969,13013
68,6,Black,-0.13103935399771602,3971
68,7,Asian,0.008115432410622023,13362
68,7,White,0.07381831795386781,8045
68,7,Other,-0.05079104737510097,17301
68,7,Hispanic,0.07452858108717707,4714
68,7,Black,-0.13841357628844547,4045
68,8,White,0.07071446908103576,8041
68,8,Hispanic,0.0782574410354854,4679
68,8,Black,-0.1322973838036287,3981
68,8,Other,-0.04319342263811665,17526
68,8,Asian,0.0027481928810918622,13283
68,9,Other,-0.04617746399201817,17031
68,9,White,0.06959125071169438,8054
68,9,Asian,0.002324747160609688,13073
68,9,Black,-0.1325890290210434,4065
68,9,Hispanic,0.07590472650132103,4634
69,0,Asian,0.007137095351243426,13706
69,0,White,0.07375105028135197,8438
69,0,Black,-0.13652569932123793,4211
69,0,Other,-0.053331939955010045,17827
69,0,Hispanic,0.0746359625558337,4938
69,1,White,0.06674344543894709,8365
69,1,Other,-0.043781454956968065,17768
69,1,Black,-0.1341960061881214,4240
69,1,Hispanic,0.07608535379670082,4731
69,1,Asian,0.004524103343035827,13665
69,2,Asian,0.006008721133649057,13653
69,2,Black,-0.14454932878449528,4197
69,2,Other,-0.046641410455498716,17652
69,2,White,0.07427223567071312,8276
69,2,Hispanic,0.07831536320785602,4663
69,3,Black,-0.12857965174514402,4279
69,3,White,0.07507095529154147,8314
69,3,Asian,-0.0012796272570912278,13530
69,3,Hispanic,0.07819176166791987,4897
69,3,Other,-0.049764455170567955,17703
69,4,White,0.07331105621917466,8262
69,4,Hispanic,0.07904198400542004,4822
69,4,Other,-0.04163496292435113,17718
69,4,Asian,-0.0038745842290393863,13403
69,4,Black,-0.1350607221437462,4188
69,5,Asian,0.008670891187561187,13678
69,5,White,0.07036638380866508,8369
69,5,Hispanic,0.07254016449824006,4926
69,5,Other,-0.05025877631715734,17924
69,5,Black,-0.14065632655809682,4082
69,6,Other,-0.047069476026723886,17723
69,6,White,0.07433244290891453,8281
69,6,Hispanic,0.0819720348042768,4588
69,6,Black,-0.12290953857199922,4268
69,6,Asian,0.0007073953157605364,13383
69,7,Asian,0.004547433019121731,13382
69,7,Other,-0.04474108393453591,17747
69,7,White,0.07986366498968799,8214
69,7,Black,-0.1347915843109818,4235
69,7,Hispanic,0.07890760839098623,4812
69,8,White,0.07470342695016507,8255
69,8,Asian,0.0005299638182221113,13353
69,8,Hispanic,0.07372391072366234,4706
69,8,Black,-0.13101434580049756,4197
69,8,Other,-0.04394445508769245,17866
69,9,Hispanic,0.0828772638172833,4606
69,9,Asian,-0.00035491939166737543,13225
69,9,Other,-0.057444379918685215,17263
69,9,White,0.08241834452358053,8110
69,9,Black,-0.11991150439808435,4124
70,0,Hispanic,0.07651001827301997,4720
70,0,Other,-0.04132403914599735,18042
70,0,Black,-0.14522351767632313,4177
70,0,Asian,0.0005360874564367138,13736
70,0,White,0.07462822754476682,8313
70,1,Black,-0.14948327296193722,4159
70,1,Asian,-0.000887196854185822,13820
70,1,Other,-0.0439490130846477,17668
70,1,White,0.07954861691450114,8119
70,1,Hispanic,0.0739442181801667,4736
70,2,White,0.07872277536508542,8285
70,2,Other,-0.04929519310842799,18282
70,2,Hispanic,0.07451418288877892,4908
70,2,Asian,0.0050234091201407085,13984
70,2,Black,-0.14570489894985517,4157
70,3,Other,-0.046512131858357404,17584
70,3,Black,-0.12768129936689848,4136
70,3,Asian,0.0008854479586487659,13782
70,3,Hispanic,0.07281895049911807,4890
70,3,White,0.07433372196623789,8343
70,4,Other,-0.04958403282057289,18034
70,4,Black,-0.13304188056887492,4142
70,4,Hispanic,0.0728101713088439,4730
70,4,White,0.07084224008270189,8469
70,4,Asian,0.007420109149240521,13696
70,5,Other,-0.03587761961854464,18097
70,5,White,0.07871899191296647,8612
70,5,Hispanic,0.07444939923972566,4823
70,5,Asian,-0.004026147488374802,13727
70,5,Black,-0.15375084943203204,4230
70,6,Asian,0.0005126983739593494,13438
70,6,Other,-0.04499753129767032,17708
70,6,Hispanic,0.08287593904348495,4668
70,6,White,0.07474649389787029,8252
70,6,Black,-0.14463630937031413,4239
70,7,White,0.07536316250081035,8176
70,7,Other,-0.04348712646238354,17971
70,7,Asian,-0.0016323480835565177,13620
70,7,Black,-0.13289527344762203,4266
70,7,Hispanic,0.07751845383099258,4821
70,8,Other,-0.0497349113262967,17955
70,8,Asian,0.008578338398570712,13630
70,8,Black,-0.15542572115160813,4178
70,8,White,0.0815051724940529,8354
70,8,Hispanic,0.08081320694485765,4910
70,9,White,0.07567250112133683,8187
70,9,Other,-0.04247762394842237,17430
70,9,Hispanic,0.07127995471873155,4705
70,9,Black,-0.1456337984364084,4194
70,9,Asian,-0.0012444930185691587,13248
71,0,White,0.07526695762213043,8229
71,0,Other,-0.04156704168839478,17429
71,0,Asian,-0.0004554226475142354,13490
71,0,Black,-0.1315313628748438,4185
71,0,Hispanic,0.08346029755326934,4672
71,1,White,0.07040897879695598,8246
71,1,Black,-0.16399626469156003,4197
71,1,Other,-0.048830365913184744,17771
71,1,Hispanic,0.0853380471996013,4926
71,1,Asian,0.0029272672719489303,13662
71,2,Asian,0.001302152944561426,13609
71,2,Other,-0.04339089083194696,17986
71,2,Black,-0.165098675808755,4396
71,2,White,0.0819418673115551,8535
71,2,Hispanic,0.0888420573295259,4843
71,3,Asian,0.005053761581604727,13865
71,3,Other,-0.04840466392111681,17968
71,3,Hispanic,0.0876468596187658,4955
71,3,Black,-0.14476277113795294,4215
71,3,White,0.07415773933995666,8503
71,4,Other,-0.04717630972809707,17660
71,4,White,0.08171178315974863,8135
71,4,Black,-0.1510588732991956,4174
71,4,Asian,-0.004983343246265665,13554
71,4,Hispanic,0.08072750433841679,4763
71,5,Other,-0.04929938868248533,18085
71,5,Black,-0.15021920098647062,4296
71,5,Hispanic,0.07658822916523805,4819
71,5,Asian,0.007249006610653096,13700
71,5,White,0.07551510477217026,8479
71,6,White,0.0756462397124719,8178
71,6,Asian,0.0040801494177780595,13546
71,6,Other,-0.05105038785476688,17774
71,6,Hispanic,0.07593600864203183,4759
71,6,Black,-0.14723471791372555,4192
71,7,Other,-0.043687209660368445,18095
71,7,Asian,0.003018726516607058,13721
71,7,White,0.0738896096440579,8494
71,7,Hispanic,0.0805803157232875,4731
71,7,Black,-0.13644749091886854,4305
71,8,Asian,0.009801416519122403,13763
71,8,Other,-0.05237231372414845,18156
71,8,White,0.0783275678687318,8600
71,8,Black,-0.13429476590704217,4285
71,8,Hispanic,0.08339389869720154,4786
71,9,Asian,0.004707340097276153,13908
71,9,Hispanic,0.08128657545261023,4898
71,9,White,0.07396918530235505,8506
71,9,Other,-0.04576294304692422,18110
71,9,Black,-0.137540421253342,4206
72,0,Other,-0.04784112921406578,16592
72,0,Asian,-0.001470555533681046,12737
72,0,White,0.0764310722612951,7869
72,0,Black,-0.11881003656655618,3928
72,0,Hispanic,0.07762466327732294,4427
72,1,Black,-0.13160437569612088,3864
72,1,Other,-0.04312746075773281,16436
72,1,White,0.07349460630992455,7685
72,1,Asian,0.0035286536281832503,12353
72,1,Hispanic,0.07149080077063162,4420
72,2,Other,-0.04360565841788449,16905
72,2,Black,-0.1442707959267812,3944
72,2,Asian,0.0017074135821501283,12866
72,2,White,0.07013766134763581,7756
72,2,Hispanic,0.07706961983519328,4506
72,3,Asian,-0.0023124564602476855,12675
72,3,Other,-0.04042901113025326,16612
72,3,White,0.06847641785187725,7815
72,3,Black,-0.15114975143717715,3943
72,3,Hispanic,0.07310827839152935,4362
72,4,White,0.07224721315383098,7884
72,4,Asian,0.001745387801687395,12716
72,4,Other,-0.04563464274732406,16335
72,4,Hispanic,0.07194806869947247,4335
72,4,Black,-0.1304216178693556,4049
72,5,White,0.07577327335054683,7986
72,5,Other,-0.04775350988554563,17004
72,5,Hispanic,0.0795358167763687,4438
72,5,Asian,0.001348728789583751,12632
72,5,Black,-0.13857664578773055,4069
72,6,Asian,-0.007824936021385443,12879
72,6,White,0.06975770249926026,7917
72,6,Hispanic,0.08031183746864716,4599
72,6,Other,-0.03913831413716898,16935
72,6,Black,-0.13936119397291546,3997
72,7,Other,-0.04574488483430791,16257
72,7,White,0.07293231348950668,7787
72,7,Black,-0.14679385951454083,4056
72,7,Hispanic,0.07705107433340747,4339
72,7,Asian,0.0017473323048919972,12673
72,8,White,0.0709457270546228,7759
72,8,Other,-0.04181916948034509,16717
72,8,Asian,0.004480016658039214,12771
72,8,Black,-0.13323602480809013,3994
72,8,Hispanic,0.07247338976887223,4467
72,9,Black,-0.13814667299601846,4210
72,9,Other,-0.04464688646325886,17078
72,9,White,0.06831095666953853,8036
72,9,Asian,0.007678758042673043,13075
72,9,Hispanic,0.06856065194987662,4605
73,0,Other,-0.043990153029156376,10979
73,0,White,0.06365908250523215,5226
73,0,Asian,-0.0027666325635168107,8339
73,0,Black,-0.1260702797326499,2845
73,0,Hispanic,0.07963061322300982,3007
73,1,Other,-0.0371378785370146,11012
73,1,Hispanic,0.07259707083937618,2971
73,1,White,0.06798594705636236,5237
73,1,Asian,-0.0049008843518804435,8171
73,1,Black,-0.13364672184718074,2769
73,2,Other,-0.03097029508914383,10820
73,2,Asian,-0.0028735588884059434,8062
73,2,White,0.06352965930461514,5016
73,2,Black,-0.15814845113075376,2683
73,2,Hispanic,0.08318215652734283,2828
73,3,White,0.0648443202175204,5299
73,3,Asian,-0.008748341435806595,8322
73,3,Other,-0.03878805600475502,11044
73,3,Black,-0.12649836795775324,2850
73,3,Hispanic,0.07740792028022885,3009
73,4,White,0.07083989605820788,5366
73,4,Other,-0.04103079784540333,11597
73,4,Asian,-0.004575043642861621,8378
73,4,Hispanic,0.0799314734215124,2993
73,4,Black,-0.1164905964706715,2918
73,5,Other,-0.04379415689045365,11170
73,5,Black,-0.13320162914097447,2792
73,5,White,0.06985427007492395,5150
73,5,Asian,0.0035859402280375356,8118
73,5,Hispanic,0.07371460967251461,2930
73,6,Other,-0.03608522781689379,11109
73,6,Asian,-0.008783344322071573,8058
73,6,Hispanic,0.07692199944344592,2780
73,6,White,0.06775105557184573,5171
73,6,Black,-0.12950726373060925,2669
73,7,White,0.0760193103299347,5017
73,7,Other,-0.0454519011373116,11164
73,7,Asian,-0.006029329432974539,7991
73,7,Black,-0.12967849747114646,2647
73,7,Hispanic,0.08420473310360156,2919
73,8,Asian,-0.0019609458174876127,8631
73,8,Black,-0.14591763995790538,2775
73,8,Other,-0.042512274550597764,11447
73,8,White,0.06753160803568684,5361
73,8,Hispanic,0.08282071572430495,3042
73,9,White,0.0688626569338942,5309
73,9,Asian,-0.006478669761932954,8477
73,9,Other,-0.037692570143149744,11343
73,9,Black,-0.11793388629240631,2831
73,9,Hispanic,0.0693091684484049,3003
74,0,Other,-0.02225555086021029,5613
74,0,Hispanic,0.07745246362955505,1416
74,0,Asian,-0.01913913504967973,3881
74,0,White,0.053519472436807845,2615
74,0,Black,-0.11228822045474005,1471
74,1,Asian,-0.020703788683585828,3759
74,1,Other,-0.025776770913279342,5427
74,1,White,0.05246943369701972,2411
74,1,Black,-0.1171439669021581,1555
74,1,Hispanic,0.09125710486693804,1340
74,2,Black,-0.08471144924403626,1480
74,2,White,0.06457572955679464,2540
74,2,Asian,-0.03404127326499775,3751
74,2,Other,-0.02999844121156831,5401
74,2,Hispanic,0.08049434441733945,1383
74,3,White,0.06565257287007104,2523
74,3,Asian,-0.02231161019995617,3982
74,3,Other,-0.03332994439010454,5499
74,3,Black,-0.08650951705517515,1586
74,3,Hispanic,0.08465086415319953,1394
74,4,Other,-0.029718570824830204,5827
74,4,Hispanic,0.08735175472978898,1342
74,4,Asian,-0.021959491797026127,4061
74,4,White,0.06406069752810738,2651
74,4,Black,-0.1128990108023996,1625
74,5,Hispanic,0.08090397136008197,1417
74,5,Asian,-0.027322585844611464,4055
74,5,White,0.06315120901009688,2634
74,5,Other,-0.028829341008860265,5738
74,5,Black,-0.09138652909430643,1529
74,6,Asian,-0.03474676091829423,3995
74,6,Other,-0.0239919699575003,5640
74,6,White,0.0676050914093492,2768
74,6,Black,-0.10961227380228974,1518
74,6,Hispanic,0.0877178542630825,1441
74,7,Other,-0.03246042400132245,5262
74,7,White,0.07029002681822863,2446
74,7,Black,-0.06380493457131504,1442
74,7,Hispanic,0.07248347001828505,1352
74,7,Asian,-0.029534010651392478,3618
74,8,Other,-0.03430981483635849,5483
74,8,Black,-0.10898403590128412,1523
74,8,Hispanic,0.09005146154171617,1336
74,8,Asian,-0.03271500579606061,3850
74,8,White,0.07164930567238288,2507
74,9,White,0.06977160813364891,2612
74,9,Other,-0.02890183888153163,5634
74,9,Asian,-0.017202809732616633,3864
74,9,Black,-0.1524218718679886,1527
74,9,Hispanic,0.08916116414605144,1291
75,0,Asian,-0.0382758897106755,858
75,0,Hispanic,0.11281774321091306,311
75,0,Other,-0.02471639688558076,1215
75,0,White,0.059901079657201255,573
75,0,Black,-0.14426304339508414,337
75,1,White,0.050272014510153555,543
75,1,Other,-0.0130847900808946,1299
75,1,Black,-0.022723041881558187,359
75,1,Hispanic,0.0868794127393295,289
75,1,Asian,-0.06171629390798576,949
75,2,Other,-0.008846167692907686,1291
75,2,Black,-0.12354396963606398,360
75,2,Hispanic,0.08515636169210393,312
75,2,White,0.04154244604114974,641
75,2,Asian,-0.03390979665424565,915
75,3,Asian,-0.06863554676869019,910
75,3,Black,-0.055605504182728666,357
75,3,Hispanic,0.11201843756976215,314
75,3,White,0.049032059786121046,613
75,3,Other,0.009350786303977331,1250
75,4,White,0.051343284871400656,646
75,4,Hispanic,0.10002725083640163,332
75,4,Other,-0.035234624527078214,1251
75,4,Black,-0.04813592794207845,393
75,4,Asian,-0.021092708939933605,974
75,5,Other,-0.03873179661153972,1348
75,5,Black,-0.11089790528556541,383
75,5,White,0.03680668722844975,665
75,5,Asian,-0.02636664808107484,910
75,5,Hispanic,0.08044199700704893,365
75,6,Hispanic,0.08637743026315117,383
75,6,Asian,-0.012819638571130037,944
75,6,Other,-0.031236603069079032,1376
75,6,White,0.04029431604966325,642
75,6,Black,-0.12269904148461844,399
75,7,Other,-0.03376432986940316,1354
75,7,White,0.05041559375707501,644
75,7,Asian,-0.01913954829452219,892
75,7,Black,-0.08336702032174696,336
75,7,Hispanic,0.0779731087501917,293
75,8,Asian,-0.010793649378279858,855
75,8,Hispanic,0.10224344249413704,315
75,8,Other,-0.0341338815895453,1268
75,8,White,0.06349379541381485,625
75,8,Black,-0.15894108017127798,308
75,9,Asian,-0.0018192124798943616,849
75,9,Black,-0.11512810685495822,341
75,9,White,0.05306595155238742,554
75,9,Other,-0.02501891532712387,1191
75,9,Hispanic,0.0978351677310472,284
76,0,Asian,0.0225563909774436,18
76,0,Other,0.033947080245498765,30
76,0,Hispanic,0.0311640696608616,11
76,0,White,0.025959894295041194,13
76,0,Black,-0.9999999999999999,4
76,1,White,0.019462465245597773,12
76,1,Black,-0.24242424242424235,5
76,1,Other,0.013412816691505213,35
76,1,Asian,0.01351351351351351,19
76,1,Hispanic,0.015228426395939083,5
76,2,White,0.015228426395939076,19
76,2,Other,0.01229211858279103,29
76,2,Asian,0.014084507042253513,19
76,2,Hispanic,0.018329938900203662,6
76,2,Black,-0.48717948717948706,3
76,3,Other,0.015228426395939085,25
76,3,White,0.011714589989350368,20
76,3,Asian,0.01645692158760891,22
76,3,Black,-0.32885906040268453,4
76,3,Hispanic,0.015228426395939082,5
76,4,Hispanic,0.030927835051546386,4
76,4,Asian,0.03373419248130663,26
76,4,Other,0.029053915388900287,28
76,4,White,0.021343459473615295,14
76,4,Black,-0.9999999999999999,4
76,5,Asian,0.016419077404222045,14
76,5,Other,0.014125316914161532,29
76,5,Black,-0.15540540540540537,7
76,5,White,0.013171225937183385,21
76,5,Hispanic,0.015228426395939082,5
76,6,Black,-0.3062438057482655,8
76,6,White,0.0228741639970775,15
76,6,Asian,0.018546025548529476,17
76,6,Hispanic,0.038062283737024215,4
76,6,Other,0.03455180545976371,32
76,7,Other,0.013202333435677002,34
76,7,Asian,0.012292118582791034,15
76,7,Black,-0.48979591836734687,3
76,7,White,0.014713343480466767,21
76,7,Hispanic,0.03626943005181347,3
76,9,White,0.01781170483460559,13
76,9,Asian,0.012461059190031152,27
76,9,Hispanic,0.015228426395939082,7
76,9,Black,-0.15110356536502542,7
76,9,Other,0.013024602026049202,22
