sample_size,iteration,level,apunim,support
6,0,Multiracial,0.0,7
6,0,Asian,0.0,32
6,0,Hispanic,-0.060073559460563905,23
6,0,Black,-0.015544041450777216,16
6,0,White,0.07619457597933707,22
6,1,Black,0.0,17
6,1,Hispanic,0.08944954128440355,16
6,1,Asian,-0.08883826879271069,16
6,1,White,0.0,30
6,1,Multiracial,0.0,3
6,2,Asian,-0.007633587786259514,39
6,2,Black,0.0,20
6,2,White,-0.01639344262295076,18
6,2,Hispanic,0.0,10
6,2,Multiracial,0.0,3
6,3,Hispanic,-0.14772727272727273,9
6,3,Black,0.08695652173913031,15
6,3,Asian,0.0,44
6,3,White,0.0050251256281407634,21
6,4,Asian,0.0,19
6,4,Black,0.0,10
6,4,White,0.0,30
6,4,Hispanic,0.0,7
6,5,Black,0.09664153529814937,13
6,5,White,-0.05144107989784766,30
6,5,Asian,0.0,30
6,5,Hispanic,0.0,9
6,6,Asian,0.0,37
6,6,White,0.0,33
6,6,Multiracial,0.0,6
6,6,Black,0.0,15
6,6,Hispanic,0.0,3
6,7,White,-0.07809110629067235,25
6,7,Asian,0.0,20
6,7,Hispanic,0.1363636363636363,9
6,7,Multiracial,-0.16201117318435757,9
6,7,Black,0.20481927710843367,6
6,8,Asian,0.0,26
6,8,White,-0.04545454545454539,32
6,8,Black,0.09090909090909088,15
6,8,Hispanic,0.0,4
6,9,White,-0.050557797294089504,44
6,9,Black,0.0,14
6,9,Hispanic,0.11607142857142856,12
6,9,Asian,0.0,24
6,9,Multiracial,-0.05362776025236591,9
7,0,White,-0.046970728386657626,32
7,0,Black,-0.008012209080503454,29
7,0,Hispanic,0.21457489878542504,6
7,0,Asian,0.0,36
7,1,White,0.0595130748422001,41
7,1,Hispanic,0.0,11
7,1,Black,0.0,14
7,1,Asian,-0.020293911826452012,43
7,1,Multiracial,-0.2464204973624717,10
7,2,White,0.028600100351229132,53
7,2,Asian,-0.07123707391803917,55
7,2,Hispanic,0.0,13
7,2,Black,0.08200455580865623,20
7,2,Multiracial,0.0,12
7,3,Black,0.15746971736204582,31
7,3,White,-0.03937220944391836,73
7,3,Asian,-0.024024024024023996,59
7,3,Hispanic,0.0,19
7,3,Multiracial,-0.3333333333333333,3
7,4,Hispanic,-0.0763332171488323,27
7,4,White,-0.01085645355850418,49
7,4,Asian,-0.03206291591046581,48
7,4,Black,0.19521912350597603,12
7,5,Asian,0.021953065859197474,42
7,5,Black,0.040031397174254246,25
7,5,Hispanic,0.12269446672012808,22
7,5,White,-0.034299034299034296,63
7,5,Multiracial,0.06194690265486721,15
7,6,Hispanic,0.09851169383416007,23
7,6,Asian,0.027749229188077984,47
7,6,White,-0.13560237709346284,53
7,6,Black,-0.006211180124223581,21
7,6,Multiracial,0.10192837465564736,9
7,7,Black,-0.04761904761904766,35
7,7,White,-0.0109555690809494,63
7,7,Asian,0.03205439533754252,37
7,7,Multiracial,0.0,3
7,7,Hispanic,-0.08675799086758006,10
7,8,Asian,-0.0090478242137011,23
7,8,White,-0.02056807051909883,33
7,8,Hispanic,-0.03288201160541589,15
7,8,Black,-0.10011248593925763,24
7,9,White,-0.05857740585774062,41
7,9,Black,0.07126222636236597,24
7,9,Multiracial,0.0,16
7,9,Asian,-0.06417112299465245,21
7,9,Hispanic,0.007887817703768544,20
8,0,White,0.02386852745532809,71
8,0,Asian,-0.027615713730066153,76
8,0,Black,0.1439114391143911,68
8,0,Hispanic,-0.06589245140116139,30
8,0,Multiracial,-0.22779922779922782,6
8,1,White,0.01245529658404248,86
8,1,Black,0.0459035444509006,24
8,1,Hispanic,0.18749999999999997,33
8,1,Asian,-0.18303963270542162,68
8,1,Multiracial,0.20192307692307684,17
8,2,Asian,0.06171201061712004,50
8,2,Hispanic,-0.05420152782830123,23
8,2,White,-0.18824045634050016,65
8,2,Multiracial,0.001581444385872572,20
8,2,Black,0.13036925395629237,39
8,3,Black,0.06666666666666671,39
8,3,Hispanic,0.06382978723404255,20
8,3,White,0.09191655801825294,66
8,3,Asian,-0.0718124084025404,44
8,3,Multiracial,-0.16666666666666655,13
8,4,Asian,-0.2090961098398169,63
8,4,Multiracial,0.1235955056179774,9
8,4,White,0.044036942845669884,68
8,4,Hispanic,0.054216867469879554,22
8,4,Black,0.043261868300153,47
8,5,White,-0.003456221198156746,75
8,5,Asian,-0.045915324985092466,96
8,5,Hispanic,-0.003984063745020012,12
8,5,Black,0.019883441892355167,54
8,5,Multiracial,0.03569854561480823,21
8,6,White,0.002271816116530757,73
8,6,Hispanic,0.13514770876948126,35
8,6,Asian,-0.0897807199007034,59
8,6,Black,-0.028885344674818337,58
8,6,Multiracial,0.14665057332528658,14
8,7,White,0.07373868046571794,81
8,7,Asian,-0.05986185725249417,51
8,7,Black,-0.026059489339299836,37
8,7,Hispanic,0.00013515339910797266,34
8,7,Multiracial,0.36054421768707473,3
8,8,Hispanic,0.0188087774294671,31
8,8,Asian,-0.02097902097902107,58
8,8,White,-0.06173159052672466,71
8,8,Black,0.1560693641618498,31
8,8,Multiracial,-0.07718120805369126,11
8,9,White,-0.003124535039428609,60
8,9,Black,0.15958481998053833,59
8,9,Hispanic,-0.05956112852664582,15
8,9,Asian,-0.04601999542089594,63
8,9,Multiracial,-0.1803278688524589,3
9,0,Asian,-0.024357421612165385,77
9,0,Black,0.040582726326742924,81
9,0,White,0.03232300637512588,79
9,0,Multiracial,0.0216346153846154,25
9,0,Hispanic,-0.01315789473684219,38
9,1,White,-0.043076614117883424,81
9,1,Black,0.12543829883497332,72
9,1,Asian,0.01350823768251732,122
9,1,Hispanic,0.00935134332789079,56
9,1,Multiracial,-0.16963226571767495,18
9,2,White,-0.05899859943977597,98
9,2,Asian,0.037901476815036625,93
9,2,Black,0.09926963779997013,72
9,2,Multiracial,0.06571936056838364,12
9,2,Hispanic,0.12900240607070146,41
9,3,Hispanic,0.03092783505154653,39
9,3,White,-0.00864882506527415,102
9,3,Asian,-0.03691052282000207,100
9,3,Black,0.04888888888888888,62
9,3,Multiracial,0.19627824545857325,19
9,4,Multiracial,0.025290498974709447,39
9,4,Asian,-0.07314349525404805,96
9,4,Black,0.0970233416492943,125
9,4,White,-0.11450524737631179,93
9,4,Hispanic,0.15711696640178435,54
9,5,White,-0.09564492602625549,91
9,5,Asian,0.027685741562306902,93
9,5,Multiracial,0.04196816208393632,28
9,5,Black,0.08093126385809317,64
9,5,Hispanic,-0.09720132410472461,53
9,6,Black,0.1037527593818985,75
9,6,White,0.0007284996740922908,136
9,6,Hispanic,0.0923185341789992,49
9,6,Asian,-0.13589945011783194,57
9,6,Multiracial,-0.0675990675990676,18
9,7,White,-0.034297592239736704,106
9,7,Black,0.14001530221882172,79
9,7,Multiracial,0.047904191616766505,15
9,7,Asian,-0.058567936996469526,96
9,7,Hispanic,-0.026816608996539922,38
9,8,Asian,-0.11517867314776135,115
9,8,White,-0.03428365211115117,132
9,8,Black,0.1906391131791434,74
9,8,Hispanic,0.216680598123897,46
9,8,Multiracial,0.10788710102875228,32
9,9,White,-0.029813036887316804,86
9,9,Multiracial,0.06571936056838364,12
9,9,Black,0.16196781189361936,72
9,9,Hispanic,-0.17427627744317067,40
9,9,Asian,-0.07278627723690305,56
10,0,White,-0.017041996348143736,140
10,0,Hispanic,0.04082548227904876,46
10,0,Asian,-0.015690018978911077,150
10,0,Multiracial,-0.07120743034055729,6
10,0,Black,0.2015406514276145,97
10,1,White,-0.04456539311311094,161
10,1,Black,0.08901332303533495,108
10,1,Multiracial,0.12988270741418256,36
10,1,Asian,-0.09858494253772193,105
10,1,Hispanic,0.013133208255159444,69
10,2,White,-0.031139608427996915,159
10,2,Asian,-0.029464859407031214,135
10,2,Black,-0.1072606535027926,115
10,2,Multiracial,0.10220440881763514,21
10,2,Hispanic,0.08886547242711618,67
10,3,Hispanic,0.024785510009532833,70
10,3,White,-0.061693642974431175,126
10,3,Black,0.022136204185315114,68
10,3,Asian,-0.013187342905347269,126
10,3,Multiracial,0.11256544502617799,28
10,4,Asian,-0.07011827178373177,136
10,4,Hispanic,0.1023955904176383,93
10,4,Black,0.11037234042553183,126
10,4,White,0.003971756398940868,149
10,4,Multiracial,-0.23312883435582796,40
10,5,Black,0.11672781247374456,133
10,5,Asian,-0.08849086717503095,126
10,5,Hispanic,0.09574276989401828,73
10,5,Multiracial,-0.024949813593346738,32
10,5,White,-0.047159736814909266,133
10,6,Asian,-0.08400357462019661,137
10,6,White,0.0117905828793575,172
10,6,Black,0.12511251125112505,86
10,6,Hispanic,0.08672184238934856,66
10,6,Multiracial,-0.22779922779922784,6
10,7,Multiracial,0.15377340646869683,38
10,7,Black,0.021212121212121272,111
10,7,White,-0.0025304537162360538,113
10,7,Hispanic,-0.026151657730605096,67
10,7,Asian,-0.01190777805928545,101
10,8,Multiracial,-0.24215084806928916,23
10,8,Asian,-0.11707519204411436,119
10,8,White,0.00595238095238093,146
10,8,Hispanic,-0.02081621473568885,64
10,8,Black,0.17099091416013384,127
10,9,White,-0.06309522622336124,186
10,9,Black,0.1536227072786122,99
10,9,Asian,0.02179298459770948,115
10,9,Multiracial,0.11664403199034246,54
10,9,Hispanic,-0.0006246096189880897,54
11,0,Asian,-0.13417431192660548,165
11,0,White,0.021235695191181302,203
11,0,Hispanic,0.008036580296522076,112
11,0,Black,0.06625258799171846,124
11,0,Multiracial,0.0710035700119,40
11,1,Black,0.13145532292156567,154
11,1,White,0.04624646538356284,187
11,1,Hispanic,-0.044585987261146445,76
11,1,Asian,-0.06545774665400057,168
11,1,Multiracial,0.020154267230654374,57
11,2,Black,0.08250208834946693,179
11,2,Hispanic,0.054041462846494394,71
11,2,Asian,-0.12283723119668426,147
11,2,White,0.015348184912205666,208
11,2,Multiracial,0.04200586128296969,28
11,3,White,-0.05250956924901613,190
11,3,Asian,0.00490530044965233,122
11,3,Black,0.023404546529134374,134
11,3,Hispanic,0.03879026955950038,80
11,3,Multiracial,-0.004975124378109432,32
11,4,Hispanic,0.03591423239517076,102
11,4,White,-0.08370346296898132,177
11,4,Asian,-0.07864429088515949,181
11,4,Black,0.12182967390931627,150
11,4,Multiracial,-0.007535379525822498,37
11,5,White,-0.004775655827974836,170
11,5,Hispanic,0.11632000574774572,99
11,5,Multiracial,0.24788168232937902,54
11,5,Asian,-0.09779862865391556,123
11,5,Black,0.06646515753852211,134
11,6,Black,0.057075424658444965,126
11,6,Asian,-0.03461929198468312,173
11,6,White,0.04779987274912386,174
11,6,Multiracial,-0.005746602207424985,44
11,6,Hispanic,-0.0014881666746674885,82
11,7,Asian,-0.06055730997636487,212
11,7,Hispanic,0.05542551412807238,77
11,7,White,0.005579165901013726,233
11,7,Black,0.1116844129649608,177
11,7,Multiracial,0.15228197017623135,33
11,8,White,0.0012851010308151081,162
11,8,Black,0.12853939438441506,151
11,8,Hispanic,-0.012900703674745958,87
11,8,Asian,-0.14442237597398347,159
11,8,Multiracial,0.17984693877551017,22
11,9,White,0.0702050925130838,198
11,9,Asian,-0.18622038187255574,143
11,9,Multiracial,0.002218651977660404,49
11,9,Hispanic,-0.007536231884057998,79
11,9,Black,0.09971782726997884,152
12,0,White,0.005050403428640458,250
12,0,Asian,-0.09560548942245764,192
12,0,Black,0.1259145575063175,195
12,0,Multiracial,-0.20104353497472685,46
12,0,Hispanic,0.16630014408129215,97
12,1,Black,0.07581318820402483,183
12,1,White,-0.0003479694462556049,256
12,1,Multiracial,0.0407285099569699,71
12,1,Hispanic,0.05695389148355952,125
12,1,Asian,-0.08786115767675766,183
12,2,Multiracial,0.047786917352134764,72
12,2,Asian,-0.10320772596221703,216
12,2,White,0.006117223992026137,234
12,2,Black,0.09453229564269072,168
12,2,Hispanic,-0.04901568679731598,92
12,3,Asian,-0.12078531796841663,251
12,3,White,0.02937974667332638,272
12,3,Black,0.09295027274257257,168
12,3,Multiracial,0.01972584419926441,41
12,3,Hispanic,0.1065877766469441,93
12,4,White,-0.032645020708073125,254
12,4,Asian,-0.07220052055599811,200
12,4,Hispanic,-0.02057744456851176,116
12,4,Black,0.12553317907571013,173
12,4,Multiracial,-0.028268551236749095,57
12,5,Hispanic,0.11034520044332707,110
12,5,Black,0.15710075968531192,181
12,5,White,-0.047634701995463366,280
12,5,Asian,-0.018439733086563655,216
12,5,Multiracial,0.10185054386212737,47
12,6,Hispanic,0.06687869743486281,130
12,6,White,-0.02726877120132537,245
12,6,Black,0.04499564585147557,205
12,6,Asian,-0.08241081489856356,231
12,6,Multiracial,-0.011989342806394332,60
12,7,White,-0.03059270093327769,198
12,7,Hispanic,0.0007636349021340958,97
12,7,Asian,-0.041334200521370386,161
12,7,Black,0.17207337138678422,178
12,7,Multiracial,0.14762459924220342,62
12,8,Asian,-0.09826856039872085,243
12,8,White,-0.04610224678261519,247
12,8,Black,0.17164994536604747,172
12,8,Hispanic,0.0045410760974267,81
12,8,Multiracial,0.2677918643540483,54
12,9,Black,0.14327854254016548,189
12,9,White,-0.02218472084288495,246
12,9,Multiracial,0.053084031807436156,65
12,9,Asian,-0.06839363166119064,234
12,9,Hispanic,0.01702147835569676,146
13,0,Hispanic,0.06549827940332091,207
13,0,Black,0.08355475867604363,245
13,0,Asian,-0.08458532376456801,273
13,0,White,-0.04602007337351967,330
13,0,Multiracial,0.052940170522561225,92
13,1,Asian,-0.0411071929516177,216
13,1,White,-0.10650579085313885,270
13,1,Black,0.0919981718997656,257
13,1,Hispanic,0.0035810004279182967,166
13,1,Multiracial,-0.0448199853049228,63
13,2,Asian,-0.06376573532488708,282
13,2,Black,0.07515215952610846,228
13,2,White,0.01053683460573675,263
13,2,Hispanic,0.09245489313631637,189
13,2,Multiracial,-0.028173161872975274,68
13,3,Multiracial,0.05486322974300637,74
13,3,White,0.029750175555992037,263
13,3,Asian,-0.07377564208997879,262
13,3,Black,0.07902933007482625,238
13,3,Hispanic,0.04823278703211895,123
13,4,Hispanic,0.0579398014393024,160
13,4,White,-0.07099429697747058,237
13,4,Asian,-0.007549926936190915,250
13,4,Black,0.0679271708683473,222
13,4,Multiracial,0.055854714391299756,69
13,5,Hispanic,0.07575920163107631,140
13,5,Black,0.16072656166455335,262
13,5,Multiracial,0.08814092862764093,90
13,5,White,-0.013224295437488695,325
13,5,Asian,-0.15337722248409763,306
13,6,Asian,-0.1343810404235649,194
13,6,White,-0.013232093784251798,267
13,6,Multiracial,0.026386089890800005,73
13,6,Black,0.14843175855516919,235
13,6,Hispanic,0.04784836584456303,186
13,7,White,0.009561853599182725,319
13,7,Asian,-0.07675873645658472,275
13,7,Multiracial,0.05644906969410277,91
13,7,Black,0.11991121424607773,200
13,7,Hispanic,0.06016722225258207,176
13,8,White,-0.05576876187804156,257
13,8,Black,0.08269631214338956,267
13,8,Asian,-0.08109760212121575,210
13,8,Hispanic,0.07314258370512156,119
13,8,Multiracial,0.03636122060321535,84
13,9,Black,0.10720103549588704,232
13,9,Asian,-0.07519477481266876,255
13,9,White,-0.017181129877693668,337
13,9,Hispanic,0.007911685598935389,149
13,9,Multiracial,0.009702611027845765,95
14,0,Hispanic,0.06758945663377998,148
14,0,Black,0.07198165764968519,227
14,0,Asian,0.013686339632145128,214
14,0,Multiracial,-0.0028770740550978845,97
14,0,White,-0.024915599479903877,279
14,1,Asian,-0.07920532254827807,318
14,1,Black,0.15025911947155215,295
14,1,White,-0.0006156098204212648,373
14,1,Hispanic,0.05256624443329518,155
14,1,Multiracial,0.09386026817219478,112
14,2,Multiracial,-0.0028442362389158437,111
14,2,White,-0.10307694549174952,330
14,2,Black,0.10505121676038938,264
14,2,Asian,-0.06054443210860542,310
14,2,Hispanic,0.060395849975008235,180
14,3,Black,0.14775860308383534,303
14,3,White,-0.04208932324566041,308
14,3,Asian,-0.19926745086990202,308
14,3,Hispanic,0.08448955707105776,145
14,3,Multiracial,0.030333841721742062,105
14,4,White,0.05664057964283222,296
14,4,Asian,-0.1607346521414245,260
14,4,Hispanic,0.06648704779545901,142
14,4,Black,0.09222923784227051,305
14,4,Multiracial,0.10330030700530275,94
14,5,Hispanic,-0.009065418016497436,152
14,5,White,0.023225583881325475,333
14,5,Asian,-0.08212408816377749,317
14,5,Black,0.09239212063739388,290
14,5,Multiracial,-0.028878098645540473,120
14,6,Asian,0.001204048205317349,276
14,6,Black,0.11939854868561321,305
14,6,Hispanic,0.06910708176530961,142
14,6,Multiracial,-0.06158937126487876,89
14,6,White,-0.05852199640083351,334
14,7,Hispanic,0.10977032096496493,166
14,7,Asian,-0.10803449028752642,233
14,7,White,-0.0028675732658562346,287
14,7,Black,0.06895177899776489,260
14,7,Multiracial,0.06148857247284069,95
14,8,Hispanic,0.0754804692244228,182
14,8,Asian,-0.13947494867426724,292
14,8,Black,0.09077441177453427,260
14,8,White,-0.014714030659360916,362
14,8,Multiracial,0.10734856158067388,102
14,9,Asian,-0.05704127376719737,267
14,9,White,-0.008265399406160468,351
14,9,Black,0.048296392082382004,251
14,9,Hispanic,0.025287224154617163,153
14,9,Multiracial,0.05181145305804437,96
15,0,Black,0.07976151696704292,356
15,0,White,-0.005044772650319221,381
15,0,Asian,-0.0752671465347967,309
15,0,Hispanic,0.1476226498643886,159
15,0,Multiracial,-0.10284667680750006,119
15,1,Asian,-0.018027390316429755,304
15,1,Black,0.13777552370950927,279
15,1,White,-0.04360053919607896,324
15,1,Multiracial,-0.016770433862295618,117
15,1,Hispanic,-0.026620904330016137,156
15,2,Asian,-0.07937393876723102,339
15,2,White,-0.03065893139053451,384
15,2,Black,0.0915437656106717,353
15,2,Hispanic,0.0921386169736879,192
15,2,Multiracial,0.08635341529655695,129
15,3,White,0.003583739876985112,442
15,3,Multiracial,-0.05565423327412669,120
15,3,Asian,-0.09387519763542346,383
15,3,Black,0.059812845442439956,336
15,3,Hispanic,0.1135200507352182,274
15,4,Black,0.04711676236525472,342
15,4,White,-0.015492352595475217,382
15,4,Asian,-0.09694903960738592,276
15,4,Hispanic,0.03173501187941623,209
15,4,Multiracial,0.09655802619555283,113
15,5,White,0.024450622342643284,400
15,5,Multiracial,-0.03123192596876806,109
15,5,Asian,-0.14908927468855554,334
15,5,Black,0.1144837463327046,317
15,5,Hispanic,0.03020935131073309,203
15,6,Asian,-0.1305252301507773,336
15,6,White,0.041972917962345216,378
15,6,Hispanic,-0.030724411665962726,221
15,6,Black,0.12404456391609754,357
15,6,Multiracial,-0.0036127510455288415,109
15,7,Black,0.08042455347740918,314
15,7,Multiracial,0.042233590943724836,134
15,7,Hispanic,0.04939169211380932,204
15,7,Asian,-0.05541052321947267,362
15,7,White,-0.07431298780097492,364
15,8,Hispanic,0.08879167701706445,195
15,8,Black,0.08333863208981482,286
15,8,White,-0.040191234263442364,359
15,8,Asian,-0.03804934405545508,280
15,8,Multiracial,0.0423265612799623,106
15,9,Hispanic,0.05344612300170589,244
15,9,Asian,-0.023403251939268503,321
15,9,White,-0.013048160962266188,377
15,9,Black,0.06618801503848738,296
15,9,Multiracial,-0.01618793263203791,133
16,0,Hispanic,0.014490332220283555,250
16,0,Multiracial,0.11332625637573468,142
16,0,Black,0.06401418222517595,393
16,0,Asian,-0.08845395053411605,365
16,0,White,0.016511380391219476,457
16,1,Black,0.05729637558615068,371
16,1,Multiracial,0.085470984020185,159
16,1,White,-0.04136319584893152,456
16,1,Asian,-0.07050857738935677,396
16,1,Hispanic,0.05476995156232844,250
16,2,Hispanic,0.044142614601018655,299
16,2,Black,0.08878838497424224,386
16,2,White,-0.009494330880016336,466
16,2,Multiracial,0.03775403130822111,178
16,2,Asian,-0.08152219380059161,360
16,3,Asian,-0.10018091720711035,425
16,3,Black,0.10811990147393073,353
16,3,Multiracial,-0.01198267412817354,90
16,3,White,-0.020687169879314682,422
16,3,Hispanic,0.0633739026899973,232
16,4,Multiracial,0.06498125169121347,186
16,4,Asian,-0.10138662230987809,396
16,4,White,-0.0298524590076436,489
16,4,Black,0.13587806221651344,443
16,4,Hispanic,0.01512951544065416,254
16,5,Black,0.14164052549847764,350
16,5,White,-0.042300800875386846,387
16,5,Hispanic,0.04902710629907442,243
16,5,Asian,-0.11072575718761689,312
16,5,Multiracial,-0.03187542588900379,155
16,6,White,0.005628353279289242,410
16,6,Black,0.11354697844454516,373
16,6,Asian,-0.10829470670278728,383
16,6,Multiracial,-0.041586339851280595,129
16,6,Hispanic,0.11214832936329103,241
16,7,Black,0.08366436472529483,362
16,7,White,-0.04453240632325157,408
16,7,Asian,-0.06445966449120515,432
16,7,Hispanic,0.012073179764461869,280
16,7,Multiracial,0.12515934337521784,111
16,8,Black,0.04996898880519965,352
16,8,Hispanic,-0.009449955506309352,308
16,8,White,-0.01915081175537037,473
16,8,Asian,-0.025538360720982135,351
16,8,Multiracial,0.09931951103968266,162
16,9,Asian,-0.05481036288303052,350
16,9,Black,0.08212151731625222,407
16,9,Multiracial,0.042710228782891324,158
16,9,White,0.007355128424469536,431
16,9,Hispanic,0.02757658449928976,225
17,0,Asian,-0.09866356955602414,376
17,0,Black,0.09553190508729985,416
17,0,White,0.018277556764881988,517
17,0,Hispanic,0.05495154551221749,315
17,0,Multiracial,0.0919891674674587,173
17,1,Multiracial,-0.015542875994391765,202
17,1,White,-0.022808103137694227,556
17,1,Black,0.06711310032229774,482
17,1,Hispanic,0.013674067874314121,292
17,1,Asian,-0.02808745039068365,406
17,2,White,-0.005572676151373087,538
17,2,Asian,-0.06915156366850025,418
17,2,Black,0.04720031813680549,464
17,2,Hispanic,0.01471747700394213,307
17,2,Multiracial,0.1376953125,154
17,3,Black,0.07537626456859528,450
17,3,White,-0.04148247490608084,513
17,3,Multiracial,0.04869576760547802,164
17,3,Asian,-0.12535863477211404,450
17,3,Hispanic,0.049630680154080585,306
17,4,White,0.02054122027180105,575
17,4,Asian,-0.05463853854234932,396
17,4,Hispanic,-0.0067924614859692,293
17,4,Multiracial,0.023118340688072964,137
17,4,Black,0.07597716293368463,498
17,5,Multiracial,0.06438841156781457,173
17,5,Hispanic,0.04494320664045433,294
17,5,Asian,-0.07738761986600953,412
17,5,White,-0.02214369920710354,437
17,5,Black,0.08916054431602598,446
17,6,Black,0.12008611524180976,410
17,6,Asian,-0.12386696051449822,413
17,6,Multiracial,0.04493414347005054,200
17,6,White,-0.017153588926676705,538
17,6,Hispanic,-0.02920771709844987,321
17,7,Asian,-0.05953402060891908,471
17,7,Black,0.08307717333743538,471
17,7,White,-0.002584035805535469,434
17,7,Hispanic,0.034998057323889026,255
17,7,Multiracial,0.04513130896723603,165
17,8,Asian,-0.13351147831000007,390
17,8,Black,0.040325096456080095,401
17,8,White,-0.0388248435215522,550
17,8,Hispanic,0.07428948035729616,299
17,8,Multiracial,0.14134927195269278,158
17,9,Hispanic,0.10279216210169292,243
17,9,Black,0.08702972040393303,438
17,9,White,-0.01650136745552297,494
17,9,Asian,-0.11020656146643612,460
17,9,Multiracial,0.07337355659503308,176
18,0,Asian,-0.042134721813499275,494
18,0,Hispanic,0.07055754879631106,374
18,0,White,-0.03289813591877184,584
18,0,Black,0.0995606139406873,540
18,0,Multiracial,0.015575069383038124,166
18,1,Black,0.06755612794137136,488
18,1,White,0.009664326009664378,558
18,1,Asian,-0.09987759684938412,465
18,1,Hispanic,0.022676865485940577,291
18,1,Multiracial,0.042753507555206384,235
18,2,Asian,-0.08845094191271881,418
18,2,Multiracial,0.06664200442378977,197
18,2,Black,0.057291450281983486,474
18,2,Hispanic,0.026151994720428576,331
18,2,White,-0.006300725818315829,579
18,3,Black,0.08558945012957374,539
18,3,White,0.03007573638807863,607
18,3,Hispanic,0.026510205557233147,382
18,3,Asian,-0.11920170145977516,545
18,3,Multiracial,0.09739272192209573,205
18,4,White,-0.0004443466981450197,567
18,4,Multiracial,0.04883399575480433,208
18,4,Asian,-0.09124973235315113,505
18,4,Black,0.10015867906552427,467
18,4,Hispanic,-0.0026097911867953515,363
18,5,Asian,-0.06941588372447768,512
18,5,Multiracial,0.012674881162169976,222
18,5,Black,0.06364078114366786,472
18,5,White,-0.011454407193310433,523
18,5,Hispanic,0.04161180973815572,291
18,6,White,0.017007739376221388,611
18,6,Black,0.05863126801457735,534
18,6,Asian,-0.040012585953243245,508
18,6,Multiracial,0.047275771167276825,246
18,6,Hispanic,0.016774789075035802,351
18,7,Hispanic,0.08060947358920424,318
18,7,White,-0.025192250266182364,566
18,7,Asian,-0.07061072451464756,470
18,7,Multiracial,0.04406200671307716,213
18,7,Black,0.0643237294999816,453
18,8,Black,0.09750040762385333,510
18,8,White,-0.022127772194919355,536
18,8,Asian,-0.07978136171364779,447
18,8,Hispanic,0.020495376147416294,344
18,8,Multiracial,0.07357926534652688,194
18,9,Multiracial,0.012304126717005077,204
18,9,Hispanic,0.045235398957392606,356
18,9,White,0.022181171889926243,564
18,9,Asian,-0.127965650565402,502
18,9,Black,0.0764687362839353,486
19,0,Asian,-0.1461375330571826,551
19,0,Black,0.09958414347918529,574
19,0,Hispanic,0.015601786964128134,431
19,0,White,-0.018469142445812804,567
19,0,Multiracial,0.029423875575006798,189
19,1,Black,0.10036447264915667,619
19,1,Hispanic,0.05696044167144231,406
19,1,White,-0.011740865465989953,681
19,1,Asian,-0.10236840753555965,552
19,1,Multiracial,0.0696479401281445,218
19,2,Hispanic,-0.013724760566331524,338
19,2,White,-0.02310686162678955,591
19,2,Asian,-0.049805011943701336,512
19,2,Black,0.07343386327268422,546
19,2,Multiracial,0.04760573534712977,214
19,3,Hispanic,0.042074471594783,406
19,3,White,-0.01532257675517931,638
19,3,Asian,-0.08236176590983975,614
19,3,Multiracial,0.04676639275189859,203
19,3,Black,0.05444762910954086,562
19,4,Hispanic,0.01601465666634472,407
19,4,Multiracial,-0.0017994957036356217,257
19,4,Black,0.05397274196146015,652
19,4,White,0.004761156067551401,669
19,4,Asian,-0.048278552575945176,608
19,5,Hispanic,0.018589906738153632,394
19,5,Black,0.10278476628958998,539
19,5,Asian,-0.11076218178742028,517
19,5,White,-0.0004205671748064525,583
19,5,Multiracial,0.06161939892362583,231
19,6,Asian,-0.10211100722555178,509
19,6,White,-0.017932249729914872,520
19,6,Black,0.10472922942152223,541
19,6,Multiracial,0.03341009798172406,200
19,6,Hispanic,0.0363407446851717,353
19,7,Asian,-0.03441111034881551,482
19,7,Black,0.05490526420364286,547
19,7,White,-0.04021986493456344,608
19,7,Hispanic,0.005724638712217188,343
19,7,Multiracial,-0.026210476980206992,198
19,8,Asian,-0.08918164747776255,563
19,8,White,-0.0058493100096402165,681
19,8,Hispanic,0.05670687371321419,381
19,8,Black,0.09471992073016966,582
19,8,Multiracial,0.008864879162062411,233
19,9,Hispanic,0.013943837398304135,402
19,9,Black,0.10225065431530608,637
19,9,White,-0.010938061659332204,612
19,9,Asian,-0.05764970967360675,518
19,9,Multiracial,0.0373900005495066,191
20,0,Asian,-0.05546556445334281,564
20,0,White,-0.03525330253554713,640
20,0,Hispanic,0.06408579008216687,384
20,0,Black,0.07158957680054859,637
20,0,Multiracial,0.037968845764079745,250
20,1,White,-0.046220540355974456,700
20,1,Black,0.0697577616313345,657
20,1,Hispanic,0.055281636111559944,461
20,1,Asian,-0.05411941868454954,591
20,1,Multiracial,0.03203470791883957,292
20,2,Black,0.0718884489420564,618
20,2,White,-0.05571507329714215,673
20,2,Hispanic,0.057644718420388784,435
20,2,Multiracial,0.03088731887672586,259
20,2,Asian,-0.02542825747989149,549
20,3,Black,0.09100074013032389,584
20,3,Asian,-0.10591826766123506,572
20,3,White,0.019114419425638362,651
20,3,Hispanic,0.043214371873118725,424
20,3,Multiracial,0.02446400927636009,270
20,4,Asian,-0.09007445258348092,541
20,4,Black,0.09273303338451176,619
20,4,Hispanic,-0.007663290390461754,411
20,4,Multiracial,0.021915855074796795,268
20,4,White,-0.03777321527328928,628
20,5,Asian,-0.07305631496043269,512
20,5,White,-0.017593826964709524,600
20,5,Multiracial,0.05670011701712707,231
20,5,Black,0.05662575754060619,573
20,5,Hispanic,0.05082319794912017,400
20,6,Hispanic,0.06274464905944808,368
20,6,White,-0.01882314220574219,700
20,6,Black,0.1060390533201981,666
20,6,Asian,-0.1303681499776299,588
20,6,Multiracial,-0.00030435056798396563,300
20,7,Asian,-0.0870698643210865,593
20,7,Multiracial,0.06523466671403273,289
20,7,Hispanic,0.007768124567275134,422
20,7,White,-0.010718491366710239,684
20,7,Black,0.101862891611712,630
20,8,Black,0.10189530866773358,712
20,8,Hispanic,0.0067441707089973555,466
20,8,White,-0.025806746804176932,764
20,8,Asian,-0.15049354912023277,637
20,8,Multiracial,0.03323194399551344,263
20,9,Asian,-0.0771852571226707,512
20,9,White,-0.0013028157164765646,668
20,9,Hispanic,0.029456583256003425,454
20,9,Multiracial,0.07258096084911723,279
20,9,Black,0.08054750176223885,618
21,0,Hispanic,0.02933012164974926,488
21,0,Black,0.04856463122277069,721
21,0,Asian,-0.11098107654101046,619
21,0,Multiracial,0.054409034298856185,294
21,0,White,-0.001877745209975721,747
21,1,Hispanic,0.041163486187146714,524
21,1,White,0.0060679814231175315,761
21,1,Multiracial,0.014781364822034623,270
21,1,Asian,-0.052847848535773935,655
21,1,Black,0.04767442881361436,724
21,2,White,-0.023668611253673227,665
21,2,Asian,-0.12682771699712672,625
21,2,Hispanic,0.054343635988461016,480
21,2,Black,0.06396094871601127,550
21,2,Multiracial,0.06611529357231956,320
21,3,White,-0.027049027029111557,718
21,3,Hispanic,0.05557669335463525,476
21,3,Asian,-0.07769708121200082,630
21,3,Black,0.07929182620403698,616
21,3,Multiracial,0.02011723673824899,260
21,4,White,0.016767288053002472,780
21,4,Black,0.10126870558873154,699
21,4,Asian,-0.08040160662110848,685
21,4,Hispanic,0.019454439924467406,490
21,4,Multiracial,0.05843346180004534,263
21,5,Asian,-0.0754181397324245,663
21,5,Multiracial,0.046940198896090614,306
21,5,White,-0.006617034784958704,740
21,5,Black,0.04792374716550671,652
21,5,Hispanic,0.037820026291933324,490
21,6,Hispanic,0.07969625555638696,460
21,6,Asian,-0.10891825174750006,629
21,6,Black,0.08339531795303672,685
21,6,White,-0.015041832877621798,737
21,6,Multiracial,0.02693378662374806,303
21,7,Black,0.07649589399122682,686
21,7,White,-0.0264173135778873,789
21,7,Multiracial,0.038038053528733594,288
21,7,Hispanic,0.029583275543032576,482
21,7,Asian,-0.09629482468310423,644
21,8,White,-0.0007081168806007832,813
21,8,Multiracial,-0.018884331325335717,272
21,8,Black,0.03898839337027475,659
21,8,Asian,-0.07218230139138934,603
21,8,Hispanic,0.010194250759463203,525
21,9,White,0.0034039706064986656,753
21,9,Multiracial,0.030840084510039376,252
21,9,Hispanic,0.02992231398933631,506
21,9,Asian,-0.0685160159437725,665
21,9,Black,0.06823718645460529,655
22,0,Hispanic,0.04641088662942384,573
22,0,Black,0.0516674454813572,740
22,0,White,-0.01107996105618721,773
22,0,Multiracial,0.0546200088312516,422
22,0,Asian,-0.08322849299875495,776
22,1,Multiracial,0.07225931356991888,343
22,1,Asian,-0.11136663286398904,682
22,1,White,0.007374038271447306,767
22,1,Hispanic,0.05777029454944921,517
22,1,Black,0.05795722883326207,738
22,2,Hispanic,0.025791234336646245,592
22,2,Asian,-0.06192378522371617,724
22,2,Black,0.07783598094447264,773
22,2,Multiracial,0.03388013406973568,365
22,2,White,-0.03145181184923073,771
22,3,Black,0.08779928486243374,733
22,3,Hispanic,0.005368531798847711,530
22,3,White,-0.002017731721586291,836
22,3,Asian,-0.1306320306663831,628
22,3,Multiracial,0.01964329417091582,378
22,4,White,-0.00378374995318893,844
22,4,Hispanic,0.02678372608077408,516
22,4,Black,0.05326267332656423,722
22,4,Asian,-0.09609770508381761,714
22,4,Multiracial,0.05164672597920087,353
22,5,Asian,-0.07663031854770037,667
22,5,Multiracial,0.050384580166651344,289
22,5,Black,0.057883101713106046,682
22,5,Hispanic,0.010673768253227429,548
22,5,White,-0.020384224278995354,711
22,6,Multiracial,0.007424987334776366,295
22,6,Black,0.05773815519972845,718
22,6,White,-0.003002662349577957,826
22,6,Asian,-0.06314763706975692,762
22,6,Hispanic,0.045273257527871015,488
22,7,Asian,-0.06318764757883427,687
22,7,Black,0.03822227248286906,680
22,7,White,-0.014132036286857889,836
22,7,Hispanic,0.04156922549500958,532
22,7,Multiracial,0.0702827733261313,260
22,8,Asian,-0.1208211714609354,668
22,8,White,-0.016048664440456245,753
22,8,Black,0.08132476565524659,734
22,8,Hispanic,0.03225979494813355,460
22,8,Multiracial,0.013531824176618313,265
22,9,Hispanic,0.029271130708423986,581
22,9,Black,0.06858464155213512,715
22,9,White,0.014067680703194424,816
22,9,Asian,-0.1227362080747281,683
22,9,Multiracial,0.05604865220249836,363
23,0,Hispanic,0.0339839756176066,603
23,0,Asian,-0.09332232659310885,752
23,0,Multiracial,0.06442446423837656,471
23,0,Black,0.06630845908769022,852
23,0,White,-0.032725892520370094,873
23,1,White,-0.006937467146040368,932
23,1,Hispanic,0.06409420392579362,549
23,1,Black,0.07524872874661537,811
23,1,Asian,-0.10463329293602906,735
23,1,Multiracial,0.04739722926328733,386
23,2,Asian,-0.06176362306667584,718
23,2,Multiracial,0.06107444492054757,368
23,2,Black,0.06282098976937489,845
23,2,White,0.012874119289334164,851
23,2,Hispanic,0.004842444986919421,565
23,3,Hispanic,0.0159201653944402,572
23,3,Multiracial,0.00922358118019398,393
23,3,Black,0.052977222402219123,823
23,3,Asian,-0.05299341104847785,762
23,3,White,-0.02152580635206902,900
23,4,Asian,-0.08689225672477455,711
23,4,Hispanic,0.006526851529628746,581
23,4,Black,0.03969056563562143,836
23,4,White,-0.0023111977625767033,882
23,4,Multiracial,0.062158693781593576,361
23,5,Black,0.09924266878717986,753
23,5,Multiracial,-0.006704076829842329,348
23,5,Asian,-0.05161582365250793,686
23,5,Hispanic,0.012861578355803142,521
23,5,White,0.017657648566420867,804
23,6,Multiracial,0.038800015101147875,387
23,6,Hispanic,0.03275058514601124,619
23,6,White,-0.012530618456717645,901
23,6,Black,0.057153832119616686,837
23,6,Asian,-0.036300181483867766,757
23,7,Asian,-0.06510670001237108,735
23,7,Hispanic,0.022147381911755477,584
23,7,Black,0.050049607043468676,817
23,7,White,-0.003966749768814467,813
23,7,Multiracial,0.05173854360820104,312
23,8,Hispanic,0.018045901793978383,561
23,8,Black,0.08605954655759551,757
23,8,White,0.030760378081034812,865
23,8,Multiracial,0.020261566236788788,329
23,8,Asian,-0.12101226347632212,794
23,9,Multiracial,0.027012482309710026,407
23,9,Asian,-0.08194971535289208,682
23,9,Hispanic,0.004428180013298654,538
23,9,Black,0.09061810140389875,774
23,9,White,0.0059338634555665655,794
24,0,White,-0.01311080176908107,918
24,0,Asian,-0.05259578933712801,828
24,0,Hispanic,-0.003740119497292616,654
24,0,Black,0.05423976038054756,884
24,0,Multiracial,0.03388309993879799,371
24,1,Asian,-0.10943738091202804,727
24,1,Black,0.06502961885890181,862
24,1,Hispanic,0.04520905836812944,561
24,1,White,0.005113103064650056,888
24,1,Multiracial,0.01748948574103359,332
24,2,Asian,-0.06031768501217138,853
24,2,Black,0.07641692937553081,878
24,2,White,-0.002298385517672186,903
24,2,Hispanic,-0.021969059585383626,615
24,2,Multiracial,0.009883561435059583,431
24,3,Asian,-0.08659385098321609,758
24,3,White,-0.033935955563888676,989
24,3,Black,0.06578679686004,859
24,3,Multiracial,0.008796494580436855,369
24,3,Hispanic,0.06156157774013637,650
24,4,Black,0.062019454803739486,868
24,4,Asian,-0.09098891295867528,813
24,4,Multiracial,0.054345039931914765,467
24,4,Hispanic,0.002172996112709178,619
24,4,White,0.017240758153771994,889
24,5,Black,0.04942588911305802,867
24,5,Hispanic,0.04263201135430286,570
24,5,White,0.004396291995860274,903
24,5,Multiracial,0.0018245213320374622,434
24,5,Asian,-0.1090137756626602,823
24,6,Asian,-0.040667013364650256,749
24,6,Black,0.05567069312759973,795
24,6,Hispanic,-0.001787789038398621,627
24,6,Multiracial,0.029063032740306853,424
24,6,White,-0.005361537080827518,920
24,7,Hispanic,0.03843667177118749,596
24,7,Asian,-0.08954377440850889,771
24,7,Black,0.09831063390258092,873
24,7,White,0.002016890053305655,873
24,7,Multiracial,0.06379448936612435,352
24,8,Hispanic,-0.005055560703304519,668
24,8,Asian,-0.060022209137306284,750
24,8,Black,0.07989765439082727,829
24,8,White,-0.012143917291381184,922
24,8,Multiracial,0.04463575565791805,369
24,9,Asian,-0.09793160330476461,815
24,9,Hispanic,-0.015916604386072078,581
24,9,Black,0.08895710455063154,933
24,9,Multiracial,0.036801267989007874,447
24,9,White,-0.0033424157474787643,930
25,0,White,-0.030226086148150613,891
25,0,Asian,-0.07015978717105924,804
25,0,Multiracial,0.0397725487943336,413
25,0,Hispanic,0.01099277510384541,581
25,0,Black,0.06506812103723847,874
25,1,Asian,-0.11053108438592137,900
25,1,Black,0.08597859103769553,925
25,1,Hispanic,0.04952991681041662,648
25,1,Multiracial,0.05045056660088436,408
25,1,White,-0.021293872518203433,1038
25,2,Black,0.045322988045732336,874
25,2,Hispanic,0.03299770853853888,563
25,2,White,-0.0006880140563697975,958
25,2,Asian,-0.08578090134905932,803
25,2,Multiracial,0.010707193816195837,379
25,3,Hispanic,-0.00195500280521896,688
25,3,Asian,-0.08282740421630447,923
25,3,Black,0.09320452371560965,938
25,3,White,0.0030542330485838617,1113
25,3,Multiracial,0.017074859082968057,468
25,4,Black,0.058866998703327546,887
25,4,Asian,-0.09023104279693384,800
25,4,Hispanic,0.019552817207965905,620
25,4,White,-0.02165819279554383,972
25,4,Multiracial,0.031918395198443555,435
25,5,Black,0.0542928922762568,927
25,5,White,0.020564221524219946,1063
25,5,Asian,-0.10543449730573308,876
25,5,Hispanic,0.02213049802209046,714
25,5,Multiracial,0.03633921262707179,458
25,6,Hispanic,0.01669071537328611,616
25,6,Asian,-0.046696489448389424,762
25,6,Black,0.08100574257482991,982
25,6,White,-0.017214838694165433,975
25,6,Multiracial,-0.010209964594227757,423
25,7,White,-0.021180116538748198,978
25,7,Black,0.07320058176081051,972
25,7,Asian,-0.07106754871663494,833
25,7,Hispanic,0.040755538363334724,709
25,7,Multiracial,0.011158635862916705,477
25,8,Black,0.08039511300353178,866
25,8,Hispanic,0.015585365464942016,645
25,8,Multiracial,-0.019588216131022514,443
25,8,Asian,-0.08410266703252675,812
25,8,White,-0.014881822504925049,880
25,9,Asian,-0.05874501234936018,840
25,9,Black,0.060249001180841213,881
25,9,White,-0.011738344256149127,1009
25,9,Hispanic,0.0353535761219475,699
25,9,Multiracial,0.04273549896094033,491
26,0,Black,0.06715188503313683,994
26,0,Asian,-0.08437925965230475,845
26,0,White,0.005157139466883324,1008
26,0,Multiracial,0.04948153415988064,481
26,0,Hispanic,0.009320167148049043,657
26,1,White,-0.004524499562425003,1038
26,1,Hispanic,0.023599135668983053,721
26,1,Black,0.06062470412519108,957
26,1,Asian,-0.07986861702789497,879
26,1,Multiracial,0.011515783134202371,485
26,2,Black,0.05870039639406012,959
26,2,White,-0.023359359227199922,1053
26,2,Hispanic,-0.0031667518796396825,720
26,2,Asian,-0.07124488234938733,886
26,2,Multiracial,0.019070533581537236,437
26,3,Black,0.06760693078909988,976
26,3,White,0.004885262325449976,1113
26,3,Multiracial,0.046605806783741606,479
26,3,Asian,-0.0735620631928598,962
26,3,Hispanic,0.023298688944578438,688
26,4,Hispanic,0.032660559019431185,709
26,4,Asian,-0.06697053058929063,837
26,4,White,-0.007916208395867081,1055
26,4,Black,0.06814259597762516,965
26,4,Multiracial,0.02390352641931598,409
26,5,Hispanic,0.02716106597069921,674
26,5,Asian,-0.0777833587031122,875
26,5,Black,0.08166498731127686,960
26,5,White,0.00426834422069099,1016
26,5,Multiracial,0.03149285299450356,497
26,6,Asian,-0.03751725956868684,946
26,6,White,-0.018100030115805164,1101
26,6,Multiracial,0.02717392377025492,492
26,6,Black,0.052649227667660475,1044
26,6,Hispanic,0.023254488091887775,773
26,7,White,0.007904228646499294,1005
26,7,Asian,-0.08929143627294697,895
26,7,Black,0.05476817932998571,983
26,7,Multiracial,0.03618324698859476,458
26,7,Hispanic,0.017239343867137963,700
26,8,Hispanic,0.06984701581662928,739
26,8,Asian,-0.09475021729887613,857
26,8,Black,0.07417347764006348,950
26,8,White,-0.007427291135917724,1038
26,8,Multiracial,0.045105600450223715,414
26,9,Black,0.052526736448589795,1023
26,9,Asian,-0.05713426068987232,945
26,9,Multiracial,0.017456115137181115,484
26,9,Hispanic,0.025614494238190844,732
26,9,White,-0.019206946489847,1069
27,0,White,-0.03421192583220036,1208
27,0,Hispanic,0.003967915973502172,791
27,0,Black,0.07565015584046646,1180
27,0,Asian,-0.07248235158859108,1084
27,0,Multiracial,0.04264899142836416,562
27,1,Asian,-0.08977461108011887,1046
27,1,White,-0.0016317950218025768,1203
27,1,Hispanic,0.023644513111442566,810
27,1,Black,0.057549622669991786,1077
27,1,Multiracial,0.045746559871170024,559
27,2,White,-0.00193706426335881,1078
27,2,Multiracial,0.0590426061683422,468
27,2,Asian,-0.10948847589455431,924
27,2,Hispanic,0.004964235796426145,733
27,2,Black,0.08153740420467796,982
27,3,Black,0.06097985280968534,946
27,3,Multiracial,0.04078697276377094,463
27,3,Hispanic,0.02033259731959903,705
27,3,White,0.0029021917317010124,991
27,3,Asian,-0.04979126839599067,854
27,4,White,0.019198606231597942,1023
27,4,Asian,-0.08624665918217798,931
27,4,Multiracial,0.06703546347550865,479
27,4,Hispanic,0.001895482409335836,739
27,4,Black,0.07510474511275395,989
27,5,Asian,-0.055279633047945476,947
27,5,Hispanic,0.03422727525800644,787
27,5,White,-0.01141314052077127,1130
27,5,Black,0.07590474115568638,1025
27,5,Multiracial,0.012451315081803664,499
27,6,Hispanic,-0.01974893888321965,715
27,6,Black,0.06928856939982045,881
27,6,Asian,-0.053868419512533045,830
27,6,White,-0.006784054654888449,953
27,6,Multiracial,0.019845667121710257,480
27,7,Asian,-0.03945062188395373,965
27,7,Hispanic,-0.002949577053788555,782
27,7,Black,0.05306932687021301,1091
27,7,Multiracial,0.005482859495156489,471
27,7,White,-0.011327026301476193,1172
27,8,White,-0.0031815958196843037,1065
27,8,Black,0.046106653111202295,976
27,8,Hispanic,0.005850698228026337,731
27,8,Asian,-0.06510602528493051,862
27,8,Multiracial,0.06912387022208588,466
27,9,Black,0.04628922242587343,996
27,9,Asian,-0.08546280102870037,971
27,9,Multiracial,0.0836707788218383,496
27,9,White,-0.0068968125510051334,1061
27,9,Hispanic,0.03277728630282549,793
28,0,Asian,-0.07036060151421304,1073
28,0,Black,0.07137634280831237,1117
28,0,Hispanic,0.02968922964242328,785
28,0,Multiracial,0.016676129236700716,549
28,0,White,0.014736542971498323,1159
28,1,Black,0.05537981073579919,1083
28,1,White,-0.00929224890061061,1124
28,1,Asian,-0.03559797923341042,1005
28,1,Hispanic,0.013469542396762953,805
28,1,Multiracial,0.02391224653005629,466
28,2,Asian,-0.04581067091772267,966
28,2,White,0.001713921820154018,1192
28,2,Black,0.03786562993471348,1060
28,2,Hispanic,0.02259674690755446,775
28,2,Multiracial,0.0023937798233689797,522
28,3,Black,0.0620040980542811,1024
28,3,Asian,-0.09802163160543113,1001
28,3,Multiracial,0.03177029354528436,570
28,3,White,0.02338937897422823,1143
28,3,Hispanic,0.014676869073893452,867
28,4,Hispanic,0.036270362569574596,783
28,4,Black,0.049395395245396205,1115
28,4,White,0.03214174776452519,1194
28,4,Asian,-0.10501287284147941,1013
28,4,Multiracial,0.03404558107409645,536
28,5,Black,0.04852680794300617,1051
28,5,White,0.0026524429884098497,1173
28,5,Hispanic,0.03787557642410731,816
28,5,Asian,-0.055516281569284114,999
28,5,Multiracial,0.017500878062334614,530
28,6,White,-0.013526176586968645,1175
28,6,Asian,-0.07063789640466017,1015
28,6,Black,0.05008929116814871,1067
28,6,Multiracial,0.031082568042832295,536
28,6,Hispanic,0.032484425327882864,715
28,7,Asian,-0.056090952894583025,1059
28,7,White,-0.012939338083420746,1205
28,7,Black,0.0715239664212709,1123
28,7,Hispanic,0.012589376340392372,804
28,7,Multiracial,0.010087114740357004,541
28,8,Black,0.051641168933582435,1084
28,8,White,0.00533487228177355,1131
28,8,Multiracial,0.05595650089638099,461
28,8,Asian,-0.06713291685174946,1087
28,8,Hispanic,-0.005297447432117792,880
28,9,Hispanic,0.03377512849578339,852
28,9,Black,0.047937473075455525,1079
28,9,Asian,-0.08818075991145131,952
28,9,Multiracial,0.03683066776161464,484
28,9,White,0.004438156303767154,1175
29,0,White,-0.024527276035267446,1297
29,0,Black,0.044427778427098844,1280
29,0,Asian,-0.05843988110181427,1165
29,0,Hispanic,0.04187329431565124,885
29,0,Multiracial,0.03211098035988068,588
29,1,Hispanic,-0.007773121661006425,831
29,1,Multiracial,0.0003908482763139143,588
29,1,White,0.003032018147856941,1183
29,1,Black,0.06832558259059653,1193
29,1,Asian,-0.09617620285670328,1078
29,2,Black,0.07714789709564708,1193
29,2,White,-0.0382523627681733,1262
29,2,Multiracial,0.03698807779118204,601
29,2,Asian,-0.05211941268903613,1129
29,2,Hispanic,0.03137311090768113,855
29,3,Asian,-0.08426226726007083,1015
29,3,Black,0.05318452265906767,1126
29,3,White,0.004937629439614881,1215
29,3,Hispanic,0.033724582672889296,834
29,3,Multiracial,0.015424912369679746,570
29,4,Asian,-0.06544533079537919,1080
29,4,Multiracial,0.027267521254570277,569
29,4,Black,0.051721591841844244,1193
29,4,White,0.007038887734328087,1322
29,4,Hispanic,-0.00039177983871837804,862
29,5,Black,0.06662928453764964,1134
29,5,Multiracial,0.03255492564034114,536
29,5,White,-0.021173042717299084,1222
29,5,Asian,-0.06020855257115864,1030
29,5,Hispanic,0.03403051417135535,889
29,6,Black,0.05238131617324657,1054
29,6,White,0.007032981715143507,1125
29,6,Asian,-0.07583968743940618,952
29,6,Hispanic,-0.013029125119782166,762
29,6,Multiracial,0.05397760198889654,474
29,7,White,0.018395625648961477,1337
29,7,Hispanic,0.03037610964556866,872
29,7,Black,0.05907111275223881,1223
29,7,Asian,-0.08199010143060614,1193
29,7,Multiracial,0.03457658758337546,635
29,8,Black,0.036068235186895,1153
29,8,Hispanic,0.03347502126629385,845
29,8,White,-0.0182708179007714,1219
29,8,Multiracial,0.050627699639874145,598
29,8,Asian,-0.07561656643719306,1153
29,9,Multiracial,0.06505373963333967,565
29,9,White,-0.01875802714303634,1213
29,9,Black,0.06885657771096813,1097
29,9,Hispanic,-0.007440993313759201,839
29,9,Asian,-0.04751760136850332,1046
30,0,Hispanic,0.04279094963704156,922
30,0,Asian,-0.06223312916149019,1210
30,0,White,-0.019962221352578146,1381
30,0,Multiracial,0.020378172019807624,665
30,0,Black,0.06840816904263072,1256
30,1,Black,0.05875116393870963,1329
30,1,White,-0.013179522736427125,1371
30,1,Asian,-0.08056089384279352,1197
30,1,Hispanic,0.03345264912369125,932
30,1,Multiracial,0.035833836792606884,628
30,2,White,-0.0016228309742729412,1313
30,2,Asian,-0.07515583157166865,1186
30,2,Multiracial,0.010461406615626154,636
30,2,Hispanic,0.0550772432745999,916
30,2,Black,0.052872711949017846,1295
30,3,Hispanic,0.023016648631557005,932
30,3,White,-0.007987589495729345,1182
30,3,Black,0.05007913589891015,1185
30,3,Multiracial,-0.002831086294683256,617
30,3,Asian,-0.06615204492766273,1083
30,4,White,-0.007730757855202759,1303
30,4,Asian,-0.05425461353707869,1181
30,4,Black,0.06139174756061303,1238
30,4,Hispanic,0.013607618566650954,940
30,4,Multiracial,0.03256122744214534,642
30,5,Multiracial,0.010809851618367759,660
30,5,Hispanic,0.008801163164642769,977
30,5,White,0.005598710253426657,1406
30,5,Asian,-0.0715587088688311,1278
30,5,Black,0.07014551819111753,1288
30,6,Asian,-0.10439946398651517,1240
30,6,Black,0.08229361076718827,1248
30,6,Hispanic,0.002190719814567181,946
30,6,White,-0.016021330007239036,1379
30,6,Multiracial,0.03692499253237057,631
30,7,Asian,-0.0684204018387433,1135
30,7,Hispanic,0.013829359029504043,933
30,7,White,-0.004437618006548758,1285
30,7,Black,0.06451009759690263,1183
30,7,Multiracial,0.034827906418906714,636
30,8,Hispanic,0.013260998457834296,950
30,8,Black,0.054262777325192656,1196
30,8,Asian,-0.08953172785284737,1126
30,8,Multiracial,0.036341099999794686,577
30,8,White,-0.0139083762474528,1287
30,9,White,-0.009543948840377568,1274
30,9,Multiracial,0.04385223433671579,641
30,9,Black,0.05041043052010411,1211
30,9,Asian,-0.0861230801911964,1116
30,9,Hispanic,0.012495294505015752,930
31,0,White,0.0005891763091682176,1488
31,0,Hispanic,0.011864839454710126,980
31,0,Black,0.04988446346833093,1368
31,0,Multiracial,0.03303653344902482,724
31,0,Asian,-0.07572846516027455,1244
31,1,Multiracial,0.009068142232207735,647
31,1,White,-0.006095537086403606,1244
31,1,Asian,-0.05490626346994568,1056
31,1,Black,0.05717304374304583,1204
31,1,Hispanic,0.013707576777855059,863
31,2,Multiracial,0.015979510985737324,647
31,2,Black,0.06875717722906335,1306
31,2,White,0.01666489223550606,1447
31,2,Hispanic,-0.0046337661940524695,979
31,2,Asian,-0.08387770225632174,1221
31,3,Asian,-0.07710657428475207,1180
31,3,Multiracial,0.02373588139830237,677
31,3,Hispanic,0.025072820700242623,995
31,3,Black,0.06113195747563865,1330
31,3,White,0.008296571838707335,1371
31,4,Black,0.06528801611389505,1319
31,4,Multiracial,0.021105170084414412,634
31,4,Hispanic,0.01583137789345331,933
31,4,Asian,-0.05648039985175816,1220
31,4,White,-0.008898847691595137,1395
31,5,White,-0.018620760841739387,1353
31,5,Multiracial,0.03930453524111856,635
31,5,Asian,-0.07591328334018624,1171
31,5,Black,0.07090711133771603,1189
31,5,Hispanic,0.0018560868281290806,955
31,6,Black,0.05268858040886745,1234
31,6,White,0.03270015273121811,1334
31,6,Hispanic,0.00020430553790066157,945
31,6,Asian,-0.08428698581529774,1105
31,6,Multiracial,0.0405075466188579,630
31,7,Hispanic,0.002475339228399728,944
31,7,Black,0.05541906916790597,1291
31,7,Asian,-0.057204973502087614,1135
31,7,Multiracial,0.046518049054006985,611
31,7,White,0.003975330935674727,1279
31,8,Asian,-0.06479059950955517,1239
31,8,White,-0.003163527440996186,1526
31,8,Hispanic,0.025396810303133795,1023
31,8,Black,0.06084837964507037,1353
31,8,Multiracial,0.0500673707108404,642
31,9,Black,0.05600157572087602,1284
31,9,Hispanic,0.02479742958562437,982
31,9,Asian,-0.05372239363958646,1126
31,9,White,-7.39377704106557e-05,1336
31,9,Multiracial,-0.006731850909680585,659
32,0,Asian,-0.06588979056168688,1205
32,0,Black,0.04893271728466608,1298
32,0,White,0.013436710112806376,1387
32,0,Hispanic,0.005241211558890927,981
32,0,Multiracial,0.014148582688446586,675
32,1,Hispanic,0.028513818529449158,1048
32,1,White,0.006001238521455259,1489
32,1,Black,0.06348055750672316,1458
32,1,Asian,-0.08152273926633637,1308
32,1,Multiracial,0.032171635956998734,738
32,2,Asian,-0.06047762771993894,1178
32,2,Hispanic,0.011554522553093506,973
32,2,White,-0.021407254468455955,1368
32,2,Black,0.0698829620151926,1330
32,2,Multiracial,0.014844793166955613,636
32,3,Hispanic,0.01073758956655256,940
32,3,White,-0.011967582613373738,1397
32,3,Black,0.06203516229742751,1366
32,3,Asian,-0.07772264905598905,1202
32,3,Multiracial,0.030511323034956826,709
32,4,Multiracial,0.02572713423476502,730
32,4,White,0.0031316651769254518,1573
32,4,Black,0.07028470262356497,1489
32,4,Asian,-0.04905684609969295,1348
32,4,Hispanic,-0.0007098709122635852,1039
32,5,White,-0.008409024138466776,1535
32,5,Asian,-0.05901717909362584,1276
32,5,Hispanic,0.025831130542417664,1070
32,5,Multiracial,0.006645545101368597,707
32,5,Black,0.04170428420282133,1359
32,6,White,-0.03255035795510637,1435
32,6,Multiracial,0.012920001861504127,688
32,6,Black,0.05953768410795193,1337
32,6,Hispanic,0.037963918101101175,1100
32,6,Asian,-0.051950544264052184,1286
32,7,Black,0.07330539735489884,1424
32,7,Hispanic,0.020678494648205745,1081
32,7,Asian,-0.0549566902041506,1417
32,7,White,-0.024479584988928355,1524
32,7,Multiracial,0.01669345972062216,732
32,8,Asian,-0.09985635985939127,1185
32,8,White,0.009944664407405811,1357
32,8,Black,0.055233300245011746,1287
32,8,Hispanic,0.022891691927627026,1021
32,8,Multiracial,0.04629381568560446,666
32,9,Black,0.055937907513724655,1410
32,9,White,-0.005693815869625263,1509
32,9,Asian,-0.07405752825799768,1243
32,9,Multiracial,0.01774989743053896,717
32,9,Hispanic,0.03555469127071948,1018
33,0,White,0.0030944563802994944,1551
33,0,Multiracial,0.024755560184792462,693
33,0,Black,0.051776611908230685,1515
33,0,Asian,-0.08198477385389044,1322
33,0,Hispanic,0.004964365304595345,1075
33,1,Black,0.050894959377041506,1381
33,1,Asian,-0.0315229350499008,1296
33,1,Hispanic,0.002106180682953856,1120
33,1,White,-0.014429477544865345,1426
33,1,Multiracial,0.0017894413886418914,750
33,2,Asian,-0.07263053927534177,1309
33,2,Multiracial,0.026543692789100074,713
33,2,Hispanic,-0.0015655811509535475,1054
33,2,Black,0.04803054818709963,1392
33,2,White,0.00263267766449087,1589
33,3,White,-0.014353623788780972,1404
33,3,Hispanic,0.026121981631364637,1056
33,3,Black,0.04545286709058806,1350
33,3,Asian,-0.03247576392950078,1167
33,3,Multiracial,0.018926332782331287,647
33,4,White,0.01187184769555035,1379
33,4,Black,0.06095831701168763,1231
33,4,Multiracial,0.023038416269555925,698
33,4,Hispanic,-0.006660742972922726,942
33,4,Asian,-0.07861017224446014,1127
33,5,Asian,-0.07104877486648215,1460
33,5,White,-0.0018582803913007285,1623
33,5,Hispanic,0.024859476751979265,1125
33,5,Multiracial,0.023666326549922734,777
33,5,Black,0.06186843342890898,1584
33,6,White,-0.011852696120277409,1549
33,6,Black,0.059677033609542525,1452
33,6,Multiracial,0.012148381514811688,750
33,6,Asian,-0.04775813041199264,1365
33,6,Hispanic,0.009711206199696199,1144
33,7,Hispanic,0.03236269435961842,1076
33,7,White,-0.006570584308249785,1491
33,7,Asian,-0.06287159816129136,1251
33,7,Black,0.05604483497359026,1301
33,7,Multiracial,0.03561281021334954,684
33,8,Multiracial,0.01852972357663711,766
33,8,Asian,-0.04526655763551437,1406
33,8,White,-0.0039051292253147025,1553
33,8,Black,0.057153814948793374,1449
33,8,Hispanic,0.022550472248708934,1044
33,9,Asian,-0.08679377456300441,1278
33,9,Black,0.05349345407797,1427
33,9,White,0.007064519049943494,1551
33,9,Multiracial,0.025151378286675585,733
33,9,Hispanic,0.02259273924654817,1130
34,0,White,-0.009382996760574533,1690
34,0,Asian,-0.03471704293013344,1392
34,0,Hispanic,0.010236384604302873,1140
34,0,Multiracial,0.02029674402039727,786
34,0,Black,0.04118239831597319,1544
34,1,Black,0.055201266176466694,1492
34,1,White,-0.015234278256289726,1619
34,1,Asian,-0.056384634202250844,1433
34,1,Multiracial,-0.010231633264446961,762
34,1,Hispanic,0.02638069897519296,1110
34,2,Multiracial,0.028137842915816207,696
34,2,Asian,-0.07851082164022949,1334
34,2,Black,0.06649690230328949,1437
34,2,White,-0.008371644763869531,1540
34,2,Hispanic,0.028773141224542588,1026
34,3,Hispanic,0.022644463897217495,1153
34,3,Black,0.04316923758567019,1579
34,3,Multiracial,0.03460878361764076,883
34,3,White,-0.008034132460055899,1640
34,3,Asian,-0.05149030341767159,1395
34,4,Asian,-0.07301772958390335,1452
34,4,Black,0.06785187027507618,1533
34,4,Hispanic,0.006818835914715873,1153
34,4,White,-0.008019594826164479,1614
34,4,Multiracial,0.00882382996060817,816
34,5,White,-0.023196233759569494,1451
34,5,Multiracial,0.033910576421495926,730
34,5,Black,0.07295137127641987,1407
34,5,Hispanic,0.01197028315848319,1096
34,5,Asian,-0.056993583375401634,1329
34,6,Black,0.041657668317058416,1551
34,6,White,-0.0031409908284158778,1649
34,6,Asian,-0.06584508867748409,1380
34,6,Hispanic,0.025103571289094257,1146
34,6,Multiracial,-0.0067142231275375145,844
34,7,Black,0.05514804322754501,1540
34,7,Multiracial,0.051659021695372245,809
34,7,White,-0.012381831164619495,1594
34,7,Asian,-0.07609325792473223,1367
34,7,Hispanic,0.013099535610320071,1067
34,8,Multiracial,0.03576408609545537,757
34,8,White,-0.004786934472130308,1572
34,8,Asian,-0.07106647045535201,1238
34,8,Black,0.06363298302842353,1429
34,8,Hispanic,0.025608715919544757,1062
34,9,Black,0.04979859628230776,1560
34,9,Asian,-0.08706668943772887,1359
34,9,Hispanic,0.030182817768996957,1120
34,9,White,0.004651509640918176,1635
34,9,Multiracial,-0.0041178772815553205,692
35,0,Asian,-0.09151459465934127,1345
35,0,Hispanic,0.0165753199533653,1149
35,0,Black,0.06769570343206241,1480
35,0,Multiracial,0.00967169950315602,756
35,0,White,-0.010624015426083487,1532
35,1,Black,0.05135391438744444,1505
35,1,Asian,-0.07536620618538269,1444
35,1,White,0.009188505603711218,1611
35,1,Hispanic,0.02229503370834721,1163
35,1,Multiracial,0.012895870972685,853
35,2,White,-0.01206567290060101,1746
35,2,Hispanic,0.037620339979786886,1200
35,2,Black,0.056589253948417004,1583
35,2,Multiracial,0.03244022755810338,852
35,2,Asian,-0.06276198557934785,1450
35,3,Multiracial,0.030584749299505117,774
35,3,Asian,-0.07523063775255752,1484
35,3,White,-0.0063557027388518,1645
35,3,Hispanic,-0.006126113899520493,1234
35,3,Black,0.058940035311878226,1628
35,4,White,0.013456771785405303,1591
35,4,Black,0.06802516836867968,1502
35,4,Multiracial,0.01716363067102103,791
35,4,Asian,-0.08373686203801028,1414
35,4,Hispanic,5.2663814336667936e-05,1184
35,5,Asian,-0.07414972079058897,1314
35,5,Black,0.05750293427262103,1480
35,5,White,0.010626684431121372,1529
35,5,Multiracial,-0.011705157637976993,728
35,5,Hispanic,0.04542924007542492,1052
35,6,Hispanic,0.023029438070375073,1153
35,6,White,0.015956843079160867,1495
35,6,Multiracial,0.03136610447611067,778
35,6,Black,0.06307882224388106,1451
35,6,Asian,-0.07599451827027788,1298
35,7,White,-0.011057231747626635,1709
35,7,Multiracial,0.01636161761765612,763
35,7,Asian,-0.05304447964100887,1464
35,7,Hispanic,0.022247803819231256,1198
35,7,Black,0.03008691630347055,1590
35,8,Black,0.05009910897361358,1581
35,8,Asian,-0.06165365624831709,1399
35,8,White,-0.005263223600787277,1512
35,8,Multiracial,0.03110609043300493,826
35,8,Hispanic,0.0028048280832001613,1194
35,9,Hispanic,-0.012652793034300653,1092
35,9,Black,0.05888281789102262,1511
35,9,Multiracial,0.03045859869987839,778
35,9,Asian,-0.04818284495780522,1371
35,9,White,-0.018500256637568435,1587
36,0,Black,0.06210013725020143,1614
36,0,White,-0.027984883881359703,1613
36,0,Multiracial,0.038384969561039387,877
36,0,Hispanic,0.038674691982762216,1096
36,0,Asian,-0.0598649332037814,1444
36,1,Black,0.049180407433755076,1676
36,1,Multiracial,0.01614396344311496,908
36,1,Asian,-0.05189525479361347,1466
36,1,Hispanic,0.028144442253774393,1258
36,1,White,-0.0008383796147149366,1761
36,2,Hispanic,0.0018617017216477185,1311
36,2,Multiracial,0.03134494982281143,864
36,2,Asian,-0.08179100838969038,1546
36,2,White,0.019280300812826626,1778
36,2,Black,0.03660711024088468,1595
36,3,Asian,-0.06285883245877431,1387
36,3,White,-0.014625386827938163,1676
36,3,Multiracial,0.013300691339572344,794
36,3,Hispanic,-0.04587033382585969,1112
36,3,Black,0.06602387027595549,1537
36,4,Asian,-0.06624962048421768,1466
36,4,Hispanic,0.0045744475212225865,1145
36,4,Black,0.061385160590563176,1570
36,4,Multiracial,-0.0030702698605614147,806
36,4,White,0.008401621786022374,1639
36,5,Asian,-0.07620305992922137,1516
36,5,Black,0.06319922134936769,1694
36,5,White,-0.00777258221533308,1815
36,5,Multiracial,0.022393961005853353,937
36,5,Hispanic,-0.003207939977570446,1262
36,6,Multiracial,0.025591410009390945,769
36,6,White,-0.004840777612463629,1707
36,6,Asian,-0.0597452312666305,1447
36,6,Black,0.04278407462192763,1623
36,6,Hispanic,0.01649554226442057,1220
36,7,Black,0.055395517489288004,1662
36,7,Asian,-0.056060775306136845,1540
36,7,Multiracial,0.015718821196657833,908
36,7,Hispanic,-0.0025802893503628567,1337
36,7,White,-0.020363196418169152,1701
36,8,Multiracial,0.031046935693037948,866
36,8,Asian,-0.08493913661142005,1469
36,8,White,0.004510126852455214,1631
36,8,Black,0.06305259467685059,1518
36,8,Hispanic,0.030405594868838884,1202
36,9,White,0.023620590141910792,1691
36,9,Black,0.054825850674653176,1576
36,9,Asian,-0.08180246227398258,1452
36,9,Hispanic,0.018354890028805883,1199
36,9,Multiracial,0.018029088532172517,783
37,0,White,-0.025173677944588125,1813
37,0,Black,0.06315021104472383,1735
37,0,Hispanic,0.008826651437005657,1250
37,0,Asian,-0.06611290661770779,1559
37,0,Multiracial,0.018525239707172438,876
37,1,White,0.0042219710739683095,1860
37,1,Asian,-0.07636079528083596,1584
37,1,Multiracial,0.020323778696991635,950
37,1,Hispanic,0.026209195291404697,1344
37,1,Black,0.0478471390118424,1744
37,2,White,-0.0177001881087808,1775
37,2,Black,0.04232638080451977,1641
37,2,Hispanic,0.020619447406677427,1294
37,2,Asian,-0.036961508197761526,1562
37,2,Multiracial,0.0331422267858621,855
37,3,Black,0.06726815691924266,1626
37,3,Asian,-0.05665603491286655,1494
37,3,Multiracial,-0.00796915615057925,914
37,3,White,-0.011684086014528576,1758
37,3,Hispanic,0.00423713098816143,1223
37,4,Asian,-0.05205942220601059,1533
37,4,Multiracial,0.014206867740108587,869
37,4,Hispanic,0.005399871154894794,1190
37,4,White,0.004188642318176842,1775
37,4,Black,0.047720435329593046,1673
37,5,Black,0.05951938901171397,1692
37,5,Multiracial,0.012029702599502947,843
37,5,Hispanic,0.00879596338404714,1293
37,5,Asian,-0.07322522037580961,1540
37,5,White,-0.000710491457921847,1740
37,6,White,-0.01163461660074431,1797
37,6,Hispanic,0.03943038708552298,1193
37,6,Asian,-0.05175285688992961,1536
37,6,Black,0.04649620985016171,1732
37,6,Multiracial,-0.009757386640038338,885
37,7,Multiracial,0.0016721563628755022,894
37,7,Black,0.034066108744451824,1808
37,7,Hispanic,0.0052104556912006845,1324
37,7,White,0.010968770470927001,1847
37,7,Asian,-0.05577144538254958,1543
37,8,Black,0.039541595665793496,1785
37,8,White,-0.011529332811064705,1747
37,8,Hispanic,0.01962054431721364,1248
37,8,Asian,-0.0677212688150399,1575
37,8,Multiracial,0.023773081698208628,866
37,9,Hispanic,0.020506676035060796,1316
37,9,White,-0.006290846827313834,1845
37,9,Multiracial,0.0005252411498772412,905
37,9,Asian,-0.04958480658218215,1604
37,9,Black,0.060677506920198125,1734
38,0,Hispanic,0.029644750112469812,1253
38,0,Asian,-0.046548495038940735,1512
38,0,White,-0.009079277181121219,1712
38,0,Black,0.03264002859722303,1552
38,0,Multiracial,0.02426317499798644,928
38,1,White,-0.014262124019469954,2036
38,1,Asian,-0.06216341295289571,1634
38,1,Black,0.04191031110989334,1831
38,1,Multiracial,0.045542627835928676,964
38,1,Hispanic,0.014111825037830896,1387
38,2,Black,0.05660285438148014,1753
38,2,White,0.006618482856677549,1921
38,2,Multiracial,0.037300353903014866,878
38,2,Asian,-0.08892338304960681,1653
38,2,Hispanic,0.01250933282578389,1333
38,3,White,0.009121630747665347,1835
38,3,Black,0.05646958314364609,1787
38,3,Asian,-0.1072383370923761,1566
38,3,Multiracial,0.029845281442593068,933
38,3,Hispanic,0.029972751792380185,1239
38,4,Hispanic,0.0052447697143587655,1303
38,4,White,0.003142147473226149,1871
38,4,Multiracial,0.02457176254366047,978
38,4,Asian,-0.0749928793826755,1611
38,4,Black,0.053958181516866634,1714
38,5,Hispanic,0.03241202887980844,1206
38,5,Black,0.03882854463196504,1554
38,5,White,-0.012120503708865776,1753
38,5,Asian,-0.06742376008402892,1507
38,5,Multiracial,0.01381135722494471,903
38,6,Asian,-0.059134901819170416,1694
38,6,White,0.0023480697253255084,1948
38,6,Hispanic,0.025159446705662735,1404
38,6,Black,0.044217859962883646,1829
38,6,Multiracial,0.018858029729142804,975
38,7,Black,0.04940682260028365,1737
38,7,Hispanic,0.02553248546107043,1276
38,7,White,-0.00634556758540293,1772
38,7,Multiracial,0.017000006602699645,944
38,7,Asian,-0.0962065307396958,1529
38,8,Multiracial,0.008181562609022586,845
38,8,Asian,-0.0708163296345729,1480
38,8,White,0.012947851259700799,1738
38,8,Hispanic,-0.00011110849703264866,1280
38,8,Black,0.04230174488198922,1671
38,9,Asian,-0.04749565264995799,1495
38,9,Black,0.044758052329237706,1800
38,9,Multiracial,0.013364503521757276,890
38,9,White,-0.011915662839667433,1741
38,9,Hispanic,0.007708673139432843,1313
39,0,Black,0.05346479729028386,2010
39,0,Multiracial,0.03551381353251716,1054
39,0,White,-0.006408335405117887,2015
39,0,Hispanic,0.014573725101873743,1447
39,0,Asian,-0.06300199917077963,1839
39,1,Black,0.050685760627874284,1644
39,1,White,-0.002640824684826402,1817
39,1,Asian,-0.0850719839968634,1558
39,1,Multiracial,0.021379904373923335,840
39,1,Hispanic,0.01801963619921184,1268
39,2,Multiracial,0.01617890524971532,981
39,2,Black,0.05189158272911211,1914
39,2,Hispanic,0.03315197137871844,1445
39,2,White,-0.005331600915882393,1993
39,2,Asian,-0.060000626854746074,1737
39,3,Black,0.05548414271530281,1904
39,3,Asian,-0.08048533624779733,1728
39,3,Hispanic,0.012217453310614688,1433
39,3,White,0.0043837798461343796,2095
39,3,Multiracial,0.027448505966489425,1005
39,4,Black,0.03214392626554018,1777
39,4,White,0.0004990433168181402,1908
39,4,Hispanic,0.018092096402061,1407
39,4,Asian,-0.04814519967857431,1594
39,4,Multiracial,0.032965787046660214,918
39,5,Multiracial,0.039445190769550706,989
39,5,White,-0.0023475408540712386,1862
39,5,Asian,-0.10195231418604588,1629
39,5,Hispanic,0.018984507953029927,1462
39,5,Black,0.05699854569413747,1789
39,6,Asian,-0.06473491524061584,1630
39,6,Multiracial,0.03568011231823604,994
39,6,White,-0.0016200303773706104,2024
39,6,Black,0.05369253561173172,1926
39,6,Hispanic,0.00989204187510643,1416
39,7,Multiracial,0.022306515759267138,910
39,7,Asian,-0.05220819450314387,1541
39,7,White,-0.00911043666230058,1822
39,7,Black,0.049378960770477105,1719
39,7,Hispanic,0.008984120967713205,1269
39,8,Hispanic,0.023324540779853343,1411
39,8,Asian,-0.07919548520015236,1648
39,8,Black,0.05274611790119679,1824
39,8,Multiracial,0.041546286890009436,923
39,8,White,0.004547003187179724,1895
39,9,Multiracial,0.006409377133326595,1003
39,9,Hispanic,0.01763726883131843,1431
39,9,Black,0.03845890180295972,1842
39,9,White,-0.01668700362776774,1907
39,9,Asian,-0.04968485160018974,1590
40,0,Black,0.042692223105152645,1926
40,0,Asian,-0.06203909494838914,1754
40,0,Hispanic,0.007993194285830358,1444
40,0,White,0.003782798917424258,2082
40,0,Multiracial,0.02586994275860091,974
40,1,Hispanic,0.01808575768216499,1498
40,1,White,-0.021139073498951135,1938
40,1,Asian,-0.049241740594578316,1788
40,1,Black,0.048143680285619446,1901
40,1,Multiracial,0.011702675881334078,1086
40,2,White,0.0034950146691843775,2131
40,2,Black,0.04906412273146326,1993
40,2,Hispanic,0.011544161689031577,1457
40,2,Asian,-0.06588086450795769,1870
40,2,Multiracial,0.027901189144561044,1050
40,3,Black,0.058421361637671476,1662
40,3,White,0.0015179026256022482,1795
40,3,Hispanic,0.006293924078668001,1309
40,3,Asian,-0.04814933245892385,1562
40,3,Multiracial,0.00795223099614543,915
40,4,White,0.004953630803338263,1900
40,4,Multiracial,0.030293002399213564,978
40,4,Hispanic,0.026672283568916204,1337
40,4,Asian,-0.0379762920515177,1616
40,4,Black,0.0400220402626684,1808
40,5,Black,0.04672486262942191,1869
40,5,Asian,-0.07759739752772582,1764
40,5,White,-0.020960552371755415,1977
40,5,Hispanic,0.03802579647115472,1383
40,5,Multiracial,0.03870376994060594,1010
40,6,Hispanic,0.009078349549002877,1496
40,6,Asian,-0.0753133487115166,1869
40,6,White,-0.003844960231515506,2079
40,6,Black,0.04945729757022147,1935
40,6,Multiracial,0.05115762178181148,1005
40,7,Hispanic,0.0028712260615656503,1387
40,7,White,0.004212832955149586,2006
40,7,Asian,-0.06960324873399192,1763
40,7,Multiracial,0.04633275239008788,994
40,7,Black,0.050630907995740236,1974
40,8,White,-0.0007928215764496379,1890
40,8,Asian,-0.059261521346062586,1627
40,8,Hispanic,0.024513651193809653,1412
40,8,Black,0.0383681885747164,1778
40,8,Multiracial,-0.0038161033523195827,968
40,9,Asian,-0.07620848630370061,1549
40,9,Black,0.046239024963224934,1708
40,9,Hispanic,0.006158238226198355,1324
40,9,White,0.026156017147077756,1841
40,9,Multiracial,0.03433234270166332,907
41,0,Asian,-0.08091126856103772,1773
41,0,White,0.0011121497132301704,2034
41,0,Black,0.06294317005868212,1940
41,0,Hispanic,0.025479695001284455,1422
41,0,Multiracial,0.03129756143051671,937
41,1,Hispanic,-0.005374540446358856,1418
41,1,White,0.0091851736096258,2027
41,1,Black,0.0453848196051211,1961
41,1,Multiracial,0.024563923700543437,1009
41,1,Asian,-0.07462929065984397,1738
41,2,White,0.00038414737095640946,1969
41,2,Multiracial,0.02858718426755316,989
41,2,Black,0.058090826806305326,1774
41,2,Hispanic,0.007138006602524625,1402
41,2,Asian,-0.07313114377811682,1667
41,3,White,0.005765477112668406,2133
41,3,Hispanic,0.01042322478929278,1447
41,3,Asian,-0.06366113000540877,1838
41,3,Black,0.05147575921574668,2081
41,3,Multiracial,0.01869998850146957,1023
41,4,Multiracial,0.023366941520220976,1041
41,4,White,-0.01068166865482293,2096
41,4,Hispanic,0.03299235503629207,1438
41,4,Asian,-0.053967468361800636,1770
41,4,Black,0.054290189345889195,2009
41,5,Black,0.053429266391528084,1913
41,5,Asian,-0.06558811471434,1766
41,5,White,-0.00027577062993431505,2137
41,5,Hispanic,0.0212971652079192,1512
41,5,Multiracial,0.008165476456363568,1094
41,6,Asian,-0.0455416855887108,1915
41,6,Hispanic,0.003846636807571572,1547
41,6,Multiracial,0.019152543238099767,1101
41,6,Black,0.04616666604002476,2022
41,6,White,-0.003826527280153626,2154
41,7,White,-0.017039259935484358,1940
41,7,Asian,-0.04882373544375569,1698
41,7,Hispanic,0.013545802921949117,1435
41,7,Black,0.06284456379156,1783
41,7,Multiracial,-0.00105568994729571,977
41,8,White,-0.0016478726495103315,2005
41,8,Multiracial,0.009802052352268586,1022
41,8,Hispanic,0.026579873192427404,1432
41,8,Black,0.04042727084565163,1899
41,8,Asian,-0.07276697016886147,1654
41,9,Hispanic,0.005189140880007322,1495
41,9,Asian,-0.07734829995337096,1821
41,9,Black,0.043635767912183904,2018
41,9,White,0.0009450743107046888,2040
41,9,Multiracial,0.009515776082222153,1025
42,0,Hispanic,0.025999229355854865,1465
42,0,Asian,-0.07283712955280762,1653
42,0,Black,0.02501105483512789,1912
42,0,White,0.014147764896279875,2035
42,0,Multiracial,0.009972192990063383,1004
42,1,Multiracial,0.045931772095691166,1070
42,1,Black,0.05820602587413955,2017
42,1,White,-0.015046061713694724,2130
42,1,Asian,-0.07118650057061347,1838
42,1,Hispanic,0.008340907065735943,1482
42,2,Hispanic,0.01707703271901828,1598
42,2,Asian,-0.056189253793396655,1901
42,2,Black,0.03466090651343608,2043
42,2,Multiracial,0.00824890294874651,1097
42,2,White,0.0079338841009951,2182
42,3,Black,0.04549041280690121,1975
42,3,White,-0.0027469910274596256,2136
42,3,Asian,-0.04874622850497688,1800
42,3,Hispanic,0.023212896245753106,1611
42,3,Multiracial,0.015836616992458377,1101
42,4,Black,0.05628447483495106,2006
42,4,White,0.001805534223622932,2249
42,4,Multiracial,0.026174771141818882,1105
42,4,Hispanic,0.014318935457095764,1633
42,4,Asian,-0.06731240910871532,1953
42,5,Multiracial,0.017591814044323143,1057
42,5,Hispanic,0.016765005989401643,1457
42,5,Asian,-0.05216840647724225,1779
42,5,Black,0.03999281624943393,1893
42,5,White,-0.0019390812795474816,2062
42,6,Asian,-0.04313875929280154,1781
42,6,Black,0.059775848366748485,2037
42,6,Multiracial,-0.007554553403117685,1022
42,6,White,-0.01302082598829961,1989
42,6,Hispanic,-0.0014370550517689245,1457
42,7,Asian,-0.060408649809881115,1839
42,7,Black,0.03621554193288134,1978
42,7,White,-0.008352445015549445,2096
42,7,Multiracial,0.002923502057815141,1078
42,7,Hispanic,0.023554530542757045,1551
42,8,White,-0.0033385935049683015,2191
42,8,Asian,-0.08303058995673825,1876
42,8,Black,0.056687866358845575,2054
42,8,Multiracial,0.024330580065020386,1156
42,8,Hispanic,0.009651303185571185,1558
42,9,Hispanic,0.014661414698349126,1608
42,9,Black,0.05105584134194525,2257
42,9,Multiracial,0.010405039192856128,1191
42,9,White,0.0029317278334742188,2304
42,9,Asian,-0.05993606546453027,2059
43,0,Hispanic,0.020989458300778877,1504
43,0,Asian,-0.07185938444308186,1845
43,0,White,-0.005804267453564274,2090
43,0,Multiracial,0.005308215127327206,1025
43,0,Black,0.06553808628553127,1974
43,1,Black,0.04330180891528442,2052
43,1,Hispanic,0.011968423900885022,1566
43,1,Asian,-0.07166178970042078,1845
43,1,Multiracial,0.008844883636515479,1073
43,1,White,0.013959440709328301,2205
43,2,Hispanic,0.02574104186412329,1561
43,2,White,0.02050740550995618,2270
43,2,Black,0.0456379606923429,2122
43,2,Asian,-0.0856931945128878,1893
43,2,Multiracial,0.02378416877347008,1066
43,3,Hispanic,0.015465856287132334,1667
43,3,Black,0.06115274091667974,2010
43,3,White,0.01671710008313915,2182
43,3,Multiracial,0.03137452172411549,1115
43,3,Asian,-0.08685052280857507,1817
43,4,Black,0.048287842413467154,2043
43,4,Multiracial,0.009013128760457893,1239
43,4,Hispanic,0.012513016461830688,1666
43,4,Asian,-0.06234265910503879,1894
43,4,White,-0.0004568600531892509,2244
43,5,Hispanic,0.0019797537649710118,1663
43,5,Asian,-0.045340600837056856,2008
43,5,White,0.015145790434103999,2310
43,5,Multiracial,0.004889889362813752,1152
43,5,Black,0.05336678299175018,2171
43,6,White,0.0009471075992718955,2081
43,6,Asian,-0.06733605430063375,1837
43,6,Hispanic,0.006860472342640323,1496
43,6,Black,0.05637690316993297,1978
43,6,Multiracial,-2.095020424502504e-05,1141
43,7,Multiracial,0.0390719926618197,1075
43,7,Black,0.059121047342310794,1980
43,7,Asian,-0.06565588313080968,1853
43,7,White,0.0004685525097966873,2117
43,7,Hispanic,0.011666035129296606,1592
43,8,Multiracial,0.031827257123885795,1124
43,8,Hispanic,0.005091044566740471,1538
43,8,Black,0.049841743332780256,2102
43,8,Asian,-0.05684294628408575,1868
43,8,White,0.008727007897174378,2195
43,9,Asian,-0.061107330234895174,1868
43,9,White,-0.0062192498167688145,2154
43,9,Black,0.044103613109680986,2025
43,9,Hispanic,0.009539772337469114,1531
43,9,Multiracial,0.00318551079996944,1083
44,0,Asian,-0.06800771847085017,1993
44,0,Multiracial,0.02423401985850606,1288
44,0,White,0.012101139648724361,2334
44,0,Hispanic,0.016550513958591206,1689
44,0,Black,0.045380734090891696,2144
44,1,Asian,-0.05604283532592603,2026
44,1,Hispanic,0.03146101044244514,1604
44,1,Multiracial,0.03198503918198254,1215
44,1,Black,0.04135137624792673,2179
44,1,White,-0.007228416416552355,2316
44,2,Asian,-0.034722664192642166,1997
44,2,White,0.0013415060308909865,2284
44,2,Multiracial,-0.018032544427195034,1135
44,2,Black,0.048549072871118704,2170
44,2,Hispanic,0.005342794397652284,1582
44,3,White,0.004256893747892738,2230
44,3,Asian,-0.05514857480053038,1917
44,3,Hispanic,0.005877401809767282,1582
44,3,Multiracial,0.03104680147727922,1111
44,3,Black,0.04469316881011193,2069
44,4,Multiracial,0.04644593550350229,1115
44,4,Hispanic,0.003676639777368571,1707
44,4,White,-0.0065889379347043595,2242
44,4,Asian,-0.059580761911911556,2017
44,4,Black,0.04767703208633651,2209
44,5,White,0.0029584841771837255,2311
44,5,Asian,-0.056212869771125766,2029
44,5,Black,0.043880320557695265,2253
44,5,Hispanic,0.03778909677532496,1658
44,5,Multiracial,0.016650510680754724,1175
44,6,White,0.00039827357762832314,2352
44,6,Hispanic,0.031776538634910166,1701
44,6,Asian,-0.07637538378039818,2014
44,6,Multiracial,0.0320156733820786,1209
44,6,Black,0.04356545008672475,2152
44,7,White,0.005400073060407313,2230
44,7,Hispanic,0.01403209499536721,1606
44,7,Black,0.04741740583649196,2138
44,7,Asian,-0.05044866034585123,1980
44,7,Multiracial,0.01226554900951505,1165
44,8,Multiracial,0.015332537553449566,1051
44,8,Hispanic,0.027122383514516974,1569
44,8,Black,0.050930683953148106,2050
44,8,White,-0.0005505968844193791,2129
44,8,Asian,-0.07215685245275215,1885
44,9,Multiracial,0.024851473415670504,1156
44,9,Black,0.05476298486282776,2143
44,9,Hispanic,0.019815324325880658,1677
44,9,Asian,-0.06614506251927184,1979
44,9,White,0.0027683725921238737,2373
45,0,White,-0.0029443939168080475,2413
45,0,Black,0.05486680988250313,2261
45,0,Asian,-0.08310309876530264,2046
45,0,Multiracial,0.0172269044014688,1241
45,0,Hispanic,0.013273109234095571,1690
45,1,Black,0.05509090123086719,2127
45,1,Asian,-0.04641667366443436,1963
45,1,Multiracial,0.009284320864343188,1165
45,1,White,-0.0020182516337890694,2287
45,1,Hispanic,0.0038369021209604406,1699
45,2,White,-0.014652116668207855,2371
45,2,Hispanic,-0.007607694116883165,1683
45,2,Multiracial,0.032813003332586396,1202
45,2,Black,0.04416250002680935,2314
45,2,Asian,-0.03513597553370278,2033
45,3,White,0.0006215961991822213,2235
45,3,Asian,-0.05592457197303036,2027
45,3,Black,0.0504167047867864,2193
45,3,Multiracial,-0.017270957480383837,1247
45,3,Hispanic,-0.009342120496693236,1775
45,4,White,-0.010563035331665286,2272
45,4,Black,0.05734802885060783,2236
45,4,Asian,-0.059681022727929696,1956
45,4,Hispanic,0.01429725874664548,1677
45,4,Multiracial,0.008809201094711493,1195
45,5,Multiracial,0.007726307577028926,1244
45,5,Black,0.05675531042852032,2207
45,5,White,0.01894913846171739,2386
45,5,Hispanic,0.011233898748842223,1743
45,5,Asian,-0.07561118422035774,2114
45,6,White,-0.010749735240039027,2256
45,6,Hispanic,0.027540593493232565,1603
45,6,Asian,-0.04798020269756499,2018
45,6,Multiracial,0.013386380900987389,1221
45,6,Black,0.039617733920693246,2103
45,7,Multiracial,0.024548721338314518,1161
45,7,Black,0.034046776679262696,2250
45,7,Asian,-0.05203504873404725,2047
45,7,White,0.0013396848291102634,2428
45,7,Hispanic,0.015926642581371952,1668
45,8,Asian,-0.0652799355298611,1969
45,8,Black,0.043723147739472015,2131
45,8,Hispanic,0.013919680683485971,1665
45,8,White,0.01327173081822071,2353
45,8,Multiracial,0.00642789771047183,1173
45,9,White,0.011424215888729593,2181
45,9,Asian,-0.06362772255860451,2007
45,9,Multiracial,0.01480666008800547,1181
45,9,Black,0.06426684563110995,2121
45,9,Hispanic,0.01035812967297652,1630
46,0,Asian,-0.06463382591585122,1927
46,0,Black,0.03264779112668287,2163
46,0,Hispanic,0.014945252553546274,1689
46,0,White,-0.016061499081115486,2404
46,0,Multiracial,0.03302647565106467,1229
46,1,Black,0.05793158763971946,2272
46,1,Hispanic,0.012923486562397474,1738
46,1,White,0.0011552340628399765,2351
46,1,Asian,-0.06726340537997288,2044
46,1,Multiracial,0.025898824287056414,1230
46,2,White,-0.011921638567545245,2517
46,2,Asian,-0.07304178652591876,2133
46,2,Multiracial,0.014419751459028199,1269
46,2,Hispanic,0.024681683031654855,1784
46,2,Black,0.0606935128056268,2338
46,3,White,-0.014428232733314006,2617
46,3,Black,0.05877153561157954,2451
46,3,Asian,-0.04809794340086942,2254
46,3,Multiracial,0.018327786923134373,1297
46,3,Hispanic,0.0005668545740590716,1931
46,4,White,0.006873119167107646,2283
46,4,Hispanic,0.014980892201346782,1683
46,4,Black,0.05636771653106379,2177
46,4,Asian,-0.07023868459378824,2078
46,4,Multiracial,0.015846910870286095,1197
46,5,White,-0.0025245354439154826,2510
46,5,Black,0.04201776951313506,2336
46,5,Hispanic,0.02673518704486319,1867
46,5,Asian,-0.05502477870040488,2198
46,5,Multiracial,0.013750476437144183,1274
46,6,Hispanic,0.01963804359224329,1808
46,6,Black,0.049732681365526,2384
46,6,Asian,-0.06462460521952294,2171
46,6,White,0.017856214136975284,2435
46,6,Multiracial,-0.002033444875230998,1246
46,7,Hispanic,0.02257313680007841,1834
46,7,Black,0.059275068220347026,2286
46,7,Asian,-0.07471023341011211,2181
46,7,White,0.004956461044049393,2353
46,7,Multiracial,0.016392485073735228,1305
46,8,White,0.012157774988888433,2221
46,8,Asian,-0.06546022272473848,1791
46,8,Black,0.04927130404173483,2104
46,8,Hispanic,-0.0012114488642858629,1577
46,8,Multiracial,0.006578375467431003,1114
46,9,White,0.006554528790236286,2414
46,9,Asian,-0.06776751635665075,2044
46,9,Black,0.04455354545492279,2252
46,9,Hispanic,0.03090374471987555,1730
46,9,Multiracial,-0.0009625725431032305,1198
47,0,Asian,-0.029931180220889177,2118
47,0,Black,0.05631039727806535,2363
47,0,Multiracial,0.009854106585975906,1221
47,0,Hispanic,-0.00406304106404978,1769
47,0,White,-0.001621960503856036,2380
47,1,Hispanic,0.014668852192115403,1672
47,1,Black,0.041276292574451416,2195
47,1,White,-0.009633520703732093,2309
47,1,Multiracial,0.02225907829385337,1165
47,1,Asian,-0.0503547814629963,1999
47,2,Hispanic,0.017663012456321316,1869
47,2,Multiracial,0.0184568331260687,1368
47,2,Black,0.05075553404073293,2404
47,2,White,-0.004702064396003243,2554
47,2,Asian,-0.07492024766959442,2178
47,3,Hispanic,0.01280757220405371,1714
47,3,Multiracial,0.0029269791573493615,1230
47,3,White,-0.002470472503555711,2379
47,3,Asian,-0.06281833162680227,2084
47,3,Black,0.046522833972550144,2384
47,4,White,0.0037058548912218517,2467
47,4,Multiracial,0.01168203574021725,1315
47,4,Black,0.042958114652652236,2320
47,4,Asian,-0.06638368242865288,2179
47,4,Hispanic,0.008114649740549297,1758
47,5,Multiracial,0.006749792546694597,1349
47,5,Black,0.040785082895358024,2462
47,5,Asian,-0.058965569890658154,2258
47,5,Hispanic,0.007527517604879905,1917
47,5,White,0.0021208977382561884,2713
47,6,Hispanic,0.018873426546313667,1731
47,6,Black,0.049153525440960855,2294
47,6,White,-0.016157632559802085,2511
47,6,Asian,-0.0731459832630814,2153
47,6,Multiracial,0.01282088072926435,1249
47,7,Black,0.05417756009501026,2447
47,7,Multiracial,0.03529544432833204,1352
47,7,Hispanic,0.014374159506303103,1782
47,7,Asian,-0.07236540672760511,2134
47,7,White,-0.0018659474908773916,2466
47,8,White,0.00822782041413424,2565
47,8,Black,0.03844590882956048,2481
47,8,Asian,-0.054753374883286826,2366
47,8,Multiracial,0.013488487672450289,1405
47,8,Hispanic,0.01501352213295971,1832
47,9,Black,0.042112904197109606,2214
47,9,Hispanic,0.032278779754092074,1621
47,9,White,0.010630845244087075,2341
47,9,Asian,-0.0790129566817118,1992
47,9,Multiracial,0.015858911055120627,1217
48,0,Black,0.0464734927969361,2419
48,0,Asian,-0.060582468785650545,2121
48,0,Multiracial,0.025408723922348525,1232
48,0,White,0.008078724742241663,2555
48,0,Hispanic,0.0023215270826731794,1825
48,1,White,-0.00974939917561109,2484
48,1,Hispanic,0.019898976126633855,1790
48,1,Asian,-0.08051482813677457,2096
48,1,Black,0.04534058884109318,2435
48,1,Multiracial,0.02720554054008226,1311
48,2,White,0.005918712927274186,2586
48,2,Black,0.04353096732093107,2401
48,2,Multiracial,0.003464311108775966,1327
48,2,Hispanic,0.014478991453896405,1911
48,2,Asian,-0.03949635162803726,2223
48,3,Asian,-0.05854083059543358,2124
48,3,Black,0.036651023068632375,2255
48,3,White,-0.00012769608181690016,2360
48,3,Hispanic,0.018050303633036738,1759
48,3,Multiracial,0.005234254061610981,1224
48,4,White,-0.009414420584297872,2568
48,4,Black,0.04864100554409699,2433
48,4,Asian,-0.06419629773109471,2188
48,4,Hispanic,0.015088694087670228,1797
48,4,Multiracial,0.01656959406664444,1314
48,5,Hispanic,0.012326322668477122,1868
48,5,Asian,-0.06992641336801085,2179
48,5,Black,0.05261334865551533,2382
48,5,White,0.004259041480081638,2577
48,5,Multiracial,0.02005695232810399,1289
48,6,Black,0.045835852621824914,2621
48,6,White,-0.011353565747641445,2690
48,6,Multiracial,0.016136954172708478,1436
48,6,Asian,-0.06320642509491906,2283
48,6,Hispanic,-0.007393876487208994,1944
48,7,Black,0.05734954894061472,2440
48,7,White,-0.008088291423612948,2565
48,7,Multiracial,0.002219567450257228,1362
48,7,Hispanic,0.017749728735527773,1873
48,7,Asian,-0.07503052536200852,2211
48,8,Black,0.045306806666539426,2420
48,8,White,0.006650978710541901,2523
48,8,Hispanic,0.013508978429276543,1806
48,8,Asian,-0.07842925634458149,2242
48,8,Multiracial,0.02840742148122905,1314
48,9,White,-0.005868640137881048,2619
48,9,Black,0.04643303880173949,2486
48,9,Asian,-0.04444692781085036,2297
48,9,Multiracial,0.015591577341098983,1331
48,9,Hispanic,0.006605240424287013,1903
49,0,White,-0.002762705951416205,2671
49,0,Asian,-0.06398890063236848,2305
49,0,Hispanic,0.025149542622840033,1816
49,0,Multiracial,0.002359127094973917,1331
49,0,Black,0.04367131393344385,2454
49,1,White,0.0014098856809420844,2569
49,1,Asian,-0.058470120642336136,2253
49,1,Black,0.046845121388304906,2500
49,1,Hispanic,0.009545225761012105,1806
49,1,Multiracial,0.03839350841554926,1346
49,2,Hispanic,0.011097584230018285,1849
49,2,Asian,-0.05797524872535684,2233
49,2,Black,0.04968464697249938,2362
49,2,Multiracial,0.038364534783312,1322
49,2,White,0.002864636817547104,2603
49,3,Black,0.04054651664492345,2750
49,3,Asian,-0.05633007029278532,2387
49,3,White,0.0050524547370314555,2806
49,3,Hispanic,0.01081029924038103,2019
49,3,Multiracial,0.016181123050418043,1490
49,4,White,0.018440153575442014,2478
49,4,Multiracial,0.012133925856663109,1336
49,4,Hispanic,0.004372387265078547,1885
49,4,Asian,-0.046021109757900545,2239
49,4,Black,0.02724411729956933,2388
49,5,Hispanic,0.024331977113825273,1919
49,5,Asian,-0.04716151001010833,2309
49,5,White,0.0015314744575384315,2676
49,5,Black,0.048494088983279046,2499
49,5,Multiracial,0.005359202576985168,1358
49,6,Black,0.03536523859457756,2528
49,6,Hispanic,-0.004345419364663573,1992
49,6,White,-0.002738116170720966,2558
49,6,Asian,-0.06177662326095943,2333
49,6,Multiracial,0.02710020181229614,1448
49,7,Black,0.04279764096671561,2518
49,7,Multiracial,0.047496445404702936,1315
49,7,Asian,-0.05770866662518405,2169
49,7,White,0.00047956746007303926,2503
49,7,Hispanic,0.013391330486795671,1868
49,8,Hispanic,0.011406976428149428,1914
49,8,Black,0.05647228335336784,2592
49,8,White,-0.018314815946245667,2718
49,8,Multiracial,0.02671911093084612,1450
49,8,Asian,-0.0634122168247301,2376
49,9,Black,0.04782010352901927,2418
49,9,White,0.017255485131822852,2548
49,9,Asian,-0.06128210455121395,2217
49,9,Hispanic,0.0050807758517585015,1864
49,9,Multiracial,0.01398370740495617,1270
50,0,Hispanic,-0.009351115218136079,1930
50,0,White,0.0008077906596745179,2646
50,0,Black,0.043796472084494914,2446
50,0,Asian,-0.043792796055627234,2323
50,0,Multiracial,0.014437546155303743,1389
50,1,White,-0.0024742632989958597,2681
50,1,Hispanic,0.024931923934474846,1999
50,1,Asian,-0.07053379176908554,2312
50,1,Black,0.03421479961523191,2581
50,1,Multiracial,0.01838075976847057,1414
50,2,Black,0.03995038676885365,2568
50,2,Multiracial,0.0034897555306820324,1426
50,2,White,-0.004429988192218589,2677
50,2,Asian,-0.059255606937389835,2244
50,2,Hispanic,-0.0010059411419488288,1971
50,3,Multiracial,-0.0002227002958655805,1338
50,3,Black,0.04038237369806097,2454
50,3,White,0.009801840564829767,2617
50,3,Hispanic,0.023549476720744447,1868
50,3,Asian,-0.0535594282152342,2207
50,4,Hispanic,0.01246757470505766,1998
50,4,White,-0.001611330068954077,2798
50,4,Multiracial,0.014362309589386309,1406
50,4,Black,0.044397953121548074,2632
50,4,Asian,-0.0681685756306285,2402
50,5,Multiracial,-0.002601857530132206,1414
50,5,White,-0.004312677152976359,2539
50,5,Hispanic,0.011734407230992398,1876
50,5,Black,0.053821751841473364,2460
50,5,Asian,-0.0537248841230733,2301
50,6,Multiracial,0.005236748449986226,1338
50,6,Asian,-0.052035563655047946,2238
50,6,Black,0.041993340571304494,2585
50,6,White,0.013037830855565717,2680
50,6,Hispanic,0.022891465649556478,1932
50,7,Hispanic,0.014752325976551135,1976
50,7,White,-0.0051712803227431615,2689
50,7,Asian,-0.06394135177316973,2366
50,7,Black,0.04183232368881732,2580
50,7,Multiracial,0.023224448714197325,1426
50,8,White,-0.007116785792843465,2665
50,8,Black,0.04045844281320834,2615
50,8,Hispanic,0.009070945035637235,1924
50,8,Multiracial,0.02491753676842753,1410
50,8,Asian,-0.05940606536666271,2282
50,9,Black,0.033364394385860925,2403
50,9,White,0.007474792787091668,2630
50,9,Hispanic,0.018817217820800668,1876
50,9,Asian,-0.0599989408216954,2238
50,9,Multiracial,0.02578645898549874,1400
51,0,Black,0.049054559202730864,2719
51,0,White,-0.012024251955587255,2845
51,0,Asian,-0.06291864634977826,2535
51,0,Hispanic,0.003784256370931241,2064
51,0,Multiracial,0.012226569773790455,1499
51,1,White,-0.006192671558002786,2766
51,1,Hispanic,0.012739631441653526,2011
51,1,Black,0.04300389935574891,2719
51,1,Asian,-0.05882791916865958,2433
51,1,Multiracial,0.043771978139940125,1424
51,2,Asian,-0.057192349623389545,2340
51,2,Multiracial,0.010036760405025453,1361
51,2,Hispanic,0.021600734660793625,1845
51,2,Black,0.03340678791818128,2557
51,2,White,-0.00534479631584045,2642
51,3,Asian,-0.048391180954574904,2194
51,3,Black,0.05803075348703767,2444
51,3,Hispanic,0.011975654157687277,1777
51,3,White,-0.008270005253328326,2513
51,3,Multiracial,0.02416535349735667,1415
51,4,Hispanic,0.013127821282490102,1914
51,4,Multiracial,0.01372218092234286,1344
51,4,Black,0.04993372039530083,2492
51,4,Asian,-0.048927976900049616,2242
51,4,White,-0.013008587175624609,2549
51,5,White,-0.0014997993984944042,2616
51,5,Multiracial,0.01801055254699597,1303
51,5,Asian,-0.06407298624914838,2188
51,5,Black,0.03294379289205108,2438
51,5,Hispanic,-0.0006286856992306067,1783
51,6,Asian,-0.04635494871770239,2372
51,6,Hispanic,0.02287893041941159,1967
51,6,White,0.013500523266259782,2703
51,6,Black,0.04050074914285966,2675
51,6,Multiracial,0.017187286157562088,1387
51,7,Asian,-0.06193322300227138,2396
51,7,Multiracial,0.010789247913224385,1398
51,7,White,0.0006362150451832776,2794
51,7,Black,0.05012710732183418,2604
51,7,Hispanic,0.02612314472539457,1963
51,8,Multiracial,0.012207233980741083,1367
51,8,Black,0.03687316700169177,2463
51,8,White,-0.004611081783337812,2645
51,8,Asian,-0.05958741380586285,2337
51,8,Hispanic,0.007293033359404798,1940
51,9,Multiracial,0.02471895354168152,1419
51,9,Black,0.03874748905307681,2518
51,9,Asian,-0.03798257992302441,2310
51,9,Hispanic,-0.00784039664112933,1893
51,9,White,0.017594448902107547,2605
52,0,Asian,-0.08148007194694061,2353
52,0,Black,0.039022653939193304,2607
52,0,White,0.006589746092771032,2635
52,0,Multiracial,0.015589646597296154,1433
52,0,Hispanic,0.029767560696529926,1979
52,1,Asian,-0.0786614945224327,2415
52,1,White,-0.00020423388133545149,2858
52,1,Black,0.048709636533444636,2572
52,1,Hispanic,0.021741286693346705,1963
52,1,Multiracial,0.00991933065493447,1522
52,2,Black,0.03826496170151074,2549
52,2,Hispanic,-0.0009354448683766679,2113
52,2,Multiracial,0.0043398296554283365,1434
52,2,White,0.0008876674052314744,2951
52,2,Asian,-0.04614650398887918,2531
52,3,Hispanic,0.026914410375526887,1953
52,3,White,0.010604164207772748,2927
52,3,Asian,-0.07161362879911083,2403
52,3,Black,0.04335836246982169,2700
52,3,Multiracial,0.004601727742605694,1395
52,4,White,0.0017300869306453323,2697
52,4,Asian,-0.05844947178260127,2373
52,4,Multiracial,0.010751731387146878,1373
52,4,Black,0.03315085498821846,2532
52,4,Hispanic,0.008999965486545821,2038
52,5,White,0.008772791130500845,2729
52,5,Multiracial,0.01941080405200213,1499
52,5,Black,0.05613224057418867,2647
52,5,Asian,-0.08150727105496636,2382
52,5,Hispanic,-0.0010769904331880973,1964
52,6,Hispanic,0.030084185520115124,2024
52,6,Black,0.04326642726168676,2804
52,6,White,0.01007735844479534,3016
52,6,Asian,-0.06771969802561523,2546
52,6,Multiracial,-0.0050348703757103945,1560
52,7,Black,0.03774570078999769,2777
52,7,Asian,-0.0575667965960491,2551
52,7,Hispanic,0.013915388453785383,2172
52,7,Multiracial,0.00960886082996271,1498
52,7,White,-0.001332730362109476,3051
52,8,White,0.004608181928233946,2762
52,8,Hispanic,0.009196400138788335,1987
52,8,Black,0.04844854240604505,2651
52,8,Asian,-0.05793557920852258,2415
52,8,Multiracial,0.019841815103328064,1349
52,9,Hispanic,0.007112361064173513,2042
52,9,White,0.015773603811489356,2764
52,9,Asian,-0.0780510431932828,2421
52,9,Multiracial,0.0122556620859546,1482
52,9,Black,0.03892565091636332,2616
53,0,Asian,-0.05839781663586554,2447
53,0,Multiracial,0.011151709420145539,1421
53,0,White,-0.008008738547568997,2870
53,0,Hispanic,0.01889353419843104,1980
53,0,Black,0.055169827044654327,2722
53,1,Hispanic,0.00984679154989562,1995
53,1,Asian,-0.06166330134860876,2352
53,1,White,0.008498894692679719,2739
53,1,Black,0.0436051364237587,2663
53,1,Multiracial,0.0322128576689546,1426
53,2,White,0.0005944202957872358,2954
53,2,Black,0.06331626214221202,2906
53,2,Asian,-0.07250066599164026,2577
53,2,Hispanic,0.010327537590952682,2178
53,2,Multiracial,0.03371178920660372,1560
53,3,White,0.0009874488087138432,2819
53,3,Asian,-0.05495093031875935,2547
53,3,Hispanic,0.0034351063877073275,2102
53,3,Black,0.05383569544021777,2731
53,3,Multiracial,0.005396470794409135,1556
53,4,White,0.0060942543928981414,2874
53,4,Black,0.03920501472453502,2824
53,4,Hispanic,0.00645101343341087,2114
53,4,Asian,-0.06492212625187065,2503
53,4,Multiracial,0.007605083009129509,1488
53,5,White,0.0028053545105635796,2830
53,5,Asian,-0.06109718089951218,2583
53,5,Multiracial,0.0262117759062445,1454
53,5,Black,0.04055110063503031,2792
53,5,Hispanic,0.0072963696227691015,2093
53,6,Black,0.052070901800665266,2475
53,6,Hispanic,0.01364205790791274,1901
53,6,Asian,-0.055855866913878595,2261
53,6,Multiracial,-0.00388883688690038,1370
53,6,White,0.009693269588079933,2581
53,7,Multiracial,0.02376147758591836,1490
53,7,Black,0.0514836988424527,2744
53,7,White,0.0015936591651457292,2791
53,7,Hispanic,-0.0044019264637135845,2078
53,7,Asian,-0.06169298218025292,2487
53,8,Asian,-0.0451616000487309,2546
53,8,Black,0.04119500594840584,2744
53,8,Hispanic,-0.0042809136022323975,2145
53,8,White,0.004062552647830912,2906
53,8,Multiracial,0.03687019669041539,1518
53,9,Multiracial,0.02260298596367996,1430
53,9,Black,0.05313888025723623,2737
53,9,Asian,-0.06659220591275401,2539
53,9,White,-0.014534654584806577,2764
53,9,Hispanic,0.014687153520317185,1969
54,0,Black,0.04486753973620911,2972
54,0,Asian,-0.042508781218934796,2616
54,0,Hispanic,0.007754880558109408,2119
54,0,White,-0.0002639114229339361,2989
54,0,Multiracial,0.021523650764693078,1550
54,1,White,0.0108247674380991,2919
54,1,Multiracial,0.012195218685236766,1466
54,1,Asian,-0.06788728230050227,2434
54,1,Black,0.035406939762299874,2691
54,1,Hispanic,0.002078315108537407,2032
54,2,White,0.011704881473581445,2996
54,2,Black,0.03734500081907873,2889
54,2,Multiracial,0.011258461940459522,1675
54,2,Hispanic,0.01175533766324146,2240
54,2,Asian,-0.06302716385270833,2671
54,3,Asian,-0.08161631092757632,2653
54,3,Multiracial,0.022195985246175446,1619
54,3,White,-0.0009390843976676126,3006
54,3,Black,0.042505962655177955,2960
54,3,Hispanic,0.02059653005316765,2279
54,4,White,0.003636190429951002,3041
54,4,Multiracial,0.007292653089766758,1581
54,4,Hispanic,0.013222202083114863,2146
54,4,Black,0.04579839744224293,2790
54,4,Asian,-0.039445107536455117,2580
54,5,Hispanic,0.010798296457660735,2082
54,5,White,-0.002021795568774548,2989
54,5,Asian,-0.060878844674280674,2487
54,5,Black,0.041940840547323395,2771
54,5,Multiracial,0.01914806747387711,1544
54,6,White,0.003475904868882835,2801
54,6,Black,0.04914658817196091,2731
54,6,Multiracial,0.014091544901887333,1524
54,6,Hispanic,0.022277724944189614,2045
54,6,Asian,-0.06104023510671485,2443
54,7,White,0.003653649726693609,2930
54,7,Asian,-0.06152813108582838,2485
54,7,Hispanic,0.016643988535614745,2120
54,7,Multiracial,-0.002755904734388217,1452
54,7,Black,0.048931645030755956,2720
54,8,Asian,-0.05186176052397999,2464
54,8,White,-0.0001038627209598916,2961
54,8,Multiracial,0.01867083072951642,1591
54,8,Black,0.05383598350565377,2812
54,8,Hispanic,0.013055610151013359,2101
54,9,White,-0.0065620843106756815,2870
54,9,Black,0.05030773448019753,2702
54,9,Multiracial,0.00042564477903693856,1504
54,9,Asian,-0.06336474205222445,2426
54,9,Hispanic,0.003054001633259729,2044
55,0,Hispanic,0.004405879159826975,2224
55,0,White,-0.000788367111032465,3092
55,0,Black,0.038819964264237054,2972
55,0,Multiracial,0.01747917621834428,1624
55,0,Asian,-0.05431724423983601,2669
55,1,Multiracial,0.03783412550403874,1523
55,1,Hispanic,0.01542707091251081,2089
55,1,White,0.005923922346954205,2935
55,1,Asian,-0.060139654714407687,2550
55,1,Black,0.0373188734045201,2827
55,2,White,0.0035046701596981584,2902
55,2,Hispanic,0.016237491733337005,2268
55,2,Asian,-0.045064339871906355,2706
55,2,Multiracial,0.017489264143032885,1625
55,2,Black,0.030049916355387365,2973
55,3,White,0.00647042474070584,3003
55,3,Asian,-0.04679974868737062,2531
55,3,Hispanic,0.01874935552802798,2171
55,3,Multiracial,0.011170987901530238,1561
55,3,Black,0.044015496077160154,2825
55,4,White,-0.001094160077016689,3095
55,4,Hispanic,0.00785444304865701,2320
55,4,Black,0.045652912975503564,2974
55,4,Asian,-0.06060585804357304,2635
55,4,Multiracial,0.020887557324485037,1562
55,5,Hispanic,0.013112387404904797,2176
55,5,Black,0.054216209288999465,2928
55,5,Asian,-0.06390126493395443,2741
55,5,Multiracial,0.034983234499348724,1683
55,5,White,-0.004113789307982266,3172
55,6,Asian,-0.06418336373146342,2618
55,6,Hispanic,0.0032160630319824236,2069
55,6,White,0.005269701287186387,2860
55,6,Multiracial,0.016064535137026187,1535
55,6,Black,0.03786408798561387,2849
55,7,Hispanic,0.006980463859788756,2171
55,7,Asian,-0.05767309988286621,2674
55,7,White,-0.01071907098931458,3050
55,7,Black,0.046038833029904885,2876
55,7,Multiracial,0.03025458260948666,1536
55,8,White,0.011144144635285173,3027
55,8,Black,0.05113679039517463,2848
55,8,Hispanic,0.008537675444566399,2223
55,8,Multiracial,0.008439579248626745,1662
55,8,Asian,-0.06396806992305622,2716
55,9,Hispanic,0.023843226285208206,2186
55,9,White,0.0006099538732163459,3126
55,9,Asian,-0.06233726228239808,2721
55,9,Black,0.0255901957263806,2966
55,9,Multiracial,0.035337429539620005,1578
56,0,Asian,-0.06262792698934325,2701
56,0,Hispanic,0.024295283397325316,2351
56,0,Black,0.036122892848418436,3149
56,0,White,0.009996957096128078,3153
56,0,Multiracial,0.010491431009223234,1570
56,1,Multiracial,0.0216003963480449,1632
56,1,White,-0.020342701170899178,3104
56,1,Black,0.05166102016842741,2993
56,1,Hispanic,0.014122968783771445,2220
56,1,Asian,-0.0521758074339781,2703
56,2,Multiracial,0.006585063007824462,1608
56,2,Hispanic,0.004410478093120299,2165
56,2,Asian,-0.04803817085364335,2667
56,2,White,-0.00406119540279618,3069
56,2,Black,0.04801738291608054,2971
56,3,Asian,-0.059558423800462945,2727
56,3,Hispanic,0.02553831761291989,2225
56,3,Black,0.03591359927246484,3034
56,3,White,0.00539962286402374,3098
56,3,Multiracial,0.011416229541778166,1675
56,4,Hispanic,0.009976159670734406,2265
56,4,Multiracial,0.04103806104274199,1686
56,4,Black,0.04484256238252914,2944
56,4,Asian,-0.05959289240268143,2709
56,4,White,-0.002863384255112743,3158
56,5,Hispanic,0.009264233384803722,2197
56,5,Black,0.0406564217421077,3043
56,5,Asian,-0.05719783252569883,2721
56,5,Multiracial,0.002529099466443323,1604
56,5,White,0.01201398771858328,3129
56,6,Black,0.04812758112853851,3135
56,6,White,-0.0004559387998158716,3164
56,6,Multiracial,0.002416092440576182,1716
56,6,Hispanic,0.002589121134298706,2296
56,6,Asian,-0.053594517342344855,2790
56,7,Black,0.04727331744746148,3014
56,7,White,-0.007405957440554064,3117
56,7,Asian,-0.05582729805273245,2702
56,7,Multiracial,0.012543959225635087,1601
56,7,Hispanic,0.004275588258114585,2214
56,8,White,-0.00015654927822263872,3007
56,8,Multiracial,0.01358428077255325,1553
56,8,Asian,-0.07082245752616836,2619
56,8,Black,0.040285355514000365,2799
56,8,Hispanic,0.009466638121282409,2278
56,9,Hispanic,0.013020461926527555,2202
56,9,White,-0.007139087966497756,3057
56,9,Asian,-0.037222165528386544,2667
56,9,Black,0.03765257568973175,2857
56,9,Multiracial,0.014290357915164843,1587
57,0,Hispanic,0.018352314586601415,2372
57,0,Asian,-0.05458007876586017,2814
57,0,White,0.009010099094550549,3250
57,0,Black,0.025438218722009017,3128
57,0,Multiracial,0.021539226062583485,1766
57,1,Multiracial,0.013885310712904263,1695
57,1,Asian,-0.06311468867523064,2644
57,1,Hispanic,0.013568203985426243,2246
57,1,White,0.0026935150459151797,3089
57,1,Black,0.03975366175854111,2923
57,2,Black,0.010799328865467679,2934
57,2,White,-0.006914140573550521,3121
57,2,Hispanic,0.0048240468197868385,2264
57,2,Multiracial,0.027565442923340008,1592
57,2,Asian,-0.044010155756021116,2674
57,3,White,0.009593151816088719,3167
57,3,Multiracial,-0.005831779401104873,1585
57,3,Asian,-0.06754337256697794,2843
57,3,Hispanic,-0.0008403843378318531,2340
57,3,Black,0.04758634108727424,2999
57,4,White,0.006146301617652266,3312
57,4,Hispanic,-0.0013493278142545021,2380
57,4,Asian,-0.042791186890334156,2925
57,4,Multiracial,0.03543747218315291,1737
57,4,Black,0.04093115208429984,3088
57,5,Multiracial,0.0018526813465595112,1669
57,5,Asian,-0.07279319106217805,2603
57,5,Black,0.04061621744422942,2857
57,5,Hispanic,0.031926549705589204,2235
57,5,White,0.009584662921339094,3003
57,6,Black,0.03957671940543552,2924
57,6,Asian,-0.03652635043037809,2819
57,6,White,0.013820546235426202,3133
57,6,Multiracial,0.024596461519510695,1649
57,6,Hispanic,-0.004791683617905898,2184
57,7,Black,0.04263016195465553,3036
57,7,Asian,-0.06741837765406845,2672
57,7,Multiracial,0.036484196203687036,1700
57,7,Hispanic,0.0025459024790496516,2293
57,7,White,-0.0033215226810018477,3289
57,8,White,0.018349962867383433,3095
57,8,Black,0.049897150528201484,2885
57,8,Hispanic,0.021274621691081953,2117
57,8,Multiracial,-0.005770525154085785,1577
57,8,Asian,-0.06368226584838489,2632
57,9,Black,0.033079476242002755,3044
57,9,White,-0.0010720317874300554,3180
57,9,Hispanic,0.02287881374846622,2300
57,9,Multiracial,0.013573591391619722,1610
57,9,Asian,-0.05160147002766045,2741
58,0,Hispanic,0.01873349985845319,2188
58,0,Asian,-0.04863502262660176,2597
58,0,White,0.00101236858568089,3039
58,0,Black,0.03940231107468802,2933
58,0,Multiracial,0.008332468100454023,1645
58,1,Asian,-0.06289166164861827,2743
58,1,Multiracial,0.021313078014248348,1654
58,1,White,-0.018440062097870476,3160
58,1,Hispanic,0.01585550450483102,2364
58,1,Black,0.04267026020606423,3011
58,2,Asian,-0.04355374254273121,2878
58,2,Hispanic,-0.006286266845763388,2344
58,2,White,-0.006633917261129412,3168
58,2,Multiracial,0.006363768890193444,1598
58,2,Black,0.05643549644284191,3112
58,3,Asian,-0.04864637745764874,2905
58,3,Multiracial,0.011968373542819669,1663
58,3,Black,0.03616955380715417,3186
58,3,White,0.0012523999892449366,3339
58,3,Hispanic,0.010204526730216395,2405
58,4,Multiracial,0.01687784176625919,1706
58,4,Black,0.04358131708726612,3155
58,4,Asian,-0.049475759286676246,2769
58,4,Hispanic,0.01653348394519505,2364
58,4,White,-0.008817222063879755,3226
58,5,White,-0.005545019763538719,3205
58,5,Asian,-0.061930199348772134,2903
58,5,Hispanic,0.029412853213456915,2452
58,5,Multiracial,0.021501831483613155,1734
58,5,Black,0.03976232953777695,3150
58,6,Asian,-0.07062384163609094,2712
58,6,Black,0.04356394502942126,3043
58,6,Multiracial,0.0014516057941073833,1667
58,6,Hispanic,-0.001837242963405446,2344
58,6,White,0.012348849555826815,3280
58,7,Black,0.037858374872534385,2963
58,7,White,0.008863512942535028,3274
58,7,Asian,-0.05232209932097078,2780
58,7,Multiracial,-0.0018490706655914602,1727
58,7,Hispanic,0.0024844828637428486,2415
58,8,White,-0.005824680939976137,3207
58,8,Hispanic,0.006222592455295633,2243
58,8,Multiracial,0.010876270250747683,1653
58,8,Black,0.04133192914723305,3115
58,8,Asian,-0.05599102175763945,2884
58,9,Hispanic,0.013608112268532438,2343
58,9,White,-0.004873071105724672,3168
58,9,Asian,-0.06404309979362698,2882
58,9,Black,0.03748633340271342,3144
58,9,Multiracial,0.020154856459538035,1736
59,0,Black,0.05619960744518971,3323
59,0,Multiracial,-0.001499767087968804,1860
59,0,Asian,-0.07035716094873529,2992
59,0,Hispanic,0.019894331770580396,2451
59,0,White,0.00853650644011143,3475
59,1,Multiracial,0.022421787885831216,1760
59,1,Black,0.04557754245388119,3035
59,1,Asian,-0.057690894466246534,2870
59,1,Hispanic,0.0050462101530653804,2339
59,1,White,0.004368358668889388,3269
59,2,White,0.01655005703896762,3495
59,2,Hispanic,0.010879521792596634,2508
59,2,Asian,-0.05237555237672395,2935
59,2,Black,0.0343294531091897,3269
59,2,Multiracial,0.013918351228662527,1831
59,3,Multiracial,0.013075620533526561,1712
59,3,White,0.015264541074534654,3359
59,3,Asian,-0.06692548718506064,2745
59,3,Hispanic,0.008302707779532147,2350
59,3,Black,0.03741864610842564,3164
59,4,Black,0.05150875910848999,3227
59,4,White,0.0005993931909680204,3485
59,4,Asian,-0.05742154798639419,3069
59,4,Multiracial,-0.01086942180245556,1787
59,4,Hispanic,0.016957563513444403,2527
59,5,White,0.007101639041056591,3410
59,5,Hispanic,0.0070315600056815595,2333
59,5,Asian,-0.05254302079552851,2850
59,5,Black,0.03395780915305727,3221
59,5,Multiracial,0.021779119818844964,1691
59,6,Black,0.04693228420680532,3299
59,6,White,-0.0018354766983499468,3426
59,6,Hispanic,0.008972157296487357,2558
59,6,Asian,-0.0549224568788683,3082
59,6,Multiracial,0.00035823135207608994,1842
59,7,Hispanic,0.005431694041529967,2312
59,7,Black,0.03865295335116724,3171
59,7,Multiracial,0.03016533448484142,1764
59,7,White,-0.006392875878157867,3258
59,7,Asian,-0.03774446610222278,2825
59,8,Hispanic,0.027750009522722354,2547
59,8,Black,0.03826476349030493,3259
59,8,Multiracial,0.01689001285087747,1778
59,8,Asian,-0.07355993772196576,3026
59,8,White,0.017971220267368183,3366
59,9,White,0.01705453822315986,3425
59,9,Multiracial,0.005795033655809749,1804
59,9,Asian,-0.04948088036884345,2837
59,9,Hispanic,0.0035441469134995136,2450
59,9,Black,0.047355793168601897,3107
60,0,Multiracial,0.025357534292670847,1905
60,0,Black,0.028655977044373483,3489
60,0,White,0.0012840090718920234,3657
60,0,Hispanic,0.013628248520208133,2595
60,0,Asian,-0.05829265325780497,3109
60,1,Asian,-0.05681753940337346,3048
60,1,White,0.012259771690548982,3479
60,1,Black,0.03610647083914163,3322
60,1,Multiracial,-0.014502383255153014,1860
60,1,Hispanic,0.02216492264917076,2569
60,2,Black,0.04624046532308483,3262
60,2,Multiracial,0.02244200882009357,1797
60,2,Asian,-0.059739340973544955,3060
60,2,White,0.0033691390642276295,3424
60,2,Hispanic,4.2882585613681775e-05,2614
60,3,Asian,-0.050151647657981316,2934
60,3,Hispanic,0.005300094270445226,2452
60,3,Black,0.04066290834131377,3308
60,3,Multiracial,0.02155677429777872,1768
60,3,White,0.0005455204743486796,3393
60,4,Asian,-0.06840574654016277,3103
60,4,Hispanic,-0.0009277625427546549,2439
60,4,Black,0.04505042124243389,3286
60,4,White,0.004920421476392796,3463
60,4,Multiracial,0.022480731320295343,1799
60,5,White,0.0043151300268544175,3246
60,5,Asian,-0.06512546762697462,2802
60,5,Black,0.04846185584996017,2983
60,5,Multiracial,0.0065192679624221355,1635
60,5,Hispanic,0.014927415481465929,2286
60,6,Black,0.04937109788002794,3013
60,6,Hispanic,0.00990357245643356,2282
60,6,Multiracial,0.021214727191222957,1686
60,6,Asian,-0.044092391736497996,2726
60,6,White,-0.002109445433428829,3127
60,7,White,0.006791835005961886,3441
60,7,Hispanic,0.007002577657771239,2492
60,7,Asian,-0.04292027830275614,2883
60,7,Black,0.02825542476334917,3212
60,7,Multiracial,0.020632847511926976,1766
60,8,Black,0.04564244100904558,3092
60,8,Multiracial,0.016638894918921197,1779
60,8,White,0.0053216936555401636,3267
60,8,Asian,-0.07906820076020392,2798
60,8,Hispanic,0.010138577660473169,2378
60,9,Hispanic,0.011093074381530926,2530
60,9,White,-0.020586188671445772,3526
60,9,Multiracial,0.01426384698141144,1940
60,9,Black,0.04623014646846852,3417
60,9,Asian,-0.04053917203483356,3107
61,0,Asian,-0.06457941691292975,3207
61,0,Black,0.05264167661046778,3582
61,0,Hispanic,0.009103334832567929,2548
61,0,White,0.005188080546331543,3629
61,0,Multiracial,0.010303408257191799,1909
61,1,Hispanic,0.01609219996744375,2447
61,1,Asian,-0.05209238594220212,3044
61,1,White,0.012007202939841118,3611
61,1,Black,0.04584184584723969,3293
61,1,Multiracial,0.000412991558669663,1870
61,2,White,0.010431340495157449,3550
61,2,Asian,-0.050427570471028305,3050
61,2,Hispanic,-0.005367162199728112,2455
61,2,Multiracial,0.015865375775408645,1745
61,2,Black,0.04222845927646358,3283
61,3,White,-0.00038394182823035024,3529
61,3,Asian,-0.05563153938348771,2958
61,3,Black,0.03852359796898833,3356
61,3,Hispanic,0.007590154784438794,2560
61,3,Multiracial,0.017368760311456174,1863
61,4,White,0.01914248047760629,3600
61,4,Black,0.02991788668321604,3474
61,4,Asian,-0.06371206879171593,3124
61,4,Hispanic,0.0075238516393597455,2624
61,4,Multiracial,0.008187979978175098,1875
61,5,Hispanic,0.008812940344114666,2558
61,5,White,0.006187576286869462,3712
61,5,Black,0.049254638381132795,3403
61,5,Asian,-0.05483898957396038,3101
61,5,Multiracial,0.011119165003655545,1927
61,6,White,0.000364403311261292,3539
61,6,Asian,-0.06389489942462233,2997
61,6,Hispanic,0.010502006104257328,2659
61,6,Black,0.0416125982032482,3373
61,6,Multiracial,0.019043260116589106,1760
61,7,Hispanic,-0.004610636052035619,2640
61,7,White,0.006048796698800718,3513
61,7,Black,0.04514307033635078,3327
61,7,Asian,-0.047305014480416546,3050
61,7,Multiracial,0.025271131999981402,1796
61,8,Black,0.03838216304025183,3273
61,8,White,0.000548373710433903,3456
61,8,Asian,-0.04857247195977531,3007
61,8,Hispanic,0.019476778118517304,2452
61,8,Multiracial,0.012498971403552802,1835
61,9,White,-0.008812989843322417,3451
61,9,Black,0.04645221971550587,3331
61,9,Hispanic,0.01615149463989997,2325
61,9,Asian,-0.04907905924493411,2857
61,9,Multiracial,0.007648429147942525,1758
62,0,White,0.00017306568502881812,3434
62,0,Black,0.042306169678228464,3291
62,0,Hispanic,0.00546690549343321,2532
62,0,Asian,-0.05321972817564831,2989
62,0,Multiracial,0.015391285001955732,1763
62,1,Black,0.036425652781314856,3505
62,1,Asian,-0.043374941608226754,3203
62,1,White,-0.009927740264529111,3698
62,1,Multiracial,0.019737407949006268,1949
62,1,Hispanic,0.017813879599004274,2647
62,2,Asian,-0.042129147060803035,3268
62,2,Black,0.05308824743920512,3769
62,2,Multiracial,-0.0027568501025031474,2021
62,2,White,-0.015257100308621645,3797
62,2,Hispanic,0.00028963019431455964,2769
62,3,Asian,-0.057984643376529324,3397
62,3,Black,0.03763469404269162,3819
62,3,White,0.00800097078655299,3862
62,3,Hispanic,0.0016185102503865122,2864
62,3,Multiracial,0.007674417656352007,2050
62,4,Black,0.03300914997371293,3140
62,4,Multiracial,0.023193307426777273,1820
62,4,Hispanic,0.010254145469257169,2466
62,4,White,0.013311631755218392,3352
62,4,Asian,-0.06952312166922352,2920
62,5,White,0.005943043998182678,3655
62,5,Multiracial,0.0016111091285189217,1964
62,5,Hispanic,0.005932170271091342,2649
62,5,Asian,-0.04705445217291101,3185
62,5,Black,0.039628836653991306,3551
62,6,Asian,-0.04855340894802101,2964
62,6,White,-0.00023998373725347624,3462
62,6,Hispanic,0.012482777816288964,2470
62,6,Black,0.04038131064395031,3294
62,6,Multiracial,0.011138697495437862,1816
62,7,Hispanic,0.011763388531334365,2585
62,7,Black,0.03837470843099767,3520
62,7,White,0.008740090610775185,3626
62,7,Multiracial,0.010010271470247899,1854
62,7,Asian,-0.057063000734591876,3164
62,8,Asian,-0.0583119931006595,2989
62,8,Multiracial,0.0033134617096086685,1828
62,8,Black,0.045967938943238265,3304
62,8,White,0.013575308670684303,3526
62,8,Hispanic,0.0016767366570515775,2544
62,9,Asian,-0.04997121448695492,3148
62,9,Hispanic,0.011765557050160715,2595
62,9,White,-0.0018874271476316852,3629
62,9,Black,0.041000613314812105,3458
62,9,Multiracial,0.012227648094899537,1925
63,0,White,0.007376326232374584,3746
63,0,Asian,-0.05360203807710877,3283
63,0,Hispanic,0.003613997629759303,2690
63,0,Black,0.042832895649901816,3628
63,0,Multiracial,0.022386611797571582,1962
63,1,Hispanic,0.008300523449994627,2621
63,1,Multiracial,0.02044478264849595,1866
63,1,Asian,-0.0565060365692188,3105
63,1,Black,0.04039061355023486,3452
63,1,White,-0.00044306722805386947,3507
63,2,Black,0.058434983428213086,3580
63,2,Hispanic,-0.0007148700056483542,2758
63,2,White,-0.003457534968313561,3768
63,2,Asian,-0.06250490020173063,3335
63,2,Multiracial,0.012684680431169838,1931
63,3,Asian,-0.04586714323163861,3046
63,3,White,0.003138419735704039,3419
63,3,Multiracial,0.006517117934905381,1899
63,3,Hispanic,0.00317915673698033,2537
63,3,Black,0.047530321458837926,3396
63,4,White,0.004520226651509161,3608
63,4,Asian,-0.048198757568844744,3121
63,4,Hispanic,0.012687466635476199,2624
63,4,Multiracial,0.013141236488425186,1884
63,4,Black,0.03166529860667502,3442
63,5,White,0.007611107797753233,3665
63,5,Black,0.03736023491199041,3571
63,5,Multiracial,0.02620119258074105,1907
63,5,Asian,-0.05508224174872608,3174
63,5,Hispanic,0.006683606902639407,2610
63,6,Hispanic,0.01597736974552671,2554
63,6,Black,0.034898345552046024,3422
63,6,Multiracial,0.01047086026065757,1861
63,6,White,0.000878964947683125,3569
63,6,Asian,-0.051920724735558685,2956
63,7,White,0.013115280138828336,3760
63,7,Asian,-0.04238965830864095,3235
63,7,Black,0.03357866670538164,3626
63,7,Hispanic,0.010906116071615115,2643
63,7,Multiracial,0.018456577602785688,1980
63,8,Black,0.04412464733560672,3292
63,8,White,0.007488257394251597,3409
63,8,Asian,-0.07583384869004275,3013
63,8,Hispanic,0.007565002203468579,2451
63,8,Multiracial,0.013328153426276529,1813
63,9,White,-0.0047727667150624506,3564
63,9,Black,0.04512683522407927,3376
63,9,Multiracial,0.022704263100450126,1909
63,9,Hispanic,0.011598739915185351,2538
63,9,Asian,-0.07288372788897249,2975
64,0,Multiracial,0.030554073851681997,1981
64,0,Black,0.043373214309219116,3573
64,0,Asian,-0.05798324854290794,3285
64,0,White,-0.0003348982980237028,3736
64,0,Hispanic,0.01064783662473095,2847
64,1,Black,0.03754490506250303,3489
64,1,Asian,-0.05479013381849146,3127
64,1,Hispanic,0.013165885518934894,2549
64,1,White,-0.0030519280474236143,3639
64,1,Multiracial,0.020623328985219642,1916
64,2,White,-0.0028004976416593445,3588
64,2,Asian,-0.043196263774100956,3135
64,2,Hispanic,0.014767300532709233,2587
64,2,Multiracial,0.0076038972590502674,1896
64,2,Black,0.039875537125959044,3318
64,3,Hispanic,0.007749781337673365,2839
64,3,Asian,-0.060500362305735404,3391
64,3,White,0.012027066774369318,3843
64,3,Black,0.03752292776807562,3708
64,3,Multiracial,0.023102576418585905,2023
64,4,Hispanic,-0.004670024118553366,2817
64,4,Asian,-0.066210849607837,3237
64,4,White,0.0003227996029310261,3788
64,4,Black,0.0564600252490217,3664
64,4,Multiracial,0.005219550679403096,2042
64,5,Black,0.03435128671309274,3586
64,5,Multiracial,0.008852181594273006,2093
64,5,Hispanic,0.011441714405331836,2772
64,5,White,-0.003237822149053856,3843
64,5,Asian,-0.052003134976688195,3380
64,6,White,0.004450581771886048,3679
64,6,Hispanic,0.0006118146889501733,2733
64,6,Asian,-0.045456104463314634,3264
64,6,Black,0.03918583193428536,3564
64,6,Multiracial,0.014840308720515253,2054
64,7,Asian,-0.05309920141765683,3055
64,7,Hispanic,0.006750791479766825,2669
64,7,Multiracial,0.01839568042084382,1901
64,7,White,-0.016661674060906018,3526
64,7,Black,0.045357446507503014,3503
64,8,Asian,-0.06743585206517284,3222
64,8,Black,0.045977263513883114,3623
64,8,White,0.002339624601465475,3859
64,8,Multiracial,0.03582692074195384,1981
64,8,Hispanic,-0.005622650337710201,2665
64,9,White,-0.004655028566642121,3747
64,9,Hispanic,-0.004041092394153922,2807
64,9,Black,0.049562269495348595,3547
64,9,Asian,-0.04895964799806252,3209
64,9,Multiracial,0.007114528444967802,2112
65,0,Black,0.04144135803345229,3646
65,0,Asian,-0.05927900870405021,3455
65,0,White,0.0026772255120003766,3970
65,0,Hispanic,0.0005126004228818298,2956
65,0,Multiracial,0.012797616931417177,2093
65,1,Asian,-0.05454733383241719,3473
65,1,White,0.0032980597996858613,3928
65,1,Black,0.03747634975766343,3777
65,1,Hispanic,0.005993769466600852,2841
65,1,Multiracial,0.013105327204159408,2099
65,2,White,0.014326015461216623,3840
65,2,Asian,-0.0704275792981213,3355
65,2,Hispanic,0.022696721516855235,2796
65,2,Black,0.033848855350926535,3679
65,2,Multiracial,-0.013604578639076144,2058
65,3,White,0.0020581304757105014,3750
65,3,Hispanic,0.02025795786206732,2695
65,3,Black,0.0334372266781857,3574
65,3,Asian,-0.05791575817149664,3146
65,3,Multiracial,0.01648142575439073,1974
65,4,Asian,-0.05800452850803739,3203
65,4,White,0.011005528774602794,3605
65,4,Hispanic,0.0042368251393106815,2633
65,4,Multiracial,0.021474310754209712,1966
65,4,Black,0.0323451352076628,3543
65,5,White,-0.00312263791064593,3932
65,5,Asian,-0.05244963074703187,3322
65,5,Hispanic,0.01012793865941608,2897
65,5,Multiracial,0.020828108600993038,2075
65,5,Black,0.03916884924741028,3823
65,6,Multiracial,-0.012765735912667416,2010
65,6,Hispanic,0.009569805454562598,2771
65,6,White,0.008348743155133865,3760
65,6,Black,0.0348295021932922,3562
65,6,Asian,-0.052279341911061664,3365
65,7,Hispanic,0.008290914252142526,2899
65,7,Multiracial,0.023010975203126657,1984
65,7,Black,0.038990014487474606,3764
65,7,White,-0.008566868612524887,3785
65,7,Asian,-0.04757142421153315,3420
65,8,Black,0.04663777659517151,3709
65,8,White,-0.00716179896592246,3876
65,8,Hispanic,0.020602504281193583,2889
65,8,Asian,-0.07626935372130862,3385
65,8,Multiracial,0.02236839604481738,2066
65,9,White,-0.0004480680412024458,3845
65,9,Multiracial,0.009723921085838076,2106
65,9,Hispanic,0.016224331856912633,2749
65,9,Black,0.0394222150418692,3880
65,9,Asian,-0.06425666565270731,3345
66,0,Black,0.045613129927362155,3483
66,0,White,0.002343339475826635,3732
66,0,Asian,-0.047425319580834104,3178
66,0,Hispanic,0.019785070754430256,2610
66,0,Multiracial,0.01316441190596372,1972
66,1,Black,0.04134540771151016,3878
66,1,White,0.003552300606660131,4002
66,1,Asian,-0.06441669133796404,3412
66,1,Hispanic,0.012755021200485496,2905
66,1,Multiracial,0.006544363259648261,2101
66,2,White,0.0029920186251616897,3807
66,2,Hispanic,0.013779338684773304,2697
66,2,Black,0.03884099819152509,3691
66,2,Multiracial,0.01109654392498871,1859
66,2,Asian,-0.06691713490530457,3386
66,3,Black,0.046261574307051516,3970
66,3,Hispanic,0.003439581042287679,3083
66,3,White,-0.0015068962395649115,4087
66,3,Asian,-0.03939064172282543,3516
66,3,Multiracial,-0.007170467973140963,2107
66,4,Asian,-0.04074793216008719,3513
66,4,Hispanic,0.006938176921425342,2861
66,4,White,0.003195587034552828,3932
66,4,Multiracial,0.010661835790567896,2095
66,4,Black,0.04509193893355229,3833
66,5,White,-0.00686664657331052,3780
66,5,Asian,-0.051009421293610226,3140
66,5,Hispanic,0.011437741646411169,2728
66,5,Black,0.052503387065715196,3516
66,5,Multiracial,-0.002530192466755988,1944
66,6,White,0.004008865173566108,3764
66,6,Multiracial,0.006768447767614232,2048
66,6,Asian,-0.05845037855033082,3308
66,6,Black,0.031417960226335744,3699
66,6,Hispanic,0.011362044888250827,2818
66,7,Multiracial,0.017376791390822446,2008
66,7,Hispanic,0.011883328324112676,2747
66,7,Black,0.0380497672893164,3721
66,7,Asian,-0.04835774403203335,3350
66,7,White,-0.0039587423055990785,3882
66,8,White,-0.004127100500549488,4090
66,8,Black,0.04141528387483752,3779
66,8,Asian,-0.06782843954960623,3337
66,8,Hispanic,0.010142186253128732,2793
66,8,Multiracial,0.03625061394257635,2163
66,9,White,0.005724994315888009,3864
66,9,Asian,-0.05506788284929361,3320
66,9,Hispanic,0.003450581235613564,2745
66,9,Black,0.04528422124094962,3587
66,9,Multiracial,0.006560306778912079,1990
67,0,White,-0.002124486282681272,4015
67,0,Hispanic,0.015103390669531157,2938
67,0,Multiracial,0.0034287030572768477,2112
67,0,Black,0.042985486935427586,3749
67,0,Asian,-0.04782897404677233,3465
67,1,Black,0.034128542924016916,3720
67,1,Hispanic,0.0094566527236466,2916
67,1,Asian,-0.06663056761751651,3281
67,1,White,0.004800300642271966,3877
67,1,Multiracial,0.019014971249561027,2016
67,2,Asian,-0.05625422220353007,3564
67,2,Multiracial,0.021742922488921904,2145
67,2,Hispanic,0.0020857685042407832,2962
67,2,White,0.003899936260365318,3984
67,2,Black,0.047462679201998245,3817
67,3,White,0.0051652767117115915,4151
67,3,Multiracial,-0.007016414653140668,2136
67,3,Asian,-0.0495850701176477,3577
67,3,Hispanic,-0.0019417111025755117,2905
67,3,Black,0.039050180050964715,3905
67,4,Asian,-0.043350497204435616,3192
67,4,White,0.016465858553885708,3695
67,4,Hispanic,0.0009985898215559904,2685
67,4,Multiracial,-0.0018830284716871613,2003
67,4,Black,0.043915458084735556,3500
67,5,Multiracial,0.013739309040165393,1985
67,5,Black,0.04245608223047855,3645
67,5,White,0.0003719155218137681,3849
67,5,Asian,-0.05729896010769054,3280
67,5,Hispanic,-0.0022867682858177083,2851
67,6,Black,0.04350631299558991,3995
67,6,Hispanic,0.02265422332543621,2925
67,6,Asian,-0.052569892928685295,3573
67,6,Multiracial,0.008693931514400455,2256
67,6,White,-0.00943850030052491,4133
67,7,Black,0.04461621207883459,3770
67,7,White,0.0007385179955834896,3913
67,7,Hispanic,0.008087613507370072,2844
67,7,Asian,-0.06490352223351345,3496
67,7,Multiracial,0.01726623687805272,2057
67,8,Asian,-0.05697359963766735,3495
67,8,Multiracial,0.00382672782577482,2045
67,8,White,0.005739063968797773,4081
67,8,Black,0.04040219090664337,3890
67,8,Hispanic,0.013724980304878657,2900
67,9,Asian,-0.06665061434376157,3294
67,9,Black,0.041901477203993745,3698
67,9,Multiracial,0.008266003480910304,1985
67,9,White,0.014778832874086942,3824
67,9,Hispanic,0.0031536106864538875,2740
68,0,Asian,-0.06357803382783789,3586
68,0,Black,0.0341878622050175,3878
68,0,Multiracial,0.01599559273073868,2181
68,0,White,4.779006974228358e-05,4109
68,0,Hispanic,0.015259267028089494,2970
68,1,White,-0.007700343255896978,4061
68,1,Hispanic,0.019087332820215214,2953
68,1,Asian,-0.05857953813043787,3432
68,1,Black,0.05371443078950065,3794
68,1,Multiracial,0.006352944578397273,2076
68,2,Multiracial,0.027676039687275836,2222
68,2,Asian,-0.05636598770731545,3563
68,2,Black,0.03909027939738129,3944
68,2,White,-0.0026743472204128096,4198
68,2,Hispanic,0.00919866733697481,3001
68,3,Asian,-0.04806040749148665,3463
68,3,White,-0.0018682697021924633,4067
68,3,Black,0.03285514651908095,3908
68,3,Multiracial,0.013235142745401579,2121
68,3,Hispanic,0.011369205739872849,2959
68,4,Black,0.03571508707904252,3759
68,4,Asian,-0.058123824141431274,3623
68,4,Hispanic,0.010493866543526582,2909
68,4,White,0.00331026556758513,4085
68,4,Multiracial,0.016333988292039324,2146
68,5,Asian,-0.05113539485566281,3603
68,5,White,0.006637092025425324,4101
68,5,Hispanic,0.0028421542399654264,2943
68,5,Black,0.04848225856586085,3890
68,5,Multiracial,0.008839774056835698,2191
68,6,White,-0.0046979450275331245,4131
68,6,Black,0.039951016664441424,3845
68,6,Asian,-0.04431705861821784,3611
68,6,Multiracial,0.025873756699272915,2055
68,6,Hispanic,0.0030178283341797786,2947
68,7,Asian,-0.040051969988649835,3414
68,7,White,0.00010937705641398813,3995
68,7,Hispanic,0.003625336570463895,2930
68,7,Black,0.04617478145594574,3870
68,7,Multiracial,2.4731029089208697e-05,2179
68,8,White,0.003111168170547353,4020
68,8,Black,0.03600764037107252,3763
68,8,Asian,-0.052160094279584276,3526
68,8,Multiracial,0.00029154160609589714,2066
68,8,Hispanic,-0.0013353412429517547,2806
68,9,Black,0.03428469854860643,3688
68,9,Asian,-0.055242868259240074,3400
68,9,White,-0.0005438232256494758,3944
68,9,Hispanic,0.010933415507566619,2764
68,9,Multiracial,0.018217332048889603,1974
69,0,Hispanic,0.019101294204366636,3037
69,0,Black,0.04682026214377079,3902
69,0,Asian,-0.04608832448325133,3529
69,0,Multiracial,0.015032415862122782,2198
69,0,White,-0.005338811250619028,4239
69,1,White,0.01388334157817744,4221
69,1,Black,0.03921049889493873,3979
69,1,Hispanic,0.0052318955821275825,3026
69,1,Asian,-0.05881367498438005,3641
69,1,Multiracial,0.005553232384967437,2174
69,2,Hispanic,0.019063506487249044,2938
69,2,Asian,-0.052378303448438204,3361
69,2,White,0.011799812819150832,3976
69,2,Multiracial,-0.011553995143550625,2017
69,2,Black,0.04113236392583662,3990
69,3,Hispanic,0.006917144233537568,2877
69,3,Asian,-0.05600201297286773,3470
69,3,Black,0.03324218636749122,3882
69,3,White,0.003016911221039868,3925
69,3,Multiracial,0.012484107331451824,2124
69,4,White,0.008116199356886981,4293
69,4,Multiracial,0.017582264770319406,2177
69,4,Asian,-0.05559607401389639,3594
69,4,Hispanic,0.011932412314269366,3050
69,4,Black,0.03245028183048791,3929
69,5,Multiracial,0.014899670821417483,2200
69,5,White,0.007001792304524375,4178
69,5,Black,0.0384047655983824,3988
69,5,Asian,-0.05242406620774062,3610
69,5,Hispanic,-0.008695446631487,2998
69,6,Black,0.04004075203103091,3991
69,6,Hispanic,-0.0022271912032454525,3020
69,6,Asian,-0.051556858567916565,3606
69,6,White,-0.002095597031301711,4140
69,6,Multiracial,0.022965610457278428,2146
69,7,Asian,-0.04557476102438276,3517
69,7,Black,0.04441045491581082,3979
69,7,Hispanic,0.01662948255325459,2927
69,7,White,-0.0024286400645201363,4033
69,7,Multiracial,0.004765773033948925,2173
69,8,White,0.0015115877567333969,4174
69,8,Black,0.03941303770214372,4077
69,8,Asian,-0.050506096652672756,3581
69,8,Hispanic,0.01808727910251615,3054
69,8,Multiracial,0.01340504110561748,2291
69,9,Asian,-0.05325470335036257,3404
69,9,Hispanic,0.00011714869081131475,2876
69,9,White,0.008556220785094073,3880
69,9,Multiracial,0.022068360036044406,2037
69,9,Black,0.045235626976443635,3673
70,0,Hispanic,0.015388485637617088,3248
70,0,White,-0.008250590172978974,4389
70,0,Black,0.03584655253558772,4167
70,0,Multiracial,0.020906593306442678,2341
70,0,Asian,-0.04409311730819971,3703
70,1,Asian,-0.04921197029923238,3535
70,1,White,0.0021323354507707623,4241
70,1,Black,0.03719472856307232,3967
70,1,Hispanic,0.005706857688707792,3148
70,1,Multiracial,0.004976788376773552,2257
70,2,Asian,-0.024408379551412895,3488
70,2,White,-0.00782418232023715,3991
70,2,Multiracial,0.004576044028558439,2152
70,2,Black,0.025195080487157642,3889
70,2,Hispanic,0.0019673186922876907,2926
70,3,Multiracial,0.01709724599151974,2255
70,3,White,-0.0008593932723800665,4092
70,3,Hispanic,-0.0006045709127630146,2972
70,3,Asian,-0.057004600864693,3511
70,3,Black,0.03681151141653373,3970
70,4,Asian,-0.05880232301701241,3721
70,4,Hispanic,0.010589177374219001,3102
70,4,White,0.0017334357544873105,4367
70,4,Multiracial,0.013540845541294632,2250
70,4,Black,0.03575315215512005,4058
70,5,Black,0.039075820891552926,4241
70,5,Hispanic,0.012470969610328465,3053
70,5,Multiracial,0.004932730039276105,2315
70,5,Asian,-0.05877793625240315,3740
70,5,White,-0.0034816821948707474,4361
70,6,Asian,-0.03855987749440386,3647
70,6,White,-0.004385364610638099,4226
70,6,Black,0.037070847789479604,4075
70,6,Hispanic,0.009503797045810947,3145
70,6,Multiracial,0.016005369889951417,2267
70,7,White,-0.01238403013510249,4171
70,7,Asian,-0.0512957875583155,3672
70,7,Multiracial,0.006884105452635742,2243
70,7,Hispanic,0.005957342605599276,3124
70,7,Black,0.04836537784341187,3870
70,8,Asian,-0.039624493581058115,3525
70,8,Multiracial,0.005485855680933892,2182
70,8,Black,0.0488745607055502,3961
70,8,White,-0.002261019620900513,4242
70,8,Hispanic,0.020945297229405985,3026
70,9,Hispanic,0.011634682873638063,3195
70,9,Multiracial,0.012819303026592177,2312
70,9,Asian,-0.05425179324007657,4005
70,9,Black,0.04292345959458072,4259
70,9,White,0.010876916762891601,4427
71,0,Black,0.03673855692726501,4091
71,0,Asian,-0.057729355410044016,3648
71,0,White,-0.0030833789636969186,4326
71,0,Multiracial,0.007642278293028104,2305
71,0,Hispanic,0.005136925998824787,3236
71,1,White,0.008738168895662805,4178
71,1,Multiracial,0.011123010773692625,2264
71,1,Hispanic,0.015356065747840649,3045
71,1,Asian,-0.06455487091277134,3710
71,1,Black,0.03867904866491718,4056
71,2,Black,0.03166199418602797,3839
71,2,White,0.0017530080550575231,3948
71,2,Asian,-0.057042132697574834,3443
71,2,Hispanic,0.01651130742490486,2805
71,2,Multiracial,0.029681276487769987,2081
71,3,Asian,-0.04673495862384995,3665
71,3,Hispanic,-0.0027949100716998655,3028
71,3,Black,0.03252616486008084,4054
71,3,White,0.005151646447208812,4243
71,3,Multiracial,0.031871012403521894,2192
71,4,Black,0.04453196450003894,4141
71,4,Asian,-0.03954651309560541,3699
71,4,White,0.0006876799999412604,4429
71,4,Multiracial,0.0023134290172215875,2191
71,4,Hispanic,0.010507449816310348,3148
71,5,Hispanic,-0.0012440875931913789,2914
71,5,Multiracial,0.01770794125939805,2052
71,5,Asian,-0.06621995046587995,3525
71,5,Black,0.04777843695626829,3836
71,5,White,0.0039246940262789454,3930
71,6,White,0.009391277819622993,4181
71,6,Black,0.0402535483375512,3896
71,6,Multiracial,0.01835599547049462,2183
71,6,Asian,-0.05868811691339194,3575
71,6,Hispanic,0.01719955523151765,2990
71,7,Asian,-0.05416196767617914,3670
71,7,Black,0.03209882417630552,4013
71,7,Hispanic,-0.0013667914081158287,2994
71,7,White,0.0036051424597608353,4207
71,7,Multiracial,0.03484272508926996,2221
71,8,Hispanic,0.008160346722873585,3052
71,8,Asian,-0.06307049236887181,3661
71,8,Multiracial,0.015867422739879396,2209
71,8,Black,0.05121636445029078,3989
71,8,White,0.0005509039070696452,4200
71,9,Asian,-0.04661724737587038,3646
71,9,Black,0.04010767941980238,4174
71,9,Multiracial,0.026883565626849796,2260
71,9,Hispanic,0.0016325808748243287,3026
71,9,White,0.005154876254143133,4285
72,0,Multiracial,0.02038709436443327,2215
72,0,Black,0.03559551646279727,4117
72,0,Asian,-0.047978749229475225,3744
72,0,White,0.0017873284885275998,4322
72,0,Hispanic,-0.00965705895168402,3025
72,1,Asian,-0.040455042137649264,3826
72,1,Multiracial,0.016371464021796695,2183
72,1,Hispanic,0.010772332222376092,3162
72,1,Black,0.039145968360228996,4116
72,1,White,-0.0013623567509573908,4353
72,2,Asian,-0.03646300319991032,3711
72,2,Black,0.034250344767203886,4137
72,2,Hispanic,0.00263837764813602,3203
72,2,Multiracial,0.02258439913087995,2372
72,2,White,0.003033086658973661,4433
72,3,Black,0.04954420557957528,4228
72,3,White,-0.004015659963833984,4349
72,3,Multiracial,0.008012031805032589,2321
72,3,Hispanic,-0.003340858946669862,3208
72,3,Asian,-0.03929072438431111,3822
72,4,Black,0.04020960014155326,4098
72,4,Hispanic,0.009950110932522726,3099
72,4,Asian,-0.0468460341575217,3714
72,4,White,0.006454155780510223,4322
72,4,Multiracial,0.02056801760652076,2261
72,5,Asian,-0.06063965524544383,3798
72,5,White,0.007208309141917503,4441
72,5,Multiracial,0.031467363208737345,2305
72,5,Hispanic,-0.006973578010349124,3146
72,5,Black,0.04617494048872597,4094
72,6,White,-0.0027517613702291734,4445
72,6,Asian,-0.052228864392204886,3905
72,6,Black,0.04974191664360269,4264
72,6,Hispanic,0.007860045633820778,3276
72,6,Multiracial,0.02320843059090541,2398
72,7,Multiracial,0.010058704317071157,2239
72,7,Hispanic,0.0020732563592798575,3056
72,7,Black,0.04833818769296729,4056
72,7,Asian,-0.060922474922947306,3721
72,7,White,0.006853448324811584,4422
72,8,Hispanic,-0.009957328490863624,3311
72,8,White,0.0020810134677716296,4535
72,8,Multiracial,0.013870249140139759,2377
72,8,Asian,-0.03977545672417506,3816
72,8,Black,0.03938740433493741,4101
72,9,Hispanic,0.011827687161252404,3258
72,9,Asian,-0.051882827495269616,3893
72,9,Black,0.04155393392693966,4396
72,9,White,0.0025649091525857632,4568
72,9,Multiracial,0.023305372926262908,2458
73,0,Black,0.045177968404734176,4246
73,0,Asian,-0.048960638117209944,4003
73,0,White,0.0001251265831589074,4289
73,0,Multiracial,-8.621976703833468e-06,2352
73,0,Hispanic,0.010843334258227108,3210
73,1,Hispanic,0.0040812601373404105,3092
73,1,White,0.002554774464111549,4288
73,1,Black,0.047783592779436675,4217
73,1,Multiracial,0.014538855610767447,2208
73,1,Asian,-0.07361748797757058,3713
73,2,Asian,-0.06884892894083806,3664
73,2,White,0.0025926164253070373,4247
73,2,Black,0.04719477232360998,4173
73,2,Hispanic,0.0009123610765193344,3164
73,2,Multiracial,0.026169559914604894,2272
73,3,White,-0.0022068429274528863,4373
73,3,Asian,-0.058059829247045544,3753
73,3,Hispanic,0.014771480651833119,3213
73,3,Multiracial,0.012924051846480841,2315
73,3,Black,0.042627415143064756,4158
73,4,Black,0.04828212694702082,4235
73,4,Asian,-0.05455280083959271,3745
73,4,White,0.002253409701719437,4415
73,4,Multiracial,0.010589123729360496,2284
73,4,Hispanic,-0.001612560270381609,3276
73,5,Hispanic,0.009609647629846731,3156
73,5,Black,0.04679644768167756,4197
73,5,White,0.0019783334313596326,4229
73,5,Asian,-0.0483999264611261,3651
73,5,Multiracial,0.005072416843913458,2214
73,6,White,0.0011513314952103185,4412
73,6,Asian,-0.06032683296644049,3925
73,6,Multiracial,0.017369928994022704,2279
73,6,Hispanic,0.012624604118874096,3314
73,6,Black,0.042348628722071714,4389
73,7,Black,0.04725481658592586,4018
73,7,Asian,-0.053970628492385216,3766
73,7,Hispanic,0.006938317243750082,3129
73,7,White,0.004437835005892724,4142
73,7,Multiracial,0.015247768065328819,2242
73,8,White,-0.0014459480639691102,4410
73,8,Black,0.050880864330336714,4401
73,8,Asian,-0.04122896212738699,3888
73,8,Multiracial,0.011099548880472205,2403
73,8,Hispanic,0.008248552436009412,3217
73,9,Hispanic,0.010917006794390387,3205
73,9,Asian,-0.05309744997351054,3693
73,9,White,0.003590561680188519,4228
73,9,Black,0.036620787214582104,4154
73,9,Multiracial,0.017748766614221246,2238
74,0,Black,0.036491374686102675,4545
74,0,Asian,-0.058515178839542034,4111
74,0,Multiracial,0.02681674805101012,2513
74,0,White,0.0032103135198450097,4630
74,0,Hispanic,0.006340146954356847,3439
74,1,Asian,-0.05510399659001017,4103
74,1,White,-0.004374895922646535,4613
74,1,Multiracial,0.006775932691747149,2483
74,1,Hispanic,0.011608937035652838,3373
74,1,Black,0.0375204467139721,4520
74,2,Asian,-0.04829610819694753,3855
74,2,Multiracial,0.018606917390583795,2312
74,2,Black,0.03411161124296053,4129
74,2,White,-0.0007586564478373437,4381
74,2,Hispanic,0.006827689131475036,3305
74,3,White,-0.0033161278399519325,4589
74,3,Black,0.0452280589576227,4190
74,3,Hispanic,0.01684260460923734,3262
74,3,Asian,-0.0654718448169834,3913
74,3,Multiracial,0.02022643585412844,2398
74,4,White,-0.0021944526027799695,4228
74,4,Asian,-0.04963619416010693,3732
74,4,Multiracial,0.026099729997955852,2347
74,4,Black,0.038422497062756,4098
74,4,Hispanic,0.0012883162989406447,3281
74,5,White,0.0004558743661547116,4516
74,5,Asian,-0.05771106249651704,3975
74,5,Black,0.040201384290822546,4264
74,5,Multiracial,0.011025776346862044,2371
74,5,Hispanic,0.0008276958254711886,3300
74,6,Black,0.046969086822037175,4289
74,6,Hispanic,0.0007608184570496466,3229
74,6,Multiracial,0.022086453889236083,2349
74,6,Asian,-0.058795584109422004,3771
74,6,White,0.0046678412783190786,4486
74,7,Hispanic,0.01843819715362819,3182
74,7,Black,0.03285890460551535,4318
74,7,Asian,-0.05120272259604298,3734
74,7,White,0.0009231821171523637,4446
74,7,Multiracial,0.010247804664169729,2376
74,8,Hispanic,0.012706409339086462,3180
74,8,Asian,-0.06402913832069723,3698
74,8,Multiracial,0.0072628898000063075,2361
74,8,Black,0.04470706344528195,4225
74,8,White,-0.0014364967193784353,4368
74,9,Black,0.04504400585206775,4272
74,9,Asian,-0.057243345671347534,3851
74,9,White,-0.00021351814017967047,4325
74,9,Multiracial,0.006702895022164215,2402
74,9,Hispanic,0.019855797926949772,3124
75,0,Asian,-0.036410201831785095,4029
75,0,Hispanic,0.002224212844394586,3342
75,0,White,0.002012402840639253,4530
75,0,Multiracial,0.007603971308751859,2499
75,0,Black,0.0346452087777945,4350
75,1,White,-0.003987902535106394,4571
75,1,Asian,-0.03030513746015045,4187
75,1,Multiracial,-0.007856450216584616,2542
75,1,Black,0.04243578550985441,4518
75,1,Hispanic,-0.0071407909265478586,3457
75,2,White,0.002020467433074838,4624
75,2,Black,0.03764041157226601,4359
75,2,Asian,-0.04859729272799501,3870
75,2,Hispanic,0.0012558447580775535,3266
75,2,Multiracial,-0.0011063467943133087,2329
75,3,White,0.0013792914248662248,4651
75,3,Multiracial,0.01764450406023894,2487
75,3,Hispanic,-0.0054921632768178364,3378
75,3,Black,0.046818445108520734,4526
75,3,Asian,-0.05957243662831414,3931
75,4,Multiracial,0.02139581620035983,2371
75,4,White,0.00729559521621079,4350
75,4,Asian,-0.04702017535683651,3930
75,4,Hispanic,-0.006153781033351469,3189
75,4,Black,0.033364164399896305,4233
75,5,White,0.0017687214542224106,4553
75,5,Asian,-0.04877015505493106,3915
75,5,Black,0.03249620543761792,4314
75,5,Multiracial,0.009457268173572111,2417
75,5,Hispanic,0.015739507132658027,3399
75,6,Black,0.043952890865679,4322
75,6,White,0.0073752422204824844,4474
75,6,Asian,-0.05907864339290331,3828
75,6,Multiracial,0.013566950777664719,2385
75,6,Hispanic,0.012549880341383412,3216
75,7,Asian,-0.02719876229994915,3761
75,7,Multiracial,0.01315363789652613,2303
75,7,White,0.005894560751969923,4566
75,7,Hispanic,-0.0030625363820698205,3195
75,7,Black,0.03633873010001408,4248
75,8,Multiracial,0.014067576869074908,2434
75,8,Asian,-0.048323921911207546,3988
75,8,Black,0.035625476636008825,4427
75,8,White,0.0010792152585603163,4652
75,8,Hispanic,0.01590437904724102,3399
75,9,Asian,-0.05542296534381171,3947
75,9,Black,0.040056454269385866,4404
75,9,Hispanic,-0.004133686430453037,3347
75,9,White,0.005339711138846869,4559
75,9,Multiracial,0.023347203635774777,2493
76,0,White,0.00628287493322732,4444
76,0,Multiracial,0.0060162961983360515,2301
76,0,Asian,-0.046114847850009584,3931
76,0,Black,0.0328927244459793,4273
76,0,Hispanic,0.010602378782819626,3291
76,1,Asian,-0.05587461764862331,4171
76,1,Black,0.03996152089962314,4528
76,1,Hispanic,0.013128121192613702,3484
76,1,White,0.0061425255759626485,4845
76,1,Multiracial,-0.0014118214384300116,2504
76,2,White,-0.0034621570255235316,4822
76,2,Black,0.03742896929481595,4563
76,2,Multiracial,0.030458246632708994,2631
76,2,Asian,-0.05356842139342961,4280
76,2,Hispanic,0.0037087265489890698,3616
76,3,Multiracial,0.016737490713667647,2446
76,3,Black,0.04507165291881205,4576
76,3,White,-0.0033098360891845383,4808
76,3,Asian,-0.0539028186679568,4100
76,3,Hispanic,-0.0044563718749722194,3450
76,4,Asian,-0.052269822800138366,4026
76,4,Multiracial,0.019917849141195303,2442
76,4,Hispanic,0.012470537919738487,3283
76,4,White,-0.005521914507340658,4786
76,4,Black,0.04367318170681426,4387
76,5,White,0.003021568700071915,4744
76,5,Black,0.04257393284744948,4662
76,5,Asian,-0.0556333938998514,4174
76,5,Hispanic,-0.00458007460832981,3416
76,5,Multiracial,0.00856136995088829,2458
76,6,Multiracial,0.0012180754084994503,2422
76,6,Hispanic,0.003137784055675066,3314
76,6,White,-0.0019583467945388615,4685
76,6,Black,0.039758224508630334,4369
76,6,Asian,-0.047633446647598714,3904
76,7,Asian,-0.0635935789689888,3858
76,7,White,0.0024683110375745064,4534
76,7,Multiracial,0.023442895400753335,2362
76,7,Hispanic,0.01835261993966371,3287
76,7,Black,0.03961300951789068,4275
76,8,Hispanic,-4.285931286422316e-05,3310
76,8,Black,0.042168138257201816,4405
76,8,White,0.007133189896554577,4625
76,8,Asian,-0.05570228152759589,4103
76,8,Multiracial,0.0020324072370842944,2481
76,9,Multiracial,0.013779455106748047,2700
76,9,White,0.0013420502356707314,4906
76,9,Black,0.04890156468571534,4687
76,9,Asian,-0.05277323573983949,4181
76,9,Hispanic,0.009869323656111711,3590
77,0,Asian,-0.04117214899695871,4217
77,0,Hispanic,0.01703143332659986,3528
77,0,White,-0.002738404350976395,4909
77,0,Black,0.024782462737460972,4795
77,0,Multiracial,0.015876976740083457,2725
77,1,Black,0.0425882072297659,4442
77,1,Asian,-0.05954085371061836,4056
77,1,Hispanic,0.001512143118190409,3404
77,1,Multiracial,0.016804232117096553,2469
77,1,White,0.0003247186415213417,4648
77,2,Black,0.04135345555890163,4634
77,2,White,0.002651259212659363,4777
77,2,Hispanic,0.0084042538675293,3547
77,2,Multiracial,0.011706191233728331,2539
77,2,Asian,-0.042731228756030484,4292
77,3,Black,0.036346049737070375,4651
77,3,Multiracial,0.012296936466930525,2494
77,3,Asian,-0.0423803652566829,4132
77,3,White,0.012393020020246604,4977
77,3,Hispanic,0.014878852593542376,3612
77,4,Black,0.03991848162798874,4486
77,4,Multiracial,0.010658656296503382,2536
77,4,White,-0.0020391435722275347,4669
77,4,Hispanic,0.0059229908770750085,3470
77,4,Asian,-0.05063560828724179,4164
77,5,Multiracial,0.005804160600424529,2375
77,5,Black,0.039116758448272906,4311
77,5,White,0.011321540012248896,4663
77,5,Hispanic,0.006626202408707979,3242
77,5,Asian,-0.04336155867587858,3810
77,6,Multiracial,0.0011129611254354719,2491
77,6,White,0.005576536951592345,4866
77,6,Hispanic,0.005871718577164779,3563
77,6,Black,0.04281836311691985,4670
77,6,Asian,-0.05961466479757536,4197
77,7,Asian,-0.05993076063103637,4087
77,7,Hispanic,0.002407652204412874,3432
77,7,White,0.009081344802465377,4811
77,7,Black,0.044074817912494416,4488
77,7,Multiracial,0.005255522541110163,2432
77,8,White,0.012652790344064085,4830
77,8,Multiracial,0.01224858141873381,2525
77,8,Black,0.036397751091912,4534
77,8,Hispanic,-0.0022698463566314634,3553
77,8,Asian,-0.0517122006635228,4116
77,9,Asian,-0.054720558555960544,4099
77,9,White,0.006017045692181519,4736
77,9,Multiracial,-0.005617707184492382,2503
77,9,Hispanic,0.02114581429356572,3465
77,9,Black,0.0457865225764759,4599
78,0,Asian,-0.07023199868533112,4015
78,0,White,0.0016267821491977785,4558
78,0,Black,0.04532602901723414,4357
78,0,Hispanic,0.010328516394710784,3375
78,0,Multiracial,0.014046242455393964,2413
78,1,Asian,-0.05005994162782843,4208
78,1,Hispanic,0.011414271793217507,3402
78,1,Black,0.03612929606875628,4463
78,1,White,0.010237113133188586,4839
78,1,Multiracial,0.012851446287186085,2510
78,2,Hispanic,0.004840002178363357,3322
78,2,Multiracial,0.009463807059291094,2534
78,2,Asian,-0.03951323360126491,4082
78,2,White,-0.002656761875952384,4560
78,2,Black,0.0392290025515803,4612
78,3,White,0.0020349037149807185,4829
78,3,Black,0.03608027538633889,4673
78,3,Hispanic,0.014991662781957904,3434
78,3,Multiracial,0.010397225323453484,2614
78,3,Asian,-0.049383069663320664,4106
78,4,Multiracial,0.03656154955624574,2533
78,4,White,-0.006137426315485529,4761
78,4,Asian,-0.06609851611196281,4059
78,4,Hispanic,-0.0029648965826374377,3513
78,4,Black,0.04628025547018629,4556
78,5,White,0.012418361663132193,4642
78,5,Multiracial,0.0087422468710846,2499
78,5,Asian,-0.04805446583160129,3930
78,5,Hispanic,0.007825067695444736,3261
78,5,Black,0.033746761830918764,4388
78,6,Black,0.03663677853360425,4648
78,6,Asian,-0.05532489498007238,4182
78,6,Hispanic,0.00475439112891149,3642
78,6,White,-0.0005263707351521576,4857
78,6,Multiracial,0.02152336161022201,2639
78,7,Black,0.025962567222461864,4678
78,7,White,-0.0018190470806689724,4887
78,7,Hispanic,0.006334845933617008,3495
78,7,Asian,-0.05114804162212682,4100
78,7,Multiracial,0.016414267598475946,2574
78,8,Asian,-0.045143594248139206,4020
78,8,Black,0.04594748821399205,4464
78,8,Hispanic,0.0006334143017750761,3391
78,8,White,-0.0008818355811317948,4584
78,8,Multiracial,0.00982650500741935,2417
78,9,Black,0.02860760207226269,4595
78,9,Asian,-0.05175218971348534,4293
78,9,White,0.0035048568781725796,4806
78,9,Multiracial,0.010864857446343936,2627
78,9,Hispanic,0.011752466031724503,3491
79,0,Hispanic,0.003912124307893662,3601
79,0,White,0.005972675678440168,4826
79,0,Asian,-0.0587715433967793,4199
79,0,Black,0.04675006758740181,4687
79,0,Multiracial,0.013188462478985473,2595
79,1,Black,0.03792299484603984,4692
79,1,Hispanic,0.005051238137299332,3514
79,1,White,0.001344684233132976,4776
79,1,Multiracial,0.022450713323040952,2517
79,1,Asian,-0.05545748475951398,4091
79,2,Asian,-0.05449802755304907,4341
79,2,Hispanic,0.015427481407062873,3527
79,2,Multiracial,0.020030849053893802,2504
79,2,Black,0.038895586826747715,4838
79,2,White,0.00047088373101413894,4856
79,3,Asian,-0.05921816602108466,4459
79,3,Black,0.039247458862156095,4844
79,3,White,0.0010066705893522427,5044
79,3,Hispanic,0.00027475399732517045,3626
79,3,Multiracial,0.01003685479545861,2646
79,4,Multiracial,0.030353927551879878,2694
79,4,White,0.008065301042373345,4989
79,4,Asian,-0.04568250357706942,4455
79,4,Black,0.03267538205597807,4725
79,4,Hispanic,0.0033442098736951626,3675
79,5,White,0.008641558448383251,5074
79,5,Black,0.044271464484126166,4819
79,5,Asian,-0.04973846327007422,4405
79,5,Hispanic,0.003238400175099622,3708
79,5,Multiracial,0.0019023960654884133,2611
79,6,Multiracial,0.01333484149972413,2520
79,6,Hispanic,0.001010220844666958,3272
79,6,Asian,-0.04746315333504588,4102
79,6,White,0.01046279884466295,4787
79,6,Black,0.04003422285550666,4358
79,7,Multiracial,0.0061003432307821645,2522
79,7,Black,0.030950538349319476,4546
79,7,Hispanic,0.003687407948500794,3580
79,7,Asian,-0.0475532535382533,4258
79,7,White,0.006074976756096339,4844
79,8,White,-0.00597670766669131,4670
79,8,Hispanic,0.014505157596175714,3432
79,8,Multiracial,0.015427967356924815,2459
79,8,Black,0.037463351698518485,4438
79,8,Asian,-0.06496253187377589,4040
79,9,Asian,-0.04661651113231324,4358
79,9,Black,0.041754880833849095,4737
79,9,Hispanic,-0.00041322669173231237,3537
79,9,White,0.0007763480292528046,4987
79,9,Multiracial,0.02678054460202984,2684
80,0,Multiracial,0.008999652327311349,2885
80,0,Asian,-0.04365177035620225,4448
80,0,Black,0.0333210198158922,5138
80,0,White,-0.0036167622823489324,5283
80,0,Hispanic,0.011297164962106735,3766
80,1,Hispanic,0.007525525487861824,3762
80,1,Black,0.04092546486288423,5021
80,1,White,0.0017022276262112267,5226
80,1,Asian,-0.05078368510634437,4483
80,1,Multiracial,0.015305250748781333,2868
80,2,White,0.007640662129353167,4804
80,2,Black,0.03737785118061642,4510
80,2,Asian,-0.06701103371456642,4194
80,2,Multiracial,0.0014674239864791102,2526
80,2,Hispanic,0.02199392471832832,3404
80,3,Asian,-0.06161388163541386,4031
80,3,Multiracial,0.015454634552500589,2530
80,3,White,0.0007547857992058995,4803
80,3,Black,0.04524829568128041,4581
80,3,Hispanic,0.01006326476580728,3413
80,4,White,0.004026597673214979,5142
80,4,Hispanic,0.008845842379409845,3757
80,4,Asian,-0.06090988538018489,4403
80,4,Black,0.034310802818974515,4929
80,4,Multiracial,0.012765882926979864,2807
80,5,White,0.004273545045837302,4994
80,5,Hispanic,0.011485187738585843,3610
80,5,Asian,-0.05768335472823812,4407
80,5,Multiracial,0.020379276574897246,2639
80,5,Black,0.04762501259566721,4830
80,6,Black,0.032531446460767936,4827
80,6,Asian,-0.05842346814876736,4349
80,6,White,0.010030783451133488,4983
80,6,Hispanic,0.006812899600878353,3734
80,6,Multiracial,0.008153520121339857,2667
80,7,Multiracial,0.020089406569254214,2639
80,7,White,0.01235445795287638,4897
80,7,Black,0.029678097082671634,4729
80,7,Asian,-0.060898095893631335,4248
80,7,Hispanic,0.002437982095284885,3487
80,8,White,0.0036118259534342087,5219
80,8,Multiracial,-0.00527072529122091,2711
80,8,Hispanic,0.008966273035860534,3653
80,8,Asian,-0.05642840185800348,4505
80,8,Black,0.04819648335781907,4872
80,9,White,-9.759717271931275e-05,4999
80,9,Black,0.03154361208869607,4695
80,9,Multiracial,0.008620137584544448,2694
80,9,Asian,-0.04487425842827842,4400
80,9,Hispanic,0.01646948057259641,3852
81,0,Black,0.04405780362319943,4978
81,0,Hispanic,0.0161611661514012,3762
81,0,White,0.005803972692760723,5235
81,0,Asian,-0.05259927089505243,4536
81,0,Multiracial,0.012061958020690452,2709
81,1,White,0.0018983632307827728,5125
81,1,Hispanic,0.022074341132161036,3600
81,1,Black,0.039686192980208354,4868
81,1,Multiracial,0.015527792411470735,2715
81,1,Asian,-0.061486589154204456,4428
81,2,Multiracial,0.012105560534261523,2453
81,2,White,0.005092253705386786,4752
81,2,Black,0.03322115261990975,4543
81,2,Hispanic,0.012203603630871966,3332
81,2,Asian,-0.04254659216137755,4198
81,3,White,-0.0008187280523866748,5318
81,3,Black,0.03673133359130937,4945
81,3,Hispanic,0.009683416483254534,3815
81,3,Asian,-0.04569142180703163,4478
81,3,Multiracial,0.0048619504421157644,2745
81,4,Black,0.04598031732077021,5096
81,4,Asian,-0.05223199094537074,4441
81,4,Hispanic,0.005862288532684417,3701
81,4,White,-0.003261135383263586,5137
81,4,Multiracial,0.020498387496743906,2685
81,5,Black,0.033935413101156386,4564
81,5,White,0.0050121624697183715,4791
81,5,Multiracial,-0.0004296239372519312,2485
81,5,Asian,-0.04644812574342321,4006
81,5,Hispanic,0.010037790336294854,3513
81,6,Hispanic,0.00746002965747176,3925
81,6,White,-0.006601966027171694,5298
81,6,Black,0.040548950351547645,5226
81,6,Asian,-0.04704922528925584,4773
81,6,Multiracial,0.01588565752680639,2729
81,7,Black,0.03345525583182993,4884
81,7,Asian,-0.0606036591859325,4434
81,7,Multiracial,0.01178264566346094,2738
81,7,Hispanic,0.004638109435526168,3797
81,7,White,0.01197733713133192,5126
81,8,Multiracial,0.010888258960463795,2862
81,8,Asian,-0.058009460611652984,4754
81,8,Black,0.03547429318438402,5172
81,8,Hispanic,0.0021279105937331098,3843
81,8,White,-0.0005254054476848419,5239
81,9,Black,0.03516342235878769,4964
81,9,White,0.011112709049799425,5188
81,9,Multiracial,0.007829358275329322,2631
81,9,Asian,-0.05639190083087721,4385
81,9,Hispanic,0.014208652623006484,3649
82,0,Asian,-0.03947134473250183,4372
82,0,Multiracial,0.01615957499822242,2719
82,0,White,-0.005874736888842738,5040
82,0,Black,0.040667902583228256,4987
82,0,Hispanic,-8.030633900616541e-05,3628
82,1,White,-0.0056464084543780746,5053
82,1,Hispanic,0.014357876178657391,3577
82,1,Black,0.039654129699711736,4792
82,1,Asian,-0.05714920029033982,4468
82,1,Multiracial,0.008569720551844486,2692
82,2,White,0.00508648626372047,5051
82,2,Multiracial,-0.011502925170362157,2749
82,2,Black,0.03531832980738203,4947
82,2,Hispanic,0.01568267743067383,3483
82,2,Asian,-0.044099245407129714,4270
82,3,Black,0.03081460813183439,4947
82,3,Multiracial,0.0218884197705284,2788
82,3,White,0.007620823761731619,5079
82,3,Asian,-0.045562168114879266,4529
82,3,Hispanic,0.01004526606563515,3731
82,4,Black,0.036999110417861664,4968
82,4,Multiracial,0.012444845784818626,2823
82,4,Hispanic,0.005580291352929294,3832
82,4,White,0.0006994347299966283,5114
82,4,Asian,-0.04040866550638236,4417
82,5,Asian,-0.03884012443576563,4694
82,5,Black,0.0332423237898789,5338
82,5,White,-0.001717547033282358,5528
82,5,Hispanic,0.005637465473812011,4073
82,5,Multiracial,0.004655123231638693,2833
82,6,White,-0.000620640462157293,5181
82,6,Black,0.04618463806970215,4949
82,6,Asian,-0.05100418945075965,4532
82,6,Hispanic,-0.003376989619797182,3790
82,6,Multiracial,0.008987043147492782,2784
82,7,Asian,-0.04663837454101627,4332
82,7,Black,0.04441969950991068,4926
82,7,White,7.186816121603898e-05,4955
82,7,Hispanic,-0.004813003245201533,3675
82,7,Multiracial,0.019722542371882167,2694
82,8,Black,0.03484296226526244,4823
82,8,Asian,-0.05314932748398988,4332
82,8,Multiracial,-0.0009586469301084712,2593
82,8,White,0.0029016945527333983,4956
82,8,Hispanic,0.004486911755888883,3632
82,9,Black,0.046277458962051876,4892
82,9,Hispanic,0.003433233323562364,3672
82,9,Multiracial,-0.006902085632945338,2635
82,9,Asian,-0.054690110002895906,4421
82,9,White,-0.0019806862816599403,5126
83,0,Asian,-0.06369442619752448,4425
83,0,White,-0.0013686547642875783,5085
83,0,Black,0.03428604774860298,4862
83,0,Hispanic,0.005243865932999925,3717
83,0,Multiracial,0.029028997076265398,2744
83,1,Multiracial,0.012350062018400866,2704
83,1,Asian,-0.05388443601674139,4479
83,1,Hispanic,0.004821969591241623,3806
83,1,Black,0.03812664277531693,4910
83,1,White,0.008928764854657073,5098
83,2,Hispanic,0.008906364945710525,3809
83,2,Black,0.03704211026333741,4890
83,2,Asian,-0.03597666870429787,4374
83,2,White,-0.006247595288521104,5217
83,2,Multiracial,0.012150034961050656,2709
83,3,Asian,-0.04812703639101472,4616
83,3,White,0.0055685884139530075,5192
83,3,Black,0.0440184024844359,4971
83,3,Hispanic,0.01538319837640464,3831
83,3,Multiracial,0.001451547098407982,2721
83,4,Black,0.04140159110873865,5000
83,4,Asian,-0.061382254495944026,4562
83,4,Multiracial,0.00912796067921757,2764
83,4,Hispanic,0.006528858919224077,3739
83,4,White,0.010276452618847406,5432
83,5,White,0.0004558350468422289,4976
83,5,Asian,-0.061301680715749804,4284
83,5,Hispanic,0.0059679085087162515,3623
83,5,Black,0.04200666380944591,4809
83,5,Multiracial,0.0061881345353343225,2726
83,6,Multiracial,0.015688158240889385,2822
83,6,White,-0.004326950610025689,5128
83,6,Hispanic,0.010981985632028556,3834
83,6,Black,0.033054288227278655,5088
83,6,Asian,-0.05402636731370421,4542
83,7,Black,0.039776387415473555,5020
83,7,White,-0.005099510651260508,5084
83,7,Asian,-0.058244095077843325,4390
83,7,Hispanic,0.012881228807977652,3708
83,7,Multiracial,0.009228791986180372,2714
83,8,Black,0.03758265558241615,4638
83,8,Multiracial,0.0038385731185396864,2510
83,8,White,0.009666458402903548,4920
83,8,Hispanic,0.010014362298159564,3419
83,8,Asian,-0.050940137106962304,4267
83,9,Asian,-0.041118480517205194,4384
83,9,White,-0.0019711545860892138,5212
83,9,Multiracial,0.009725033558157426,2851
83,9,Black,0.040539015308060734,4900
83,9,Hispanic,-0.000726165694242905,3818
84,0,Black,0.03407662403017085,5250
84,0,Asian,-0.04475334729902337,4862
84,0,Hispanic,0.016758438070671698,3985
84,0,White,-0.004814795789343274,5491
84,0,Multiracial,0.02132879473409851,2756
84,1,Hispanic,0.009667477258795397,3867
84,1,Asian,-0.0647409443035583,4767
84,1,Black,0.04703617386703359,5152
84,1,White,0.0029332614022149262,5456
84,1,Multiracial,0.008882959582781243,3018
84,2,Asian,-0.04805382646256415,4492
84,2,Black,0.030860975580954395,4954
84,2,White,-0.0023752077961832338,5180
84,2,Hispanic,0.0018738740011760016,3730
84,2,Multiracial,0.02185120716660713,2728
84,3,Asian,-0.05061802248482196,4618
84,3,Black,0.04462453404802882,5115
84,3,Hispanic,0.004627820974747083,3852
84,3,Multiracial,0.012049263332235926,2700
84,3,White,-0.0003056622227854146,5303
84,4,Hispanic,0.004748858134112755,3792
84,4,White,0.00663628330945757,5046
84,4,Black,0.03847675692088694,4905
84,4,Asian,-0.05095321247628571,4482
84,4,Multiracial,0.013183027082584094,2691
84,5,White,0.0037557814231481356,5250
84,5,Black,0.031719683345893146,5080
84,5,Asian,-0.04543474028617833,4563
84,5,Multiracial,0.012770467169616238,2853
84,5,Hispanic,0.004243112386871242,3842
84,6,Asian,-0.04063582748524428,4737
84,6,Black,0.030765256066401295,5076
84,6,Hispanic,0.003635050781335702,4002
84,6,Multiracial,0.01751897656612271,2837
84,6,White,-0.0064887645201190825,5356
84,7,White,-0.0006905232031749627,5202
84,7,Asian,-0.05388690757602946,4531
84,7,Black,0.03575711358870689,4913
84,7,Hispanic,0.0022731492700205974,3800
84,7,Multiracial,0.012653705178374008,2722
84,8,Hispanic,-0.006018094062727136,3885
84,8,Black,0.03391130318091299,4921
84,8,Asian,-0.04049377719792233,4589
84,8,Multiracial,0.02689162092922826,2762
84,8,White,0.007716882864050327,5179
84,9,Black,0.044240239965916466,4948
84,9,Asian,-0.059150945813917215,4282
84,9,White,0.007632937967715388,4973
84,9,Hispanic,0.0026785745221661436,3711
84,9,Multiracial,-0.00046608543779681056,2666
85,0,Hispanic,0.007638155318951441,3833
85,0,Black,0.03655867194070581,5127
85,0,White,-0.001255496918931893,5366
85,0,Asian,-0.045553528898079884,4652
85,0,Multiracial,0.009877296356163709,2867
85,1,Asian,-0.04808333361913965,4772
85,1,White,-0.004565218435981499,5622
85,1,Hispanic,0.004920553657102198,4173
85,1,Multiracial,0.017940530643208982,2963
85,1,Black,0.03496242889733204,5250
85,2,Hispanic,-0.008105879823565924,3761
85,2,White,0.007230039596055665,5220
85,2,Black,0.037140990537105525,5030
85,2,Asian,-0.05030572406833512,4431
85,2,Multiracial,0.009588697126671795,2806
85,3,White,-0.002370537151004604,5179
85,3,Multiracial,0.02053975134448714,2797
85,3,Hispanic,0.0069611968789105565,3809
85,3,Asian,-0.04774578663063572,4597
85,3,Black,0.034673977600993985,4953
85,4,White,0.0032825332606425755,5339
85,4,Asian,-0.05487367860235986,4655
85,4,Hispanic,-0.002887548640416334,3948
85,4,Black,0.03652777078832104,5077
85,4,Multiracial,0.008571495394807841,2826
85,5,Black,0.038679492968186416,5331
85,5,White,0.0036791185824209,5371
85,5,Hispanic,0.004348887600700726,4040
85,5,Multiracial,0.009331012028122195,2895
85,5,Asian,-0.052269912167175775,4801
85,6,Asian,-0.06276167953666976,4452
85,6,Black,0.04172428422756568,5115
85,6,Hispanic,0.013455127435769976,3784
85,6,White,0.0015702187508982778,5227
85,6,Multiracial,0.0043933184769557,2842
85,7,Multiracial,-0.001267734646417128,2904
85,7,White,0.001428400411835696,5592
85,7,Hispanic,0.0089684954404533,3942
85,7,Asian,-0.046028294455456795,4661
85,7,Black,0.040782756009717355,5086
85,8,Asian,-0.04647731158582668,4595
85,8,Hispanic,0.008856969252035362,3838
85,8,Black,0.03531374784013082,5052
85,8,White,0.0014569137952057066,5257
85,8,Multiracial,0.013258341917575625,2848
85,9,Hispanic,0.003916740266011909,4083
85,9,White,-0.003060616244116859,5647
85,9,Multiracial,0.013272329757821508,2960
85,9,Asian,-0.044482260750902586,4891
85,9,Black,0.04159170534179477,5369
86,0,Black,0.033347056559411566,5063
86,0,Asian,-0.03727174380093578,4635
86,0,White,0.0075269393489125515,5224
86,0,Hispanic,0.00937479244282942,3750
86,0,Multiracial,0.007298982916414394,2828
86,1,Asian,-0.05050733210826841,4685
86,1,Black,0.030350188932584413,5171
86,1,Hispanic,0.006714979813040387,3902
86,1,Multiracial,0.022119740638611846,2942
86,1,White,0.00543707205959291,5402
86,2,Black,0.04058451818744105,5405
86,2,Hispanic,7.881192254325632e-05,4120
86,2,White,0.006963231748729241,5737
86,2,Asian,-0.05000479987536584,4840
86,2,Multiracial,0.009562586249488532,2860
86,3,Multiracial,0.004538649023860636,2826
86,3,Asian,-0.05532594270574474,4377
86,3,Hispanic,0.007074234065622932,3747
86,3,Black,0.03922513898223217,4936
86,3,White,0.007041925540919287,5270
86,4,Multiracial,0.01691338110574406,2869
86,4,Black,0.03346215201868135,5340
86,4,Asian,-0.05727373997623055,4742
86,4,White,0.004674295012312261,5684
86,4,Hispanic,0.006235255119780406,4067
86,5,Multiracial,0.014025974760202307,2881
86,5,Asian,-0.033746417874404876,4662
86,5,Hispanic,0.01023983863220966,3964
86,5,White,-0.0016065339375099582,5506
86,5,Black,0.03516212453891822,5345
86,6,Black,0.040870924590352166,5180
86,6,White,0.0033799984190160753,5311
86,6,Hispanic,0.006497637043762519,3917
86,6,Multiracial,0.0011954071579604096,2938
86,6,Asian,-0.05657136755927675,4584
86,7,White,0.009684279495801588,5336
86,7,Hispanic,0.01123996847693682,4034
86,7,Asian,-0.05392180623562767,4721
86,7,Black,0.03669067861813018,5173
86,7,Multiracial,0.010241083120116354,2752
86,8,Asian,-0.04961448206403604,4816
86,8,Black,0.03849839387025528,5267
86,8,Hispanic,0.0024630327182376364,3993
86,8,White,0.005949282843152509,5466
86,8,Multiracial,-0.0018784471598667113,2904
86,9,White,0.0027683683862182633,5472
86,9,Black,0.03616127137085646,5268
86,9,Multiracial,-0.0017378975775458742,2939
86,9,Hispanic,0.004174732357672277,3987
86,9,Asian,-0.04392628744586157,4694
87,0,White,0.005382628206807464,5295
87,0,Hispanic,0.003579644873390324,3768
87,0,Black,0.04376350619553145,5175
87,0,Multiracial,0.007068882262343459,2830
87,0,Asian,-0.0423814534688585,4595
87,1,White,0.0035293734951083403,5550
87,1,Asian,-0.05067531728181534,4693
87,1,Hispanic,0.0004123548655598255,3956
87,1,Multiracial,0.00938114350126001,2903
87,1,Black,0.0361189944048382,5170
87,2,White,2.2232624880211543e-05,5714
87,2,Asian,-0.03814877743836779,4922
87,2,Hispanic,-0.0006509847275416653,4005
87,2,Multiracial,0.025627261421128675,2969
87,2,Black,0.03483472839508475,5356
87,3,Black,0.03656444101565112,5174
87,3,Hispanic,0.015921436906383216,3922
87,3,Multiracial,0.015462190291921325,2893
87,3,White,-0.0008986937613223822,5334
87,3,Asian,-0.05750460902887288,4601
87,4,White,-0.0037724913777613008,5487
87,4,Hispanic,0.009761781655308147,4149
87,4,Asian,-0.043251714824946115,4935
87,4,Black,0.03622680898985779,5329
87,4,Multiracial,0.003041582638482353,2981
87,5,Multiracial,0.0067815397248764085,2780
87,5,Asian,-0.055422835783904785,4579
87,5,Black,0.041871907770610284,5079
87,5,White,-0.004282186078052542,5201
87,5,Hispanic,0.009312548233533178,3937
87,6,Asian,-0.05273486788560696,4835
87,6,Hispanic,0.004577009931056896,3955
87,6,Multiracial,0.011078079262615018,2869
87,6,White,-0.0008239267490408606,5600
87,6,Black,0.04464048158844485,5187
87,7,Multiracial,0.0041646647394339665,2850
87,7,Asian,-0.04357879208755705,4509
87,7,Black,0.028905922528381863,4939
87,7,White,0.0008461835107926465,5083
87,7,Hispanic,0.003117203898343723,3847
87,8,Black,0.04080513901458572,5098
87,8,Hispanic,0.015223903665808823,3986
87,8,Asian,-0.033791377554409974,4553
87,8,White,-0.0029055216195159926,5303
87,8,Multiracial,0.007387426177495481,2897
87,9,Black,0.04207465995258956,5183
87,9,Asian,-0.058632032714406625,4574
87,9,White,0.000374769336872602,5327
87,9,Multiracial,0.009419852157900392,2833
87,9,Hispanic,0.010056401516919423,3918
88,0,Asian,-0.05188606220577237,4760
88,0,Hispanic,-0.003746588902001092,3897
88,0,White,0.011443949749108253,5393
88,0,Multiracial,0.02088502455298008,2929
88,0,Black,0.038006581687056666,5285
88,1,Black,0.03288422666882546,5508
88,1,Multiracial,0.014016891005244128,2972
88,1,Asian,-0.04663701524432705,4991
88,1,White,-0.008260121580006866,5643
88,1,Hispanic,0.006393624421094915,4206
88,2,Black,0.036423967995948395,5468
88,2,Hispanic,0.0034210455523845697,4075
88,2,White,0.003937207665317497,5719
88,2,Asian,-0.03958011130058853,4901
88,2,Multiracial,0.0018774643068669831,3069
88,3,White,-0.0003172589681181664,5812
88,3,Asian,-0.037388208182398096,5124
88,3,Black,0.037102645158060214,5617
88,3,Hispanic,-3.194499939017192e-05,4188
88,3,Multiracial,0.009242331568292158,3019
88,4,Asian,-0.037629910176803345,4841
88,4,Multiracial,0.017053832611653382,2882
88,4,Hispanic,0.00895567743211622,3976
88,4,Black,0.02737860491147833,5180
88,4,White,-0.006758951468633932,5473
88,5,Hispanic,-0.007934251389315725,4129
88,5,White,0.00029181749348078736,5740
88,5,Black,0.031032550050619986,5538
88,5,Asian,-0.0356868910416068,5036
88,5,Multiracial,0.020949982863365673,3053
88,6,White,-0.0006913602661849907,5393
88,6,Black,0.03758257542570432,5333
88,6,Asian,-0.05214865552751817,4801
88,6,Multiracial,0.004563098765195236,2801
88,6,Hispanic,0.0005453573954526683,4024
88,7,White,0.006543887157527843,5838
88,7,Multiracial,-0.0048676006175039175,3088
88,7,Black,0.03356549288259697,5636
88,7,Hispanic,0.007456416051110765,4185
88,7,Asian,-0.04482230060361961,4925
88,8,Asian,-0.04898272203112945,5078
88,8,White,0.0019066283294034043,5891
88,8,Hispanic,0.005927047132117205,4418
88,8,Black,0.035876674661455006,5585
88,8,Multiracial,0.014621463019073404,3226
88,9,Hispanic,0.0050105929800377145,4168
88,9,Asian,-0.04499170269533114,4930
88,9,Black,0.027166996481929714,5425
88,9,Multiracial,0.018373088083058844,2967
88,9,White,0.0006123859247027923,5654
89,0,Hispanic,0.005912766965788123,4073
89,0,White,0.003998691503747605,5449
89,0,Multiracial,0.02635176016239565,2960
89,0,Asian,-0.05465540313373608,4723
89,0,Black,0.033273206363203536,5489
89,1,White,7.493992419165404e-05,5882
89,1,Black,0.04337302952100389,5560
89,1,Asian,-0.03661809302176737,5185
89,1,Hispanic,-0.0011449974089809496,4133
89,1,Multiracial,0.017011190465825447,3092
89,2,Hispanic,0.006757181601955948,4194
89,2,Asian,-0.04828493172635587,4856
89,2,White,0.0001226986340350991,5657
89,2,Black,0.03529733411810833,5454
89,2,Multiracial,-0.005623470632193244,3068
89,3,White,0.009863524593346483,5535
89,3,Multiracial,0.014310233754546334,2964
89,3,Asian,-0.044936869351749245,4874
89,3,Hispanic,-0.006865947035980501,4136
89,3,Black,0.034114746369812765,5453
89,4,Black,0.04337959713742617,5535
89,4,Asian,-0.04893572054195047,4988
89,4,White,0.005651098837797774,5650
89,4,Hispanic,-0.0031696432872963943,4210
89,4,Multiracial,0.005670223133473388,2934
89,5,Black,0.03710593445347731,5348
89,5,White,0.007927287403820092,5561
89,5,Hispanic,0.009144682281822065,4139
89,5,Asian,-0.04406871291689997,4890
89,5,Multiracial,0.00028625809045041843,2935
89,6,White,-0.00302559262681803,6100
89,6,Black,0.037662777365114496,5829
89,6,Hispanic,0.015435783350451445,4323
89,6,Asian,-0.04601670538451053,5226
89,6,Multiracial,0.0009567994280822965,3086
89,7,White,0.002699832042117439,6067
89,7,Asian,-0.05691508384822542,5265
89,7,Hispanic,0.009762011426087482,4409
89,7,Black,0.030074029814833796,5852
89,7,Multiracial,0.023573236836950118,3149
89,8,Asian,-0.05123832535308181,4833
89,8,Black,0.04164231068750138,5380
89,8,Multiracial,0.0005632965141532889,3084
89,8,Hispanic,0.010056056707664724,4174
89,8,White,0.006820386029040731,5580
89,9,Black,0.04648198853542756,5690
89,9,White,0.0006411266114664042,5625
89,9,Hispanic,-0.009940284243283201,4104
89,9,Multiracial,0.003218317513985327,3119
89,9,Asian,-0.05192916857140604,4869
90,0,Hispanic,0.002000054773763104,4059
90,0,Black,0.03856134982180474,5243
90,0,White,0.008448945401563586,5596
90,0,Multiracial,0.01520980528526298,2929
90,0,Asian,-0.06055340888343847,4853
90,1,Hispanic,0.012368451438212587,4268
90,1,Multiracial,0.0025647085699549987,3062
90,1,Black,0.04209247989211888,5421
90,1,Asian,-0.05725442738215461,4931
90,1,White,0.002095822328887143,5628
90,2,Black,0.045414723440779466,5582
90,2,Asian,-0.05606877495032998,4947
90,2,Multiracial,0.005518156391748462,2954
90,2,Hispanic,0.012685875811530172,4354
90,2,White,0.00647210559256174,5743
90,3,Black,0.03635342605078446,5331
90,3,White,0.014085031785523984,5610
90,3,Multiracial,0.021986409114594596,3010
90,3,Asian,-0.048341929083099304,4871
90,3,Hispanic,0.010108090486180684,4128
90,4,White,0.002040063184665155,5916
90,4,Hispanic,-0.0010863248773452163,4287
90,4,Black,0.03620979896427481,5658
90,4,Multiracial,0.01656678671091092,3186
90,4,Asian,-0.04278231604460784,5163
90,5,Black,0.047511321361432095,5332
90,5,White,0.0029684572627409543,5552
90,5,Hispanic,-0.005274039554416078,4013
90,5,Asian,-0.037461498614510064,4961
90,5,Multiracial,0.0056734718648563266,2912
90,6,White,0.010329461284299431,5503
90,6,Asian,-0.052858847747062045,4868
90,6,Multiracial,0.014822639783631322,2915
90,6,Black,0.03417913824270286,5258
90,6,Hispanic,0.006195629582901175,3956
90,7,Hispanic,0.012416925021310438,4183
90,7,White,-0.0035852748816540296,5590
90,7,Black,0.046834732146165056,5510
90,7,Asian,-0.05834737622918464,5080
90,7,Multiracial,0.007617817058054633,3037
90,8,Asian,-0.041600081046822904,5042
90,8,Hispanic,0.014934243478886755,4272
90,8,White,0.008934759260967585,5865
90,8,Multiracial,0.01758443456618555,3143
90,8,Black,0.028451375464603704,5708
90,9,Asian,-0.05120609764411128,5099
90,9,White,0.005542413901763771,5916
90,9,Hispanic,0.008842198411876456,4329
90,9,Black,0.035751089487196,5655
90,9,Multiracial,0.008023292356579125,3121
91,0,Black,0.04314888698671679,5444
91,0,Multiracial,0.017819508625985792,2984
91,0,Asian,-0.0611148237089058,5158
91,0,White,0.001885402240894575,5826
91,0,Hispanic,0.016719012172770106,4339
91,1,Black,0.03736700549430111,5701
91,1,White,0.005373590915905768,5906
91,1,Asian,-0.05521101372890738,5032
91,1,Hispanic,0.007251233618528065,4267
91,1,Multiracial,0.01677883087024693,3118
91,2,Black,0.03174660710041805,5678
91,2,Asian,-0.05251259601248873,5182
91,2,Multiracial,0.020467408121978507,3166
91,2,Hispanic,0.013848590089475872,4395
91,2,White,0.0051171972973654625,5785
91,3,Black,0.026661101003441094,5366
91,3,White,0.006754036832888488,5773
91,3,Asian,-0.060413117989566,4962
91,3,Multiracial,0.009628837741975144,2964
91,3,Hispanic,0.009108191553777727,4049
91,4,Multiracial,0.010791871375015246,2970
91,4,Black,0.04353241197251217,5201
91,4,White,0.004873179775593679,5558
91,4,Hispanic,0.0030764730967573544,3921
91,4,Asian,-0.04629223792671978,4645
91,5,Multiracial,0.012070239464366224,3200
91,5,Hispanic,0.010780556776086405,4390
91,5,Asian,-0.053449515016417475,5261
91,5,Black,0.034144310443147405,5860
91,5,White,0.005447679399748855,5950
91,6,Asian,-0.05436549048764967,4855
91,6,Multiracial,0.0055106928731275765,3057
91,6,Black,0.03668602059552102,5303
91,6,Hispanic,0.005813964362731374,4273
91,6,White,0.01013738144570128,5626
91,7,Black,0.025737107490442324,5715
91,7,Hispanic,0.0007328683069711932,4425
91,7,White,0.005074952106364829,6176
91,7,Asian,-0.04900242643238276,5199
91,7,Multiracial,0.018291813289762333,3146
91,8,Hispanic,0.006939149360026595,4293
91,8,Black,0.04160151672342147,5577
91,8,Multiracial,0.006185756786205689,3226
91,8,White,-0.0016932407511139965,5932
91,8,Asian,-0.04430143445585848,5087
91,9,Hispanic,0.028673144906786376,4155
91,9,Black,0.03250181972700019,5473
91,9,White,-0.011103094958475872,5771
91,9,Multiracial,0.01782809972046444,3067
91,9,Asian,-0.051205546346680945,4921
92,0,Black,0.04103900513545737,5660
92,0,Multiracial,0.011678457072309228,3114
92,0,White,0.0030545743091023496,5756
92,0,Hispanic,0.0034634563314559943,4291
92,0,Asian,-0.05557288043833952,5007
92,1,White,0.007378072669997243,5896
92,1,Black,0.030185985401716565,5603
92,1,Asian,-0.05818353983129547,5173
92,1,Multiracial,0.01346840149290233,3124
92,1,Hispanic,0.012958483251359556,4308
92,2,Black,0.044057807156937655,5722
92,2,White,-0.00029973819896715105,6026
92,2,Multiracial,0.019697760025511463,3046
92,2,Hispanic,-0.0006738054078418294,4290
92,2,Asian,-0.0499317219997878,5204
92,3,White,0.00410756656444674,5976
92,3,Hispanic,0.008141297238361185,4472
92,3,Asian,-0.049181665521675515,5183
92,3,Black,0.03295827461526054,5744
92,3,Multiracial,0.006621631294093346,3189
92,4,Black,0.040178801909891204,5637
92,4,Asian,-0.0541647229326149,5067
92,4,White,0.006944634928086523,5850
92,4,Multiracial,0.016024718905278346,3206
92,4,Hispanic,-0.0006343202386031729,4252
92,5,Hispanic,-0.01450750010425514,4557
92,5,Asian,-0.055266093943862254,5290
92,5,White,-0.0011598961751722841,6184
92,5,Multiracial,0.027078110826005128,3259
92,5,Black,0.03586838112228729,5918
92,6,White,0.004122946079595124,5829
92,6,Black,0.029801375376197304,5612
92,6,Multiracial,0.011737450847764393,3095
92,6,Asian,-0.03969693521279184,5090
92,6,Hispanic,0.0037670433877646553,4294
92,7,White,0.00599797600384522,5737
92,7,Asian,-0.06246255058683053,5091
92,7,Hispanic,0.00754495559720995,4192
92,7,Black,0.03995193241686826,5566
92,7,Multiracial,0.006472444224806456,3058
92,8,Asian,-0.05311983225535261,5249
92,8,White,-0.004665811801391051,6149
92,8,Multiracial,0.00973915676098041,3146
92,8,Black,0.03531761754432605,5828
92,8,Hispanic,0.010891865556387952,4468
92,9,Black,0.0369903911775672,5614
92,9,White,0.018662002118887074,5867
92,9,Hispanic,-0.003075866508081545,4255
92,9,Multiracial,0.008717307642100039,2966
92,9,Asian,-0.06365636014219296,5034
93,0,Asian,-0.04770583281441929,5233
93,0,Hispanic,0.002701780607142844,4392
93,0,Black,0.040122988428284274,5743
93,0,White,-0.012659423265864365,5927
93,0,Multiracial,0.025535235898075735,3257
93,1,Multiracial,0.004489835888341317,3182
93,1,White,0.00439919542086743,6147
93,1,Black,0.04734595352448535,5892
93,1,Hispanic,-0.005947026875352807,4419
93,1,Asian,-0.04528710230865692,5377
93,2,Hispanic,0.0038030710855929584,4244
93,2,White,0.009841589913977567,5735
93,2,Asian,-0.046970620146424544,5157
93,2,Multiracial,-0.011847378620477121,3105
93,2,Black,0.04138184871125584,5567
93,3,Asian,-0.04997670087584129,5162
93,3,Black,0.03814056115945584,5648
93,3,Hispanic,0.008375280278778449,4265
93,3,White,0.0047692071048866915,5846
93,3,Multiracial,0.0021434488433550634,3073
93,4,White,0.00149823032858937,5848
93,4,Hispanic,0.011040256093701255,4356
93,4,Black,0.03171382903821869,5703
93,4,Asian,-0.04017080009975894,5177
93,4,Multiracial,0.009167024572813275,3189
93,5,Multiracial,0.013841195312210721,3337
93,5,White,-0.006029961418532339,6238
93,5,Asian,-0.05001212452730487,5371
93,5,Hispanic,0.003755568623340575,4604
93,5,Black,0.04325803193798749,5932
93,6,White,0.00896385399946283,5928
93,6,Black,0.04069306982758524,5800
93,6,Asian,-0.05576774918249805,5047
93,6,Hispanic,0.004088467690104739,4347
93,6,Multiracial,0.018860964107423384,3151
93,7,Black,0.03534551408261528,5844
93,7,Asian,-0.04296622433208812,5191
93,7,White,-0.004952088719061046,5989
93,7,Hispanic,0.0024391293258836638,4350
93,7,Multiracial,0.013346607855882913,3271
93,8,Asian,-0.060952611725661035,5069
93,8,White,0.0030220801463682577,5987
93,8,Black,0.04218712446337983,5786
93,8,Multiracial,0.021054851588779653,3164
93,8,Hispanic,-0.0013610034352226604,4545
93,9,Multiracial,0.01112322991060075,3225
93,9,White,-0.003209103190718219,6167
93,9,Black,0.03869218219388934,6025
93,9,Hispanic,0.01726627632752998,4405
93,9,Asian,-0.04698263360277231,5378
94,0,Multiracial,0.011963937008097772,3219
94,0,White,0.007203366733067315,6212
94,0,Asian,-0.05169501176807047,5412
94,0,Black,0.03586542218696128,6028
94,0,Hispanic,0.0031315897343768355,4509
94,1,White,-0.001111318020733606,6262
94,1,Asian,-0.0458915233018717,5448
94,1,Multiracial,0.016722630416909193,3380
94,1,Hispanic,-0.006042078739793104,4457
94,1,Black,0.04315224285122486,5927
94,2,Multiracial,0.016057539958546675,3288
94,2,Asian,-0.06038102161352541,5365
94,2,White,-0.0007381922727790861,6167
94,2,Black,0.041034987081813606,6050
94,2,Hispanic,-0.0011121111813321817,4510
94,3,Hispanic,0.0005075918596900433,4384
94,3,Multiracial,0.01499824689083275,3291
94,3,White,-0.000137119652474652,6112
94,3,Black,0.039042196003485456,5932
94,3,Asian,-0.06275834423419982,5283
94,4,Black,0.03884863465425129,5955
94,4,White,0.005763663776643374,6105
94,4,Asian,-0.06190492097244038,5431
94,4,Hispanic,0.009212275780677362,4413
94,4,Multiracial,0.0057813524541093855,3288
94,5,Asian,-0.06488433487683724,5238
94,5,Multiracial,-0.00034689627746512083,3188
94,5,Black,0.032340203442961055,5836
94,5,White,0.007900976394576783,6088
94,5,Hispanic,0.00855397654170322,4560
94,6,Black,0.03053906467851246,5731
94,6,Asian,-0.050381861478323846,5289
94,6,White,0.0061594118702928006,6112
94,6,Hispanic,0.011800933131464098,4367
94,6,Multiracial,0.023135031617131534,3129
94,7,White,0.00967153053746694,5975
94,7,Multiracial,0.017134867922701753,3209
94,7,Hispanic,-0.0069875430079090394,4401
94,7,Asian,-0.04877196622045731,5172
94,7,Black,0.04118525512655289,5871
94,8,White,-0.0009862683246759684,5812
94,8,Black,0.03827393596570845,5425
94,8,Asian,-0.04137496058495528,4991
94,8,Multiracial,0.016682019561408887,3032
94,8,Hispanic,0.007254433251209716,4240
94,9,Multiracial,0.0045850370398272545,3097
94,9,Hispanic,0.0024288675807471643,4328
94,9,Black,0.03851267417726431,5674
94,9,Asian,-0.05259632400184877,5202
94,9,White,0.01117393615391981,5857
95,0,White,0.007753326607835068,6234
95,0,Asian,-0.040460497673051425,5525
95,0,Hispanic,0.004419777014551388,4611
95,0,Multiracial,0.00833257818704688,3269
95,0,Black,0.033089331619055695,6201
95,1,Black,0.029986575392647728,5697
95,1,Asian,-0.050282891640427166,5083
95,1,Hispanic,0.005649470421624114,4420
95,1,Multiracial,0.013264465779942393,3177
95,1,White,0.00121503904015875,6131
95,2,Hispanic,0.0055273619540152745,4567
95,2,White,0.009854674618507296,6393
95,2,Asian,-0.04887064691307801,5441
95,2,Multiracial,0.006691629031300204,3282
95,2,Black,0.03875032986537916,5967
95,3,Multiracial,0.009677939291539699,3262
95,3,White,0.002700838337187738,6217
95,3,Hispanic,0.0009427470003936329,4510
95,3,Black,0.03228964888652079,5983
95,3,Asian,-0.04649381772223633,5298
95,4,Asian,-0.05381133176456409,5511
95,4,Black,0.0374235283374652,5964
95,4,White,0.002562953778568253,6312
95,4,Hispanic,0.0020221962270821113,4481
95,4,Multiracial,0.016033005513809147,3382
95,5,White,0.00020957940146084107,6169
95,5,Hispanic,0.005122159821989406,4564
95,5,Asian,-0.0555435425150256,5348
95,5,Black,0.033725083537523216,5867
95,5,Multiracial,0.015905637544184854,3322
95,6,Black,0.03816744539246633,5739
95,6,Hispanic,0.0023655291568961956,4197
95,6,White,0.004705398138992607,5895
95,6,Multiracial,0.006555344156558584,3117
95,6,Asian,-0.032906895403672906,5087
95,7,White,0.0033999074967081037,6085
95,7,Asian,-0.05143033613575719,5293
95,7,Multiracial,0.005849153267851375,3180
95,7,Black,0.03444329385967957,5809
95,7,Hispanic,0.0029595715006014395,4523
95,8,Asian,-0.05805883371273339,5581
95,8,Hispanic,0.00891107977803566,4639
95,8,White,-0.0026371242092350423,6419
95,8,Black,0.03618169261224007,6233
95,8,Multiracial,0.006360388672772081,3442
95,9,Black,0.024779891554862182,5786
95,9,White,0.006694369436502692,5908
95,9,Multiracial,0.01224043658898789,3158
95,9,Asian,-0.059426588075533894,5145
95,9,Hispanic,0.0022570398934162357,4323
96,0,Hispanic,0.010297725239924942,4666
96,0,Asian,-0.04175006075322749,5471
96,0,Black,0.03401182805237611,6161
96,0,Multiracial,0.01897840985444023,3386
96,0,White,-0.003188282401703825,6332
96,1,White,0.006071605063129261,6203
96,1,Asian,-0.04958162946456626,5276
96,1,Black,0.03725627467381131,6036
96,1,Multiracial,0.012644781289638663,3312
96,1,Hispanic,0.005291076830541854,4613
96,2,Black,0.0370151774590026,5908
96,2,Hispanic,0.001182226728764505,4603
96,2,Asian,-0.03175387864049193,5528
96,2,White,-0.013433498984883096,6122
96,2,Multiracial,0.0173599527109699,3277
96,3,White,0.0036296178600657807,6175
96,3,Hispanic,0.01147829265188072,4432
96,3,Black,0.03604250260638389,5909
96,3,Asian,-0.047145022389045936,5345
96,3,Multiracial,0.014194130646772024,3195
96,4,White,-0.0019766325433364044,6303
96,4,Hispanic,0.006744824025060491,4352
96,4,Asian,-0.03989272594289139,5368
96,4,Multiracial,0.0035243115162859806,3220
96,4,Black,0.03477503007317945,5909
96,5,Asian,-0.04884164330305479,5410
96,5,Black,0.04362523712779636,6107
96,5,Hispanic,0.00015068083272654187,4538
96,5,White,0.0025558678341082537,6309
96,5,Multiracial,-0.0013161145585663411,3364
96,6,White,-0.005110920576961243,6230
96,6,Multiracial,0.0166903637519909,3301
96,6,Hispanic,-0.005054462523379727,4481
96,6,Black,0.037329010352582535,6039
96,6,Asian,-0.051798156772777715,5485
96,7,Asian,-0.056343863534595626,5390
96,7,Hispanic,-0.0045391458025746635,4324
96,7,White,0.009390432066025821,6225
96,7,Multiracial,0.01556724995042631,3331
96,7,Black,0.03685519074443869,5978
96,8,Black,0.03654850512508693,6221
96,8,Asian,-0.046128715557843175,5570
96,8,White,0.0009014013235788275,6398
96,8,Hispanic,0.000643727510561711,4719
96,8,Multiracial,0.01597992618086966,3396
96,9,Black,0.02687698437528951,6314
96,9,Asian,-0.0517582930897391,5514
96,9,Multiracial,0.030942284643628266,3382
96,9,Hispanic,0.0006063971348708616,4786
96,9,White,0.008224178260855712,6404
97,0,Black,0.030393331194534724,5966
97,0,Asian,-0.045018436060364306,5515
97,0,Multiracial,0.013761000321047066,3404
97,0,White,-0.0011331356002326097,6284
97,0,Hispanic,0.0029433396115438157,4730
97,1,White,0.002049858712035808,6138
97,1,Hispanic,0.011432768467316735,4437
97,1,Multiracial,-0.0026929207607314307,3347
97,1,Black,0.03646349760318451,5917
97,1,Asian,-0.037719252952434994,5381
97,2,White,0.005000168249208744,6615
97,2,Asian,-0.038678495369569535,5671
97,2,Black,0.027993712466260274,6263
97,2,Multiracial,0.005182269458841098,3455
97,2,Hispanic,-0.0046780172233445395,4768
97,3,White,-0.003619343892777012,6368
97,3,Multiracial,0.0062771651611238915,3374
97,3,Hispanic,0.006203052074036515,4738
97,3,Black,0.0400532029442742,6170
97,3,Asian,-0.04558668908964745,5637
97,4,Black,0.029483407915096658,5945
97,4,White,0.00013171200356322616,6070
97,4,Multiracial,0.008684838347406042,3378
97,4,Hispanic,0.0003801144855028057,4661
97,4,Asian,-0.047530897926448726,5457
97,5,White,-0.00037027020457552375,6511
97,5,Hispanic,0.006285660318586698,4742
97,5,Black,0.03495502647772759,6106
97,5,Asian,-0.04114292808610753,5644
97,5,Multiracial,0.002502227358530092,3381
97,6,Black,0.038175082989217395,6155
97,6,White,0.0038402020333290474,6307
97,6,Multiracial,0.0021713555240698156,3375
97,6,Hispanic,0.010412509494167605,4587
97,6,Asian,-0.048936104606722305,5475
97,7,Multiracial,0.0039955621754928445,3446
97,7,Asian,-0.04553836880710831,5620
97,7,White,-0.004029592795537408,6430
97,7,Black,0.04173426736593807,6190
97,7,Hispanic,-0.0018231060411858864,4698
97,8,Hispanic,0.00650922493067246,4547
97,8,Multiracial,0.014252690205788707,3353
97,8,Asian,-0.04641719253063054,5413
97,8,White,0.00690266781746552,6194
97,8,Black,0.03773388430274334,6004
97,9,Hispanic,0.004619834026970727,4565
97,9,Multiracial,0.009508087597714071,3228
97,9,White,0.005697756234304198,6367
97,9,Black,0.03467991132245658,6095
97,9,Asian,-0.04113875436762824,5547
98,0,Black,0.03736032101052411,6119
98,0,Asian,-0.05148344463967944,5556
98,0,White,-0.001694582161176295,6561
98,0,Multiracial,0.013262932713613488,3456
98,0,Hispanic,0.0026886661532397643,4670
98,1,Multiracial,0.0021660718783251182,3218
98,1,Black,0.037344104843196786,5960
98,1,White,-0.00023325740074706707,6085
98,1,Hispanic,0.00016660122966355448,4584
98,1,Asian,-0.04555940898732064,5339
98,2,White,0.0036876133880099538,6123
98,2,Asian,-0.05477466741570989,5399
98,2,Black,0.02889991387133164,5878
98,2,Hispanic,0.013141151865765354,4346
98,2,Multiracial,0.029819236906506827,3244
98,3,White,0.0067752927565253585,6781
98,3,Hispanic,0.007096189532348549,4836
98,3,Black,0.0336790776188384,6304
98,3,Asian,-0.05024456846960207,5790
98,3,Multiracial,0.011523202505659875,3533
98,4,Hispanic,0.005342518833329993,4730
98,4,Black,0.02709159427177524,6249
98,4,White,-0.0027083615169623725,6535
98,4,Multiracial,0.02045308027313258,3393
98,4,Asian,-0.037897388083704145,5455
98,5,Hispanic,-0.0007008997740967774,4669
98,5,Black,0.02397856196135692,6231
98,5,Multiracial,0.008790571082928649,3489
98,5,White,0.0028575004768276176,6583
98,5,Asian,-0.03989678533040502,5586
98,6,Black,0.034231687236302086,6115
98,6,Hispanic,0.004349959201502065,4707
98,6,Multiracial,0.016280816413543602,3460
98,6,Asian,-0.041678717551522144,5763
98,6,White,0.004993427938626329,6611
98,7,Black,0.0376247152503834,6240
98,7,White,0.0011934466988468354,6405
98,7,Hispanic,-0.001207249108353168,4586
98,7,Multiracial,0.006497206713440079,3349
98,7,Asian,-0.04933890625569105,5586
98,8,Hispanic,0.0027382007037032225,4603
98,8,White,0.0032511026961746757,6263
98,8,Multiracial,0.014052361382631343,3312
98,8,Black,0.03460332162510534,5954
98,8,Asian,-0.05380272265746886,5348
98,9,White,0.005519526432189435,6249
98,9,Asian,-0.061085960003926465,5552
98,9,Multiracial,0.007536978618763374,3394
98,9,Black,0.031194435269814875,6085
98,9,Hispanic,0.01170278111922576,4690
99,0,Black,0.041352199138576295,6366
99,0,Multiracial,-0.005142599585284807,3437
99,0,White,0.004790202688539454,6712
99,0,Asian,-0.05283939549474139,5689
99,0,Hispanic,9.662267503350004e-05,4724
99,1,Asian,-0.04632136737325812,5534
99,1,Black,0.037615154967797215,6297
99,1,Multiracial,-0.0011544879286280547,3386
99,1,White,0.011145452149409837,6435
99,1,Hispanic,0.0010366815698299035,4682
99,2,Asian,-0.03211130181593172,5683
99,2,Black,0.03351435461506576,6231
99,2,Hispanic,0.0013153012923190655,4739
99,2,White,0.008883044678141046,6462
99,2,Multiracial,0.00599807899712744,3417
99,3,Asian,-0.04628292209775536,5741
99,3,Black,0.03087879064713724,6301
99,3,White,0.002812563294643915,6350
99,3,Hispanic,0.007124289864049347,4713
99,3,Multiracial,0.013670437330173084,3425
99,4,Asian,-0.046251693772226196,5593
99,4,White,0.008779322140527856,6540
99,4,Hispanic,0.006921027445722465,4758
99,4,Multiracial,0.005562342703022299,3580
99,4,Black,0.03475577827038379,6358
99,5,Asian,-0.05381189531249986,5610
99,5,Black,0.028013615353265086,6187
99,5,Multiracial,0.018737066482108433,3395
99,5,Hispanic,0.011825972924188887,4642
99,5,White,0.0014788684191831248,6500
99,6,Multiracial,0.01632361053308794,3333
99,6,Asian,-0.046429377872083503,5381
99,6,White,-0.0008581763593839888,6359
99,6,Black,0.03231449726862068,6123
99,6,Hispanic,0.005217907746125709,4643
99,7,Multiracial,0.009284122485247327,3461
99,7,White,0.0005597832258374996,6475
99,7,Asian,-0.048942346463444295,5621
99,7,Hispanic,0.0011226869516377577,4687
99,7,Black,0.04073275154849036,5991
99,8,Multiracial,0.010984453126721578,3476
99,8,White,0.00533357733611138,6337
99,8,Asian,-0.05447770112064245,5465
99,8,Black,0.04153140992807991,6144
99,8,Hispanic,-0.00573669522741708,4516
99,9,Asian,-0.0505439190310941,5567
99,9,Hispanic,0.0025278341515092852,4632
99,9,Black,0.03508221008049625,6046
99,9,Multiracial,0.0189854190056058,3319
99,9,White,0.0026584253471058404,6473
100,0,Black,0.04168147969351289,6311
100,0,Asian,-0.04763995498860206,5699
100,0,White,0.0018652007354768955,6504
100,0,Multiracial,0.00196856486821583,3547
100,0,Hispanic,-8.395144911265457e-06,4639
100,1,Black,0.03930772909589322,6121
100,1,Hispanic,-0.0010719365983030689,4651
100,1,Multiracial,0.018461699751513853,3425
100,1,White,0.002159723057916293,6379
100,1,Asian,-0.05838621604702852,5524
100,2,Asian,-0.04067171869461015,6006
100,2,Multiracial,0.00525428960055189,3717
100,2,White,-0.0006884556850896615,6891
100,2,Black,0.033083360206490255,6552
100,2,Hispanic,0.017764428950766697,4934
100,3,Asian,-0.05048984280902376,5432
100,3,Multiracial,0.013944659491936929,3283
100,3,White,0.005727006719044171,6225
100,3,Black,0.03632031286995419,5969
100,3,Hispanic,0.004156130650805276,4589
100,4,Multiracial,0.00939030703644048,3414
100,4,Hispanic,-0.004469442799894213,4671
100,4,Black,0.03833928141905956,6047
100,4,White,0.0018268126483504947,6353
100,4,Asian,-0.05899198928563061,5415
100,5,Asian,-0.05639406711578644,5812
100,5,Hispanic,-0.005909804440765992,4832
100,5,Black,0.03510767551492955,6473
100,5,White,-0.0010187435462477004,6802
100,5,Multiracial,0.016617519334947123,3581
100,6,Multiracial,0.021154239863980837,3404
100,6,Hispanic,0.0007252322066834835,4785
100,6,Asian,-0.06019369713392304,5844
100,6,White,0.010479309731308865,6463
100,6,Black,0.03413726775695317,6304
100,7,White,0.007643937338605026,6565
100,7,Black,0.03716178158485058,6112
100,7,Asian,-0.060163171682017416,5591
100,7,Hispanic,0.010289598208735127,4688
100,7,Multiracial,0.01370915184304461,3544
100,8,Asian,-0.056652192297138824,5591
100,8,Black,0.03757713667127092,6290
100,8,Hispanic,0.0069019440974366275,4771
100,8,White,0.008487435334142321,6611
100,8,Multiracial,0.015881219124093897,3437
100,9,Hispanic,0.0016044497715365345,4770
100,9,Black,0.0303373589311137,6269
100,9,Asian,-0.043841485271358234,5543
100,9,White,0.00396005290735767,6722
100,9,Multiracial,0.02218422852598702,3396
101,0,White,-0.0013917371149880476,5409
101,0,Black,0.045074145721587654,5307
101,0,Asian,-0.05468940778611005,4735
101,0,Hispanic,0.0009995037452438277,4013
101,0,Multiracial,-0.00023342913756150047,2857
101,1,Asian,-0.0651788087662988,4710
101,1,Black,0.04259427193501596,5017
101,1,White,0.006487090670729468,5317
101,1,Hispanic,-0.006662367125939994,3849
101,1,Multiracial,0.02959756511701313,2822
101,2,White,0.00578698166147278,5652
101,2,Asian,-0.06741444648996664,4770
101,2,Black,0.03868901623931377,5410
101,2,Hispanic,-0.004498289163445672,4053
101,2,Multiracial,0.027362572220724073,2941
101,3,Multiracial,-0.005359078998117878,2714
101,3,Black,0.03987500466894444,4939
101,3,Hispanic,0.00945608058802187,3733
101,3,Asian,-0.05395222823698553,4457
101,3,White,0.0072935711609951725,5165
101,4,White,0.01827741368719053,4989
101,4,Hispanic,0.009038555052093597,3728
101,4,Asian,-0.0546252922038464,4482
101,4,Multiracial,0.013986695925920006,2751
101,4,Black,0.03471009841183918,4957
101,5,White,0.0030136135448330607,5239
101,5,Multiracial,0.020008029015478906,2776
101,5,Asian,-0.029453942952267057,4626
101,5,Black,0.03779071440932232,5176
101,5,Hispanic,-0.016882274041373383,3797
101,6,Black,0.053187975238816396,5081
101,6,Multiracial,-0.008527407693471925,2848
101,6,White,0.007025865799524719,5522
101,6,Asian,-0.06767849404871361,4809
101,6,Hispanic,0.013603348190214973,3960
101,7,Hispanic,0.012773593381470034,3921
101,7,Multiracial,0.017473183224782834,2712
101,7,Black,0.034190548453208756,5081
101,7,Asian,-0.06520225601124954,4538
101,7,White,0.010111116042888866,5261
101,8,White,0.009115669928200426,5158
101,8,Asian,-0.06752550122083287,4416
101,8,Black,0.04124383242856975,4902
101,8,Multiracial,0.0234820015247061,2705
101,8,Hispanic,0.002898699236379297,3726
101,9,Hispanic,0.01537701558508071,3650
101,9,Black,0.03612294760610618,4702
101,9,Asian,-0.07991226971946012,4352
101,9,White,0.011660495765649946,5003
101,9,Multiracial,0.023185957134155978,2594
102,0,Multiracial,-0.003103098604045551,2621
102,0,Black,0.03850034987665183,4907
102,0,Asian,-0.04731075570952613,4455
102,0,White,0.012099764861574587,4995
102,0,Hispanic,0.0026749269134395976,3624
102,1,Multiracial,0.029692527359354504,2793
102,1,Asian,-0.05837497025426464,4606
102,1,Black,0.04400297939902133,4995
102,1,Hispanic,0.0013988491717468372,3834
102,1,White,0.0015392312297592525,5294
102,2,White,0.0027319182246843925,5426
102,2,Asian,-0.045949275410958945,4492
102,2,Black,0.03870089180288333,5061
102,2,Hispanic,0.003607321818674648,3801
102,2,Multiracial,-0.004826272669480032,2742
102,3,Asian,-0.058964711615518056,4367
102,3,Black,0.04042245600689526,4565
102,3,White,0.003374213073784429,5054
102,3,Multiracial,0.02025524124298486,2656
102,3,Hispanic,0.006282694976251291,3656
102,4,Multiracial,0.01458075554962564,2807
102,4,Hispanic,-0.003650051690319958,3896
102,4,Black,0.04668240519014488,5104
102,4,White,0.0030341345519734244,5328
102,4,Asian,-0.07407758901762707,4591
102,5,Black,0.04796370040703829,5272
102,5,Asian,-0.05529998716181791,4598
102,5,Hispanic,0.0035006916756151465,3923
102,5,Multiracial,-0.004598695987943809,2922
102,5,White,0.0027458591473908116,5317
102,6,Multiracial,0.004624697994169188,2661
102,6,Black,0.04889132825293263,4901
102,6,Hispanic,0.005731434323922551,3664
102,6,Asian,-0.06149827022595563,4318
102,6,White,0.009581697489688169,4958
102,7,White,0.006004775251031351,5234
102,7,Asian,-0.04842152933036923,4566
102,7,Black,0.03654305346068726,4949
102,7,Hispanic,0.0004665069076817394,3812
102,7,Multiracial,0.006100290892438701,2757
102,8,Asian,-0.07919016198498864,4284
102,8,Black,0.03629232037968807,4743
102,8,Hispanic,0.0029045484052373735,3597
102,8,White,0.014372495832024601,5024
102,8,Multiracial,0.022186307378952816,2548
102,9,Black,0.04725609796699898,4931
102,9,Asian,-0.05975718554686226,4472
102,9,Hispanic,0.0016705868198155882,3637
102,9,White,0.0007169289505225226,5123
102,9,Multiracial,0.020740819659485373,2645
103,0,White,0.00026990854727671143,5300
103,0,Hispanic,0.019565639110539653,3921
103,0,Black,0.04084230112543969,5046
103,0,Asian,-0.04652702476231364,4588
103,0,Multiracial,0.0005816234969139479,2775
103,1,Black,0.03351034733315956,4806
103,1,Multiracial,0.0006127867171852339,2714
103,1,Asian,-0.053958751781968996,4392
103,1,Hispanic,0.008785673259568137,3740
103,1,White,0.004857696288201728,5154
103,2,Hispanic,0.0013589500751139806,3657
103,2,White,0.013111125110828046,5148
103,2,Multiracial,-0.010115408980937166,2671
103,2,Black,0.04109821165717658,5034
103,2,Asian,-0.07977256172059798,4605
103,3,White,0.016771009567143547,5230
103,3,Black,0.03262161894333993,4994
103,3,Hispanic,0.012315061216141189,3727
103,3,Asian,-0.06779497178501047,4563
103,3,Multiracial,0.007048321356761826,2704
103,4,Black,0.04605544788414039,5421
103,4,Asian,-0.06542128426113071,4932
103,4,White,0.0033981865555291475,5630
103,4,Hispanic,0.008197139227587911,4065
103,4,Multiracial,0.0025330370111828118,3024
103,5,Asian,-0.05039270759386332,4661
103,5,White,0.010276544468280361,5310
103,5,Hispanic,0.0035725625843507102,3916
103,5,Multiracial,0.009761915832912478,2824
103,5,Black,0.03125108963076101,5125
103,6,Asian,-0.0742919071034338,4237
103,6,Hispanic,-0.004562673835845473,3655
103,6,Multiracial,0.0119140833648362,2613
103,6,Black,0.0548383495664117,4827
103,6,White,0.003036281711181167,4959
103,7,Black,0.06037196374493677,5266
103,7,Hispanic,-0.006487057213640768,4055
103,7,White,0.004481614523403268,5526
103,7,Asian,-0.07037530767631432,4731
103,7,Multiracial,0.0077914376169422265,2979
103,8,Black,0.04281075620984297,5085
103,8,Asian,-0.060942786161802806,4569
103,8,Multiracial,0.015132576107673185,2698
103,8,White,0.0017238245161830441,5201
103,8,Hispanic,0.0038142715080334427,3768
103,9,Asian,-0.06943889480436184,4863
103,9,Hispanic,0.00019360529059259563,4064
103,9,Black,0.04016097384991706,5300
103,9,White,-0.0010242608921342672,5690
103,9,Multiracial,0.02023926613881004,3052
104,0,Hispanic,-0.008652226682039401,3725
104,0,Black,0.054397011457171844,4945
104,0,White,-0.00019665765296354989,5225
104,0,Multiracial,0.005832177062204626,2753
104,0,Asian,-0.06054149132252406,4464
104,1,White,0.009416370066561687,5275
104,1,Asian,-0.06770342130378247,4577
104,1,Black,0.04994624263978009,5012
104,1,Hispanic,0.01728165929788455,3830
104,1,Multiracial,-0.004566536886678921,2834
104,2,Hispanic,3.59215763863034e-05,4014
104,2,Multiracial,0.006581918900165538,2879
104,2,Black,0.03401167318798307,5231
104,2,White,0.016680117575687103,5396
104,2,Asian,-0.07509768160841283,4632
104,3,Multiracial,0.0052408633624875965,2857
104,3,Black,0.04448934351677789,5084
104,3,White,0.004565944764492466,5287
104,3,Asian,-0.05750493794814235,4661
104,3,Hispanic,0.0020879387392438217,3847
104,4,White,0.015936296459775814,5041
104,4,Multiracial,0.020851615654290775,2590
104,4,Black,0.04172890158788284,4750
104,4,Asian,-0.05239651960964002,4327
104,4,Hispanic,-0.0066725348344510715,3572
104,5,Black,0.04597887043352286,5041
104,5,White,-0.0006499082289064908,5146
104,5,Asian,-0.055842577897146244,4539
104,5,Multiracial,0.008766394513868367,2732
104,5,Hispanic,0.006839995580529236,3758
104,6,Hispanic,0.011425982534388163,3857
104,6,White,0.007734846298008622,5403
104,6,Black,0.037833174050037485,5114
104,6,Asian,-0.047659778105784624,4601
104,6,Multiracial,0.018887143760174807,2761
104,7,White,0.004924367037221496,5756
104,7,Hispanic,-0.0025235143622037203,4014
104,7,Multiracial,0.018018606946102068,3006
104,7,Black,0.04286327090529743,5359
104,7,Asian,-0.06343345868580877,4849
104,8,Hispanic,-0.010663196022559043,4132
104,8,Multiracial,0.012969248443120052,2972
104,8,Asian,-0.07108452704232948,4852
104,8,Black,0.03952527223209424,5303
104,8,White,0.013562598684784002,5621
104,9,Asian,-0.05970719079783631,4561
104,9,White,0.013719233811119816,5430
104,9,Multiracial,0.0035245782269790796,2877
104,9,Hispanic,-0.0068806050127829125,3806
104,9,Black,0.040901987784029384,5166
105,0,Multiracial,0.007870897631322213,2836
105,0,White,0.007069541830620589,5178
105,0,Asian,-0.06273316066907715,4539
105,0,Hispanic,-0.0019421235028378805,3883
105,0,Black,0.0451227304736152,5089
105,1,Black,0.04798371540217753,5127
105,1,White,0.008964221863959707,5281
105,1,Multiracial,0.0077822809205488645,2788
105,1,Asian,-0.06774382731031481,4674
105,1,Hispanic,0.0007068931406383234,3970
105,2,Black,0.060139038490033055,5103
105,2,Multiracial,0.003141726264652276,2907
105,2,White,6.918419943685477e-05,5420
105,2,Asian,-0.06294937232171674,4676
105,2,Hispanic,0.01031124031174529,3944
105,3,Multiracial,0.013987685776864794,3067
105,3,Asian,-0.06211979870362128,5077
105,3,Black,0.05059622208350109,5333
105,3,Hispanic,-0.0014875549312428212,4147
105,3,White,0.004907362063478229,5791
105,4,Hispanic,-0.0064998933529503275,3752
105,4,Multiracial,0.0032278519971971208,2715
105,4,White,0.011105709890307949,5137
105,4,Asian,-0.05600803664298482,4393
105,4,Black,0.04720845341305175,5003
105,5,White,0.006524946656288052,5288
105,5,Asian,-0.05860264862166463,4509
105,5,Hispanic,-0.002980720350782265,3870
105,5,Black,0.02393134428645757,4956
105,5,Multiracial,0.015330293556557318,2797
105,6,Multiracial,0.024947814327339446,2714
105,6,Asian,-0.05564352845915778,4431
105,6,Black,0.04353642373272638,4736
105,6,Hispanic,-0.009947358028484144,3690
105,6,White,0.002081437883767427,5009
105,7,Multiracial,0.01872290737001096,2802
105,7,Hispanic,0.008766266629871854,3944
105,7,White,0.0038766922014192777,5410
105,7,Asian,-0.06300070355883136,4740
105,7,Black,0.042457058062152525,5154
105,8,Black,0.04516803994969881,5296
105,8,Hispanic,0.01199164842530028,4008
105,8,Asian,-0.06158733610699295,4831
105,8,White,0.004909647993284552,5344
105,8,Multiracial,0.001509464172960117,2781
105,9,Hispanic,-0.007474857866403515,3892
105,9,White,0.006097230266438569,5305
105,9,Asian,-0.05815735406969277,4460
105,9,Black,0.04925859658316067,5030
105,9,Multiracial,0.003595749682315333,2838
106,0,Asian,-0.05195708838405606,4573
106,0,Black,0.04460710278288228,4934
106,0,White,0.003655798573856514,5366
106,0,Hispanic,0.003425843116887134,3906
106,0,Multiracial,-0.009263300326392651,2845
106,1,Black,0.050183999660760197,5203
106,1,Asian,-0.060197059561334545,4622
106,1,White,0.0036980555284547244,5385
106,1,Multiracial,0.018854441346533645,2851
106,1,Hispanic,-0.0004125335710209194,3987
106,2,Black,0.03077058019759694,5269
106,2,White,0.009958859783723779,5536
106,2,Asian,-0.047229216752675746,4869
106,2,Hispanic,-0.008639735896841208,4083
106,2,Multiracial,0.004045609860488704,2927
106,3,White,0.004401793780339461,5668
106,3,Black,0.04068012117062717,5588
106,3,Hispanic,0.002889913998816558,4101
106,3,Multiracial,0.02720293216273791,3033
106,3,Asian,-0.06569498373269851,4824
106,4,Asian,-0.07050520722436883,4827
106,4,Black,0.03313879337940506,5407
106,4,White,0.01178997904423961,5642
106,4,Hispanic,-0.0024835588429749727,4069
106,4,Multiracial,0.0026893792721691717,2951
106,5,White,0.0065694513956933015,5572
106,5,Asian,-0.05535587277305797,4738
106,5,Black,0.047807805619667756,5390
106,5,Multiracial,0.024008200192024275,3045
106,5,Hispanic,-0.003594644240128892,4045
106,6,White,0.009922245198974434,5557
106,6,Asian,-0.06654846779933507,4716
106,6,Multiracial,0.01205356675749444,2803
106,6,Black,0.061661359133544244,5228
106,6,Hispanic,0.004468924732515803,3956
106,7,White,0.011656373910161779,5540
106,7,Hispanic,-0.010573839331907696,3955
106,7,Asian,-0.056083521220564585,4607
106,7,Black,0.04525115158036548,5066
106,7,Multiracial,0.03253892232457172,2774
106,8,Hispanic,0.0035452523973184937,3916
106,8,White,0.008788593408706493,5350
106,8,Asian,-0.07312599934985244,4655
106,8,Multiracial,0.00518236199377332,2848
106,8,Black,0.05286166537598847,5067
106,9,Black,0.04744631468952429,5100
106,9,Asian,-0.05176091202222033,4668
106,9,Hispanic,-0.006948157428580792,3744
106,9,White,0.012253899366140185,5335
106,9,Multiracial,0.011719226599876044,2777
107,0,Black,0.04714993548772875,5253
107,0,Hispanic,0.00020837103278733735,3948
107,0,White,0.0036473809978566423,5466
107,0,Multiracial,0.01735966596510035,2806
107,0,Asian,-0.06004924817442845,4676
107,1,Multiracial,0.021377541147699526,3202
107,1,White,-1.1492196339214126e-05,6040
107,1,Black,0.039229776207945946,5806
107,1,Asian,-0.04989708985492021,5238
107,1,Hispanic,-0.002821966182446687,4431
107,2,Multiracial,0.013285405745770558,2887
107,2,Black,0.04156849254001201,5305
107,2,White,0.014012965942380556,5494
107,2,Asian,-0.07119890803662429,4725
107,2,Hispanic,-0.004496508719495801,3952
107,3,Asian,-0.052266173306935566,4618
107,3,Black,0.045611173841288974,5296
107,3,Hispanic,-0.0026869041404604162,3925
107,3,White,-0.0016307656420724906,5290
107,3,Multiracial,0.009082969700231093,2913
107,4,White,-0.004280335043092683,5762
107,4,Black,0.04358622705892005,5498
107,4,Asian,-0.0568474737750392,5013
107,4,Hispanic,0.004645653152096619,4088
107,4,Multiracial,0.002731834035717663,3072
107,5,Multiracial,0.0007979539809813656,2940
107,5,Asian,-0.05745142866501482,4828
107,5,Hispanic,0.00041698836430325274,3914
107,5,Black,0.05475083266286913,5303
107,5,White,0.0054982558559050505,5592
107,6,Hispanic,0.004015634274042475,4091
107,6,Asian,-0.06201009521514682,4766
107,6,White,0.009536882869028191,5485
107,6,Black,0.048739366989261,5278
107,6,Multiracial,-0.00010602153365359658,2850
107,7,White,0.007121570061998838,5928
107,7,Black,0.042763072411495545,5658
107,7,Asian,-0.05421681931061882,5110
107,7,Multiracial,0.007194092745971203,3163
107,7,Hispanic,-0.0043838342586715465,4323
107,8,Asian,-0.06376325012993297,4791
107,8,Hispanic,-0.001085489309848172,4070
107,8,White,0.005927802636846773,5493
107,8,Black,0.04778990934552717,5139
107,8,Multiracial,0.025963181409198476,2977
107,9,Asian,-0.054084200523955836,4569
107,9,Black,0.043381618941890174,5097
107,9,Hispanic,0.01211505786683093,3910
107,9,White,0.005764091030457909,5341
107,9,Multiracial,0.007199050504208873,2804
108,0,Black,0.03629993770480434,5385
108,0,Multiracial,0.02177541203777031,2769
108,0,Asian,-0.056016344236079194,4850
108,0,White,0.011759839930974477,5553
108,0,Hispanic,0.01543219334430377,4015
108,1,Black,0.0469280305539985,5272
108,1,White,0.016560670307358076,5481
108,1,Asian,-0.0522911983869128,4860
108,1,Multiracial,0.007336586226891316,2886
108,1,Hispanic,0.005077598740817381,4073
108,2,White,0.0020801258952340817,5693
108,2,Black,0.04055610333636731,5319
108,2,Multiracial,0.011154376872120722,2862
108,2,Hispanic,0.01998053983230301,4135
108,2,Asian,-0.06606185949643081,4779
108,3,White,0.006568801971802141,5473
108,3,Asian,-0.07227501276686797,4845
108,3,Hispanic,-0.004773460434763088,4134
108,3,Multiracial,0.008121723895924797,2978
108,3,Black,0.04998228561538484,5250
108,4,White,0.008267967865342514,5573
108,4,Asian,-0.06016807017465746,4809
108,4,Hispanic,0.003798595762311464,4086
108,4,Multiracial,0.0087890207364064,3001
108,4,Black,0.03498750115037916,5317
108,5,White,0.0076361838692834885,5289
108,5,Hispanic,-0.0054211136395661535,3892
108,5,Black,0.051206299418364826,5094
108,5,Asian,-0.048475412345727845,4605
108,5,Multiracial,0.005602823446829318,2828
108,6,Asian,-0.05581181058891069,4858
108,6,Hispanic,0.008141827057202755,4103
108,6,Black,0.0465587876127477,5265
108,6,White,0.0016236994816632927,5623
108,6,Multiracial,0.012713124753063855,2939
108,7,Asian,-0.06476285419018858,4940
108,7,White,0.008936938927887822,5660
108,7,Black,0.04301456401967367,5585
108,7,Hispanic,-0.00860369536968903,4156
108,7,Multiracial,0.013774891461223002,3095
108,8,White,0.00673716360055125,5585
108,8,Asian,-0.05807990855824843,4810
108,8,Black,0.044084070326255366,5391
108,8,Hispanic,-0.0005742886634457875,4051
108,8,Multiracial,0.015048506591131865,2951
108,9,White,-0.0016298049973643518,5786
108,9,Black,0.051246556988915254,5651
108,9,Asian,-0.06523885631966622,4884
108,9,Hispanic,-0.005064098759023533,4162
108,9,Multiracial,0.009785147372830401,3169
109,0,White,0.0090306742113909,5668
109,0,Black,0.03865010362373703,5324
109,0,Hispanic,-0.001101277787575338,4087
109,0,Asian,-0.06091278575940334,4874
109,0,Multiracial,-0.0009056806901100974,3046
109,1,Multiracial,-0.0032212736111180674,2772
109,1,Hispanic,0.0038307933688504834,3806
109,1,Black,0.04757224294477073,4965
109,1,White,0.006688808273220367,5028
109,1,Asian,-0.06637345817294298,4684
109,2,White,0.006011821523056267,5886
109,2,Asian,-0.05597603260588775,4971
109,2,Multiracial,0.013044325769823098,2975
109,2,Black,0.0545407023945886,5494
109,2,Hispanic,0.002639844684549587,4218
109,3,Black,0.03422575238502669,5167
109,3,Asian,-0.04868962363743042,4771
109,3,Hispanic,0.00420451336138674,3940
109,3,Multiracial,0.0019225876446525908,2914
109,3,White,0.00849644078031614,5335
109,4,Black,0.040880295596304086,5346
109,4,Hispanic,0.0006350712185066828,4203
109,4,Multiracial,0.0197931178424591,3091
109,4,Asian,-0.07353490461093144,4962
109,4,White,0.00035188709144597417,5615
109,5,White,0.0037451515320472157,5552
109,5,Asian,-0.05529234246723435,4720
109,5,Black,0.04260649102278752,5314
109,5,Multiracial,0.006016963388624784,2937
109,5,Hispanic,0.005403029906876891,4040
109,6,Black,0.04364000123528325,5124
109,6,Hispanic,0.004068615354912521,3915
109,6,Multiracial,0.020947786498196494,2808
109,6,Asian,-0.0557069313051069,4618
109,6,White,0.0012362489711679353,5335
109,7,Black,0.03981727888842807,5491
109,7,White,0.010078634769090938,5602
109,7,Multiracial,0.005731150927135761,2982
109,7,Asian,-0.045212716397103885,4836
109,7,Hispanic,0.005577103640006297,4088
109,8,Black,0.04618121058776032,5545
109,8,Asian,-0.04623631966505435,5207
109,8,White,0.020664180008720584,5880
109,8,Multiracial,0.0027558557305559896,3115
109,8,Hispanic,-0.005605343058292657,4233
109,9,White,0.0020396053489433533,5849
109,9,Black,0.037672423311111196,5700
109,9,Hispanic,0.007292761134658121,4182
109,9,Asian,-0.06144450228789909,5078
109,9,Multiracial,0.020129583683274152,3062
110,0,Multiracial,0.019517716236076944,2989
110,0,White,0.012699565871325414,5632
110,0,Hispanic,-0.01601121974787538,3968
110,0,Asian,-0.057809423573764195,4922
110,0,Black,0.05985101062013904,5369
110,1,White,0.007586700344828761,5819
110,1,Hispanic,0.0061436398768099166,4232
110,1,Black,0.033312877739830805,5669
110,1,Multiracial,0.0014097969749387854,2927
110,1,Asian,-0.048922119828315326,5003
110,2,Asian,-0.07376304291310287,4635
110,2,Hispanic,-0.00027484601688404844,3981
110,2,White,0.006135837609817543,5343
110,2,Black,0.05892669076746381,5145
110,2,Multiracial,0.007663421820683625,2896
110,3,Hispanic,-0.003335644896304977,4380
110,3,White,0.007084941883090519,6040
110,3,Asian,-0.05250122768259977,5282
110,3,Black,0.047265349881375575,5681
110,3,Multiracial,0.010129769983554983,3147
110,4,Asian,-0.07294254216128869,4777
110,4,Hispanic,0.0010587085508849104,3914
110,4,White,0.011317810794523885,5399
110,4,Multiracial,0.00412106138523905,2994
110,4,Black,0.04229716682737951,5246
110,5,Asian,-0.06790226855799975,4910
110,5,White,0.009527794424430447,5771
110,5,Black,0.03285823390688407,5535
110,5,Multiracial,0.014063011322081452,3071
110,5,Hispanic,0.0018494758198059529,4143
110,6,Black,0.04870482288755446,5706
110,6,White,0.009650598259607382,5880
110,6,Asian,-0.06421766024694141,5011
110,6,Hispanic,0.0002308209117317733,4279
110,6,Multiracial,0.012152027150378806,3104
110,7,Black,0.05034232959562298,5527
110,7,Hispanic,-0.006730596454816374,4275
110,7,Multiracial,0.014649664311442878,3156
110,7,Asian,-0.056330650336322924,4996
110,7,White,-0.005981021178739572,5696
110,8,Hispanic,-0.0017527818631349562,4010
110,8,Black,0.04097127767963312,5360
110,8,Multiracial,0.014969715301173568,2977
110,8,Asian,-0.05658780459746872,4704
110,8,White,0.021006021133585278,5499
110,9,White,0.007491644014350227,6162
110,9,Black,0.03806029576111509,6023
110,9,Multiracial,0.008859040209636574,3283
110,9,Asian,-0.05601770325064833,5365
110,9,Hispanic,0.004799224203519491,4577
111,0,Asian,-0.05757681545174567,4821
111,0,White,0.011397892029898243,5797
111,0,Black,0.036974300243154706,5362
111,0,Hispanic,0.011766886017552762,4150
111,0,Multiracial,-0.0016939759717790532,2958
111,1,White,0.00848376801598864,5529
111,1,Multiracial,0.00027005025935919463,3016
111,1,Asian,-0.05970667841896895,4964
111,1,Hispanic,0.0052907241351244074,4138
111,1,Black,0.03960182159079667,5552
111,2,Hispanic,-0.007480074939502636,4310
111,2,Multiracial,0.01183720679015819,3075
111,2,Black,0.03860044507560018,5536
111,2,White,0.017066324558755872,5974
111,2,Asian,-0.07869771180124466,5081
111,3,Multiracial,0.029621300258107535,3201
111,3,Black,0.03927665269595758,5701
111,3,Asian,-0.06153523299073665,5133
111,3,White,0.00546189482161795,5917
111,3,Hispanic,-0.000934045449389786,4357
111,4,White,-0.0006053102509473086,5820
111,4,Multiracial,0.03935167323078089,3229
111,4,Asian,-0.05150140063444394,5078
111,4,Black,0.03963817383017978,5717
111,4,Hispanic,-0.004629679015592764,4243
111,5,White,0.007451050878978325,5730
111,5,Hispanic,-0.004872168729246427,4101
111,5,Asian,-0.04978505502328831,5082
111,5,Black,0.03850511059153606,5603
111,5,Multiracial,0.004846284044105104,3016
111,6,Hispanic,0.0017654272700495174,4071
111,6,White,0.01001032080706899,5656
111,6,Asian,-0.05614382230974898,4771
111,6,Black,0.04060139728104968,5343
111,6,Multiracial,0.002152324747542127,2914
111,7,Hispanic,0.003991722670161686,4446
111,7,White,0.0007346986901150794,5880
111,7,Asian,-0.05901245635084606,5287
111,7,Black,0.05079825301970898,5863
111,7,Multiracial,0.015957906351791284,3166
111,8,Asian,-0.061184325922749895,5270
111,8,Black,0.041749451212841855,5713
111,8,Multiracial,0.01958113960465422,3183
111,8,White,0.006614349543533849,6013
111,8,Hispanic,0.017219860963076043,4352
111,9,White,0.006959884663148629,5712
111,9,Hispanic,-0.0022841883808267125,4166
111,9,Multiracial,0.016459239237366575,3254
111,9,Black,0.03819827222409431,5519
111,9,Asian,-0.06869249222116271,4992
112,0,Black,0.043035161364546125,5711
112,0,Hispanic,0.005545658284253165,4387
112,0,White,0.008922245121249447,6105
112,0,Asian,-0.04188465427921626,5233
112,0,Multiracial,0.001506736788742377,3204
112,1,Multiracial,0.013117347020074986,3016
112,1,Asian,-0.05975988109850183,5065
112,1,Black,0.04882329878238375,5483
112,1,White,0.013117348115979173,5806
112,1,Hispanic,-0.004215446588225792,4150
112,2,Black,0.04231071916743362,5648
112,2,Hispanic,0.003831170298972032,4158
112,2,Multiracial,0.0003879870658685178,3113
112,2,Asian,-0.059718827139298034,4933
112,2,White,-0.0017012885056373443,5780
112,3,Asian,-0.05320343530054261,5085
112,3,Multiracial,0.007358720357604169,3175
112,3,White,0.0005247051278546443,5751
112,3,Black,0.04729292226635719,5602
112,3,Hispanic,-0.002402405990139356,4355
112,4,Hispanic,-0.00527238368479493,4396
112,4,Black,0.04848899040691735,5770
112,4,Asian,-0.061049614140138396,5254
112,4,White,0.0036648885671171586,5994
112,4,Multiracial,0.005480894278804065,3114
112,5,White,0.007133054621719688,6328
112,5,Multiracial,0.024341790845020028,3295
112,5,Hispanic,0.012527193425360761,4592
112,5,Asian,-0.07003692890409988,5219
112,5,Black,0.036799718465505234,5878
112,6,Hispanic,-0.0020031258788538123,4297
112,6,White,0.009209642355132492,5845
112,6,Multiracial,-0.009762559049921175,3103
112,6,Asian,-0.06293029608760574,5211
112,6,Black,0.04428119707548535,5624
112,7,White,0.003287791865305992,5892
112,7,Asian,-0.06767448109397407,4906
112,7,Black,0.044793964066911204,5704
112,7,Hispanic,0.008673226597384847,4185
112,7,Multiracial,0.011280929967406057,3169
112,8,White,0.006936457305738447,6018
112,8,Black,0.045926429200877986,5837
112,8,Asian,-0.061056051224936944,5444
112,8,Multiracial,0.0298255968426903,3285
112,8,Hispanic,1.326170720306866e-07,4392
112,9,Asian,-0.053457796985001506,4862
112,9,Black,0.05440497126788055,5295
112,9,White,0.005186933622738379,5667
112,9,Multiracial,0.010795897062970142,2957
112,9,Hispanic,0.009666294184126605,4067
113,0,White,0.006856509283429782,5979
113,0,Black,0.038181173751331475,5881
113,0,Multiracial,0.019388803145917184,3287
113,0,Asian,-0.05962702850822279,5286
113,0,Hispanic,0.0029657319252160137,4427
113,1,Asian,-0.060339933608219085,4941
113,1,Black,0.037636351381990375,5599
113,1,Hispanic,3.436881748244514e-05,4140
113,1,White,0.01572513862059999,5682
113,1,Multiracial,0.009030968701070806,3029
113,2,Hispanic,0.003412549410668858,4363
113,2,Black,0.04073977906840976,5695
113,2,White,0.006537549503629972,5992
113,2,Asian,-0.058531807399371825,5082
113,2,Multiracial,0.013760701175027309,3163
113,3,Asian,-0.05902801471253011,4910
113,3,Black,0.03934312269221071,5520
113,3,White,0.019629248273569242,5833
113,3,Hispanic,-0.007498439221182333,4213
113,3,Multiracial,-0.004254887451540798,3028
113,4,Black,0.0390502710326094,5982
113,4,White,0.010281784101120763,6175
113,4,Asian,-0.06421360109675824,5400
113,4,Hispanic,0.006641285148413086,4477
113,4,Multiracial,0.013497368828705713,3278
113,5,Hispanic,5.295757239049484e-05,4162
113,5,Asian,-0.04969921796949394,5156
113,5,Black,0.044693395593038185,5512
113,5,White,0.0022153688650014616,5767
113,5,Multiracial,0.002626903870791058,3133
113,6,Multiracial,0.003851363859136393,2971
113,6,White,0.007223223841757179,5856
113,6,Asian,-0.059592223812086814,4918
113,6,Black,0.04421784242641709,5637
113,6,Hispanic,0.006171292856712106,4235
113,7,Asian,-0.06811856451549042,4910
113,7,Black,0.0395346253271955,5627
113,7,Multiracial,0.02666722926195379,3016
113,7,Hispanic,0.011341105421319502,4149
113,7,White,0.002201011163839968,5915
113,8,Hispanic,0.0032076444608418685,4585
113,8,Black,0.034668084123671505,6049
113,8,White,0.017394294386842712,6203
113,8,Asian,-0.06822068426165982,5399
113,8,Multiracial,0.015688495236477938,3302
113,9,Asian,-0.053764747688863815,4944
113,9,White,0.008144121621697215,5635
113,9,Hispanic,-0.003312347664456201,4043
113,9,Black,0.0375127187755771,5539
113,9,Multiracial,0.016533479841735636,3004
114,0,White,0.007773539650289037,6253
114,0,Multiracial,0.014470459734231892,3219
114,0,Asian,-0.054798649035441335,5381
114,0,Black,0.033781165559137294,5877
114,0,Hispanic,-0.0018920881630202335,4464
114,1,Asian,-0.056503466515190864,5344
114,1,Black,0.03939315144709664,5744
114,1,White,0.007827440613047715,6027
114,1,Multiracial,0.01895009119319005,3312
114,1,Hispanic,0.009484003137577631,4311
114,2,Black,0.04900840271096265,5633
114,2,Asian,-0.059183984411478985,4943
114,2,Hispanic,-0.003951329587772799,4242
114,2,White,0.0015131154608909027,5775
114,2,Multiracial,0.0011277283145955462,3119
114,3,Multiracial,0.014920111982572792,3219
114,3,Asian,-0.05956982885724262,5276
114,3,Hispanic,-0.007519438329321077,4443
114,3,White,0.0024359726963150037,6143
114,3,Black,0.048190965704706705,5771
114,4,Hispanic,0.0025127343936813835,4191
114,4,White,0.00566577389501926,5732
114,4,Multiracial,0.027376715495014765,2984
114,4,Black,0.036347084530260844,5571
114,4,Asian,-0.05567927416947643,5006
114,5,White,-0.0001298529881523023,6513
114,5,Hispanic,0.0015453457706066172,4772
114,5,Asian,-0.051323189190009534,5611
114,5,Multiracial,0.0099484655354553,3382
114,5,Black,0.044306188940846154,6284
114,6,Hispanic,0.004009517220384631,4334
114,6,Asian,-0.0554259590530642,5174
114,6,White,0.0020689914680655213,5922
114,6,Black,0.045572598819758156,5727
114,6,Multiracial,0.022601084702459976,3125
114,7,Multiracial,-0.004256022184699295,3219
114,7,Hispanic,0.012986712361300822,4430
114,7,Asian,-0.059717947792630094,5280
114,7,Black,0.05077338648477225,5713
114,7,White,0.01486898286435044,6210
114,8,White,0.011888886719266321,5913
114,8,Black,0.03498447887230932,5724
114,8,Hispanic,0.006206045455148191,4378
114,8,Multiracial,0.006487302228461163,3140
114,8,Asian,-0.0706150495755261,5127
114,9,Hispanic,0.006227757196746866,4560
114,9,White,0.001529287188118119,6258
114,9,Black,0.03698637560940853,6139
114,9,Asian,-0.05345536466447276,5410
114,9,Multiracial,0.00922441732309843,3397
115,0,Black,0.03926549878250958,5622
115,0,White,0.0025614409199888446,5804
115,0,Asian,-0.056473045518571664,5066
115,0,Hispanic,0.0028064298990083157,4320
115,0,Multiracial,0.01534798653087674,3108
115,1,White,0.009192406676468588,6013
115,1,Black,0.04149122182350552,5849
115,1,Multiracial,0.00986625764112225,3263
115,1,Hispanic,-0.0029634282791095225,4409
115,1,Asian,-0.05236854190682163,5306
115,2,Multiracial,0.005577623345546906,3216
115,2,Black,0.04245840353232373,5892
115,2,White,0.01239194272817579,6017
115,2,Hispanic,-0.003710410542666544,4466
115,2,Asian,-0.05560027701934187,5134
115,3,White,0.007567617347606223,6194
115,3,Black,0.03934583721650889,6014
115,3,Hispanic,0.0005297490885217154,4581
115,3,Asian,-0.052882691111453425,5432
115,3,Multiracial,0.0036659340182262894,3194
115,4,Multiracial,0.015073390359629762,3263
115,4,Black,0.04348204553819921,6101
115,4,White,0.003772968348268661,6304
115,4,Hispanic,-0.0051250939974870615,4793
115,4,Asian,-0.06258301153393231,5529
115,5,Multiracial,0.01155905968604298,3245
115,5,White,0.01282575145519387,5885
115,5,Asian,-0.061575365087355324,5188
115,5,Black,0.04587359677381143,5700
115,5,Hispanic,0.00015957973171516098,4247
115,6,Black,0.04271719845275308,5544
115,6,Multiracial,0.011002251613061733,3101
115,6,White,0.0020920570731976203,5923
115,6,Hispanic,0.0005154481928059691,4251
115,6,Asian,-0.053686210549130205,5101
115,7,Black,0.037996961696379755,5865
115,7,Multiracial,0.0013403060621221537,3267
115,7,Asian,-0.05302756053621997,5250
115,7,White,0.013901587508052721,6169
115,7,Hispanic,0.005119142826517737,4404
115,8,White,0.0062298197786702664,5973
115,8,Asian,-0.05590467071185745,5275
115,8,Hispanic,0.0026358824757694915,4366
115,8,Black,0.03469169943529419,5794
115,8,Multiracial,0.014647770520166201,3202
115,9,Black,0.04283034732139059,5973
115,9,White,0.008818809866969137,6297
115,9,Asian,-0.0600730309390621,5465
115,9,Hispanic,-0.009013519276089035,4656
115,9,Multiracial,0.027068876536525305,3369
116,0,Asian,-0.05207262678194704,5510
116,0,White,0.00543868230358741,6119
116,0,Black,0.04335896617860535,5851
116,0,Multiracial,-0.002326337362078934,3294
116,0,Hispanic,0.016055439914171937,4630
116,1,Multiracial,0.002136475319484519,3517
116,1,White,0.013941411028462561,6416
116,1,Black,0.04541057676612006,6186
116,1,Asian,-0.059543291881197856,5721
116,1,Hispanic,0.004995066662108279,4608
116,2,Hispanic,0.00790309246950335,4817
116,2,White,0.0006986185066906403,6603
116,2,Asian,-0.06500744048427869,5561
116,2,Multiracial,0.01364172841452022,3396
116,2,Black,0.04337644959658895,6187
116,3,White,0.01785526607081711,6040
116,3,Asian,-0.07241309731373766,5412
116,3,Black,0.03696983918778923,5794
116,3,Hispanic,0.007266607068142556,4377
116,3,Multiracial,0.004002123078439995,3201
116,4,Multiracial,-0.006830892284093845,3242
116,4,Black,0.04315925673528544,5740
116,4,Asian,-0.05411864854118472,5185
116,4,White,0.013391804604754191,6052
116,4,Hispanic,-0.0014122873941808968,4373
116,5,White,-0.0008002551551292479,6458
116,5,Multiracial,0.0070850864108603796,3276
116,5,Hispanic,0.010057863598149539,4628
116,5,Asian,-0.05507258721386314,5517
116,5,Black,0.043515511728367644,6221
116,6,Asian,-0.06333643138128667,5155
116,6,Hispanic,0.019043737359044775,4292
116,6,White,0.014849642875319972,5924
116,6,Black,0.03692178338673493,5705
116,6,Multiracial,0.006431708886985611,3168
116,7,White,0.007212324286649763,6525
116,7,Hispanic,-0.005594012076930933,4635
116,7,Asian,-0.06169255091517616,5637
116,7,Black,0.03989864692083595,6075
116,7,Multiracial,0.011003504816949377,3344
116,8,White,0.006145474118055185,6709
116,8,Multiracial,0.010248027761964212,3565
116,8,Asian,-0.04230495001854449,5760
116,8,Hispanic,0.0031079824366483273,4763
116,8,Black,0.03594359677989516,6347
116,9,Asian,-0.06983390158063418,5472
116,9,Black,0.048589486645678207,6004
116,9,White,0.012902449460162613,6382
116,9,Multiracial,0.010984292483929377,3401
116,9,Hispanic,-0.01066144238132363,4609
117,0,Asian,-0.06666739853086626,5468
117,0,Black,0.04108986218512079,6020
117,0,Hispanic,0.0049828752866170395,4500
117,0,Multiracial,0.004270160958682301,3342
117,0,White,0.008730866457325261,6293
117,1,White,0.01642131363958062,6271
117,1,Black,0.03955620018370498,6110
117,1,Asian,-0.06743899473256126,5458
117,1,Multiracial,0.026445996878875878,3330
117,1,Hispanic,-0.004581060619713446,4688
117,2,White,0.001585397752610259,6544
117,2,Multiracial,0.011454076959491744,3432
117,2,Black,0.03360600683228744,6098
117,2,Asian,-0.06142734186587222,5479
117,2,Hispanic,0.0042583778522620325,4655
117,3,White,0.00983252804685205,6300
117,3,Hispanic,-0.006792386848295653,4544
117,3,Black,0.047859102006760766,6032
117,3,Multiracial,0.008900185234898364,3234
117,3,Asian,-0.057412478135989146,5396
117,4,Black,0.03343816264660674,6199
117,4,Asian,-0.04628830312681282,5461
117,4,Hispanic,0.004879052285885677,4719
117,4,Multiracial,0.021443252120252627,3394
117,4,White,0.00413000175083731,6435
117,5,Hispanic,0.0040162502816353885,4845
117,5,Multiracial,0.021749564890586572,3457
117,5,White,0.014125229610163973,6556
117,5,Black,0.04453600291334473,6353
117,5,Asian,-0.07045864609753306,5816
117,6,White,0.013377862937604398,6534
117,6,Black,0.03876879933989338,6178
117,6,Multiracial,0.006522806136807133,3409
117,6,Asian,-0.05073081527806053,5534
117,6,Hispanic,0.015538312135210687,4670
117,7,Multiracial,0.0026051978573520965,3210
117,7,Black,0.04351488861155733,5882
117,7,Asian,-0.049297608636520045,5372
117,7,White,0.005117084588250725,6226
117,7,Hispanic,0.006228076007833366,4465
117,8,Black,0.04265451691731305,6013
117,8,White,0.005115597129784125,6221
117,8,Hispanic,-0.0025349082112145773,4576
117,8,Asian,-0.05068219037955253,5410
117,8,Multiracial,0.006935453645212834,3286
117,9,Black,0.0435837800284663,6401
117,9,White,0.0012701792039033488,6687
117,9,Hispanic,0.0019081622938600135,4658
117,9,Asian,-0.06170452114016003,5753
117,9,Multiracial,0.008735764415771176,3528
118,0,Asian,-0.05937336910320434,5505
118,0,Multiracial,0.005450780589292672,3446
118,0,White,0.004785580722882441,6377
118,0,Hispanic,0.005153041508969226,4631
118,0,Black,0.034344168403427,6001
118,1,Multiracial,0.012450993862331613,3463
118,1,White,0.00555424369535935,6517
118,1,Asian,-0.06713360380099252,5610
118,1,Hispanic,0.0012891788966211246,4778
118,1,Black,0.03955248511780268,6182
118,2,Hispanic,0.007966195855241973,4891
118,2,Asian,-0.0593041946167025,5606
118,2,Black,0.04034798249879452,6164
118,2,White,0.013489100356186537,6563
118,2,Multiracial,0.0038047945917689206,3444
118,3,Black,0.049572678403183086,5987
118,3,White,0.0004557279174869899,6328
118,3,Asian,-0.06511325147302088,5532
118,3,Multiracial,0.009170225315950695,3364
118,3,Hispanic,0.01235965395366599,4631
118,4,Black,0.04898203788929951,5751
118,4,Multiracial,0.0031505317197107995,3221
118,4,White,0.01776094576920127,6059
118,4,Asian,-0.05546964818910009,5201
118,4,Hispanic,-0.0004901714940684138,4312
118,5,White,0.013197140169137592,6055
118,5,Black,0.037088642151054584,5748
118,5,Asian,-0.0643687436427666,5217
118,5,Multiracial,0.000793155125687092,3168
118,5,Hispanic,0.005902563778568954,4474
118,6,Asian,-0.059069235927189434,5400
118,6,Hispanic,-0.005440720049900682,4518
118,6,Multiracial,0.01949300294062662,3224
118,6,Black,0.035055409030859165,5881
118,6,White,0.010664161867473862,6111
118,7,Black,0.05121366352518268,5914
118,7,Multiracial,-0.01117331086252607,3187
118,7,Asian,-0.06245542838188438,5218
118,7,Hispanic,0.007727235396836763,4430
118,7,White,0.01138151168306029,6149
118,8,White,0.008413495896121281,6044
118,8,Multiracial,0.009800078688787742,3212
118,8,Black,0.04096430537448003,5859
118,8,Asian,-0.05233014385968414,5111
118,8,Hispanic,-0.005606408801367721,4318
118,9,Hispanic,0.00774242784216558,4788
118,9,Multiracial,0.014524951022094095,3494
118,9,White,0.013244961609717073,6450
118,9,Black,0.037106525175258774,6089
118,9,Asian,-0.05369120127421271,5493
119,0,Asian,-0.06285653858113649,5406
119,0,Multiracial,-0.001737151482273639,3373
119,0,White,0.01130265957613908,6354
119,0,Black,0.05422208702553539,6215
119,0,Hispanic,0.0029273922743322162,4594
119,1,Black,0.03667937424451156,6271
119,1,Asian,-0.05277883088224549,5691
119,1,White,0.0035935565267208383,6515
119,1,Hispanic,-0.0003249900250219167,4745
119,1,Multiracial,0.030198990533555476,3434
119,2,Asian,-0.07133362901985828,5401
119,2,Black,0.03822761715557395,6093
119,2,Multiracial,0.01031794596698396,3396
119,2,White,0.004228730612441009,6315
119,2,Hispanic,0.011267954751111671,4499
119,3,Black,0.04144945862015693,6281
119,3,White,0.012875771870383522,6420
119,3,Asian,-0.05306786430350552,5639
119,3,Hispanic,0.0011232552486766896,4701
119,3,Multiracial,0.011650813119967778,3377
119,4,Hispanic,-0.002892848872277869,4613
119,4,Multiracial,0.0215647130084618,3380
119,4,White,0.003073603845874272,6413
119,4,Black,0.04087696111154931,6310
119,4,Asian,-0.05969855178779441,5464
119,5,Black,0.04394976590064427,6149
119,5,Asian,-0.06447922223890579,5621
119,5,White,0.013973456423891596,6378
119,5,Hispanic,0.0014883428214332811,4716
119,5,Multiracial,0.008310751849204476,3435
119,6,Multiracial,0.02395351130169653,3322
119,6,White,0.008970201355569571,6306
119,6,Asian,-0.05987922892693205,5497
119,6,Hispanic,0.004741606299197128,4544
119,6,Black,0.044997685753547616,6035
119,7,Asian,-0.07511483239375738,5191
119,7,Black,0.04856471896319887,5964
119,7,White,0.005068370109906777,6102
119,7,Hispanic,-0.005926403048404621,4397
119,7,Multiracial,0.011303307361898544,3217
119,8,Black,0.03815207762232106,6524
119,8,Hispanic,-0.0004529973552862955,4861
119,8,Multiracial,0.019186906655935063,3523
119,8,White,0.009982364929528103,6711
119,8,Asian,-0.0497838254482724,5989
119,9,White,0.005275859202634623,6373
119,9,Multiracial,0.011689991421307904,3412
119,9,Hispanic,0.009486485377142367,4707
119,9,Black,0.04388397956857957,6187
119,9,Asian,-0.058153763281107426,5382
120,0,Asian,-0.0599814771117651,5648
120,0,Multiracial,0.022624977248081723,3506
120,0,Hispanic,0.0020101890945794392,4601
120,0,White,0.012173830586384712,6463
120,0,Black,0.049006373877821495,6062
120,1,Asian,-0.04677506513906381,5740
120,1,White,0.005783449333954001,6510
120,1,Hispanic,0.009183499411838705,4744
120,1,Black,0.03959100431647389,6117
120,1,Multiracial,0.010397982407269425,3409
120,2,Asian,-0.07271261127818651,5516
120,2,Black,0.04211013879090572,6098
120,2,Hispanic,0.01429348268542669,4573
120,2,White,-7.611535715894969e-05,6568
120,2,Multiracial,0.016065470550489343,3285
120,3,Asian,-0.04395894292474927,6069
120,3,White,-0.0014635012520293304,7027
120,3,Black,0.03425433640777523,6807
120,3,Hispanic,-0.0033002560071716262,5200
120,3,Multiracial,0.006630886450595202,3817
120,4,White,0.006092635035198599,6550
120,4,Black,0.045223215852062626,6510
120,4,Asian,-0.056148728713788364,5794
120,4,Hispanic,-0.0024747908673044086,4775
120,4,Multiracial,0.015819540895458003,3611
120,5,Black,0.03832528378456646,6588
120,5,Multiracial,0.013257211707777845,3591
120,5,Hispanic,0.003204667231277251,4970
120,5,Asian,-0.05515461734494174,5786
120,5,White,-0.001041954660187049,6785
120,6,Black,0.04280331089449647,6543
120,6,White,-0.00232923953437491,6720
120,6,Hispanic,0.00552520066023354,4916
120,6,Multiracial,0.013097195011302605,3538
120,6,Asian,-0.05747987021898017,5763
120,7,Black,0.053013476490530675,5891
120,7,Multiracial,-0.00015759442215770235,3133
120,7,Hispanic,-0.015365240866409271,4396
120,7,Asian,-0.04069388538928167,5225
120,7,White,0.004036937881119742,6075
120,8,Asian,-0.05351624706199205,6060
120,8,Multiracial,0.0064612888388726605,3728
120,8,White,-0.008438538593999493,6906
120,8,Black,0.0455062999511233,6645
120,8,Hispanic,-0.004331301918085514,5101
120,9,Black,0.04539630933329468,6309
120,9,Multiracial,-0.019255620931795645,3432
120,9,Asian,-0.056276722323416656,5542
120,9,Hispanic,-0.003548310039619231,4604
120,9,White,0.00652259403897574,6513
121,0,Hispanic,0.006043990174951915,4364
121,0,Asian,-0.05880753731823565,5208
121,0,Black,0.044467120570924695,5746
121,0,White,0.010845154568361414,6008
121,0,Multiracial,-0.002866893122399507,3116
121,1,Black,0.04570762784396057,6369
121,1,White,0.011128324417991555,6580
121,1,Asian,-0.06533540435607958,5581
121,1,Multiracial,0.002336879771044023,3457
121,1,Hispanic,0.0076179767544879914,4754
121,2,Asian,-0.052530673762404695,5541
121,2,Black,0.042266410267222075,6159
121,2,White,0.003592325418074554,6326
121,2,Hispanic,0.008211284316540005,4681
121,2,Multiracial,0.012530668596654098,3308
121,3,Hispanic,-0.010273056122712627,4901
121,3,White,0.005171483261715306,6481
121,3,Asian,-0.04414354555044194,5696
121,3,Multiracial,0.013109796533380005,3475
121,3,Black,0.05393933221807403,6551
121,4,Asian,-0.06169866519366261,5394
121,4,Multiracial,0.013927359747589836,3252
121,4,White,0.0025635111639756543,6172
121,4,Hispanic,-0.007597826610962499,4550
121,4,Black,0.04677065180244699,5921
121,5,Asian,-0.071045511259375,5704
121,5,White,0.011561266884688186,6616
121,5,Black,0.03787741767550448,6406
121,5,Hispanic,-0.0005364203518857224,5005
121,5,Multiracial,0.014485706709343312,3615
121,6,Black,0.04135479920545771,6369
121,6,White,0.001842263099508183,6494
121,6,Hispanic,-0.00774681189377398,4810
121,6,Asian,-0.057488799178661315,5736
121,6,Multiracial,0.015855197692935287,3574
121,7,White,3.8190031498096576e-05,6524
121,7,Asian,-0.05524645412583387,5765
121,7,Hispanic,0.0038644682154565964,4778
121,7,Multiracial,0.019713195271545247,3482
121,7,Black,0.04648693726176727,6313
121,8,White,-8.272583386743543e-05,6776
121,8,Hispanic,-0.002134848342839597,4841
121,8,Multiracial,0.02394360207071899,3557
121,8,Asian,-0.05960827228599446,5708
121,8,Black,0.035854464379061375,6343
121,9,Black,0.043520005656632055,6092
121,9,Asian,-0.06259813661905035,5473
121,9,Multiracial,0.006397673139802874,3341
121,9,White,0.0035677289327737545,6260
121,9,Hispanic,0.007772652996391388,4607
122,0,Asian,-0.05515924016772678,6209
122,0,White,0.007976361359543084,7393
122,0,Black,0.035953059238276186,6877
122,0,Hispanic,-0.0013116127495898125,5132
122,0,Multiracial,0.008398791774595626,3791
122,1,White,0.0056222420589623215,6592
122,1,Black,0.05112234696109618,6412
122,1,Hispanic,0.0007136055080842966,4848
122,1,Asian,-0.05951374748595693,5787
122,1,Multiracial,0.012337941030667288,3567
122,2,Black,0.04356894656797972,6280
122,2,Asian,-0.05716797903205428,5567
122,2,Hispanic,0.005951642443161643,4706
122,2,White,0.012655179328093633,6320
122,2,Multiracial,-0.014496390734726278,3357
122,3,Asian,-0.05406793086276641,5680
122,3,White,0.0074416371380624695,6565
122,3,Black,0.03871792805247893,6259
122,3,Multiracial,0.00977265957028876,3513
122,3,Hispanic,0.01375918818461719,4823
122,4,Black,0.04909924275397619,5850
122,4,White,0.005501162417135761,6036
122,4,Asian,-0.05284414236926784,5154
122,4,Hispanic,-0.00033822880403671025,4515
122,4,Multiracial,0.014826693407498048,3211
122,5,White,0.007193583350987949,6676
122,5,Multiracial,0.0010752662760429223,3531
122,5,Black,0.04068133883511366,6371
122,5,Hispanic,-0.006880210764362251,4974
122,5,Asian,-0.04003475984866048,5776
122,6,Black,0.040495825899905524,6592
122,6,White,0.012831469138839096,6870
122,6,Multiracial,-0.006649241071877674,3573
122,6,Hispanic,-0.00916299015341591,4782
122,6,Asian,-0.06393023169153034,5755
122,7,Hispanic,-0.001344053833605253,4661
122,7,Black,0.0410554653240541,6192
122,7,White,0.0034117418051206475,6496
122,7,Multiracial,-0.012147862008144336,3404
122,7,Asian,-0.06123283528803015,5599
122,8,Hispanic,0.007907690960684052,4862
122,8,White,0.002567412220132922,6750
122,8,Asian,-0.0645797482672853,5804
122,8,Black,0.036936208726726705,6496
122,8,Multiracial,0.009956167167450233,3538
122,9,Hispanic,-0.006040044339332411,4631
122,9,White,0.005551965541752485,6620
122,9,Multiracial,0.0001381199077597361,3545
122,9,Asian,-0.04192199426250173,5533
122,9,Black,0.04000696798961309,6145
123,0,Asian,-0.06669439862466392,5661
123,0,Multiracial,-0.0017438366018150471,3425
123,0,Black,0.03910199247861029,6247
123,0,White,0.017649722693136447,6535
123,0,Hispanic,-0.0028055452522219105,4823
123,1,Hispanic,0.0055770845404312305,5004
123,1,Black,0.040069125185439175,6630
123,1,White,-0.0025663759352977057,6851
123,1,Multiracial,0.007031976121323604,3653
123,1,Asian,-0.047380897847455465,6029
123,2,White,-0.0010645696467114633,6584
123,2,Multiracial,0.011954988336068496,3549
123,2,Asian,-0.04937407607156061,5785
123,2,Black,0.03663052670612793,6587
123,2,Hispanic,0.011806213874996498,4678
123,3,Black,0.045298095840959014,6296
123,3,White,0.012310565668900715,6549
123,3,Asian,-0.06804885207377337,5725
123,3,Hispanic,0.004588515246448503,4692
123,3,Multiracial,-0.005984833007443533,3429
123,4,Multiracial,0.01269240573908714,3653
123,4,Asian,-0.05012953331010424,5891
123,4,Hispanic,0.0002068736783413111,4973
123,4,Black,0.037623879880400855,6556
123,4,White,0.00550016005152839,6725
123,5,White,0.015530495501040891,6762
123,5,Black,0.048509596417102625,6527
123,5,Asian,-0.06370411257926327,5844
123,5,Multiracial,-0.00390617360632081,3637
123,5,Hispanic,-0.013130548580424622,4905
123,6,White,0.007069756231965656,6626
123,6,Multiracial,0.012113281549835814,3505
123,6,Asian,-0.06136343666173607,5864
123,6,Hispanic,0.004702089135600996,4819
123,6,Black,0.04401512814126336,6246
123,7,Multiracial,0.006808403439601142,3430
123,7,Hispanic,-0.002916259453082948,4869
123,7,Asian,-0.0475353631196485,5847
123,7,Black,0.04248562472539986,6291
123,7,White,0.0064155300113134354,6623
123,8,Multiracial,0.019272094108810405,3505
123,8,Black,0.04398272369444333,6490
123,8,Hispanic,-0.0002501164646745418,4819
123,8,White,0.003097861730436735,6690
123,8,Asian,-0.05594772722038503,5679
123,9,White,0.005473386072627928,6770
123,9,Multiracial,0.014674934552413053,3592
123,9,Black,0.05116011371120963,6545
123,9,Asian,-0.06754307666895115,5922
123,9,Hispanic,0.009210655731628927,4969
