sample_size,standard_error
3,0.0023446227277594883
4,0.0022494413245851413
5,0.0021044034011048715
