sample_size,standard_error
3,0.0023446227277594883
4,0.0022494413245851413
5,0.0021044034011048715
6,0.03111147230845508
7,0.028661216909638434
8,0.026648617998891514
9,0.024838684984906406
10,0.023026361100247788
