sample_size,standard_deviation
3,0.4407939033425598
4,0.4394859138031035
5,0.42014353372235697
6,0.3926862836928852
7,0.366328996963643
8,0.34624938525966614
9,0.33350888090539715
10,0.3252560513647574
