sample_size,standard_deviation
3,0.44094507422996276
4,0.4406537314857204
5,0.42176791888148524
6,0.3980913549710517
7,0.37575127749574616
8,0.3597015480719989
9,0.34858887575762965
10,0.33642192250724595
