n_ann,minority,delta,rep,method,stat,pvalue,detected
80,0.5,0.0,0,apunim,-0.014556287034296086,0.4610789377594803,0
80,0.5,0.0,0,Krippendorff delta-alpha,0.0015908319096045176,0.13930348258706468,0
80,0.5,0.0,0,aposteriori unimodality (2024),0.006172839506172839,0.5742574257425742,0
80,0.5,0.0,0,chi-squared (Akhtar et al. 2019),5.594852088254533,0.23151686347757283,0
80,0.5,0.0,0,GMM clustering (Checco/Mignemi),0.010094859633380335,0.2537313432835821,0
80,0.5,0.0,1,apunim,-0.016019985488060943,0.2736738368225813,0
80,0.5,0.0,1,Krippendorff delta-alpha,0.0021953938340848467,0.06467661691542288,0
80,0.5,0.0,1,aposteriori unimodality (2024),0.0,1.0,0
80,0.5,0.0,1,chi-squared (Akhtar et al. 2019),3.3651699285390437,0.498673305663078,0
80,0.5,0.0,1,GMM clustering (Checco/Mignemi),0.018267913371631854,0.23383084577114427,0
80,0.5,0.0,2,apunim,-0.020582484508992558,0.040447010227661805,1
80,0.5,0.0,2,Krippendorff delta-alpha,0.00022017501580368082,0.43283582089552236,0
80,0.5,0.0,2,aposteriori unimodality (2024),0.0,1.0,0
80,0.5,0.0,2,chi-squared (Akhtar et al. 2019),0.5728542253380641,0.9660319052964517,0
80,0.5,0.0,2,GMM clustering (Checco/Mignemi),-0.011530977490571024,1.0,0
80,0.5,0.0,3,apunim,-0.017735039083094355,0.13149126098966615,0
80,0.5,0.0,3,Krippendorff delta-alpha,0.0011421010823720046,0.12935323383084577,0
80,0.5,0.0,3,aposteriori unimodality (2024),0.005988023952095809,0.3465346534653465,0
80,0.5,0.0,3,chi-squared (Akhtar et al. 2019),1.8209385368452276,0.7686493722869692,0
80,0.5,0.0,3,GMM clustering (Checco/Mignemi),-0.012179389588224454,1.0,0
80,0.5,0.0,4,apunim,0.02027300852391231,0.037759516244556604,1
80,0.5,0.0,4,Krippendorff delta-alpha,0.0015517292817232575,0.0845771144278607,0
80,0.5,0.0,4,aposteriori unimodality (2024),0.0,1.0,0
80,0.5,0.0,4,chi-squared (Akhtar et al. 2019),1.9908798366419207,0.7374364368154304,0
80,0.5,0.0,4,GMM clustering (Checco/Mignemi),0.018267913371631854,0.1791044776119403,0
80,0.5,0.0,5,apunim,0.004566724368620848,1.0,0
80,0.5,0.0,5,Krippendorff delta-alpha,-0.00015164978304604837,0.5621890547263682,0
80,0.5,0.0,5,aposteriori unimodality (2024),0.0,1.0,0
80,0.5,0.0,5,chi-squared (Akhtar et al. 2019),0.7816480797083512,0.9408913259096022,0
80,0.5,0.0,5,GMM clustering (Checco/Mignemi),0.013130990415335463,0.18407960199004975,0
80,0.5,0.0,6,apunim,0.032628109784712936,0.0005543227469931124,1
80,0.5,0.0,6,Krippendorff delta-alpha,0.00027473828748680873,0.43781094527363185,0
80,0.5,0.0,6,aposteriori unimodality (2024),0.0,1.0,0
80,0.5,0.0,6,chi-squared (Akhtar et al. 2019),6.3217838128240516,0.17637154560062912,0
80,0.5,0.0,6,GMM clustering (Checco/Mignemi),0.010094859633380335,0.29850746268656714,0
80,0.5,0.0,7,apunim,0.02444598113621152,0.019581232957403664,1
80,0.5,0.0,7,Krippendorff delta-alpha,-0.001324336055522235,0.8507462686567164,0
80,0.5,0.0,7,aposteriori unimodality (2024),0.012121212121212121,0.1782178217821782,0
80,0.5,0.0,7,chi-squared (Akhtar et al. 2019),7.288637887620889,0.12139880988619522,0
80,0.5,0.0,7,GMM clustering (Checco/Mignemi),0.027816946545314702,0.11442786069651742,0
80,0.5,0.0,8,apunim,0.036163163780406654,0.00012700555596255604,1
80,0.5,0.0,8,Krippendorff delta-alpha,-0.0007104583782691631,0.6666666666666666,0
80,0.5,0.0,8,aposteriori unimodality (2024),0.0,1.0,0
80,0.5,0.0,8,chi-squared (Akhtar et al. 2019),2.2122873858309244,0.6967803520268728,0
80,0.5,0.0,8,GMM clustering (Checco/Mignemi),-0.006470159591931519,0.6467661691542289,0
80,0.5,0.0,9,apunim,0.016295052942261672,0.2305111577325101,0
80,0.5,0.0,9,Krippendorff delta-alpha,-0.001443835183005726,0.945273631840796,0
80,0.5,0.0,9,aposteriori unimodality (2024),0.0,1.0,0
80,0.5,0.0,9,chi-squared (Akhtar et al. 2019),3.6727434858083976,0.4521026320730811,0
80,0.5,0.0,9,GMM clustering (Checco/Mignemi),-0.010365926814637072,1.0,0
80,0.5,0.0,10,apunim,-0.014343711540193774,0.3296643706620542,0
80,0.5,0.0,10,Krippendorff delta-alpha,0.0028952319326483456,0.004975124378109453,1
80,0.5,0.0,10,aposteriori unimodality (2024),0.0058823529411764705,0.6039603960396039,0
80,0.5,0.0,10,chi-squared (Akhtar et al. 2019),6.209070835517779,0.18406931948609045,0
80,0.5,0.0,10,GMM clustering (Checco/Mignemi),0.009999679497452004,0.27860696517412936,0
80,0.5,0.0,11,apunim,-0.004654672805933987,1.0,0
80,0.5,0.0,11,Krippendorff delta-alpha,0.00036289252725091314,0.44776119402985076,0
80,0.5,0.0,11,aposteriori unimodality (2024),0.006211180124223602,0.5643564356435643,0
80,0.5,0.0,11,chi-squared (Akhtar et al. 2019),3.8801137177873706,0.4224737611204531,0
80,0.5,0.0,11,GMM clustering (Checco/Mignemi),-0.0061478854636130035,0.7064676616915423,0
80,0.5,0.0,12,apunim,0.025578543419185494,0.008064520386513995,1
80,0.5,0.0,12,Krippendorff delta-alpha,-0.001420842071695405,0.8557213930348259,0
80,0.5,0.0,12,aposteriori unimodality (2024),0.0,1.0,0
80,0.5,0.0,12,chi-squared (Akhtar et al. 2019),2.183045505984929,0.7021344547170946,0
80,0.5,0.0,12,GMM clustering (Checco/Mignemi),-0.0073639580477541525,1.0,0
80,0.5,0.0,13,apunim,0.01113520602919193,0.8707662699131686,0
80,0.5,0.0,13,Krippendorff delta-alpha,0.0004336062827474674,0.40298507462686567,0
80,0.5,0.0,13,aposteriori unimodality (2024),0.006329113924050633,0.5247524752475248,0
80,0.5,0.0,13,chi-squared (Akhtar et al. 2019),5.727857178420961,0.2204147777906748,0
80,0.5,0.0,13,GMM clustering (Checco/Mignemi),-0.012114510972766387,1.0,0
80,0.5,0.0,14,apunim,0.033369935823751584,0.0005666421032951317,1
80,0.5,0.0,14,Krippendorff delta-alpha,-0.001720011840536051,0.945273631840796,0
80,0.5,0.0,14,aposteriori unimodality (2024),0.0,1.0,0
80,0.5,0.0,14,chi-squared (Akhtar et al. 2019),2.7809512983856712,0.5951253123309527,0
80,0.5,0.0,14,GMM clustering (Checco/Mignemi),-0.007143711381303568,1.0,0
80,0.5,0.0,15,apunim,-0.005157466251409642,1.0,0
80,0.5,0.0,15,Krippendorff delta-alpha,0.0020583919977203435,0.04975124378109453,1
80,0.5,0.0,15,aposteriori unimodality (2024),0.0,1.0,0
80,0.5,0.0,15,chi-squared (Akhtar et al. 2019),1.7505550414420827,0.7815150580250212,0
80,0.5,0.0,15,GMM clustering (Checco/Mignemi),-0.005310937812437512,0.6119402985074627,0
80,0.5,0.0,16,apunim,-0.022327424289916447,0.06743213424115671,0
80,0.5,0.0,16,Krippendorff delta-alpha,0.002127479784070019,0.06467661691542288,0
80,0.5,0.0,16,aposteriori unimodality (2024),0.0,1.0,0
80,0.5,0.0,16,chi-squared (Akhtar et al. 2019),1.693281385704435,0.7919377045736995,0
80,0.5,0.0,16,GMM clustering (Checco/Mignemi),-0.0025637738751442124,0.5373134328358209,0
80,0.5,0.0,17,apunim,0.03314153847413816,0.0004720071774747804,1
80,0.5,0.0,17,Krippendorff delta-alpha,-0.0013641237817420548,0.8507462686567164,0
80,0.5,0.0,17,aposteriori unimodality (2024),0.0058823529411764705,0.38613861386138615,0
80,0.5,0.0,17,chi-squared (Akhtar et al. 2019),10.945626048978218,0.027181947230469284,1
80,0.5,0.0,17,GMM clustering (Checco/Mignemi),-0.0012746058679667647,0.5422885572139303,0
80,0.5,0.0,18,apunim,-0.008340342076781642,1.0,0
80,0.5,0.0,18,Krippendorff delta-alpha,0.0014004981888953716,0.09950248756218906,0
80,0.5,0.0,18,aposteriori unimodality (2024),0.0,1.0,0
80,0.5,0.0,18,chi-squared (Akhtar et al. 2019),7.60291140189815,0.10725602367154563,0
80,0.5,0.0,18,GMM clustering (Checco/Mignemi),-0.008704278536913182,0.845771144278607,0
80,0.5,0.0,19,apunim,0.022212130910015993,0.028751896168320013,1
80,0.5,0.0,19,Krippendorff delta-alpha,-0.0006642651396442378,0.7014925373134329,0
80,0.5,0.0,19,aposteriori unimodality (2024),0.006097560975609756,0.504950495049505,0
80,0.5,0.0,19,chi-squared (Akhtar et al. 2019),9.176084674308138,0.05684577844384828,0
80,0.5,0.0,19,GMM clustering (Checco/Mignemi),-0.012179389588224454,1.0,0
80,0.5,0.0,20,apunim,0.006640086116003469,1.0,0
80,0.5,0.0,20,Krippendorff delta-alpha,0.0017426498553529401,0.0845771144278607,0
80,0.5,0.0,20,aposteriori unimodality (2024),0.018072289156626505,0.019801980198019802,1
80,0.5,0.0,20,chi-squared (Akhtar et al. 2019),4.137839050928387,0.3876726535329877,0
80,0.5,0.0,20,GMM clustering (Checco/Mignemi),-0.006385492161808372,0.7960199004975125,0
80,0.5,0.0,21,apunim,-0.008940740696008023,0.7298858671508724,0
80,0.5,0.0,21,Krippendorff delta-alpha,0.00046156567449479047,0.3482587064676617,0
80,0.5,0.0,21,aposteriori unimodality (2024),0.0,1.0,0
80,0.5,0.0,21,chi-squared (Akhtar et al. 2019),8.803024203536882,0.06621599899675329,0
80,0.5,0.0,21,GMM clustering (Checco/Mignemi),-0.011653220642847996,1.0,0
80,0.5,0.0,22,apunim,-0.0077937740461549105,0.8096619399092772,0
80,0.5,0.0,22,Krippendorff delta-alpha,-0.0012805633030490426,0.8905472636815921,0
80,0.5,0.0,22,aposteriori unimodality (2024),0.0,1.0,0
80,0.5,0.0,22,chi-squared (Akhtar et al. 2019),2.8672982195090313,0.5802725990142588,0
80,0.5,0.0,22,GMM clustering (Checco/Mignemi),-0.006728127578114362,0.6716417910447762,0
80,0.5,0.0,23,apunim,-0.00377970906403656,1.0,0
80,0.5,0.0,23,Krippendorff delta-alpha,0.0013006749542712748,0.15422885572139303,0
80,0.5,0.0,23,aposteriori unimodality (2024),0.0,1.0,0
80,0.5,0.0,23,chi-squared (Akhtar et al. 2019),1.0110648403880862,0.9081135828283902,0
80,0.5,0.0,23,GMM clustering (Checco/Mignemi),-0.002872439738607984,0.5920398009950248,0
80,0.5,0.0,24,apunim,0.01705763041251621,0.12187508777458009,0
80,0.5,0.0,24,Krippendorff delta-alpha,0.001999940864833849,0.07960199004975124,0
80,0.5,0.0,24,aposteriori unimodality (2024),0.0058823529411764705,0.5148514851485149,0
80,0.5,0.0,24,chi-squared (Akhtar et al. 2019),1.5969967754078023,0.8093318081080536,0
80,0.5,0.0,24,GMM clustering (Checco/Mignemi),-0.012179389588224454,1.0,0
80,0.5,0.0,25,apunim,0.0008450743309902615,1.0,0
80,0.5,0.0,25,Krippendorff delta-alpha,0.0018108290430863816,0.0845771144278607,0
80,0.5,0.0,25,aposteriori unimodality (2024),0.0,1.0,0
80,0.5,0.0,25,chi-squared (Akhtar et al. 2019),2.3813423489684973,0.6660016005331783,0
80,0.5,0.0,25,GMM clustering (Checco/Mignemi),-0.00063971340839304,0.4228855721393035,0
80,0.5,0.0,26,apunim,0.01333734573678552,0.35990636510931484,0
80,0.5,0.0,26,Krippendorff delta-alpha,-0.0008857653717132541,0.746268656716418,0
80,0.5,0.0,26,aposteriori unimodality (2024),0.005952380952380952,0.49504950495049505,0
80,0.5,0.0,26,chi-squared (Akhtar et al. 2019),1.3536909548345475,0.8522024686797046,0
80,0.5,0.0,26,GMM clustering (Checco/Mignemi),0.003076701199432733,0.35323383084577115,0
80,0.5,0.0,27,apunim,0.013923906438747299,0.19760300381773452,0
80,0.5,0.0,27,Krippendorff delta-alpha,0.000545528417891683,0.3582089552238806,0
80,0.5,0.0,27,aposteriori unimodality (2024),0.0,1.0,0
80,0.5,0.0,27,chi-squared (Akhtar et al. 2019),2.3502591470278364,0.6716342639317838,0
80,0.5,0.0,27,GMM clustering (Checco/Mignemi),0.028470776621297038,0.08955223880597014,0
80,0.5,0.0,28,apunim,0.011255994086816552,0.8277020547122381,0
80,0.5,0.0,28,Krippendorff delta-alpha,-0.0013717695625647952,0.900497512437811,0
80,0.5,0.0,28,aposteriori unimodality (2024),0.0,1.0,0
80,0.5,0.0,28,chi-squared (Akhtar et al. 2019),1.4104950290719387,0.8423688938099912,0
80,0.5,0.0,28,GMM clustering (Checco/Mignemi),-0.011207082876377871,1.0,0
80,0.5,0.0,29,apunim,0.018189864017461907,0.06492457936891832,0
80,0.5,0.0,29,Krippendorff delta-alpha,-0.0008641150112305707,0.8258706467661692,0
80,0.5,0.0,29,aposteriori unimodality (2024),0.005649717514124294,0.49504950495049505,0
80,0.5,0.0,29,chi-squared (Akhtar et al. 2019),3.7675646334091053,0.43837543431869785,0
80,0.5,0.0,29,GMM clustering (Checco/Mignemi),-0.012528437309750392,1.0,0
80,0.5,0.0,30,apunim,-0.01496878135790775,0.3345076908352365,0
80,0.5,0.0,30,Krippendorff delta-alpha,-4.7591259415613596e-05,0.527363184079602,0
80,0.5,0.0,30,aposteriori unimodality (2024),0.0,1.0,0
80,0.5,0.0,30,chi-squared (Akhtar et al. 2019),4.240872094602922,0.3743877340646076,0
80,0.5,0.0,30,GMM clustering (Checco/Mignemi),-0.012788051665010737,1.0,0
80,0.5,0.0,31,apunim,-0.009923331505693475,0.4686123838095957,0
80,0.5,0.0,31,Krippendorff delta-alpha,-3.0896069069252796e-06,0.47761194029850745,0
80,0.5,0.0,31,aposteriori unimodality (2024),0.005952380952380952,0.3069306930693069,0
80,0.5,0.0,31,chi-squared (Akhtar et al. 2019),2.0982986241231596,0.7176849641882154,0
80,0.5,0.0,31,GMM clustering (Checco/Mignemi),-0.011790242613076596,1.0,0
80,0.5,0.0,32,apunim,-0.016338229897473754,0.19894153132071146,0
80,0.5,0.0,32,Krippendorff delta-alpha,-0.0009345742688714465,0.7263681592039801,0
80,0.5,0.0,32,aposteriori unimodality (2024),0.0,1.0,0
80,0.5,0.0,32,chi-squared (Akhtar et al. 2019),3.012008987239918,0.5558177401243634,0
80,0.5,0.0,32,GMM clustering (Checco/Mignemi),-0.005310937812437512,0.6517412935323383,0
80,0.5,0.0,33,apunim,0.023162920589790116,0.03857338248132644,1
80,0.5,0.0,33,Krippendorff delta-alpha,0.0008966287727391054,0.24875621890547264,0
80,0.5,0.0,33,aposteriori unimodality (2024),0.011428571428571429,0.06930693069306931,0
80,0.5,0.0,33,chi-squared (Akhtar et al. 2019),1.060428905589011,0.9004986964181471,0
80,0.5,0.0,33,GMM clustering (Checco/Mignemi),0.01025345252971899,0.3034825870646766,0
80,0.5,0.0,34,apunim,0.030612814631865052,0.0006982408122624505,1
80,0.5,0.0,34,Krippendorff delta-alpha,0.0006445248762992906,0.24875621890547264,0
80,0.5,0.0,34,aposteriori unimodality (2024),0.005988023952095809,0.44554455445544555,0
80,0.5,0.0,34,chi-squared (Akhtar et al. 2019),5.255990454892205,0.2620250915132684,0
80,0.5,0.0,34,GMM clustering (Checco/Mignemi),-0.011984778690166233,1.0,0
80,0.5,0.0,35,apunim,-0.025750331285223547,0.013890362691738274,1
80,0.5,0.0,35,Krippendorff delta-alpha,0.0017733998375062399,0.11442786069651742,0
80,0.5,0.0,35,aposteriori unimodality (2024),0.0,1.0,0
80,0.5,0.0,35,chi-squared (Akhtar et al. 2019),6.815038751312902,0.14599143194395417,0
80,0.5,0.0,35,GMM clustering (Checco/Mignemi),-9.59048623765225e-05,0.4427860696517413,0
80,0.5,0.0,36,apunim,0.01993900935919297,0.11734174259197057,0
80,0.5,0.0,36,Krippendorff delta-alpha,0.001420996885268866,0.15920398009950248,0
80,0.5,0.0,36,aposteriori unimodality (2024),0.0,1.0,0
80,0.5,0.0,36,chi-squared (Akhtar et al. 2019),2.1763378155837936,0.7033635735702255,0
80,0.5,0.0,36,GMM clustering (Checco/Mignemi),-0.012114510972766387,1.0,0
80,0.5,0.0,37,apunim,-0.033550783574050766,0.0003089861475857495,1
80,0.5,0.0,37,Krippendorff delta-alpha,0.0024086458683120204,0.04477611940298507,1
80,0.5,0.0,37,aposteriori unimodality (2024),0.005847953216374269,0.36633663366336633,0
80,0.5,0.0,37,chi-squared (Akhtar et al. 2019),2.6118296302205386,0.6247289929966192,0
80,0.5,0.0,37,GMM clustering (Checco/Mignemi),0.0027096815327233895,0.3781094527363184,0
80,0.5,0.0,38,apunim,-0.009314157563874628,0.7585889075684236,0
80,0.5,0.0,38,Krippendorff delta-alpha,-0.0005100746071094453,0.6417910447761194,0
80,0.5,0.0,38,aposteriori unimodality (2024),0.0,1.0,0
80,0.5,0.0,38,chi-squared (Akhtar et al. 2019),4.8854280326097665,0.29925659458167964,0
80,0.5,0.0,38,GMM clustering (Checco/Mignemi),0.01820498233187234,0.1691542288557214,0
80,0.5,0.0,39,apunim,-0.025658213039195833,0.01441767373005463,1
80,0.5,0.0,39,Krippendorff delta-alpha,0.0011107292149080683,0.23880597014925373,0
80,0.5,0.0,39,aposteriori unimodality (2024),0.005952380952380952,0.3465346534653465,0
80,0.5,0.0,39,chi-squared (Akhtar et al. 2019),10.006387342035413,0.04032022540242797,1
80,0.5,0.0,39,GMM clustering (Checco/Mignemi),0.07907125700560448,0.009950248756218905,1
80,0.5,0.5,0,apunim,-0.029568786643952343,0.003614543448383111,1
80,0.5,0.5,0,Krippendorff delta-alpha,0.001468863153978095,0.0945273631840796,0
80,0.5,0.5,0,aposteriori unimodality (2024),0.0,1.0,0
80,0.5,0.5,0,chi-squared (Akhtar et al. 2019),261.6693937354591,1.9917867262486e-55,1
80,0.5,0.5,0,GMM clustering (Checco/Mignemi),0.9499923878815073,0.004975124378109453,1
80,0.5,0.5,1,apunim,-0.03223933934848014,0.001687649042408778,1
80,0.5,0.5,1,Krippendorff delta-alpha,0.00145004311833824,0.11442786069651742,0
80,0.5,0.5,1,aposteriori unimodality (2024),0.022598870056497175,0.009900990099009901,1
80,0.5,0.5,1,chi-squared (Akhtar et al. 2019),241.31958930532303,4.8224093631668e-51,1
80,0.5,0.5,1,GMM clustering (Checco/Mignemi),0.9499923878815073,0.004975124378109453,1
80,0.5,0.5,2,apunim,-0.04061192069276177,5.303786374679003e-05,1
80,0.5,0.5,2,Krippendorff delta-alpha,0.0015435718055747394,0.07462686567164178,0
80,0.5,0.5,2,aposteriori unimodality (2024),0.011976047904191617,0.0891089108910891,0
80,0.5,0.5,2,chi-squared (Akhtar et al. 2019),261.5375609782197,2.1264381485013543e-55,1
80,0.5,0.5,2,GMM clustering (Checco/Mignemi),0.9499923878815073,0.004975124378109453,1
80,0.5,0.5,3,apunim,0.01073289041647497,0.6704157751410668,0
80,0.5,0.5,3,Krippendorff delta-alpha,-0.0009521189153248177,0.736318407960199,0
80,0.5,0.5,3,aposteriori unimodality (2024),0.011627906976744186,0.15841584158415842,0
80,0.5,0.5,3,chi-squared (Akhtar et al. 2019),269.22823122923546,4.6788303504911497e-57,1
80,0.5,0.5,3,GMM clustering (Checco/Mignemi),0.8075887706704269,0.004975124378109453,1
80,0.5,0.5,4,apunim,-0.030360337842626508,0.002035554861201288,1
80,0.5,0.5,4,Krippendorff delta-alpha,0.00012501273690784798,0.4427860696517413,0
80,0.5,0.5,4,aposteriori unimodality (2024),0.011904761904761904,0.0297029702970297,1
80,0.5,0.5,4,chi-squared (Akhtar et al. 2019),266.9340472599208,1.460911519327216e-56,1
80,0.5,0.5,4,GMM clustering (Checco/Mignemi),0.7190233586465443,0.004975124378109453,1
80,0.5,0.5,5,apunim,-0.010126170443099462,1.0,0
80,0.5,0.5,5,Krippendorff delta-alpha,0.002550263692670307,0.009950248756218905,1
80,0.5,0.5,5,aposteriori unimodality (2024),0.005917159763313609,0.4158415841584158,0
80,0.5,0.5,5,chi-squared (Akhtar et al. 2019),288.3458387910518,3.5349418752444354e-61,1
80,0.5,0.5,5,GMM clustering (Checco/Mignemi),0.90125,0.004975124378109453,1
80,0.5,0.5,6,apunim,-0.02677174239965188,0.004815055013599,1
80,0.5,0.5,6,Krippendorff delta-alpha,-0.0014286635254116553,0.8159203980099502,0
80,0.5,0.5,6,aposteriori unimodality (2024),0.012195121951219513,0.039603960396039604,1
80,0.5,0.5,6,chi-squared (Akhtar et al. 2019),300.791080197901,7.314083495461353e-64,1
80,0.5,0.5,6,GMM clustering (Checco/Mignemi),0.9012531649626615,0.004975124378109453,1
80,0.5,0.5,7,apunim,-0.03737400203001041,8.53893987348006e-05,1
80,0.5,0.5,7,Krippendorff delta-alpha,0.0021304001327193123,0.029850746268656716,1
80,0.5,0.5,7,aposteriori unimodality (2024),0.0,1.0,0
80,0.5,0.5,7,chi-squared (Akhtar et al. 2019),245.98662508283712,4.765201993578354e-52,1
80,0.5,0.5,7,GMM clustering (Checco/Mignemi),0.7626677348287603,0.004975124378109453,1
80,0.5,0.5,8,apunim,-0.016626239014064844,0.12207505884491092,0
80,0.5,0.5,8,Krippendorff delta-alpha,0.0006277250172436744,0.26865671641791045,0
80,0.5,0.5,8,aposteriori unimodality (2024),0.005714285714285714,0.26732673267326734,0
80,0.5,0.5,8,chi-squared (Akhtar et al. 2019),251.24230948362026,3.515053626755857e-53,1
80,0.5,0.5,8,GMM clustering (Checco/Mignemi),0.8075702701836479,0.004975124378109453,1
80,0.5,0.5,9,apunim,-0.02913220503261279,0.004928609482412301,1
80,0.5,0.5,9,Krippendorff delta-alpha,0.0012955675285770685,0.15422885572139303,0
80,0.5,0.5,9,aposteriori unimodality (2024),0.005988023952095809,0.36633663366336633,0
80,0.5,0.5,9,chi-squared (Akhtar et al. 2019),271.95052334104173,1.2115359901293666e-57,1
80,0.5,0.5,9,GMM clustering (Checco/Mignemi),0.7626220943742438,0.004975124378109453,1
80,0.5,0.5,10,apunim,-0.020865154459357722,0.05426758001055503,0
80,0.5,0.5,10,Krippendorff delta-alpha,-2.0370998101260085e-05,0.4975124378109453,0
80,0.5,0.5,10,aposteriori unimodality (2024),0.005649717514124294,0.33663366336633666,0
80,0.5,0.5,10,chi-squared (Akhtar et al. 2019),215.15833300192563,2.063992545338709e-45,1
80,0.5,0.5,10,GMM clustering (Checco/Mignemi),0.8537752101345342,0.004975124378109453,1
80,0.5,0.5,11,apunim,-0.048886958428466264,2.420294454984692e-09,1
80,0.5,0.5,11,Krippendorff delta-alpha,0.000787358895334489,0.16417910447761194,0
80,0.5,0.5,11,aposteriori unimodality (2024),0.01775147928994083,0.019801980198019802,1
80,0.5,0.5,11,chi-squared (Akhtar et al. 2019),262.109752531382,1.6008286708641748e-55,1
80,0.5,0.5,11,GMM clustering (Checco/Mignemi),0.8075887706704269,0.004975124378109453,1
80,0.5,0.5,12,apunim,-0.041302135547692055,5.495387275803146e-06,1
80,0.5,0.5,12,Krippendorff delta-alpha,0.0015480790750970752,0.08955223880597014,0
80,0.5,0.5,12,aposteriori unimodality (2024),0.0,1.0,0
80,0.5,0.5,12,chi-squared (Akhtar et al. 2019),286.2285505081336,1.0115025398421418e-60,1
80,0.5,0.5,12,GMM clustering (Checco/Mignemi),0.8075887706704269,0.004975124378109453,1
80,0.5,0.5,13,apunim,-0.027320040406120866,0.003148815140068952,1
80,0.5,0.5,13,Krippendorff delta-alpha,0.0013228114588420548,0.09950248756218906,0
80,0.5,0.5,13,aposteriori unimodality (2024),0.005649717514124294,0.26732673267326734,0
80,0.5,0.5,13,chi-squared (Akhtar et al. 2019),344.00254882378255,3.458158900225042e-73,1
80,0.5,0.5,13,GMM clustering (Checco/Mignemi),0.9499923878815073,0.004975124378109453,1
80,0.5,0.5,14,apunim,-0.024101744915766343,0.021717480366036598,1
80,0.5,0.5,14,Krippendorff delta-alpha,7.70358732857801e-05,0.43283582089552236,0
80,0.5,0.5,14,aposteriori unimodality (2024),0.005813953488372093,0.5148514851485149,0
80,0.5,0.5,14,chi-squared (Akhtar et al. 2019),224.1287576877196,2.423173167794416e-47,1
80,0.5,0.5,14,GMM clustering (Checco/Mignemi),0.8075887706704269,0.004975124378109453,1
80,0.5,0.5,15,apunim,-0.02372688267434349,0.03309707677378183,1
80,0.5,0.5,15,Krippendorff delta-alpha,0.0008513760682867244,0.15920398009950248,0
80,0.5,0.5,15,aposteriori unimodality (2024),0.0,1.0,0
80,0.5,0.5,15,chi-squared (Akhtar et al. 2019),333.0636317093901,7.947830723880446e-71,1
80,0.5,0.5,15,GMM clustering (Checco/Mignemi),0.90125,0.004975124378109453,1
80,0.5,0.5,16,apunim,-0.03820862433926288,9.821832552563253e-07,1
80,0.5,0.5,16,Krippendorff delta-alpha,3.298016365871348e-05,0.40298507462686567,0
80,0.5,0.5,16,aposteriori unimodality (2024),0.005494505494505495,0.3069306930693069,0
80,0.5,0.5,16,chi-squared (Akhtar et al. 2019),298.5120397405603,2.2686424810829622e-63,1
80,0.5,0.5,16,GMM clustering (Checco/Mignemi),0.8537752101345342,0.004975124378109453,1
80,0.5,0.5,17,apunim,-0.029468646639308742,0.000162968072974225,1
80,0.5,0.5,17,Krippendorff delta-alpha,0.0026181399361485114,0.014925373134328358,1
80,0.5,0.5,17,aposteriori unimodality (2024),0.005813953488372093,0.46534653465346537,0
80,0.5,0.5,17,chi-squared (Akhtar et al. 2019),257.94776677673565,1.262438498057845e-54,1
80,0.5,0.5,17,GMM clustering (Checco/Mignemi),0.8075702701836479,0.004975124378109453,1
80,0.5,0.5,18,apunim,-0.01866046481359734,0.08039032914516203,0
80,0.5,0.5,18,Krippendorff delta-alpha,-0.0009643831916832935,0.746268656716418,0
80,0.5,0.5,18,aposteriori unimodality (2024),0.0,1.0,0
80,0.5,0.5,18,chi-squared (Akhtar et al. 2019),245.33936004544677,6.568982522933897e-52,1
80,0.5,0.5,18,GMM clustering (Checco/Mignemi),0.8537845828425835,0.004975124378109453,1
80,0.5,0.5,19,apunim,-0.023433163760787988,0.026144416485012704,1
80,0.5,0.5,19,Krippendorff delta-alpha,0.0012938649882815456,0.11940298507462686,0
80,0.5,0.5,19,aposteriori unimodality (2024),0.0,1.0,0
80,0.5,0.5,19,chi-squared (Akhtar et al. 2019),294.4396779923512,1.714520311472688e-62,1
80,0.5,0.5,19,GMM clustering (Checco/Mignemi),0.9499923878815073,0.004975124378109453,1
80,0.5,0.5,20,apunim,-0.04897006031930592,6.657892830888071e-08,1
80,0.5,0.5,20,Krippendorff delta-alpha,0.0010367109257433116,0.14925373134328357,0
80,0.5,0.5,20,aposteriori unimodality (2024),0.012121212121212121,0.1485148514851485,0
80,0.5,0.5,20,chi-squared (Akhtar et al. 2019),218.03257611488544,4.969179064834965e-46,1
80,0.5,0.5,20,GMM clustering (Checco/Mignemi),0.8537845828425835,0.004975124378109453,1
80,0.5,0.5,21,apunim,-0.021616131131129666,0.026372718480217133,1
80,0.5,0.5,21,Krippendorff delta-alpha,0.0009273778111867914,0.15422885572139303,0
80,0.5,0.5,21,aposteriori unimodality (2024),0.005847953216374269,0.3465346534653465,0
80,0.5,0.5,21,chi-squared (Akhtar et al. 2019),237.9951786453857,2.50712575787406e-50,1
80,0.5,0.5,21,GMM clustering (Checco/Mignemi),0.8537752101345342,0.004975124378109453,1
80,0.5,0.5,22,apunim,-0.026326571161247977,0.01662370492475645,1
80,0.5,0.5,22,Krippendorff delta-alpha,-0.0005542538426229759,0.6467661691542289,0
80,0.5,0.5,22,aposteriori unimodality (2024),0.0,1.0,0
80,0.5,0.5,22,chi-squared (Akhtar et al. 2019),281.2205836254932,1.2156847944043169e-59,1
80,0.5,0.5,22,GMM clustering (Checco/Mignemi),1.0,0.004975124378109453,1
80,0.5,0.5,23,apunim,-0.04160807206834376,3.6958797820063237e-06,1
80,0.5,0.5,23,Krippendorff delta-alpha,0.00043135517445019866,0.3383084577114428,0
80,0.5,0.5,23,aposteriori unimodality (2024),0.018518518518518517,0.019801980198019802,1
80,0.5,0.5,23,chi-squared (Akhtar et al. 2019),315.81098924851227,4.2039151027932886e-67,1
80,0.5,0.5,23,GMM clustering (Checco/Mignemi),0.9499923878815073,0.004975124378109453,1
80,0.5,0.5,24,apunim,-0.04586935293692148,5.8240124026748e-06,1
80,0.5,0.5,24,Krippendorff delta-alpha,-1.3421881046415951e-05,0.48756218905472637,0
80,0.5,0.5,24,aposteriori unimodality (2024),0.012195121951219513,0.13861386138613863,0
80,0.5,0.5,24,chi-squared (Akhtar et al. 2019),283.35106354163423,4.2213156817748806e-60,1
80,0.5,0.5,24,GMM clustering (Checco/Mignemi),0.8537752101345342,0.004975124378109453,1
80,0.5,0.5,25,apunim,-0.028497443589973026,0.005541212497769607,1
80,0.5,0.5,25,Krippendorff delta-alpha,0.0018635546031696149,0.029850746268656716,1
80,0.5,0.5,25,aposteriori unimodality (2024),0.0058823529411764705,0.42574257425742573,0
80,0.5,0.5,25,chi-squared (Akhtar et al. 2019),268.4945011840481,6.734235539760485e-57,1
80,0.5,0.5,25,GMM clustering (Checco/Mignemi),0.8537752101345342,0.004975124378109453,1
80,0.5,0.5,26,apunim,-0.035067371005616764,0.0007779820400667134,1
80,0.5,0.5,26,Krippendorff delta-alpha,0.0018327000387770576,0.04477611940298507,1
80,0.5,0.5,26,aposteriori unimodality (2024),0.0,1.0,0
80,0.5,0.5,26,chi-squared (Akhtar et al. 2019),243.0166662983503,2.0785814105973002e-51,1
80,0.5,0.5,26,GMM clustering (Checco/Mignemi),0.7626220943742438,0.004975124378109453,1
80,0.5,0.5,27,apunim,-0.02363921652324416,0.03762117396847116,1
80,0.5,0.5,27,Krippendorff delta-alpha,-0.0009466932400064576,0.6965174129353234,0
80,0.5,0.5,27,aposteriori unimodality (2024),0.0,1.0,0
80,0.5,0.5,27,chi-squared (Akhtar et al. 2019),250.903798184595,4.1577448666184774e-53,1
80,0.5,0.5,27,GMM clustering (Checco/Mignemi),0.8075887706704269,0.004975124378109453,1
80,0.5,0.5,28,apunim,-0.028720887716449296,0.002799190151966028,1
80,0.5,0.5,28,Krippendorff delta-alpha,-0.0009843217584557529,0.7064676616915423,0
80,0.5,0.5,28,aposteriori unimodality (2024),0.0058823529411764705,0.37623762376237624,0
80,0.5,0.5,28,chi-squared (Akhtar et al. 2019),297.42797636876924,3.886851328497689e-63,1
80,0.5,0.5,28,GMM clustering (Checco/Mignemi),0.8537845828425835,0.004975124378109453,1
80,0.5,0.5,29,apunim,-0.054637031687563155,9.706641231888554e-09,1
80,0.5,0.5,29,Krippendorff delta-alpha,-0.0006551655130195844,0.6915422885572139,0
80,0.5,0.5,29,aposteriori unimodality (2024),0.005780346820809248,0.40594059405940597,0
80,0.5,0.5,29,chi-squared (Akhtar et al. 2019),281.9011678203042,8.671143432514502e-60,1
80,0.5,0.5,29,GMM clustering (Checco/Mignemi),0.9499923878815073,0.004975124378109453,1
80,0.5,0.5,30,apunim,-0.019522998211806697,0.05580906997837672,0
80,0.5,0.5,30,Krippendorff delta-alpha,0.0019835826120084277,0.04975124378109453,1
80,0.5,0.5,30,aposteriori unimodality (2024),0.017857142857142856,0.0297029702970297,1
80,0.5,0.5,30,chi-squared (Akhtar et al. 2019),221.23794124324033,1.0151482685917863e-46,1
80,0.5,0.5,30,GMM clustering (Checco/Mignemi),0.7626677348287603,0.004975124378109453,1
80,0.5,0.5,31,apunim,-0.01914755985644922,0.07522320219604725,0
80,0.5,0.5,31,Krippendorff delta-alpha,0.004299017196871147,0.004975124378109453,1
80,0.5,0.5,31,aposteriori unimodality (2024),0.006060606060606061,0.26732673267326734,0
80,0.5,0.5,31,chi-squared (Akhtar et al. 2019),222.41305819818996,5.670693692626317e-47,1
80,0.5,0.5,31,GMM clustering (Checco/Mignemi),0.7189513156629596,0.004975124378109453,1
80,0.5,0.5,32,apunim,-0.02235666124418057,0.013044217608260317,1
80,0.5,0.5,32,Krippendorff delta-alpha,0.0014666199605001817,0.0845771144278607,0
80,0.5,0.5,32,aposteriori unimodality (2024),0.005952380952380952,0.33663366336633666,0
80,0.5,0.5,32,chi-squared (Akhtar et al. 2019),289.04139074816635,2.502558506859885e-61,1
80,0.5,0.5,32,GMM clustering (Checco/Mignemi),0.9499923878815073,0.004975124378109453,1
80,0.5,0.5,33,apunim,-0.03207191513244741,0.0011744704509954954,1
80,0.5,0.5,33,Krippendorff delta-alpha,3.7842890718564615e-05,0.35323383084577115,0
80,0.5,0.5,33,aposteriori unimodality (2024),0.011299435028248588,0.019801980198019802,1
80,0.5,0.5,33,chi-squared (Akhtar et al. 2019),333.61992589564403,6.0279731164194965e-71,1
80,0.5,0.5,33,GMM clustering (Checco/Mignemi),0.9012531649626615,0.004975124378109453,1
80,0.5,0.5,34,apunim,-0.04803680917964877,1.2794215717430675e-08,1
80,0.5,0.5,34,Krippendorff delta-alpha,0.0006834706804467738,0.23383084577114427,0
80,0.5,0.5,34,aposteriori unimodality (2024),0.022727272727272728,0.019801980198019802,1
80,0.5,0.5,34,chi-squared (Akhtar et al. 2019),338.12012182348843,6.437996942504481e-72,1
80,0.5,0.5,34,GMM clustering (Checco/Mignemi),0.9499923878815073,0.004975124378109453,1
80,0.5,0.5,35,apunim,-0.045198912049767136,3.838811269640648e-06,1
80,0.5,0.5,35,Krippendorff delta-alpha,0.0012932959572645175,0.1044776119402985,0
80,0.5,0.5,35,aposteriori unimodality (2024),0.018518518518518517,0.0297029702970297,1
80,0.5,0.5,35,chi-squared (Akhtar et al. 2019),305.4991736518612,7.055231779955559e-65,1
80,0.5,0.5,35,GMM clustering (Checco/Mignemi),0.8537845828425835,0.004975124378109453,1
80,0.5,0.5,36,apunim,-0.028910035023720873,0.0024766689156970265,1
80,0.5,0.5,36,Krippendorff delta-alpha,0.0014930225022766752,0.07462686567164178,0
80,0.5,0.5,36,aposteriori unimodality (2024),0.017543859649122806,0.009900990099009901,1
80,0.5,0.5,36,chi-squared (Akhtar et al. 2019),314.7551597223381,7.103611363749085e-67,1
80,0.5,0.5,36,GMM clustering (Checco/Mignemi),0.9499923878815073,0.004975124378109453,1
80,0.5,0.5,37,apunim,-0.06252456258343896,4.770140117306137e-11,1
80,0.5,0.5,37,Krippendorff delta-alpha,0.000769013430424681,0.21890547263681592,0
80,0.5,0.5,37,aposteriori unimodality (2024),0.012345679012345678,0.07920792079207921,0
80,0.5,0.5,37,chi-squared (Akhtar et al. 2019),280.72665342428,1.5535259219320972e-59,1
80,0.5,0.5,37,GMM clustering (Checco/Mignemi),0.9499923878815073,0.004975124378109453,1
80,0.5,0.5,38,apunim,-0.035538872925168156,6.970075758061933e-05,1
80,0.5,0.5,38,Krippendorff delta-alpha,0.00032831866945953747,0.2935323383084577,0
80,0.5,0.5,38,aposteriori unimodality (2024),0.0,1.0,0
80,0.5,0.5,38,chi-squared (Akhtar et al. 2019),298.7294519659717,2.0364309166835093e-63,1
80,0.5,0.5,38,GMM clustering (Checco/Mignemi),0.7626220943742438,0.004975124378109453,1
80,0.5,0.5,39,apunim,-0.027619903216832196,0.001029273320549819,1
80,0.5,0.5,39,Krippendorff delta-alpha,-0.0011890338135431833,0.7860696517412935,0
80,0.5,0.5,39,aposteriori unimodality (2024),0.0,1.0,0
80,0.5,0.5,39,chi-squared (Akhtar et al. 2019),247.6062666690563,2.134065964559984e-52,1
80,0.5,0.5,39,GMM clustering (Checco/Mignemi),1.0,0.004975124378109453,1
80,0.5,1.0,0,apunim,-0.0745872780386735,1.519314880345811e-13,1
80,0.5,1.0,0,Krippendorff delta-alpha,0.002247391301411661,0.004975124378109453,1
80,0.5,1.0,0,aposteriori unimodality (2024),0.011764705882352941,0.039603960396039604,1
80,0.5,1.0,0,chi-squared (Akhtar et al. 2019),996.4141354796276,2.136487522657801e-214,1
80,0.5,1.0,0,GMM clustering (Checco/Mignemi),1.0,0.004975124378109453,1
80,0.5,1.0,1,apunim,-0.06386711076602147,7.590364838383857e-11,1
80,0.5,1.0,1,Krippendorff delta-alpha,0.001163777166721558,0.029850746268656716,1
80,0.5,1.0,1,aposteriori unimodality (2024),0.005780346820809248,0.43564356435643564,0
80,0.5,1.0,1,chi-squared (Akhtar et al. 2019),887.0885602827188,1.0449167272165639e-190,1
80,0.5,1.0,1,GMM clustering (Checco/Mignemi),1.0,0.004975124378109453,1
80,0.5,1.0,2,apunim,-0.08028384561507675,8.321034371483289e-19,1
80,0.5,1.0,2,Krippendorff delta-alpha,0.002164707960003731,0.03482587064676617,1
80,0.5,1.0,2,aposteriori unimodality (2024),0.01675977653631285,0.009900990099009901,1
80,0.5,1.0,2,chi-squared (Akhtar et al. 2019),998.9379984088271,6.063828986403115e-215,1
80,0.5,1.0,2,GMM clustering (Checco/Mignemi),1.0,0.004975124378109453,1
80,0.5,1.0,3,apunim,-0.09177146469983868,7.550341119986417e-21,1
80,0.5,1.0,3,Krippendorff delta-alpha,-0.00012222337959050256,0.2835820895522388,0
80,0.5,1.0,3,aposteriori unimodality (2024),0.028901734104046242,0.009900990099009901,1
80,0.5,1.0,3,chi-squared (Akhtar et al. 2019),1193.5273834394752,4.030428473345965e-257,1
80,0.5,1.0,3,GMM clustering (Checco/Mignemi),1.0,0.004975124378109453,1
80,0.5,1.0,4,apunim,-0.07093983732471702,3.343137573509396e-13,1
80,0.5,1.0,4,Krippendorff delta-alpha,-0.0007279709622965425,0.4129353233830846,0
80,0.5,1.0,4,aposteriori unimodality (2024),0.011235955056179775,0.0594059405940594,0
80,0.5,1.0,4,chi-squared (Akhtar et al. 2019),1146.4917672043907,6.332480607895306e-247,1
80,0.5,1.0,4,GMM clustering (Checco/Mignemi),1.0,0.004975124378109453,1
80,0.5,1.0,5,apunim,-0.10053236031855475,7.163044924904235e-24,1
80,0.5,1.0,5,Krippendorff delta-alpha,0.002984244237281608,0.009950248756218905,1
80,0.5,1.0,5,aposteriori unimodality (2024),0.01694915254237288,0.009900990099009901,1
80,0.5,1.0,5,chi-squared (Akhtar et al. 2019),992.8759276329893,1.2487360056289792e-213,1
80,0.5,1.0,5,GMM clustering (Checco/Mignemi),1.0,0.004975124378109453,1
80,0.5,1.0,6,apunim,-0.08289508380821427,2.367831139403212e-22,1
80,0.5,1.0,6,Krippendorff delta-alpha,0.0021050427779163994,0.014925373134328358,1
80,0.5,1.0,6,aposteriori unimodality (2024),0.0,1.0,0
80,0.5,1.0,6,chi-squared (Akhtar et al. 2019),1012.6249561436598,6.554811382284754e-218,1
80,0.5,1.0,6,GMM clustering (Checco/Mignemi),1.0,0.004975124378109453,1
80,0.5,1.0,7,apunim,-0.07878078655011875,1.2136423217307333e-14,1
80,0.5,1.0,7,Krippendorff delta-alpha,0.0012949822913434494,0.04975124378109453,1
80,0.5,1.0,7,aposteriori unimodality (2024),0.030303030303030304,0.009900990099009901,1
80,0.5,1.0,7,chi-squared (Akhtar et al. 2019),982.6246812603704,2.079707679854231e-211,1
80,0.5,1.0,7,GMM clustering (Checco/Mignemi),1.0,0.004975124378109453,1
80,0.5,1.0,8,apunim,-0.0856775794187666,2.628336395057812e-19,1
80,0.5,1.0,8,Krippendorff delta-alpha,0.0031142826657887257,0.004975124378109453,1
80,0.5,1.0,8,aposteriori unimodality (2024),0.011494252873563218,0.06930693069306931,0
80,0.5,1.0,8,chi-squared (Akhtar et al. 2019),1114.4377424618167,5.619834502320536e-240,1
80,0.5,1.0,8,GMM clustering (Checco/Mignemi),1.0,0.004975124378109453,1
80,0.5,1.0,9,apunim,-0.0810629800312177,3.535877415042573e-17,1
80,0.5,1.0,9,Krippendorff delta-alpha,0.001314026111235711,0.03482587064676617,1
80,0.5,1.0,9,aposteriori unimodality (2024),0.016483516483516484,0.009900990099009901,1
80,0.5,1.0,9,chi-squared (Akhtar et al. 2019),954.48813226881,2.6012682905885667e-205,1
80,0.5,1.0,9,GMM clustering (Checco/Mignemi),1.0,0.004975124378109453,1
80,0.5,1.0,10,apunim,-0.06139293980551515,2.053859398099767e-10,1
80,0.5,1.0,10,Krippendorff delta-alpha,-9.374153128460794e-06,0.32338308457711445,0
80,0.5,1.0,10,aposteriori unimodality (2024),0.011904761904761904,0.0594059405940594,0
80,0.5,1.0,10,chi-squared (Akhtar et al. 2019),960.9717776791927,1.0237959521863697e-206,1
80,0.5,1.0,10,GMM clustering (Checco/Mignemi),1.0,0.004975124378109453,1
80,0.5,1.0,11,apunim,-0.10313157903596724,7.689282758672407e-29,1
80,0.5,1.0,11,Krippendorff delta-alpha,0.004414150140952922,0.004975124378109453,1
80,0.5,1.0,11,aposteriori unimodality (2024),0.02247191011235955,0.009900990099009901,1
80,0.5,1.0,11,chi-squared (Akhtar et al. 2019),1144.544346662431,1.6738395954293219e-246,1
80,0.5,1.0,11,GMM clustering (Checco/Mignemi),1.0,0.004975124378109453,1
80,0.5,1.0,12,apunim,-0.09631194400774047,2.3015892076592553e-27,1
80,0.5,1.0,12,Krippendorff delta-alpha,0.0016292001038786807,0.024875621890547265,1
80,0.5,1.0,12,aposteriori unimodality (2024),0.02197802197802198,0.009900990099009901,1
80,0.5,1.0,12,chi-squared (Akhtar et al. 2019),1091.9289627054013,4.2520421255909995e-235,1
80,0.5,1.0,12,GMM clustering (Checco/Mignemi),1.0,0.004975124378109453,1
80,0.5,1.0,13,apunim,-0.0924669188148617,3.841860574742802e-20,1
80,0.5,1.0,13,Krippendorff delta-alpha,0.002283523253068742,0.009950248756218905,1
80,0.5,1.0,13,aposteriori unimodality (2024),0.01675977653631285,0.019801980198019802,1
80,0.5,1.0,13,chi-squared (Akhtar et al. 2019),1096.7686653439414,3.7982769539069473e-236,1
80,0.5,1.0,13,GMM clustering (Checco/Mignemi),1.0,0.004975124378109453,1
80,0.5,1.0,14,apunim,-0.07969488065153021,4.659502734010718e-14,1
80,0.5,1.0,14,Krippendorff delta-alpha,0.0015324065148573651,0.024875621890547265,1
80,0.5,1.0,14,aposteriori unimodality (2024),0.012121212121212121,0.0891089108910891,0
80,0.5,1.0,14,chi-squared (Akhtar et al. 2019),1002.7703505096938,8.958223513379612e-216,1
80,0.5,1.0,14,GMM clustering (Checco/Mignemi),1.0,0.004975124378109453,1
80,0.5,1.0,15,apunim,-0.09396062891140541,1.8425507773258624e-19,1
80,0.5,1.0,15,Krippendorff delta-alpha,0.002928559301257294,0.009950248756218905,1
80,0.5,1.0,15,aposteriori unimodality (2024),0.017241379310344827,0.009900990099009901,1
80,0.5,1.0,15,chi-squared (Akhtar et al. 2019),1019.5815996179739,2.036628346843851e-219,1
80,0.5,1.0,15,GMM clustering (Checco/Mignemi),1.0,0.004975124378109453,1
80,0.5,1.0,16,apunim,-0.08444495496504596,4.235422156218539e-18,1
80,0.5,1.0,16,Krippendorff delta-alpha,0.0009856699315430872,0.10945273631840796,0
80,0.5,1.0,16,aposteriori unimodality (2024),0.016853932584269662,0.009900990099009901,1
80,0.5,1.0,16,chi-squared (Akhtar et al. 2019),1018.779297207564,3.0394032985800696e-219,1
80,0.5,1.0,16,GMM clustering (Checco/Mignemi),1.0,0.004975124378109453,1
80,0.5,1.0,17,apunim,-0.10155511766991669,6.257816970486872e-23,1
80,0.5,1.0,17,Krippendorff delta-alpha,0.0012816280798823576,0.05472636815920398,0
80,0.5,1.0,17,aposteriori unimodality (2024),0.011764705882352941,0.0297029702970297,1
80,0.5,1.0,17,chi-squared (Akhtar et al. 2019),1096.1867354495855,5.078331270501537e-236,1
80,0.5,1.0,17,GMM clustering (Checco/Mignemi),0.9499923878815073,0.004975124378109453,1
80,0.5,1.0,18,apunim,-0.07384469352539944,4.1700967254992144e-17,1
80,0.5,1.0,18,Krippendorff delta-alpha,0.0013081170025649458,0.05472636815920398,0
80,0.5,1.0,18,aposteriori unimodality (2024),0.0449438202247191,0.009900990099009901,1
80,0.5,1.0,18,chi-squared (Akhtar et al. 2019),981.1070190590053,4.43494802204772e-211,1
80,0.5,1.0,18,GMM clustering (Checco/Mignemi),1.0,0.004975124378109453,1
80,0.5,1.0,19,apunim,-0.07603489679517962,1.9769634060661145e-14,1
80,0.5,1.0,19,Krippendorff delta-alpha,0.0011165911358121394,0.06965174129353234,0
80,0.5,1.0,19,aposteriori unimodality (2024),0.0,1.0,0
80,0.5,1.0,19,chi-squared (Akhtar et al. 2019),978.4355111854225,1.6819664714218524e-210,1
80,0.5,1.0,19,GMM clustering (Checco/Mignemi),1.0,0.004975124378109453,1
80,0.5,1.0,20,apunim,-0.1058924393862126,3.618979123969725e-28,1
80,0.5,1.0,20,Krippendorff delta-alpha,0.0030355134528898264,0.004975124378109453,1
80,0.5,1.0,20,aposteriori unimodality (2024),0.028409090909090908,0.009900990099009901,1
80,0.5,1.0,20,chi-squared (Akhtar et al. 2019),999.9518061473332,3.6562934742629243e-215,1
80,0.5,1.0,20,GMM clustering (Checco/Mignemi),1.0,0.004975124378109453,1
80,0.5,1.0,21,apunim,-0.07754069084859963,7.891721381647251e-15,1
80,0.5,1.0,21,Krippendorff delta-alpha,0.0032334721134337774,0.004975124378109453,1
80,0.5,1.0,21,aposteriori unimodality (2024),0.005649717514124294,0.4158415841584158,0
80,0.5,1.0,21,chi-squared (Akhtar et al. 2019),1053.2087063299127,1.0494062451216901e-226,1
80,0.5,1.0,21,GMM clustering (Checco/Mignemi),1.0,0.004975124378109453,1
80,0.5,1.0,22,apunim,-0.08914359604148968,5.916774349395595e-23,1
80,0.5,1.0,22,Krippendorff delta-alpha,0.001636140454122026,0.014925373134328358,1
80,0.5,1.0,22,aposteriori unimodality (2024),0.046242774566473986,0.009900990099009901,1
80,0.5,1.0,22,chi-squared (Akhtar et al. 2019),1169.8910567722392,5.360953648021165e-252,1
80,0.5,1.0,22,GMM clustering (Checco/Mignemi),1.0,0.004975124378109453,1
80,0.5,1.0,23,apunim,-0.0963467956536562,6.454940735506613e-26,1
80,0.5,1.0,23,Krippendorff delta-alpha,0.0013734110969313984,0.03980099502487562,1
80,0.5,1.0,23,aposteriori unimodality (2024),0.005813953488372093,0.1782178217821782,0
80,0.5,1.0,23,chi-squared (Akhtar et al. 2019),1131.378590239434,1.1956544005013965e-243,1
80,0.5,1.0,23,GMM clustering (Checco/Mignemi),1.0,0.004975124378109453,1
80,0.5,1.0,24,apunim,-0.09809048985714311,1.0731478056908782e-20,1
80,0.5,1.0,24,Krippendorff delta-alpha,0.0025082314273032202,0.004975124378109453,1
80,0.5,1.0,24,aposteriori unimodality (2024),0.03867403314917127,0.009900990099009901,1
80,0.5,1.0,24,chi-squared (Akhtar et al. 2019),1068.0336923259406,6.423887475446615e-230,1
80,0.5,1.0,24,GMM clustering (Checco/Mignemi),1.0,0.004975124378109453,1
80,0.5,1.0,25,apunim,-0.06719306807158024,1.4304005510133248e-14,1
80,0.5,1.0,25,Krippendorff delta-alpha,0.002175058655536133,0.004975124378109453,1
80,0.5,1.0,25,aposteriori unimodality (2024),0.017543859649122806,0.009900990099009901,1
80,0.5,1.0,25,chi-squared (Akhtar et al. 2019),976.6539997247203,4.091454964150699e-210,1
80,0.5,1.0,25,GMM clustering (Checco/Mignemi),1.0,0.004975124378109453,1
80,0.5,1.0,26,apunim,-0.06765807057380689,1.6914541052201428e-10,1
80,0.5,1.0,26,Krippendorff delta-alpha,0.002707969398376253,0.004975124378109453,1
80,0.5,1.0,26,aposteriori unimodality (2024),0.023121387283236993,0.009900990099009901,1
80,0.5,1.0,26,chi-squared (Akhtar et al. 2019),1021.8892455020576,6.438619592578744e-220,1
80,0.5,1.0,26,GMM clustering (Checco/Mignemi),1.0,0.004975124378109453,1
80,0.5,1.0,27,apunim,-0.06857831530008142,8.038404402642972e-14,1
80,0.5,1.0,27,Krippendorff delta-alpha,0.0011306748960893676,0.05970149253731343,0
80,0.5,1.0,27,aposteriori unimodality (2024),0.02197802197802198,0.009900990099009901,1
80,0.5,1.0,27,chi-squared (Akhtar et al. 2019),1087.3251498102227,4.231274846507784e-234,1
80,0.5,1.0,27,GMM clustering (Checco/Mignemi),1.0,0.004975124378109453,1
80,0.5,1.0,28,apunim,-0.11628513673324956,3.0984944805189685e-27,1
80,0.5,1.0,28,Krippendorff delta-alpha,0.001400166177984108,0.03482587064676617,1
80,0.5,1.0,28,aposteriori unimodality (2024),0.0056179775280898875,0.24752475247524752,0
80,0.5,1.0,28,chi-squared (Akhtar et al. 2019),1155.212977923849,8.148401727841514e-249,1
80,0.5,1.0,28,GMM clustering (Checco/Mignemi),1.0,0.004975124378109453,1
80,0.5,1.0,29,apunim,-0.08132527223761071,3.6820036496730086e-16,1
80,0.5,1.0,29,Krippendorff delta-alpha,0.0010562558759706353,0.04477611940298507,1
80,0.5,1.0,29,aposteriori unimodality (2024),0.024096385542168676,0.009900990099009901,1
80,0.5,1.0,29,chi-squared (Akhtar et al. 2019),966.6500361098749,6.022108782487309e-208,1
80,0.5,1.0,29,GMM clustering (Checco/Mignemi),1.0,0.004975124378109453,1
80,0.5,1.0,30,apunim,-0.08983127698333349,2.4131094654314872e-17,1
80,0.5,1.0,30,Krippendorff delta-alpha,0.0029662134477166924,0.004975124378109453,1
80,0.5,1.0,30,aposteriori unimodality (2024),0.016853932584269662,0.009900990099009901,1
80,0.5,1.0,30,chi-squared (Akhtar et al. 2019),1144.4454155818116,1.7585672176468801e-246,1
80,0.5,1.0,30,GMM clustering (Checco/Mignemi),1.0,0.004975124378109453,1
80,0.5,1.0,31,apunim,-0.08394478094817509,4.7995525460985385e-19,1
80,0.5,1.0,31,Krippendorff delta-alpha,0.0022342263043801935,0.009950248756218905,1
80,0.5,1.0,31,aposteriori unimodality (2024),0.022222222222222223,0.009900990099009901,1
80,0.5,1.0,31,chi-squared (Akhtar et al. 2019),1104.1960788620952,9.325457013671612e-238,1
80,0.5,1.0,31,GMM clustering (Checco/Mignemi),1.0,0.004975124378109453,1
80,0.5,1.0,32,apunim,-0.06972814157071665,1.07206598518905e-12,1
80,0.5,1.0,32,Krippendorff delta-alpha,0.004256139672271786,0.004975124378109453,1
80,0.5,1.0,32,aposteriori unimodality (2024),0.017241379310344827,0.009900990099009901,1
80,0.5,1.0,32,chi-squared (Akhtar et al. 2019),992.2100725240812,1.740878533344218e-213,1
80,0.5,1.0,32,GMM clustering (Checco/Mignemi),1.0,0.004975124378109453,1
80,0.5,1.0,33,apunim,-0.08202408670948622,1.0713738557220321e-15,1
80,0.5,1.0,33,Krippendorff delta-alpha,0.002205498301892983,0.014925373134328358,1
80,0.5,1.0,33,aposteriori unimodality (2024),0.02197802197802198,0.009900990099009901,1
80,0.5,1.0,33,chi-squared (Akhtar et al. 2019),1076.0946273749496,1.1498668369368277e-231,1
80,0.5,1.0,33,GMM clustering (Checco/Mignemi),1.0,0.004975124378109453,1
80,0.5,1.0,34,apunim,-0.10694515943786528,1.1456678487760474e-20,1
80,0.5,1.0,34,Krippendorff delta-alpha,0.0028483209306824353,0.004975124378109453,1
80,0.5,1.0,34,aposteriori unimodality (2024),0.01744186046511628,0.009900990099009901,1
80,0.5,1.0,34,chi-squared (Akhtar et al. 2019),957.3025564923524,6.387291076492481e-206,1
80,0.5,1.0,34,GMM clustering (Checco/Mignemi),1.0,0.004975124378109453,1
80,0.5,1.0,35,apunim,-0.04576799047140032,4.514461370512083e-07,1
80,0.5,1.0,35,Krippendorff delta-alpha,0.002850611525828828,0.004975124378109453,1
80,0.5,1.0,35,aposteriori unimodality (2024),0.022857142857142857,0.009900990099009901,1
80,0.5,1.0,35,chi-squared (Akhtar et al. 2019),1056.045507697559,2.547452154919559e-227,1
80,0.5,1.0,35,GMM clustering (Checco/Mignemi),1.0,0.004975124378109453,1
80,0.5,1.0,36,apunim,-0.0909715359397278,3.8563245352350545e-19,1
80,0.5,1.0,36,Krippendorff delta-alpha,0.000956882787933655,0.07462686567164178,0
80,0.5,1.0,36,aposteriori unimodality (2024),0.041666666666666664,0.009900990099009901,1
80,0.5,1.0,36,chi-squared (Akhtar et al. 2019),1042.7237982389236,1.9650591609124535e-224,1
80,0.5,1.0,36,GMM clustering (Checco/Mignemi),1.0,0.004975124378109453,1
80,0.5,1.0,37,apunim,-0.09379804048728652,5.253143108220577e-22,1
80,0.5,1.0,37,Krippendorff delta-alpha,0.0024742234821015785,0.01990049751243781,1
80,0.5,1.0,37,aposteriori unimodality (2024),0.011363636363636364,0.25742574257425743,0
80,0.5,1.0,37,chi-squared (Akhtar et al. 2019),1066.0300764905267,1.7460778611617983e-229,1
80,0.5,1.0,37,GMM clustering (Checco/Mignemi),1.0,0.004975124378109453,1
80,0.5,1.0,38,apunim,-0.07159749873812865,9.37200350802112e-14,1
80,0.5,1.0,38,Krippendorff delta-alpha,0.0014396208150598278,0.03980099502487562,1
80,0.5,1.0,38,aposteriori unimodality (2024),0.01694915254237288,0.019801980198019802,1
80,0.5,1.0,38,chi-squared (Akhtar et al. 2019),989.0309647981813,8.505738113680575e-213,1
80,0.5,1.0,38,GMM clustering (Checco/Mignemi),1.0,0.004975124378109453,1
80,0.5,1.0,39,apunim,-0.10452238474929236,1.1404607954011097e-21,1
80,0.5,1.0,39,Krippendorff delta-alpha,0.0010486191087468177,0.029850746268656716,1
80,0.5,1.0,39,aposteriori unimodality (2024),0.011560693641618497,0.06930693069306931,0
80,0.5,1.0,39,chi-squared (Akhtar et al. 2019),1042.353609631926,2.3637805180796907e-224,1
80,0.5,1.0,39,GMM clustering (Checco/Mignemi),1.0,0.004975124378109453,1
80,0.5,1.5,0,apunim,-0.16833528273889634,8.000478970200975e-46,1
80,0.5,1.5,0,Krippendorff delta-alpha,0.004409066080045265,0.004975124378109453,1
80,0.5,1.5,0,aposteriori unimodality (2024),0.03825136612021858,0.009900990099009901,1
80,0.5,1.5,0,chi-squared (Akhtar et al. 2019),2191.920863091169,0.0,1
80,0.5,1.5,0,GMM clustering (Checco/Mignemi),1.0,0.004975124378109453,1
80,0.5,1.5,1,apunim,-0.15740319380118978,1.268456229183223e-41,1
80,0.5,1.5,1,Krippendorff delta-alpha,0.00602909172600391,0.004975124378109453,1
80,0.5,1.5,1,aposteriori unimodality (2024),0.06486486486486487,0.009900990099009901,1
80,0.5,1.5,1,chi-squared (Akhtar et al. 2019),2211.5285452180715,0.0,1
80,0.5,1.5,1,GMM clustering (Checco/Mignemi),1.0,0.004975124378109453,1
80,0.5,1.5,2,apunim,-0.17503348897728732,4.501137672325541e-46,1
80,0.5,1.5,2,Krippendorff delta-alpha,0.0033886626547029453,0.004975124378109453,1
80,0.5,1.5,2,aposteriori unimodality (2024),0.0481283422459893,0.009900990099009901,1
80,0.5,1.5,2,chi-squared (Akhtar et al. 2019),2132.8567901169686,0.0,1
80,0.5,1.5,2,GMM clustering (Checco/Mignemi),1.0,0.004975124378109453,1
80,0.5,1.5,3,apunim,-0.15955163921848023,1.7197986062679426e-45,1
80,0.5,1.5,3,Krippendorff delta-alpha,0.005021312522542454,0.004975124378109453,1
80,0.5,1.5,3,aposteriori unimodality (2024),0.04419889502762431,0.009900990099009901,1
80,0.5,1.5,3,chi-squared (Akhtar et al. 2019),2135.406234205223,0.0,1
80,0.5,1.5,3,GMM clustering (Checco/Mignemi),1.0,0.004975124378109453,1
80,0.5,1.5,4,apunim,-0.1547904752808546,1.0140257446953045e-46,1
80,0.5,1.5,4,Krippendorff delta-alpha,0.004159750728977063,0.004975124378109453,1
80,0.5,1.5,4,aposteriori unimodality (2024),0.043243243243243246,0.009900990099009901,1
80,0.5,1.5,4,chi-squared (Akhtar et al. 2019),2176.6128342066972,0.0,1
80,0.5,1.5,4,GMM clustering (Checco/Mignemi),1.0,0.004975124378109453,1
80,0.5,1.5,5,apunim,-0.17434036746324375,1.1661551383057714e-49,1
80,0.5,1.5,5,Krippendorff delta-alpha,0.006062181435819491,0.004975124378109453,1
80,0.5,1.5,5,aposteriori unimodality (2024),0.03225806451612903,0.009900990099009901,1
80,0.5,1.5,5,chi-squared (Akhtar et al. 2019),2149.6492805625053,0.0,1
80,0.5,1.5,5,GMM clustering (Checco/Mignemi),1.0,0.004975124378109453,1
80,0.5,1.5,6,apunim,-0.14577585287531597,3.780106979118966e-36,1
80,0.5,1.5,6,Krippendorff delta-alpha,0.006210498737050429,0.004975124378109453,1
80,0.5,1.5,6,aposteriori unimodality (2024),0.027932960893854747,0.009900990099009901,1
80,0.5,1.5,6,chi-squared (Akhtar et al. 2019),2217.2108694228473,0.0,1
80,0.5,1.5,6,GMM clustering (Checco/Mignemi),1.0,0.004975124378109453,1
80,0.5,1.5,7,apunim,-0.15189225833729889,1.5949971126384608e-35,1
80,0.5,1.5,7,Krippendorff delta-alpha,0.003029227240936294,0.004975124378109453,1
80,0.5,1.5,7,aposteriori unimodality (2024),0.03954802259887006,0.009900990099009901,1
80,0.5,1.5,7,chi-squared (Akhtar et al. 2019),2148.297527925872,0.0,1
80,0.5,1.5,7,GMM clustering (Checco/Mignemi),1.0,0.004975124378109453,1
80,0.5,1.5,8,apunim,-0.14278801056702994,2.5635763263245747e-36,1
80,0.5,1.5,8,Krippendorff delta-alpha,0.006794006959315646,0.004975124378109453,1
80,0.5,1.5,8,aposteriori unimodality (2024),0.03763440860215054,0.009900990099009901,1
80,0.5,1.5,8,chi-squared (Akhtar et al. 2019),2157.600082752048,0.0,1
80,0.5,1.5,8,GMM clustering (Checco/Mignemi),1.0,0.004975124378109453,1
80,0.5,1.5,9,apunim,-0.16493273867410044,8.945225258402444e-50,1
80,0.5,1.5,9,Krippendorff delta-alpha,0.004994279390041878,0.004975124378109453,1
80,0.5,1.5,9,aposteriori unimodality (2024),0.05913978494623656,0.009900990099009901,1
80,0.5,1.5,9,chi-squared (Akhtar et al. 2019),2267.4767491888033,0.0,1
80,0.5,1.5,9,GMM clustering (Checco/Mignemi),1.0,0.004975124378109453,1
80,0.5,1.5,10,apunim,-0.1300542143640905,2.4021636113211647e-30,1
80,0.5,1.5,10,Krippendorff delta-alpha,0.0026535123215005174,0.004975124378109453,1
80,0.5,1.5,10,aposteriori unimodality (2024),0.021164021164021163,0.009900990099009901,1
80,0.5,1.5,10,chi-squared (Akhtar et al. 2019),2198.1493546937922,0.0,1
80,0.5,1.5,10,GMM clustering (Checco/Mignemi),1.0,0.004975124378109453,1
80,0.5,1.5,11,apunim,-0.14078176589380498,9.099750712347916e-34,1
80,0.5,1.5,11,Krippendorff delta-alpha,0.003227493485411681,0.004975124378109453,1
80,0.5,1.5,11,aposteriori unimodality (2024),0.055248618784530384,0.009900990099009901,1
80,0.5,1.5,11,chi-squared (Akhtar et al. 2019),2148.599541984304,0.0,1
80,0.5,1.5,11,GMM clustering (Checco/Mignemi),1.0,0.004975124378109453,1
80,0.5,1.5,12,apunim,-0.14449486564001504,4.730346325431091e-48,1
80,0.5,1.5,12,Krippendorff delta-alpha,0.005690634137318518,0.004975124378109453,1
80,0.5,1.5,12,aposteriori unimodality (2024),0.02617801047120419,0.009900990099009901,1
80,0.5,1.5,12,chi-squared (Akhtar et al. 2019),2206.283008219872,0.0,1
80,0.5,1.5,12,GMM clustering (Checco/Mignemi),1.0,0.004975124378109453,1
80,0.5,1.5,13,apunim,-0.16309427914349203,4.748598376083138e-50,1
80,0.5,1.5,13,Krippendorff delta-alpha,0.00500244584602505,0.004975124378109453,1
80,0.5,1.5,13,aposteriori unimodality (2024),0.06349206349206349,0.009900990099009901,1
80,0.5,1.5,13,chi-squared (Akhtar et al. 2019),2227.4308763750723,0.0,1
80,0.5,1.5,13,GMM clustering (Checco/Mignemi),1.0,0.004975124378109453,1
80,0.5,1.5,14,apunim,-0.1335616460196173,2.866901775739331e-35,1
80,0.5,1.5,14,Krippendorff delta-alpha,0.005063998685040649,0.004975124378109453,1
80,0.5,1.5,14,aposteriori unimodality (2024),0.043010752688172046,0.009900990099009901,1
80,0.5,1.5,14,chi-squared (Akhtar et al. 2019),2078.6870330349043,0.0,1
80,0.5,1.5,14,GMM clustering (Checco/Mignemi),1.0,0.004975124378109453,1
80,0.5,1.5,15,apunim,-0.1643831536551003,1.960660822263704e-46,1
80,0.5,1.5,15,Krippendorff delta-alpha,0.0037373354059841435,0.004975124378109453,1
80,0.5,1.5,15,aposteriori unimodality (2024),0.031746031746031744,0.009900990099009901,1
80,0.5,1.5,15,chi-squared (Akhtar et al. 2019),2258.3727885322405,0.0,1
80,0.5,1.5,15,GMM clustering (Checco/Mignemi),1.0,0.004975124378109453,1
80,0.5,1.5,16,apunim,-0.13737631210282897,5.005488012293272e-39,1
80,0.5,1.5,16,Krippendorff delta-alpha,0.001752452890779188,0.004975124378109453,1
80,0.5,1.5,16,aposteriori unimodality (2024),0.015957446808510637,0.009900990099009901,1
80,0.5,1.5,16,chi-squared (Akhtar et al. 2019),2394.102766605335,0.0,1
80,0.5,1.5,16,GMM clustering (Checco/Mignemi),1.0,0.004975124378109453,1
80,0.5,1.5,17,apunim,-0.14040022256984158,3.8003965527105404e-36,1
80,0.5,1.5,17,Krippendorff delta-alpha,0.005276974896170794,0.004975124378109453,1
80,0.5,1.5,17,aposteriori unimodality (2024),0.021739130434782608,0.009900990099009901,1
80,0.5,1.5,17,chi-squared (Akhtar et al. 2019),2178.4825936230077,0.0,1
80,0.5,1.5,17,GMM clustering (Checco/Mignemi),1.0,0.004975124378109453,1
80,0.5,1.5,18,apunim,-0.14620731860293548,4.31030484568605e-36,1
80,0.5,1.5,18,Krippendorff delta-alpha,0.005040659975478423,0.004975124378109453,1
80,0.5,1.5,18,aposteriori unimodality (2024),0.06077348066298342,0.009900990099009901,1
80,0.5,1.5,18,chi-squared (Akhtar et al. 2019),2055.5654503754604,0.0,1
80,0.5,1.5,18,GMM clustering (Checco/Mignemi),1.0,0.004975124378109453,1
80,0.5,1.5,19,apunim,-0.13904961309012046,2.140260672788795e-36,1
80,0.5,1.5,19,Krippendorff delta-alpha,0.004590794394017994,0.004975124378109453,1
80,0.5,1.5,19,aposteriori unimodality (2024),0.0213903743315508,0.009900990099009901,1
80,0.5,1.5,19,chi-squared (Akhtar et al. 2019),2218.3991431489676,0.0,1
80,0.5,1.5,19,GMM clustering (Checco/Mignemi),1.0,0.004975124378109453,1
80,0.5,1.5,20,apunim,-0.1918007511498475,1.0438150611876565e-51,1
80,0.5,1.5,20,Krippendorff delta-alpha,0.005447455926286537,0.004975124378109453,1
80,0.5,1.5,20,aposteriori unimodality (2024),0.026881720430107527,0.009900990099009901,1
80,0.5,1.5,20,chi-squared (Akhtar et al. 2019),2400.00362571801,0.0,1
80,0.5,1.5,20,GMM clustering (Checco/Mignemi),1.0,0.004975124378109453,1
80,0.5,1.5,21,apunim,-0.15996817332691235,1.5657135791975216e-45,1
80,0.5,1.5,21,Krippendorff delta-alpha,0.005309192042825206,0.004975124378109453,1
80,0.5,1.5,21,aposteriori unimodality (2024),0.06315789473684211,0.009900990099009901,1
80,0.5,1.5,21,chi-squared (Akhtar et al. 2019),2277.12079983611,0.0,1
80,0.5,1.5,21,GMM clustering (Checco/Mignemi),1.0,0.004975124378109453,1
80,0.5,1.5,22,apunim,-0.13745309068696954,1.2195480952876448e-37,1
80,0.5,1.5,22,Krippendorff delta-alpha,0.0030895508280580075,0.004975124378109453,1
80,0.5,1.5,22,aposteriori unimodality (2024),0.043243243243243246,0.009900990099009901,1
80,0.5,1.5,22,chi-squared (Akhtar et al. 2019),2160.0357242202645,0.0,1
80,0.5,1.5,22,GMM clustering (Checco/Mignemi),1.0,0.004975124378109453,1
80,0.5,1.5,23,apunim,-0.14891908790478578,1.2050897825566789e-39,1
80,0.5,1.5,23,Krippendorff delta-alpha,0.005081722249582088,0.004975124378109453,1
80,0.5,1.5,23,aposteriori unimodality (2024),0.0449438202247191,0.009900990099009901,1
80,0.5,1.5,23,chi-squared (Akhtar et al. 2019),2080.637669918615,0.0,1
80,0.5,1.5,23,GMM clustering (Checco/Mignemi),1.0,0.004975124378109453,1
80,0.5,1.5,24,apunim,-0.1392036119525512,1.8889758929635116e-37,1
80,0.5,1.5,24,Krippendorff delta-alpha,0.0032303611927765874,0.004975124378109453,1
80,0.5,1.5,24,aposteriori unimodality (2024),0.04419889502762431,0.009900990099009901,1
80,0.5,1.5,24,chi-squared (Akhtar et al. 2019),2080.9667638902492,0.0,1
80,0.5,1.5,24,GMM clustering (Checco/Mignemi),1.0,0.004975124378109453,1
80,0.5,1.5,25,apunim,-0.16503100818796995,1.50928931435005e-47,1
80,0.5,1.5,25,Krippendorff delta-alpha,0.0044019900474067675,0.004975124378109453,1
80,0.5,1.5,25,aposteriori unimodality (2024),0.04395604395604396,0.009900990099009901,1
80,0.5,1.5,25,chi-squared (Akhtar et al. 2019),2211.656143811547,0.0,1
80,0.5,1.5,25,GMM clustering (Checco/Mignemi),1.0,0.004975124378109453,1
80,0.5,1.5,26,apunim,-0.15568830336342857,3.7851642077580315e-43,1
80,0.5,1.5,26,Krippendorff delta-alpha,0.004483649536627998,0.004975124378109453,1
80,0.5,1.5,26,aposteriori unimodality (2024),0.043478260869565216,0.009900990099009901,1
80,0.5,1.5,26,chi-squared (Akhtar et al. 2019),2107.79181941757,0.0,1
80,0.5,1.5,26,GMM clustering (Checco/Mignemi),1.0,0.004975124378109453,1
80,0.5,1.5,27,apunim,-0.16189179942512522,9.33656158621892e-43,1
80,0.5,1.5,27,Krippendorff delta-alpha,0.005302094341941066,0.004975124378109453,1
80,0.5,1.5,27,aposteriori unimodality (2024),0.07567567567567568,0.009900990099009901,1
80,0.5,1.5,27,chi-squared (Akhtar et al. 2019),2404.600913375365,0.0,1
80,0.5,1.5,27,GMM clustering (Checco/Mignemi),1.0,0.004975124378109453,1
80,0.5,1.5,28,apunim,-0.18214439414279637,6.990473903380607e-54,1
80,0.5,1.5,28,Krippendorff delta-alpha,0.004295883507512199,0.004975124378109453,1
80,0.5,1.5,28,aposteriori unimodality (2024),0.06593406593406594,0.009900990099009901,1
80,0.5,1.5,28,chi-squared (Akhtar et al. 2019),2184.167398430881,0.0,1
80,0.5,1.5,28,GMM clustering (Checco/Mignemi),1.0,0.004975124378109453,1
80,0.5,1.5,29,apunim,-0.15805216085436063,2.469040644225891e-46,1
80,0.5,1.5,29,Krippendorff delta-alpha,0.002136458181340284,0.004975124378109453,1
80,0.5,1.5,29,aposteriori unimodality (2024),0.027777777777777776,0.009900990099009901,1
80,0.5,1.5,29,chi-squared (Akhtar et al. 2019),2172.610140240473,0.0,1
80,0.5,1.5,29,GMM clustering (Checco/Mignemi),1.0,0.004975124378109453,1
80,0.5,1.5,30,apunim,-0.16311245083350967,7.925371254346313e-48,1
80,0.5,1.5,30,Krippendorff delta-alpha,0.004989510276818654,0.004975124378109453,1
80,0.5,1.5,30,aposteriori unimodality (2024),0.043478260869565216,0.009900990099009901,1
80,0.5,1.5,30,chi-squared (Akhtar et al. 2019),2131.1863867579823,0.0,1
80,0.5,1.5,30,GMM clustering (Checco/Mignemi),1.0,0.004975124378109453,1
80,0.5,1.5,31,apunim,-0.15306821447729496,4.809091636734758e-47,1
80,0.5,1.5,31,Krippendorff delta-alpha,0.003134086890442145,0.004975124378109453,1
80,0.5,1.5,31,aposteriori unimodality (2024),0.026881720430107527,0.009900990099009901,1
80,0.5,1.5,31,chi-squared (Akhtar et al. 2019),2218.5810331056264,0.0,1
80,0.5,1.5,31,GMM clustering (Checco/Mignemi),1.0,0.004975124378109453,1
80,0.5,1.5,32,apunim,-0.1750737461272509,5.234919203918268e-47,1
80,0.5,1.5,32,Krippendorff delta-alpha,0.00451750723518568,0.004975124378109453,1
80,0.5,1.5,32,aposteriori unimodality (2024),0.05434782608695652,0.009900990099009901,1
80,0.5,1.5,32,chi-squared (Akhtar et al. 2019),2173.997514445701,0.0,1
80,0.5,1.5,32,GMM clustering (Checco/Mignemi),1.0,0.004975124378109453,1
80,0.5,1.5,33,apunim,-0.1708809986640052,3.5720126023662804e-45,1
80,0.5,1.5,33,Krippendorff delta-alpha,0.0048023863463275696,0.004975124378109453,1
80,0.5,1.5,33,aposteriori unimodality (2024),0.043243243243243246,0.009900990099009901,1
80,0.5,1.5,33,chi-squared (Akhtar et al. 2019),2199.3217194456684,0.0,1
80,0.5,1.5,33,GMM clustering (Checco/Mignemi),1.0,0.004975124378109453,1
80,0.5,1.5,34,apunim,-0.12978383851444947,8.163874139969027e-34,1
80,0.5,1.5,34,Krippendorff delta-alpha,0.0042825075349687824,0.004975124378109453,1
80,0.5,1.5,34,aposteriori unimodality (2024),0.033707865168539325,0.009900990099009901,1
80,0.5,1.5,34,chi-squared (Akhtar et al. 2019),2190.7508061177828,0.0,1
80,0.5,1.5,34,GMM clustering (Checco/Mignemi),1.0,0.004975124378109453,1
80,0.5,1.5,35,apunim,-0.14520329619805403,2.6481392105883007e-43,1
80,0.5,1.5,35,Krippendorff delta-alpha,0.0044341357406523785,0.004975124378109453,1
80,0.5,1.5,35,aposteriori unimodality (2024),0.06417112299465241,0.009900990099009901,1
80,0.5,1.5,35,chi-squared (Akhtar et al. 2019),2087.6167549618376,0.0,1
80,0.5,1.5,35,GMM clustering (Checco/Mignemi),1.0,0.004975124378109453,1
80,0.5,1.5,36,apunim,-0.162257322553361,2.6181844803773367e-43,1
80,0.5,1.5,36,Krippendorff delta-alpha,0.0008831353471743797,0.01990049751243781,1
80,0.5,1.5,36,aposteriori unimodality (2024),0.02717391304347826,0.009900990099009901,1
80,0.5,1.5,36,chi-squared (Akhtar et al. 2019),2140.007427255627,0.0,1
80,0.5,1.5,36,GMM clustering (Checco/Mignemi),1.0,0.004975124378109453,1
80,0.5,1.5,37,apunim,-0.14082778161599577,1.2692974941091044e-34,1
80,0.5,1.5,37,Krippendorff delta-alpha,0.004541806720861352,0.004975124378109453,1
80,0.5,1.5,37,aposteriori unimodality (2024),0.03932584269662921,0.009900990099009901,1
80,0.5,1.5,37,chi-squared (Akhtar et al. 2019),2162.1286591233147,0.0,1
80,0.5,1.5,37,GMM clustering (Checco/Mignemi),1.0,0.004975124378109453,1
80,0.5,1.5,38,apunim,-0.15529022105613693,3.3989345779692866e-42,1
80,0.5,1.5,38,Krippendorff delta-alpha,0.00563138068545721,0.004975124378109453,1
80,0.5,1.5,38,aposteriori unimodality (2024),0.031578947368421054,0.009900990099009901,1
80,0.5,1.5,38,chi-squared (Akhtar et al. 2019),2207.5709117298484,0.0,1
80,0.5,1.5,38,GMM clustering (Checco/Mignemi),1.0,0.004975124378109453,1
80,0.5,1.5,39,apunim,-0.15736030169843385,1.4784383902554926e-38,1
80,0.5,1.5,39,Krippendorff delta-alpha,0.0038081970604073034,0.004975124378109453,1
80,0.5,1.5,39,aposteriori unimodality (2024),0.06417112299465241,0.009900990099009901,1
80,0.5,1.5,39,chi-squared (Akhtar et al. 2019),2187.422521807097,0.0,1
80,0.5,1.5,39,GMM clustering (Checco/Mignemi),1.0,0.004975124378109453,1
80,0.5,2.0,0,apunim,-0.22360175979469002,2.9511254898284978e-61,1
80,0.5,2.0,0,Krippendorff delta-alpha,0.008516918070831048,0.004975124378109453,1
80,0.5,2.0,0,aposteriori unimodality (2024),0.061224489795918366,0.009900990099009901,1
80,0.5,2.0,0,chi-squared (Akhtar et al. 2019),3729.6456220729733,0.0,1
80,0.5,2.0,0,GMM clustering (Checco/Mignemi),1.0,0.004975124378109453,1
80,0.5,2.0,1,apunim,-0.2358268701185739,7.730706616072535e-66,1
80,0.5,2.0,1,Krippendorff delta-alpha,0.006817684605307239,0.004975124378109453,1
80,0.5,2.0,1,aposteriori unimodality (2024),0.06842105263157895,0.009900990099009901,1
80,0.5,2.0,1,chi-squared (Akhtar et al. 2019),3448.177900073256,0.0,1
80,0.5,2.0,1,GMM clustering (Checco/Mignemi),1.0,0.004975124378109453,1
80,0.5,2.0,2,apunim,-0.21602687457175176,9.381714831111229e-66,1
80,0.5,2.0,2,Krippendorff delta-alpha,0.009819995585080343,0.004975124378109453,1
80,0.5,2.0,2,aposteriori unimodality (2024),0.0625,0.009900990099009901,1
80,0.5,2.0,2,chi-squared (Akhtar et al. 2019),3593.49667041707,0.0,1
80,0.5,2.0,2,GMM clustering (Checco/Mignemi),1.0,0.004975124378109453,1
80,0.5,2.0,3,apunim,-0.23338645096764538,7.53403231744174e-62,1
80,0.5,2.0,3,Krippendorff delta-alpha,0.009556464388756014,0.004975124378109453,1
80,0.5,2.0,3,aposteriori unimodality (2024),0.05789473684210526,0.009900990099009901,1
80,0.5,2.0,3,chi-squared (Akhtar et al. 2019),3648.1190655982623,0.0,1
80,0.5,2.0,3,GMM clustering (Checco/Mignemi),1.0,0.004975124378109453,1
80,0.5,2.0,4,apunim,-0.213719847403386,5.0572445719891525e-62,1
80,0.5,2.0,4,Krippendorff delta-alpha,0.008591815128277447,0.004975124378109453,1
80,0.5,2.0,4,aposteriori unimodality (2024),0.08163265306122448,0.009900990099009901,1
80,0.5,2.0,4,chi-squared (Akhtar et al. 2019),3548.9249650819015,0.0,1
80,0.5,2.0,4,GMM clustering (Checco/Mignemi),1.0,0.004975124378109453,1
80,0.5,2.0,5,apunim,-0.25407320370874026,1.1852459401096623e-68,1
80,0.5,2.0,5,Krippendorff delta-alpha,0.008315049210307845,0.004975124378109453,1
80,0.5,2.0,5,aposteriori unimodality (2024),0.06382978723404255,0.009900990099009901,1
80,0.5,2.0,5,chi-squared (Akhtar et al. 2019),3664.8521955806164,0.0,1
80,0.5,2.0,5,GMM clustering (Checco/Mignemi),1.0,0.004975124378109453,1
80,0.5,2.0,6,apunim,-0.21869878512699742,2.517354537320222e-63,1
80,0.5,2.0,6,Krippendorff delta-alpha,0.006048824675115749,0.004975124378109453,1
80,0.5,2.0,6,aposteriori unimodality (2024),0.042328042328042326,0.009900990099009901,1
80,0.5,2.0,6,chi-squared (Akhtar et al. 2019),3473.7095753221465,0.0,1
80,0.5,2.0,6,GMM clustering (Checco/Mignemi),1.0,0.004975124378109453,1
80,0.5,2.0,7,apunim,-0.24150569819324755,6.537378692853094e-62,1
80,0.5,2.0,7,Krippendorff delta-alpha,0.006985360474882019,0.004975124378109453,1
80,0.5,2.0,7,aposteriori unimodality (2024),0.058823529411764705,0.009900990099009901,1
80,0.5,2.0,7,chi-squared (Akhtar et al. 2019),3421.000715380686,0.0,1
80,0.5,2.0,7,GMM clustering (Checco/Mignemi),1.0,0.004975124378109453,1
80,0.5,2.0,8,apunim,-0.23941530622197188,3.486625434656416e-69,1
80,0.5,2.0,8,Krippendorff delta-alpha,0.004841822888233094,0.004975124378109453,1
80,0.5,2.0,8,aposteriori unimodality (2024),0.04591836734693878,0.009900990099009901,1
80,0.5,2.0,8,chi-squared (Akhtar et al. 2019),3496.0147854324805,0.0,1
80,0.5,2.0,8,GMM clustering (Checco/Mignemi),1.0,0.004975124378109453,1
80,0.5,2.0,9,apunim,-0.2244538122239655,5.0986777986496316e-65,1
80,0.5,2.0,9,Krippendorff delta-alpha,0.008837677835807689,0.004975124378109453,1
80,0.5,2.0,9,aposteriori unimodality (2024),0.06382978723404255,0.009900990099009901,1
80,0.5,2.0,9,chi-squared (Akhtar et al. 2019),3740.9141657281284,0.0,1
80,0.5,2.0,9,GMM clustering (Checco/Mignemi),1.0,0.004975124378109453,1
80,0.5,2.0,10,apunim,-0.23767214880678417,4.525677245554142e-62,1
80,0.5,2.0,10,Krippendorff delta-alpha,0.006215429242721671,0.004975124378109453,1
80,0.5,2.0,10,aposteriori unimodality (2024),0.08333333333333333,0.009900990099009901,1
80,0.5,2.0,10,chi-squared (Akhtar et al. 2019),3603.1514639271318,0.0,1
80,0.5,2.0,10,GMM clustering (Checco/Mignemi),1.0,0.004975124378109453,1
80,0.5,2.0,11,apunim,-0.22484916354911982,1.8010922366489297e-63,1
80,0.5,2.0,11,Krippendorff delta-alpha,0.006458195380911469,0.004975124378109453,1
80,0.5,2.0,11,aposteriori unimodality (2024),0.07142857142857142,0.009900990099009901,1
80,0.5,2.0,11,chi-squared (Akhtar et al. 2019),3399.240247433294,0.0,1
80,0.5,2.0,11,GMM clustering (Checco/Mignemi),1.0,0.004975124378109453,1
80,0.5,2.0,12,apunim,-0.22721242743520598,4.39092969368055e-65,1
80,0.5,2.0,12,Krippendorff delta-alpha,0.006407069105753671,0.004975124378109453,1
80,0.5,2.0,12,aposteriori unimodality (2024),0.07368421052631578,0.009900990099009901,1
80,0.5,2.0,12,chi-squared (Akhtar et al. 2019),3502.979454911181,0.0,1
80,0.5,2.0,12,GMM clustering (Checco/Mignemi),1.0,0.004975124378109453,1
80,0.5,2.0,13,apunim,-0.2199582750260058,1.0731874308719043e-59,1
80,0.5,2.0,13,Krippendorff delta-alpha,0.006182190642406271,0.004975124378109453,1
80,0.5,2.0,13,aposteriori unimodality (2024),0.06666666666666667,0.009900990099009901,1
80,0.5,2.0,13,chi-squared (Akhtar et al. 2019),3564.3688700634393,0.0,1
80,0.5,2.0,13,GMM clustering (Checco/Mignemi),1.0,0.004975124378109453,1
80,0.5,2.0,14,apunim,-0.2411827622874077,1.0982215316129716e-67,1
80,0.5,2.0,14,Krippendorff delta-alpha,0.008893572176809583,0.004975124378109453,1
80,0.5,2.0,14,aposteriori unimodality (2024),0.04736842105263158,0.009900990099009901,1
80,0.5,2.0,14,chi-squared (Akhtar et al. 2019),3494.19793318378,0.0,1
80,0.5,2.0,14,GMM clustering (Checco/Mignemi),1.0,0.004975124378109453,1
80,0.5,2.0,15,apunim,-0.22470718128906889,1.5049691689336437e-63,1
80,0.5,2.0,15,Krippendorff delta-alpha,0.007578859128711923,0.004975124378109453,1
80,0.5,2.0,15,aposteriori unimodality (2024),0.05759162303664921,0.009900990099009901,1
80,0.5,2.0,15,chi-squared (Akhtar et al. 2019),3689.446225945069,0.0,1
80,0.5,2.0,15,GMM clustering (Checco/Mignemi),1.0,0.004975124378109453,1
80,0.5,2.0,16,apunim,-0.23573986093959107,2.0313517284578526e-60,1
80,0.5,2.0,16,Krippendorff delta-alpha,0.00954346576011944,0.004975124378109453,1
80,0.5,2.0,16,aposteriori unimodality (2024),0.05641025641025641,0.009900990099009901,1
80,0.5,2.0,16,chi-squared (Akhtar et al. 2019),3624.681641226453,0.0,1
80,0.5,2.0,16,GMM clustering (Checco/Mignemi),1.0,0.004975124378109453,1
80,0.5,2.0,17,apunim,-0.24555879140408904,8.54904151606686e-69,1
80,0.5,2.0,17,Krippendorff delta-alpha,0.008662243577701845,0.004975124378109453,1
80,0.5,2.0,17,aposteriori unimodality (2024),0.08163265306122448,0.009900990099009901,1
80,0.5,2.0,17,chi-squared (Akhtar et al. 2019),3644.0085641307205,0.0,1
80,0.5,2.0,17,GMM clustering (Checco/Mignemi),1.0,0.004975124378109453,1
80,0.5,2.0,18,apunim,-0.25065116473614696,3.520784432097766e-73,1
80,0.5,2.0,18,Krippendorff delta-alpha,0.006818317666585416,0.004975124378109453,1
80,0.5,2.0,18,aposteriori unimodality (2024),0.09473684210526316,0.009900990099009901,1
80,0.5,2.0,18,chi-squared (Akhtar et al. 2019),3753.8358434676647,0.0,1
80,0.5,2.0,18,GMM clustering (Checco/Mignemi),1.0,0.004975124378109453,1
80,0.5,2.0,19,apunim,-0.23817429893566444,1.6933732022110596e-64,1
80,0.5,2.0,19,Krippendorff delta-alpha,0.008706800882628207,0.004975124378109453,1
80,0.5,2.0,19,aposteriori unimodality (2024),0.041237113402061855,0.009900990099009901,1
80,0.5,2.0,19,chi-squared (Akhtar et al. 2019),3588.7637697913183,0.0,1
80,0.5,2.0,19,GMM clustering (Checco/Mignemi),1.0,0.004975124378109453,1
80,0.5,2.0,20,apunim,-0.2188241466735719,3.1754685011470016e-64,1
80,0.5,2.0,20,Krippendorff delta-alpha,0.0073922952192065905,0.004975124378109453,1
80,0.5,2.0,20,aposteriori unimodality (2024),0.08333333333333333,0.009900990099009901,1
80,0.5,2.0,20,chi-squared (Akhtar et al. 2019),3619.4476345771814,0.0,1
80,0.5,2.0,20,GMM clustering (Checco/Mignemi),1.0,0.004975124378109453,1
80,0.5,2.0,21,apunim,-0.22910179659110713,2.9023781852710147e-68,1
80,0.5,2.0,21,Krippendorff delta-alpha,0.00841591494311622,0.004975124378109453,1
80,0.5,2.0,21,aposteriori unimodality (2024),0.10362694300518134,0.009900990099009901,1
80,0.5,2.0,21,chi-squared (Akhtar et al. 2019),3638.01789613063,0.0,1
80,0.5,2.0,21,GMM clustering (Checco/Mignemi),1.0,0.004975124378109453,1
80,0.5,2.0,22,apunim,-0.23083896271173693,5.379109140788145e-66,1
80,0.5,2.0,22,Krippendorff delta-alpha,0.006734678850914222,0.004975124378109453,1
80,0.5,2.0,22,aposteriori unimodality (2024),0.04736842105263158,0.009900990099009901,1
80,0.5,2.0,22,chi-squared (Akhtar et al. 2019),3527.369881990888,0.0,1
80,0.5,2.0,22,GMM clustering (Checco/Mignemi),1.0,0.004975124378109453,1
80,0.5,2.0,23,apunim,-0.24745788381369732,3.373488904066717e-72,1
80,0.5,2.0,23,Krippendorff delta-alpha,0.008980198197079847,0.004975124378109453,1
80,0.5,2.0,23,aposteriori unimodality (2024),0.0663265306122449,0.009900990099009901,1
80,0.5,2.0,23,chi-squared (Akhtar et al. 2019),3676.5801877049603,0.0,1
80,0.5,2.0,23,GMM clustering (Checco/Mignemi),1.0,0.004975124378109453,1
80,0.5,2.0,24,apunim,-0.22992875730823706,1.5956599014551245e-63,1
80,0.5,2.0,24,Krippendorff delta-alpha,0.009111886870949104,0.004975124378109453,1
80,0.5,2.0,24,aposteriori unimodality (2024),0.06153846153846154,0.009900990099009901,1
80,0.5,2.0,24,chi-squared (Akhtar et al. 2019),3566.421202286912,0.0,1
80,0.5,2.0,24,GMM clustering (Checco/Mignemi),1.0,0.004975124378109453,1
80,0.5,2.0,25,apunim,-0.22844991996963848,4.1887707190435306e-64,1
80,0.5,2.0,25,Krippendorff delta-alpha,0.007151880782640285,0.004975124378109453,1
80,0.5,2.0,25,aposteriori unimodality (2024),0.06091370558375635,0.009900990099009901,1
80,0.5,2.0,25,chi-squared (Akhtar et al. 2019),3456.98974348432,0.0,1
80,0.5,2.0,25,GMM clustering (Checco/Mignemi),1.0,0.004975124378109453,1
80,0.5,2.0,26,apunim,-0.24022874027378882,6.793121844866427e-60,1
80,0.5,2.0,26,Krippendorff delta-alpha,0.008075813881710858,0.004975124378109453,1
80,0.5,2.0,26,aposteriori unimodality (2024),0.07329842931937172,0.009900990099009901,1
80,0.5,2.0,26,chi-squared (Akhtar et al. 2019),3550.2579215450205,0.0,1
80,0.5,2.0,26,GMM clustering (Checco/Mignemi),1.0,0.004975124378109453,1
80,0.5,2.0,27,apunim,-0.2454500270019278,1.3488105563813834e-71,1
80,0.5,2.0,27,Krippendorff delta-alpha,0.009179309903006194,0.004975124378109453,1
80,0.5,2.0,27,aposteriori unimodality (2024),0.06282722513089005,0.009900990099009901,1
80,0.5,2.0,27,chi-squared (Akhtar et al. 2019),3702.790291487643,0.0,1
80,0.5,2.0,27,GMM clustering (Checco/Mignemi),1.0,0.004975124378109453,1
80,0.5,2.0,28,apunim,-0.2415852023209892,9.4424429820151e-74,1
80,0.5,2.0,28,Krippendorff delta-alpha,0.007552801042128243,0.004975124378109453,1
80,0.5,2.0,28,aposteriori unimodality (2024),0.08854166666666667,0.009900990099009901,1
80,0.5,2.0,28,chi-squared (Akhtar et al. 2019),3555.0426213193978,0.0,1
80,0.5,2.0,28,GMM clustering (Checco/Mignemi),1.0,0.004975124378109453,1
80,0.5,2.0,29,apunim,-0.23421723943228728,1.0493336549610754e-71,1
80,0.5,2.0,29,Krippendorff delta-alpha,0.00578339361671526,0.004975124378109453,1
80,0.5,2.0,29,aposteriori unimodality (2024),0.08247422680412371,0.009900990099009901,1
80,0.5,2.0,29,chi-squared (Akhtar et al. 2019),3628.7308676534244,0.0,1
80,0.5,2.0,29,GMM clustering (Checco/Mignemi),1.0,0.004975124378109453,1
80,0.5,2.0,30,apunim,-0.2287783483545999,3.158292087531409e-64,1
80,0.5,2.0,30,Krippendorff delta-alpha,0.0082100579559507,0.004975124378109453,1
80,0.5,2.0,30,aposteriori unimodality (2024),0.08376963350785341,0.009900990099009901,1
80,0.5,2.0,30,chi-squared (Akhtar et al. 2019),3675.1879983663775,0.0,1
80,0.5,2.0,30,GMM clustering (Checco/Mignemi),1.0,0.004975124378109453,1
80,0.5,2.0,31,apunim,-0.23663900763259202,1.8717527893556875e-62,1
80,0.5,2.0,31,Krippendorff delta-alpha,0.00574875414345466,0.004975124378109453,1
80,0.5,2.0,31,aposteriori unimodality (2024),0.03664921465968586,0.009900990099009901,1
80,0.5,2.0,31,chi-squared (Akhtar et al. 2019),3623.216236799949,0.0,1
80,0.5,2.0,31,GMM clustering (Checco/Mignemi),1.0,0.004975124378109453,1
80,0.5,2.0,32,apunim,-0.2239561881821632,9.0848226848016e-69,1
80,0.5,2.0,32,Krippendorff delta-alpha,0.008789713146522438,0.004975124378109453,1
80,0.5,2.0,32,aposteriori unimodality (2024),0.05759162303664921,0.009900990099009901,1
80,0.5,2.0,32,chi-squared (Akhtar et al. 2019),3684.0169734123815,0.0,1
80,0.5,2.0,32,GMM clustering (Checco/Mignemi),1.0,0.004975124378109453,1
80,0.5,2.0,33,apunim,-0.22620398920944707,4.1452542254120125e-66,1
80,0.5,2.0,33,Krippendorff delta-alpha,0.008245550147451486,0.004975124378109453,1
80,0.5,2.0,33,aposteriori unimodality (2024),0.09278350515463918,0.009900990099009901,1
80,0.5,2.0,33,chi-squared (Akhtar et al. 2019),3589.0288545085314,0.0,1
80,0.5,2.0,33,GMM clustering (Checco/Mignemi),1.0,0.004975124378109453,1
80,0.5,2.0,34,apunim,-0.2311002455068699,3.641306182758925e-68,1
80,0.5,2.0,34,Krippendorff delta-alpha,0.008336309449209711,0.004975124378109453,1
80,0.5,2.0,34,aposteriori unimodality (2024),0.09137055837563451,0.009900990099009901,1
80,0.5,2.0,34,chi-squared (Akhtar et al. 2019),3569.1200139308844,0.0,1
80,0.5,2.0,34,GMM clustering (Checco/Mignemi),1.0,0.004975124378109453,1
80,0.5,2.0,35,apunim,-0.23908385438453486,5.980619260555636e-69,1
80,0.5,2.0,35,Krippendorff delta-alpha,0.0071047138281662425,0.004975124378109453,1
80,0.5,2.0,35,aposteriori unimodality (2024),0.061855670103092786,0.009900990099009901,1
80,0.5,2.0,35,chi-squared (Akhtar et al. 2019),3722.342859784083,0.0,1
80,0.5,2.0,35,GMM clustering (Checco/Mignemi),1.0,0.004975124378109453,1
80,0.5,2.0,36,apunim,-0.2104250221677619,1.7431552129519808e-60,1
80,0.5,2.0,36,Krippendorff delta-alpha,0.009091950901610468,0.004975124378109453,1
80,0.5,2.0,36,aposteriori unimodality (2024),0.041025641025641026,0.009900990099009901,1
80,0.5,2.0,36,chi-squared (Akhtar et al. 2019),3729.793370030004,0.0,1
80,0.5,2.0,36,GMM clustering (Checco/Mignemi),1.0,0.004975124378109453,1
80,0.5,2.0,37,apunim,-0.2482119701801075,3.849065537188594e-74,1
80,0.5,2.0,37,Krippendorff delta-alpha,0.006413916114793694,0.004975124378109453,1
80,0.5,2.0,37,aposteriori unimodality (2024),0.04639175257731959,0.009900990099009901,1
80,0.5,2.0,37,chi-squared (Akhtar et al. 2019),3506.7007336324355,0.0,1
80,0.5,2.0,37,GMM clustering (Checco/Mignemi),1.0,0.004975124378109453,1
80,0.5,2.0,38,apunim,-0.23789769549481432,4.3656528172432e-66,1
80,0.5,2.0,38,Krippendorff delta-alpha,0.007995797720734665,0.004975124378109453,1
80,0.5,2.0,38,aposteriori unimodality (2024),0.0625,0.009900990099009901,1
80,0.5,2.0,38,chi-squared (Akhtar et al. 2019),3656.6475966987064,0.0,1
80,0.5,2.0,38,GMM clustering (Checco/Mignemi),1.0,0.004975124378109453,1
80,0.5,2.0,39,apunim,-0.24569360315147457,3.084642075153141e-71,1
80,0.5,2.0,39,Krippendorff delta-alpha,0.007265352047903517,0.004975124378109453,1
80,0.5,2.0,39,aposteriori unimodality (2024),0.08376963350785341,0.009900990099009901,1
80,0.5,2.0,39,chi-squared (Akhtar et al. 2019),3721.499268238851,0.0,1
80,0.5,2.0,39,GMM clustering (Checco/Mignemi),1.0,0.004975124378109453,1
80,0.5,2.5,0,apunim,-0.3034508197014977,1.3104595515642585e-81,1
80,0.5,2.5,0,Krippendorff delta-alpha,0.008081012841521518,0.004975124378109453,1
80,0.5,2.5,0,aposteriori unimodality (2024),0.06060606060606061,0.009900990099009901,1
80,0.5,2.5,0,chi-squared (Akhtar et al. 2019),5150.799924208462,0.0,1
80,0.5,2.5,0,GMM clustering (Checco/Mignemi),1.0,0.004975124378109453,1
80,0.5,2.5,1,apunim,-0.3330583483920884,2.3072568721815357e-88,1
80,0.5,2.5,1,Krippendorff delta-alpha,0.009040392399958519,0.004975124378109453,1
80,0.5,2.5,1,aposteriori unimodality (2024),0.09045226130653267,0.009900990099009901,1
80,0.5,2.5,1,chi-squared (Akhtar et al. 2019),5231.123007927312,0.0,1
80,0.5,2.5,1,GMM clustering (Checco/Mignemi),1.0,0.004975124378109453,1
80,0.5,2.5,2,apunim,-0.30679312267623166,1.1701755804533171e-88,1
80,0.5,2.5,2,Krippendorff delta-alpha,0.008995121245813087,0.004975124378109453,1
80,0.5,2.5,2,aposteriori unimodality (2024),0.09045226130653267,0.009900990099009901,1
80,0.5,2.5,2,chi-squared (Akhtar et al. 2019),5043.904617674089,0.0,1
80,0.5,2.5,2,GMM clustering (Checco/Mignemi),1.0,0.004975124378109453,1
80,0.5,2.5,3,apunim,-0.2976300079316902,3.3408001141392667e-85,1
80,0.5,2.5,3,Krippendorff delta-alpha,0.010786377266454927,0.004975124378109453,1
80,0.5,2.5,3,aposteriori unimodality (2024),0.10050251256281408,0.009900990099009901,1
80,0.5,2.5,3,chi-squared (Akhtar et al. 2019),5101.133351790136,0.0,1
80,0.5,2.5,3,GMM clustering (Checco/Mignemi),1.0,0.004975124378109453,1
80,0.5,2.5,4,apunim,-0.2997113173983123,5.718233755721234e-85,1
80,0.5,2.5,4,Krippendorff delta-alpha,0.008702647558011367,0.004975124378109453,1
80,0.5,2.5,4,aposteriori unimodality (2024),0.07,0.009900990099009901,1
80,0.5,2.5,4,chi-squared (Akhtar et al. 2019),5063.851340397913,0.0,1
80,0.5,2.5,4,GMM clustering (Checco/Mignemi),1.0,0.004975124378109453,1
80,0.5,2.5,5,apunim,-0.30583912956112963,1.3881734208099998e-80,1
80,0.5,2.5,5,Krippendorff delta-alpha,0.009833548730048824,0.004975124378109453,1
80,0.5,2.5,5,aposteriori unimodality (2024),0.07653061224489796,0.009900990099009901,1
80,0.5,2.5,5,chi-squared (Akhtar et al. 2019),5116.351751921596,0.0,1
80,0.5,2.5,5,GMM clustering (Checco/Mignemi),1.0,0.004975124378109453,1
80,0.5,2.5,6,apunim,-0.291427594159445,2.230458461920747e-81,1
80,0.5,2.5,6,Krippendorff delta-alpha,0.012191775130677707,0.004975124378109453,1
80,0.5,2.5,6,aposteriori unimodality (2024),0.09090909090909091,0.009900990099009901,1
80,0.5,2.5,6,chi-squared (Akhtar et al. 2019),5108.536159256792,0.0,1
80,0.5,2.5,6,GMM clustering (Checco/Mignemi),1.0,0.004975124378109453,1
80,0.5,2.5,7,apunim,-0.3308527140792603,8.462651978560615e-93,1
80,0.5,2.5,7,Krippendorff delta-alpha,0.012949125382117121,0.004975124378109453,1
80,0.5,2.5,7,aposteriori unimodality (2024),0.10050251256281408,0.009900990099009901,1
80,0.5,2.5,7,chi-squared (Akhtar et al. 2019),5160.709462083739,0.0,1
80,0.5,2.5,7,GMM clustering (Checco/Mignemi),1.0,0.004975124378109453,1
80,0.5,2.5,8,apunim,-0.2937688791867125,8.025897603238898e-88,1
80,0.5,2.5,8,Krippendorff delta-alpha,0.014007303552070305,0.004975124378109453,1
80,0.5,2.5,8,aposteriori unimodality (2024),0.08080808080808081,0.009900990099009901,1
80,0.5,2.5,8,chi-squared (Akhtar et al. 2019),5172.223812654047,0.0,1
80,0.5,2.5,8,GMM clustering (Checco/Mignemi),1.0,0.004975124378109453,1
80,0.5,2.5,9,apunim,-0.29390461159246434,1.0248308080655084e-79,1
80,0.5,2.5,9,Krippendorff delta-alpha,0.011660758301986873,0.004975124378109453,1
80,0.5,2.5,9,aposteriori unimodality (2024),0.11282051282051282,0.009900990099009901,1
80,0.5,2.5,9,chi-squared (Akhtar et al. 2019),5195.716081399486,0.0,1
80,0.5,2.5,9,GMM clustering (Checco/Mignemi),1.0,0.004975124378109453,1
80,0.5,2.5,10,apunim,-0.31507013432816555,2.3548034085334292e-85,1
80,0.5,2.5,10,Krippendorff delta-alpha,0.010438146390194691,0.004975124378109453,1
80,0.5,2.5,10,aposteriori unimodality (2024),0.1116751269035533,0.009900990099009901,1
80,0.5,2.5,10,chi-squared (Akhtar et al. 2019),5115.958513163348,0.0,1
80,0.5,2.5,10,GMM clustering (Checco/Mignemi),1.0,0.004975124378109453,1
80,0.5,2.5,11,apunim,-0.3177647271312967,9.535656474924362e-94,1
80,0.5,2.5,11,Krippendorff delta-alpha,0.00956432979264582,0.004975124378109453,1
80,0.5,2.5,11,aposteriori unimodality (2024),0.08080808080808081,0.009900990099009901,1
80,0.5,2.5,11,chi-squared (Akhtar et al. 2019),5078.8462862005035,0.0,1
80,0.5,2.5,11,GMM clustering (Checco/Mignemi),1.0,0.004975124378109453,1
80,0.5,2.5,12,apunim,-0.32529260589517167,6.3384514141875954e-86,1
80,0.5,2.5,12,Krippendorff delta-alpha,0.010386571062874994,0.004975124378109453,1
80,0.5,2.5,12,aposteriori unimodality (2024),0.07537688442211055,0.009900990099009901,1
80,0.5,2.5,12,chi-squared (Akhtar et al. 2019),5316.314136059056,0.0,1
80,0.5,2.5,12,GMM clustering (Checco/Mignemi),1.0,0.004975124378109453,1
80,0.5,2.5,13,apunim,-0.2922156410301543,1.0460777483003733e-78,1
80,0.5,2.5,13,Krippendorff delta-alpha,0.009257326145106715,0.004975124378109453,1
80,0.5,2.5,13,aposteriori unimodality (2024),0.11734693877551021,0.009900990099009901,1
80,0.5,2.5,13,chi-squared (Akhtar et al. 2019),4997.438490849264,0.0,1
80,0.5,2.5,13,GMM clustering (Checco/Mignemi),1.0,0.004975124378109453,1
80,0.5,2.5,14,apunim,-0.3182236156438947,5.07573851448839e-89,1
80,0.5,2.5,14,Krippendorff delta-alpha,0.0117943225674072,0.004975124378109453,1
80,0.5,2.5,14,aposteriori unimodality (2024),0.1306532663316583,0.009900990099009901,1
80,0.5,2.5,14,chi-squared (Akhtar et al. 2019),5108.1055027210205,0.0,1
80,0.5,2.5,14,GMM clustering (Checco/Mignemi),1.0,0.004975124378109453,1
80,0.5,2.5,15,apunim,-0.3079080492359851,4.859164102916252e-87,1
80,0.5,2.5,15,Krippendorff delta-alpha,0.01055102722868223,0.004975124378109453,1
80,0.5,2.5,15,aposteriori unimodality (2024),0.105,0.009900990099009901,1
80,0.5,2.5,15,chi-squared (Akhtar et al. 2019),5058.4323034899435,0.0,1
80,0.5,2.5,15,GMM clustering (Checco/Mignemi),1.0,0.004975124378109453,1
80,0.5,2.5,16,apunim,-0.3157030713400836,1.129309193910942e-84,1
80,0.5,2.5,16,Krippendorff delta-alpha,0.00908794941221902,0.004975124378109453,1
80,0.5,2.5,16,aposteriori unimodality (2024),0.09090909090909091,0.009900990099009901,1
80,0.5,2.5,16,chi-squared (Akhtar et al. 2019),5047.457139799464,0.0,1
80,0.5,2.5,16,GMM clustering (Checco/Mignemi),1.0,0.004975124378109453,1
80,0.5,2.5,17,apunim,-0.3240970675000273,4.6966155086223126e-86,1
80,0.5,2.5,17,Krippendorff delta-alpha,0.007225686296636724,0.004975124378109453,1
80,0.5,2.5,17,aposteriori unimodality (2024),0.078125,0.009900990099009901,1
80,0.5,2.5,17,chi-squared (Akhtar et al. 2019),4998.875314745472,0.0,1
80,0.5,2.5,17,GMM clustering (Checco/Mignemi),1.0,0.004975124378109453,1
80,0.5,2.5,18,apunim,-0.32627854525446787,2.8957847153801075e-88,1
80,0.5,2.5,18,Krippendorff delta-alpha,0.008546485983115137,0.004975124378109453,1
80,0.5,2.5,18,aposteriori unimodality (2024),0.1116751269035533,0.009900990099009901,1
80,0.5,2.5,18,chi-squared (Akhtar et al. 2019),5202.096706151525,0.0,1
80,0.5,2.5,18,GMM clustering (Checco/Mignemi),1.0,0.004975124378109453,1
80,0.5,2.5,19,apunim,-0.2973100852551586,7.411583147645195e-76,1
80,0.5,2.5,19,Krippendorff delta-alpha,0.011701002220920853,0.004975124378109453,1
80,0.5,2.5,19,aposteriori unimodality (2024),0.05555555555555555,0.009900990099009901,1
80,0.5,2.5,19,chi-squared (Akhtar et al. 2019),5012.7413140950175,0.0,1
80,0.5,2.5,19,GMM clustering (Checco/Mignemi),1.0,0.004975124378109453,1
80,0.5,2.5,20,apunim,-0.2730524553061789,1.0202612016021485e-86,1
80,0.5,2.5,20,Krippendorff delta-alpha,0.009259222591045946,0.004975124378109453,1
80,0.5,2.5,20,aposteriori unimodality (2024),0.09693877551020408,0.009900990099009901,1
80,0.5,2.5,20,chi-squared (Akhtar et al. 2019),5172.982199387355,0.0,1
80,0.5,2.5,20,GMM clustering (Checco/Mignemi),1.0,0.004975124378109453,1
80,0.5,2.5,21,apunim,-0.3125526032978882,2.2044139043780293e-87,1
80,0.5,2.5,21,Krippendorff delta-alpha,0.011055198409923306,0.004975124378109453,1
80,0.5,2.5,21,aposteriori unimodality (2024),0.07,0.009900990099009901,1
80,0.5,2.5,21,chi-squared (Akhtar et al. 2019),5318.112696985883,0.0,1
80,0.5,2.5,21,GMM clustering (Checco/Mignemi),1.0,0.004975124378109453,1
80,0.5,2.5,22,apunim,-0.2997592057250436,4.973137823072564e-84,1
80,0.5,2.5,22,Krippendorff delta-alpha,0.013285643572447492,0.004975124378109453,1
80,0.5,2.5,22,aposteriori unimodality (2024),0.050761421319796954,0.009900990099009901,1
80,0.5,2.5,22,chi-squared (Akhtar et al. 2019),5132.882547549386,0.0,1
80,0.5,2.5,22,GMM clustering (Checco/Mignemi),1.0,0.004975124378109453,1
80,0.5,2.5,23,apunim,-0.32036758399423154,6.481461692268299e-82,1
80,0.5,2.5,23,Krippendorff delta-alpha,0.010676089776012754,0.004975124378109453,1
80,0.5,2.5,23,aposteriori unimodality (2024),0.05527638190954774,0.009900990099009901,1
80,0.5,2.5,23,chi-squared (Akhtar et al. 2019),5061.0600109903835,0.0,1
80,0.5,2.5,23,GMM clustering (Checco/Mignemi),1.0,0.004975124378109453,1
80,0.5,2.5,24,apunim,-0.3095944605964518,1.5960468225785564e-85,1
80,0.5,2.5,24,Krippendorff delta-alpha,0.010374943836458816,0.004975124378109453,1
80,0.5,2.5,24,aposteriori unimodality (2024),0.11224489795918367,0.009900990099009901,1
80,0.5,2.5,24,chi-squared (Akhtar et al. 2019),5196.517937107268,0.0,1
80,0.5,2.5,24,GMM clustering (Checco/Mignemi),1.0,0.004975124378109453,1
80,0.5,2.5,25,apunim,-0.3261802696864885,7.341035361389732e-82,1
80,0.5,2.5,25,Krippendorff delta-alpha,0.007945826755582142,0.004975124378109453,1
80,0.5,2.5,25,aposteriori unimodality (2024),0.045454545454545456,0.009900990099009901,1
80,0.5,2.5,25,chi-squared (Akhtar et al. 2019),5197.068686985195,0.0,1
80,0.5,2.5,25,GMM clustering (Checco/Mignemi),1.0,0.004975124378109453,1
80,0.5,2.5,26,apunim,-0.31098985374601584,2.1990750851481667e-85,1
80,0.5,2.5,26,Krippendorff delta-alpha,0.008864479114652324,0.004975124378109453,1
80,0.5,2.5,26,aposteriori unimodality (2024),0.09693877551020408,0.009900990099009901,1
80,0.5,2.5,26,chi-squared (Akhtar et al. 2019),5240.342522923567,0.0,1
80,0.5,2.5,26,GMM clustering (Checco/Mignemi),1.0,0.004975124378109453,1
80,0.5,2.5,27,apunim,-0.30939501980990514,1.3523009559101728e-79,1
80,0.5,2.5,27,Krippendorff delta-alpha,0.009158059389016981,0.004975124378109453,1
80,0.5,2.5,27,aposteriori unimodality (2024),0.061224489795918366,0.009900990099009901,1
80,0.5,2.5,27,chi-squared (Akhtar et al. 2019),5035.255013124118,0.0,1
80,0.5,2.5,27,GMM clustering (Checco/Mignemi),1.0,0.004975124378109453,1
80,0.5,2.5,28,apunim,-0.30474825748893997,1.1688152104374545e-87,1
80,0.5,2.5,28,Krippendorff delta-alpha,0.012029036569384033,0.004975124378109453,1
80,0.5,2.5,28,aposteriori unimodality (2024),0.10606060606060606,0.009900990099009901,1
80,0.5,2.5,28,chi-squared (Akhtar et al. 2019),5080.1024487009345,0.0,1
80,0.5,2.5,28,GMM clustering (Checco/Mignemi),1.0,0.004975124378109453,1
80,0.5,2.5,29,apunim,-0.3057489638436296,1.3118577867743683e-79,1
80,0.5,2.5,29,Krippendorff delta-alpha,0.011426708876403235,0.004975124378109453,1
80,0.5,2.5,29,aposteriori unimodality (2024),0.09090909090909091,0.009900990099009901,1
80,0.5,2.5,29,chi-squared (Akhtar et al. 2019),5051.181422579451,0.0,1
80,0.5,2.5,29,GMM clustering (Checco/Mignemi),1.0,0.004975124378109453,1
80,0.5,2.5,30,apunim,-0.32608335015308826,1.4720175211824294e-90,1
80,0.5,2.5,30,Krippendorff delta-alpha,0.007791837135316448,0.004975124378109453,1
80,0.5,2.5,30,aposteriori unimodality (2024),0.1116751269035533,0.009900990099009901,1
80,0.5,2.5,30,chi-squared (Akhtar et al. 2019),5033.127964493159,0.0,1
80,0.5,2.5,30,GMM clustering (Checco/Mignemi),1.0,0.004975124378109453,1
80,0.5,2.5,31,apunim,-0.31071060339442136,2.7639126714796407e-87,1
80,0.5,2.5,31,Krippendorff delta-alpha,0.009037918474921691,0.004975124378109453,1
80,0.5,2.5,31,aposteriori unimodality (2024),0.07692307692307693,0.009900990099009901,1
80,0.5,2.5,31,chi-squared (Akhtar et al. 2019),5195.957519369674,0.0,1
80,0.5,2.5,31,GMM clustering (Checco/Mignemi),1.0,0.004975124378109453,1
80,0.5,2.5,32,apunim,-0.3167054565470088,2.3925684613266553e-86,1
80,0.5,2.5,32,Krippendorff delta-alpha,0.01167134183799945,0.004975124378109453,1
80,0.5,2.5,32,aposteriori unimodality (2024),0.07106598984771574,0.009900990099009901,1
80,0.5,2.5,32,chi-squared (Akhtar et al. 2019),5128.500963495748,0.0,1
80,0.5,2.5,32,GMM clustering (Checco/Mignemi),1.0,0.004975124378109453,1
80,0.5,2.5,33,apunim,-0.29938093200579413,1.379799773938529e-78,1
80,0.5,2.5,33,Krippendorff delta-alpha,0.013085175991384757,0.004975124378109453,1
80,0.5,2.5,33,aposteriori unimodality (2024),0.07692307692307693,0.009900990099009901,1
80,0.5,2.5,33,chi-squared (Akhtar et al. 2019),5366.639587277174,0.0,1
80,0.5,2.5,33,GMM clustering (Checco/Mignemi),1.0,0.004975124378109453,1
80,0.5,2.5,34,apunim,-0.3070524418792725,6.822980572688575e-78,1
80,0.5,2.5,34,Krippendorff delta-alpha,0.012172614586157315,0.004975124378109453,1
80,0.5,2.5,34,aposteriori unimodality (2024),0.07179487179487179,0.009900990099009901,1
80,0.5,2.5,34,chi-squared (Akhtar et al. 2019),5179.983039902906,0.0,1
80,0.5,2.5,34,GMM clustering (Checco/Mignemi),1.0,0.004975124378109453,1
80,0.5,2.5,35,apunim,-0.2934822593221486,2.3231109316655577e-78,1
80,0.5,2.5,35,Krippendorff delta-alpha,0.007025112952721346,0.004975124378109453,1
80,0.5,2.5,35,aposteriori unimodality (2024),0.09137055837563451,0.009900990099009901,1
80,0.5,2.5,35,chi-squared (Akhtar et al. 2019),5137.804882043339,0.0,1
80,0.5,2.5,35,GMM clustering (Checco/Mignemi),1.0,0.004975124378109453,1
80,0.5,2.5,36,apunim,-0.30437446729093715,6.904045865517476e-86,1
80,0.5,2.5,36,Krippendorff delta-alpha,0.010175398205721942,0.004975124378109453,1
80,0.5,2.5,36,aposteriori unimodality (2024),0.11557788944723618,0.009900990099009901,1
80,0.5,2.5,36,chi-squared (Akhtar et al. 2019),5158.698868702378,0.0,1
80,0.5,2.5,36,GMM clustering (Checco/Mignemi),1.0,0.004975124378109453,1
80,0.5,2.5,37,apunim,-0.3454522053286317,4.792482231874996e-84,1
80,0.5,2.5,37,Krippendorff delta-alpha,0.009644267443081278,0.004975124378109453,1
80,0.5,2.5,37,aposteriori unimodality (2024),0.12690355329949238,0.009900990099009901,1
80,0.5,2.5,37,chi-squared (Akhtar et al. 2019),5144.981182999967,0.0,1
80,0.5,2.5,37,GMM clustering (Checco/Mignemi),1.0,0.004975124378109453,1
80,0.5,2.5,38,apunim,-0.3143212683722806,1.528967033933401e-88,1
80,0.5,2.5,38,Krippendorff delta-alpha,0.012469032894200816,0.004975124378109453,1
80,0.5,2.5,38,aposteriori unimodality (2024),0.09743589743589744,0.009900990099009901,1
80,0.5,2.5,38,chi-squared (Akhtar et al. 2019),5096.502773476332,0.0,1
80,0.5,2.5,38,GMM clustering (Checco/Mignemi),1.0,0.004975124378109453,1
80,0.5,2.5,39,apunim,-0.3153268640282517,3.5887942491090194e-86,1
80,0.5,2.5,39,Krippendorff delta-alpha,0.01098398856453714,0.004975124378109453,1
80,0.5,2.5,39,aposteriori unimodality (2024),0.09278350515463918,0.009900990099009901,1
80,0.5,2.5,39,chi-squared (Akhtar et al. 2019),5096.938826616408,0.0,1
80,0.5,2.5,39,GMM clustering (Checco/Mignemi),1.0,0.004975124378109453,1
80,0.5,3.0,0,apunim,-0.3754467034929666,9.24427369592359e-103,1
80,0.5,3.0,0,Krippendorff delta-alpha,0.015144404781364362,0.004975124378109453,1
80,0.5,3.0,0,aposteriori unimodality (2024),0.09547738693467336,0.009900990099009901,1
80,0.5,3.0,0,chi-squared (Akhtar et al. 2019),6671.029159746212,0.0,1
80,0.5,3.0,0,GMM clustering (Checco/Mignemi),1.0,0.004975124378109453,1
80,0.5,3.0,1,apunim,-0.38853374601524227,1.2434021523322181e-95,1
80,0.5,3.0,1,Krippendorff delta-alpha,0.014990182381492967,0.004975124378109453,1
80,0.5,3.0,1,aposteriori unimodality (2024),0.08,0.009900990099009901,1
80,0.5,3.0,1,chi-squared (Akhtar et al. 2019),6705.385041746709,0.0,1
80,0.5,3.0,1,GMM clustering (Checco/Mignemi),1.0,0.004975124378109453,1
80,0.5,3.0,2,apunim,-0.41041747815465146,1.4246518082048653e-104,1
80,0.5,3.0,2,Krippendorff delta-alpha,0.012520012356074695,0.004975124378109453,1
80,0.5,3.0,2,aposteriori unimodality (2024),0.075,0.009900990099009901,1
80,0.5,3.0,2,chi-squared (Akhtar et al. 2019),6791.184895357481,0.0,1
80,0.5,3.0,2,GMM clustering (Checco/Mignemi),1.0,0.004975124378109453,1
80,0.5,3.0,3,apunim,-0.39942740207703914,3.062981605430318e-105,1
80,0.5,3.0,3,Krippendorff delta-alpha,0.012628614050301135,0.004975124378109453,1
80,0.5,3.0,3,aposteriori unimodality (2024),0.09547738693467336,0.009900990099009901,1
80,0.5,3.0,3,chi-squared (Akhtar et al. 2019),6924.845501096925,0.0,1
80,0.5,3.0,3,GMM clustering (Checco/Mignemi),1.0,0.004975124378109453,1
80,0.5,3.0,4,apunim,-0.38443038099040644,1.772478712286948e-100,1
80,0.5,3.0,4,Krippendorff delta-alpha,0.011292023881335156,0.004975124378109453,1
80,0.5,3.0,4,aposteriori unimodality (2024),0.12,0.009900990099009901,1
80,0.5,3.0,4,chi-squared (Akhtar et al. 2019),6720.018999624299,0.0,1
80,0.5,3.0,4,GMM clustering (Checco/Mignemi),1.0,0.004975124378109453,1
80,0.5,3.0,5,apunim,-0.38757196690686535,1.3593196942030413e-98,1
80,0.5,3.0,5,Krippendorff delta-alpha,0.0147668612320776,0.004975124378109453,1
80,0.5,3.0,5,aposteriori unimodality (2024),0.09547738693467336,0.009900990099009901,1
80,0.5,3.0,5,chi-squared (Akhtar et al. 2019),6813.240262009731,0.0,1
80,0.5,3.0,5,GMM clustering (Checco/Mignemi),1.0,0.004975124378109453,1
80,0.5,3.0,6,apunim,-0.35803768617987625,5.629037179697745e-99,1
80,0.5,3.0,6,Krippendorff delta-alpha,0.014746998968904967,0.004975124378109453,1
80,0.5,3.0,6,aposteriori unimodality (2024),0.10050251256281408,0.009900990099009901,1
80,0.5,3.0,6,chi-squared (Akhtar et al. 2019),6667.631975231773,0.0,1
80,0.5,3.0,6,GMM clustering (Checco/Mignemi),1.0,0.004975124378109453,1
80,0.5,3.0,7,apunim,-0.412630764586015,4.738749209622363e-106,1
80,0.5,3.0,7,Krippendorff delta-alpha,0.01047689028258214,0.004975124378109453,1
80,0.5,3.0,7,aposteriori unimodality (2024),0.09045226130653267,0.009900990099009901,1
80,0.5,3.0,7,chi-squared (Akhtar et al. 2019),6753.068090301027,0.0,1
80,0.5,3.0,7,GMM clustering (Checco/Mignemi),1.0,0.004975124378109453,1
80,0.5,3.0,8,apunim,-0.382410921599885,8.524161903048184e-103,1
80,0.5,3.0,8,Krippendorff delta-alpha,0.012388684288794416,0.004975124378109453,1
80,0.5,3.0,8,aposteriori unimodality (2024),0.09547738693467336,0.009900990099009901,1
80,0.5,3.0,8,chi-squared (Akhtar et al. 2019),6693.515863758957,0.0,1
80,0.5,3.0,8,GMM clustering (Checco/Mignemi),1.0,0.004975124378109453,1
80,0.5,3.0,9,apunim,-0.4088899330799071,1.994438989712592e-102,1
80,0.5,3.0,9,Krippendorff delta-alpha,0.009345896201529758,0.004975124378109453,1
80,0.5,3.0,9,aposteriori unimodality (2024),0.105,0.009900990099009901,1
80,0.5,3.0,9,chi-squared (Akhtar et al. 2019),6690.813645450511,0.0,1
80,0.5,3.0,9,GMM clustering (Checco/Mignemi),1.0,0.004975124378109453,1
80,0.5,3.0,10,apunim,-0.4012637880806539,1.7506936425779271e-103,1
80,0.5,3.0,10,Krippendorff delta-alpha,0.011218664118586241,0.004975124378109453,1
80,0.5,3.0,10,aposteriori unimodality (2024),0.09090909090909091,0.009900990099009901,1
80,0.5,3.0,10,chi-squared (Akhtar et al. 2019),6760.869958241479,0.0,1
80,0.5,3.0,10,GMM clustering (Checco/Mignemi),1.0,0.004975124378109453,1
80,0.5,3.0,11,apunim,-0.39883501708169083,2.2369937771228303e-103,1
80,0.5,3.0,11,Krippendorff delta-alpha,0.012755173693947186,0.004975124378109453,1
80,0.5,3.0,11,aposteriori unimodality (2024),0.055,0.009900990099009901,1
80,0.5,3.0,11,chi-squared (Akhtar et al. 2019),6754.526830441093,0.0,1
80,0.5,3.0,11,GMM clustering (Checco/Mignemi),1.0,0.004975124378109453,1
80,0.5,3.0,12,apunim,-0.3798965279425215,3.357229634030422e-90,1
80,0.5,3.0,12,Krippendorff delta-alpha,0.01471803688198181,0.004975124378109453,1
80,0.5,3.0,12,aposteriori unimodality (2024),0.09045226130653267,0.009900990099009901,1
80,0.5,3.0,12,chi-squared (Akhtar et al. 2019),6766.020193212146,0.0,1
80,0.5,3.0,12,GMM clustering (Checco/Mignemi),1.0,0.004975124378109453,1
80,0.5,3.0,13,apunim,-0.3881562050407906,8.396727679792793e-91,1
80,0.5,3.0,13,Krippendorff delta-alpha,0.011454078550291347,0.004975124378109453,1
80,0.5,3.0,13,aposteriori unimodality (2024),0.08,0.009900990099009901,1
80,0.5,3.0,13,chi-squared (Akhtar et al. 2019),6609.288751715087,0.0,1
80,0.5,3.0,13,GMM clustering (Checco/Mignemi),1.0,0.004975124378109453,1
80,0.5,3.0,14,apunim,-0.39182327530263483,7.977522759992392e-103,1
80,0.5,3.0,14,Krippendorff delta-alpha,0.015765126642452776,0.004975124378109453,1
80,0.5,3.0,14,aposteriori unimodality (2024),0.13,0.009900990099009901,1
80,0.5,3.0,14,chi-squared (Akhtar et al. 2019),6796.279981959229,0.0,1
80,0.5,3.0,14,GMM clustering (Checco/Mignemi),1.0,0.004975124378109453,1
80,0.5,3.0,15,apunim,-0.40276948005076063,7.967269830486721e-96,1
80,0.5,3.0,15,Krippendorff delta-alpha,0.015301650041882942,0.004975124378109453,1
80,0.5,3.0,15,aposteriori unimodality (2024),0.06565656565656566,0.009900990099009901,1
80,0.5,3.0,15,chi-squared (Akhtar et al. 2019),6792.036358664525,0.0,1
80,0.5,3.0,15,GMM clustering (Checco/Mignemi),1.0,0.004975124378109453,1
80,0.5,3.0,16,apunim,-0.3888423512505699,1.1777683354745947e-101,1
80,0.5,3.0,16,Krippendorff delta-alpha,0.014477152094201085,0.004975124378109453,1
80,0.5,3.0,16,aposteriori unimodality (2024),0.12121212121212122,0.009900990099009901,1
80,0.5,3.0,16,chi-squared (Akhtar et al. 2019),6765.316866190342,0.0,1
80,0.5,3.0,16,GMM clustering (Checco/Mignemi),1.0,0.004975124378109453,1
80,0.5,3.0,17,apunim,-0.40421093781576656,4.153104556323239e-102,1
80,0.5,3.0,17,Krippendorff delta-alpha,0.016910651857806158,0.004975124378109453,1
80,0.5,3.0,17,aposteriori unimodality (2024),0.12562814070351758,0.009900990099009901,1
80,0.5,3.0,17,chi-squared (Akhtar et al. 2019),6707.079302165812,0.0,1
80,0.5,3.0,17,GMM clustering (Checco/Mignemi),1.0,0.004975124378109453,1
80,0.5,3.0,18,apunim,-0.4100627465430077,4.3403464663884543e-103,1
80,0.5,3.0,18,Krippendorff delta-alpha,0.014833150756053903,0.004975124378109453,1
80,0.5,3.0,18,aposteriori unimodality (2024),0.1306532663316583,0.009900990099009901,1
80,0.5,3.0,18,chi-squared (Akhtar et al. 2019),6742.329939190014,0.0,1
80,0.5,3.0,18,GMM clustering (Checco/Mignemi),1.0,0.004975124378109453,1
80,0.5,3.0,19,apunim,-0.3789614128312425,9.836518723643076e-90,1
80,0.5,3.0,19,Krippendorff delta-alpha,0.01611768660339047,0.004975124378109453,1
80,0.5,3.0,19,aposteriori unimodality (2024),0.09,0.009900990099009901,1
80,0.5,3.0,19,chi-squared (Akhtar et al. 2019),6690.296407681527,0.0,1
80,0.5,3.0,19,GMM clustering (Checco/Mignemi),1.0,0.004975124378109453,1
80,0.5,3.0,20,apunim,-0.3775704238494831,5.604301099823323e-98,1
80,0.5,3.0,20,Krippendorff delta-alpha,0.011005276951059961,0.004975124378109453,1
80,0.5,3.0,20,aposteriori unimodality (2024),0.065,0.009900990099009901,1
80,0.5,3.0,20,chi-squared (Akhtar et al. 2019),6859.593878773992,0.0,1
80,0.5,3.0,20,GMM clustering (Checco/Mignemi),1.0,0.004975124378109453,1
80,0.5,3.0,21,apunim,-0.38753144901038133,1.6817201454335424e-101,1
80,0.5,3.0,21,Krippendorff delta-alpha,0.010810399309949537,0.004975124378109453,1
80,0.5,3.0,21,aposteriori unimodality (2024),0.06532663316582915,0.009900990099009901,1
80,0.5,3.0,21,chi-squared (Akhtar et al. 2019),6591.148671832087,0.0,1
80,0.5,3.0,21,GMM clustering (Checco/Mignemi),1.0,0.004975124378109453,1
80,0.5,3.0,22,apunim,-0.36488336803848387,2.0019356416689943e-99,1
80,0.5,3.0,22,Krippendorff delta-alpha,0.013616774989560154,0.004975124378109453,1
80,0.5,3.0,22,aposteriori unimodality (2024),0.09547738693467336,0.009900990099009901,1
80,0.5,3.0,22,chi-squared (Akhtar et al. 2019),6592.530151931544,0.0,1
80,0.5,3.0,22,GMM clustering (Checco/Mignemi),1.0,0.004975124378109453,1
80,0.5,3.0,23,apunim,-0.419027759462892,4.801291201287786e-107,1
80,0.5,3.0,23,Krippendorff delta-alpha,0.01340952501567394,0.004975124378109453,1
80,0.5,3.0,23,aposteriori unimodality (2024),0.085,0.009900990099009901,1
80,0.5,3.0,23,chi-squared (Akhtar et al. 2019),6760.144488440713,0.0,1
80,0.5,3.0,23,GMM clustering (Checco/Mignemi),1.0,0.004975124378109453,1
80,0.5,3.0,24,apunim,-0.39855909543479373,2.648936900308035e-103,1
80,0.5,3.0,24,Krippendorff delta-alpha,0.011928691989067819,0.004975124378109453,1
80,0.5,3.0,24,aposteriori unimodality (2024),0.135,0.009900990099009901,1
80,0.5,3.0,24,chi-squared (Akhtar et al. 2019),6651.549872211546,0.0,1
80,0.5,3.0,24,GMM clustering (Checco/Mignemi),1.0,0.004975124378109453,1
80,0.5,3.0,25,apunim,-0.3824209903890373,1.0854183406323308e-94,1
80,0.5,3.0,25,Krippendorff delta-alpha,0.012848789733524102,0.004975124378109453,1
80,0.5,3.0,25,aposteriori unimodality (2024),0.115,0.009900990099009901,1
80,0.5,3.0,25,chi-squared (Akhtar et al. 2019),6766.41833850474,0.0,1
80,0.5,3.0,25,GMM clustering (Checco/Mignemi),1.0,0.004975124378109453,1
80,0.5,3.0,26,apunim,-0.3742245068208523,4.816024981937846e-94,1
80,0.5,3.0,26,Krippendorff delta-alpha,0.01429111630706037,0.004975124378109453,1
80,0.5,3.0,26,aposteriori unimodality (2024),0.11,0.009900990099009901,1
80,0.5,3.0,26,chi-squared (Akhtar et al. 2019),6540.466801848477,0.0,1
80,0.5,3.0,26,GMM clustering (Checco/Mignemi),1.0,0.004975124378109453,1
80,0.5,3.0,27,apunim,-0.41936882635389156,3.761709985471945e-102,1
80,0.5,3.0,27,Krippendorff delta-alpha,0.012944481513191608,0.004975124378109453,1
80,0.5,3.0,27,aposteriori unimodality (2024),0.09045226130653267,0.009900990099009901,1
80,0.5,3.0,27,chi-squared (Akhtar et al. 2019),6874.820485737802,0.0,1
80,0.5,3.0,27,GMM clustering (Checco/Mignemi),1.0,0.004975124378109453,1
80,0.5,3.0,28,apunim,-0.37811270692817217,4.826435676562613e-94,1
80,0.5,3.0,28,Krippendorff delta-alpha,0.014851940880061809,0.004975124378109453,1
80,0.5,3.0,28,aposteriori unimodality (2024),0.12,0.009900990099009901,1
80,0.5,3.0,28,chi-squared (Akhtar et al. 2019),6826.627044098434,0.0,1
80,0.5,3.0,28,GMM clustering (Checco/Mignemi),1.0,0.004975124378109453,1
80,0.5,3.0,29,apunim,-0.40647848001936926,6.715420469346064e-92,1
80,0.5,3.0,29,Krippendorff delta-alpha,0.016543725254031583,0.004975124378109453,1
80,0.5,3.0,29,aposteriori unimodality (2024),0.09,0.009900990099009901,1
80,0.5,3.0,29,chi-squared (Akhtar et al. 2019),6805.318063133979,0.0,1
80,0.5,3.0,29,GMM clustering (Checco/Mignemi),1.0,0.004975124378109453,1
80,0.5,3.0,30,apunim,-0.3969725495613282,1.1540303371075253e-103,1
80,0.5,3.0,30,Krippendorff delta-alpha,0.015241125069026862,0.004975124378109453,1
80,0.5,3.0,30,aposteriori unimodality (2024),0.10552763819095477,0.009900990099009901,1
80,0.5,3.0,30,chi-squared (Akhtar et al. 2019),6755.4848216227565,0.0,1
80,0.5,3.0,30,GMM clustering (Checco/Mignemi),1.0,0.004975124378109453,1
80,0.5,3.0,31,apunim,-0.3659996450004881,1.05734291585749e-99,1
80,0.5,3.0,31,Krippendorff delta-alpha,0.013645881831012674,0.004975124378109453,1
80,0.5,3.0,31,aposteriori unimodality (2024),0.07575757575757576,0.009900990099009901,1
80,0.5,3.0,31,chi-squared (Akhtar et al. 2019),6762.297617249839,0.0,1
80,0.5,3.0,31,GMM clustering (Checco/Mignemi),1.0,0.004975124378109453,1
80,0.5,3.0,32,apunim,-0.3846526257481802,3.750231360738349e-100,1
80,0.5,3.0,32,Krippendorff delta-alpha,0.013896993778020728,0.004975124378109453,1
80,0.5,3.0,32,aposteriori unimodality (2024),0.135,0.009900990099009901,1
80,0.5,3.0,32,chi-squared (Akhtar et al. 2019),6783.040349199601,0.0,1
80,0.5,3.0,32,GMM clustering (Checco/Mignemi),1.0,0.004975124378109453,1
80,0.5,3.0,33,apunim,-0.3416076169579843,2.6302742367371323e-94,1
80,0.5,3.0,33,Krippendorff delta-alpha,0.015589094479162735,0.004975124378109453,1
80,0.5,3.0,33,aposteriori unimodality (2024),0.1,0.009900990099009901,1
80,0.5,3.0,33,chi-squared (Akhtar et al. 2019),6707.875405180768,0.0,1
80,0.5,3.0,33,GMM clustering (Checco/Mignemi),1.0,0.004975124378109453,1
80,0.5,3.0,34,apunim,-0.4049954235105356,1.65244010846475e-98,1
80,0.5,3.0,34,Krippendorff delta-alpha,0.013165132441643135,0.004975124378109453,1
80,0.5,3.0,34,aposteriori unimodality (2024),0.095,0.009900990099009901,1
80,0.5,3.0,34,chi-squared (Akhtar et al. 2019),6772.361112788199,0.0,1
80,0.5,3.0,34,GMM clustering (Checco/Mignemi),1.0,0.004975124378109453,1
80,0.5,3.0,35,apunim,-0.39035029208527855,2.9106100292389236e-99,1
80,0.5,3.0,35,Krippendorff delta-alpha,0.014014160082863714,0.004975124378109453,1
80,0.5,3.0,35,aposteriori unimodality (2024),0.09595959595959595,0.009900990099009901,1
80,0.5,3.0,35,chi-squared (Akhtar et al. 2019),6651.356401508882,0.0,1
80,0.5,3.0,35,GMM clustering (Checco/Mignemi),1.0,0.004975124378109453,1
80,0.5,3.0,36,apunim,-0.40461625815733193,7.349526973197008e-98,1
80,0.5,3.0,36,Krippendorff delta-alpha,0.014909832846001336,0.004975124378109453,1
80,0.5,3.0,36,aposteriori unimodality (2024),0.10050251256281408,0.009900990099009901,1
80,0.5,3.0,36,chi-squared (Akhtar et al. 2019),6826.767135652147,0.0,1
80,0.5,3.0,36,GMM clustering (Checco/Mignemi),1.0,0.004975124378109453,1
80,0.5,3.0,37,apunim,-0.3865323198630435,1.1407312124804195e-96,1
80,0.5,3.0,37,Krippendorff delta-alpha,0.013957531362114362,0.004975124378109453,1
80,0.5,3.0,37,aposteriori unimodality (2024),0.06565656565656566,0.009900990099009901,1
80,0.5,3.0,37,chi-squared (Akhtar et al. 2019),6668.183036826563,0.0,1
80,0.5,3.0,37,GMM clustering (Checco/Mignemi),1.0,0.004975124378109453,1
80,0.5,3.0,38,apunim,-0.38228969038652705,9.961250926153674e-97,1
80,0.5,3.0,38,Krippendorff delta-alpha,0.012780850377289876,0.004975124378109453,1
80,0.5,3.0,38,aposteriori unimodality (2024),0.115,0.009900990099009901,1
80,0.5,3.0,38,chi-squared (Akhtar et al. 2019),6569.017181782344,0.0,1
80,0.5,3.0,38,GMM clustering (Checco/Mignemi),1.0,0.004975124378109453,1
80,0.5,3.0,39,apunim,-0.3891075115997903,5.008575485437331e-99,1
80,0.5,3.0,39,Krippendorff delta-alpha,0.012369745324020909,0.004975124378109453,1
80,0.5,3.0,39,aposteriori unimodality (2024),0.115,0.009900990099009901,1
80,0.5,3.0,39,chi-squared (Akhtar et al. 2019),6903.941695720853,0.0,1
80,0.5,3.0,39,GMM clustering (Checco/Mignemi),1.0,0.004975124378109453,1
80,0.2,0.0,0,apunim,-0.0038331727970077624,1.0,0
80,0.2,0.0,0,Krippendorff delta-alpha,0.005424573278748179,0.07960199004975124,0
80,0.2,0.0,0,aposteriori unimodality (2024),0.0,1.0,0
80,0.2,0.0,0,chi-squared (Akhtar et al. 2019),6.729224451375226,0.15090830511280884,0
80,0.2,0.0,0,GMM clustering (Checco/Mignemi),0.00560076339172257,0.3482587064676617,0
80,0.2,0.0,1,apunim,-0.034595313463898374,1.1637984204436697e-08,1
80,0.2,0.0,1,Krippendorff delta-alpha,-0.0026073695863153,0.7562189054726368,0
80,0.2,0.0,1,aposteriori unimodality (2024),0.0,1.0,0
80,0.2,0.0,1,chi-squared (Akhtar et al. 2019),11.731863044206932,0.019460669467217088,1
80,0.2,0.0,1,GMM clustering (Checco/Mignemi),-0.08972413781144822,1.0,0
80,0.2,0.0,2,apunim,0.10733244186333507,5.468455717307565e-46,1
80,0.2,0.0,2,Krippendorff delta-alpha,-0.003397674605362999,0.8855721393034826,0
80,0.2,0.0,2,aposteriori unimodality (2024),0.005952380952380952,0.40594059405940597,0
80,0.2,0.0,2,chi-squared (Akhtar et al. 2019),2.240171688804741,0.6916817943358885,0
80,0.2,0.0,2,GMM clustering (Checco/Mignemi),0.039704304069620444,0.2736318407960199,0
80,0.2,0.0,3,apunim,-0.005516484504660499,0.8039248604638386,0
80,0.2,0.0,3,Krippendorff delta-alpha,0.00019511436775648816,0.4626865671641791,0
80,0.2,0.0,3,aposteriori unimodality (2024),0.006369426751592357,0.48514851485148514,0
80,0.2,0.0,3,chi-squared (Akhtar et al. 2019),4.12789683055337,0.3889735240355448,0
80,0.2,0.0,3,GMM clustering (Checco/Mignemi),-0.007760781566867335,1.0,0
80,0.2,0.0,4,apunim,-0.0023115210364416535,1.0,0
80,0.2,0.0,4,Krippendorff delta-alpha,-0.00018225693192525094,0.47761194029850745,0
80,0.2,0.0,4,aposteriori unimodality (2024),0.0,1.0,0
80,0.2,0.0,4,chi-squared (Akhtar et al. 2019),1.8252101560858507,0.76786691388261,0
80,0.2,0.0,4,GMM clustering (Checco/Mignemi),-0.01627977281644572,1.0,0
80,0.2,0.0,5,apunim,0.06297174552280542,9.032334105562855e-22,1
80,0.2,0.0,5,Krippendorff delta-alpha,0.004103770877946111,0.15422885572139303,0
80,0.2,0.0,5,aposteriori unimodality (2024),0.0,1.0,0
80,0.2,0.0,5,chi-squared (Akhtar et al. 2019),1.2229794751029353,0.87430089986362,0
80,0.2,0.0,5,GMM clustering (Checco/Mignemi),-0.01831418730793821,0.7263681592039801,0
80,0.2,0.0,6,apunim,0.010941317286848587,0.0913693285119482,0
80,0.2,0.0,6,Krippendorff delta-alpha,-0.0014962692296942026,0.6666666666666666,0
80,0.2,0.0,6,aposteriori unimodality (2024),0.005917159763313609,0.4158415841584158,0
80,0.2,0.0,6,chi-squared (Akhtar et al. 2019),4.5622152869169375,0.3352339670279286,0
80,0.2,0.0,6,GMM clustering (Checco/Mignemi),-0.05176147003745318,0.8606965174129353,0
80,0.2,0.0,7,apunim,0.013129407872307543,0.07467945959232074,0
80,0.2,0.0,7,Krippendorff delta-alpha,0.0037223764257512393,0.13432835820895522,0
80,0.2,0.0,7,aposteriori unimodality (2024),0.0,1.0,0
80,0.2,0.0,7,chi-squared (Akhtar et al. 2019),7.2431691522538415,0.12358242359524522,0
80,0.2,0.0,7,GMM clustering (Checco/Mignemi),-0.028609565064094494,0.835820895522388,0
80,0.2,0.0,8,apunim,-0.037159646905931924,1.7036459952358182e-10,1
80,0.2,0.0,8,Krippendorff delta-alpha,-0.0004823629716223521,0.5522388059701493,0
80,0.2,0.0,8,aposteriori unimodality (2024),0.012345679012345678,0.0594059405940594,0
80,0.2,0.0,8,chi-squared (Akhtar et al. 2019),2.5220919296638376,0.6406843081807798,0
80,0.2,0.0,8,GMM clustering (Checco/Mignemi),-0.030258356736420095,0.8507462686567164,0
80,0.2,0.0,9,apunim,0.04618636933605043,4.526051551281685e-12,1
80,0.2,0.0,9,Krippendorff delta-alpha,-0.0012253716475773557,0.6467661691542289,0
80,0.2,0.0,9,aposteriori unimodality (2024),0.0,1.0,0
80,0.2,0.0,9,chi-squared (Akhtar et al. 2019),3.3643085931469128,0.49880802187715456,0
80,0.2,0.0,9,GMM clustering (Checco/Mignemi),0.018227009113504555,0.26865671641791045,0
80,0.2,0.0,10,apunim,-0.039227732364594224,3.279837535256724e-11,1
80,0.2,0.0,10,Krippendorff delta-alpha,-0.002465250514395001,0.746268656716418,0
80,0.2,0.0,10,aposteriori unimodality (2024),0.0,1.0,0
80,0.2,0.0,10,chi-squared (Akhtar et al. 2019),4.549532794992067,0.33671450967637273,0
80,0.2,0.0,10,GMM clustering (Checco/Mignemi),0.032357689224908844,0.13930348258706468,0
80,0.2,0.0,11,apunim,0.006925777148289186,0.7686263121426065,0
80,0.2,0.0,11,Krippendorff delta-alpha,-0.0007698389117145044,0.5373134328358209,0
80,0.2,0.0,11,aposteriori unimodality (2024),0.006172839506172839,0.46534653465346537,0
80,0.2,0.0,11,chi-squared (Akhtar et al. 2019),4.955772632308297,0.2918656786086364,0
80,0.2,0.0,11,GMM clustering (Checco/Mignemi),-0.00783059806192698,0.6417910447761194,0
80,0.2,0.0,12,apunim,0.039165658866845664,1.2872901743949747e-10,1
80,0.2,0.0,12,Krippendorff delta-alpha,0.002185598615136397,0.24875621890547264,0
80,0.2,0.0,12,aposteriori unimodality (2024),0.0,1.0,0
80,0.2,0.0,12,chi-squared (Akhtar et al. 2019),5.069222698514475,0.2802682777846594,0
80,0.2,0.0,12,GMM clustering (Checco/Mignemi),-0.02266200109423922,0.7114427860696517,0
80,0.2,0.0,13,apunim,-0.03263971210866591,5.5655973937258295e-08,1
80,0.2,0.0,13,Krippendorff delta-alpha,0.0012468121283276123,0.31343283582089554,0
80,0.2,0.0,13,aposteriori unimodality (2024),0.0,1.0,0
80,0.2,0.0,13,chi-squared (Akhtar et al. 2019),6.100214524757181,0.19178815085843018,0
80,0.2,0.0,13,GMM clustering (Checco/Mignemi),0.05097338000856272,0.20398009950248755,0
80,0.2,0.0,14,apunim,-0.01952630647711661,0.0021453267832510377,1
80,0.2,0.0,14,Krippendorff delta-alpha,-0.0035134346050616494,0.8656716417910447,0
80,0.2,0.0,14,aposteriori unimodality (2024),0.00625,0.26732673267326734,0
80,0.2,0.0,14,chi-squared (Akhtar et al. 2019),5.446890126350992,0.24443747439971514,0
80,0.2,0.0,14,GMM clustering (Checco/Mignemi),0.0184765853015005,0.5074626865671642,0
80,0.2,0.0,15,apunim,-0.00964935443138781,0.14949633287966207,0
80,0.2,0.0,15,Krippendorff delta-alpha,0.0011099689932491663,0.34328358208955223,0
80,0.2,0.0,15,aposteriori unimodality (2024),0.012048192771084338,0.0891089108910891,0
80,0.2,0.0,15,chi-squared (Akhtar et al. 2019),3.2887727413341947,0.5107130828151308,0
80,0.2,0.0,15,GMM clustering (Checco/Mignemi),-0.013508174090302853,0.7661691542288557,0
80,0.2,0.0,16,apunim,0.013821960252436911,0.03723399978861183,1
80,0.2,0.0,16,Krippendorff delta-alpha,0.00107560792209338,0.29850746268656714,0
80,0.2,0.0,16,aposteriori unimodality (2024),0.0,1.0,0
80,0.2,0.0,16,chi-squared (Akhtar et al. 2019),2.606195707125533,0.6257259745706236,0
80,0.2,0.0,16,GMM clustering (Checco/Mignemi),0.004834143084787556,0.39303482587064675,0
80,0.2,0.0,17,apunim,0.03497711236044118,4.7633172308338206e-08,1
80,0.2,0.0,17,Krippendorff delta-alpha,0.002511008202445597,0.22885572139303484,0
80,0.2,0.0,17,aposteriori unimodality (2024),0.005847953216374269,0.3564356435643564,0
80,0.2,0.0,17,chi-squared (Akhtar et al. 2019),5.193518879139729,0.26801129464374374,0
80,0.2,0.0,17,GMM clustering (Checco/Mignemi),-0.004235642009569535,0.5771144278606966,0
80,0.2,0.0,18,apunim,0.03127069718477334,5.0959360592894815e-08,1
80,0.2,0.0,18,Krippendorff delta-alpha,-0.0048519104235462684,0.8905472636815921,0
80,0.2,0.0,18,aposteriori unimodality (2024),0.0,1.0,0
80,0.2,0.0,18,chi-squared (Akhtar et al. 2019),4.529221213494197,0.33909664830294867,0
80,0.2,0.0,18,GMM clustering (Checco/Mignemi),0.0010282218149073004,0.40298507462686567,0
80,0.2,0.0,19,apunim,-0.027395114212815548,2.7477128714878526e-06,1
80,0.2,0.0,19,Krippendorff delta-alpha,0.005044179480273747,0.1044776119402985,0
80,0.2,0.0,19,aposteriori unimodality (2024),0.005813953488372093,0.5247524752475248,0
80,0.2,0.0,19,chi-squared (Akhtar et al. 2019),4.2943444627684375,0.3676338216577664,0
80,0.2,0.0,19,GMM clustering (Checco/Mignemi),-0.026085074142223184,0.7611940298507462,0
80,0.2,0.0,20,apunim,-0.01113589950133279,0.11114309996599153,0
80,0.2,0.0,20,Krippendorff delta-alpha,5.362202694159102e-05,0.472636815920398,0
80,0.2,0.0,20,aposteriori unimodality (2024),0.0,1.0,0
80,0.2,0.0,20,chi-squared (Akhtar et al. 2019),3.2770054467259007,0.5125837752957929,0
80,0.2,0.0,20,GMM clustering (Checco/Mignemi),-0.011756870981788377,1.0,0
80,0.2,0.0,21,apunim,0.045198271092684254,1.0921499527896181e-10,1
80,0.2,0.0,21,Krippendorff delta-alpha,0.0014690054183368328,0.3333333333333333,0
80,0.2,0.0,21,aposteriori unimodality (2024),0.006060606060606061,0.297029702970297,0
80,0.2,0.0,21,chi-squared (Akhtar et al. 2019),1.8247423792488724,0.7679526072837743,0
80,0.2,0.0,21,GMM clustering (Checco/Mignemi),0.00560076339172257,0.3482587064676617,0
80,0.2,0.0,22,apunim,-0.020224027632786468,0.00027657232347010405,1
80,0.2,0.0,22,Krippendorff delta-alpha,0.0011780900082081214,0.36318407960199006,0
80,0.2,0.0,22,aposteriori unimodality (2024),0.005952380952380952,0.46534653465346537,0
80,0.2,0.0,22,chi-squared (Akhtar et al. 2019),3.4777612532808133,0.4812678418299866,0
80,0.2,0.0,22,GMM clustering (Checco/Mignemi),-0.026085074142223184,0.7960199004975125,0
80,0.2,0.0,23,apunim,-0.0037364379307630842,0.9514811721358977,0
80,0.2,0.0,23,Krippendorff delta-alpha,0.0012879436609005146,0.3880597014925373,0
80,0.2,0.0,23,aposteriori unimodality (2024),0.0,1.0,0
80,0.2,0.0,23,chi-squared (Akhtar et al. 2019),3.396498065089013,0.4937894948626834,0
80,0.2,0.0,23,GMM clustering (Checco/Mignemi),-0.0016393022719704926,0.4577114427860697,0
80,0.2,0.0,24,apunim,0.07194589952531927,1.066972528373349e-30,1
80,0.2,0.0,24,Krippendorff delta-alpha,-0.004354620562589506,0.8606965174129353,0
80,0.2,0.0,24,aposteriori unimodality (2024),0.0,1.0,0
80,0.2,0.0,24,chi-squared (Akhtar et al. 2019),5.074458820718924,0.27974252789425463,0
80,0.2,0.0,24,GMM clustering (Checco/Mignemi),0.005608322326061629,0.4626865671641791,0
80,0.2,0.0,25,apunim,-0.025667883818988203,1.8753626781582046e-06,1
80,0.2,0.0,25,Krippendorff delta-alpha,0.00034042500231123984,0.5024875621890548,0
80,0.2,0.0,25,aposteriori unimodality (2024),0.0,1.0,0
80,0.2,0.0,25,chi-squared (Akhtar et al. 2019),1.2313669970234071,0.8729077380873084,0
80,0.2,0.0,25,GMM clustering (Checco/Mignemi),-0.006116975088281265,0.5472636815920398,0
80,0.2,0.0,26,apunim,-0.031474854673959766,2.7792386225244e-08,1
80,0.2,0.0,26,Krippendorff delta-alpha,0.0028332581228207587,0.26865671641791045,0
80,0.2,0.0,26,aposteriori unimodality (2024),0.0,1.0,0
80,0.2,0.0,26,chi-squared (Akhtar et al. 2019),0.4981712381781709,0.9736787646268515,0
80,0.2,0.0,26,GMM clustering (Checco/Mignemi),-0.013508174090302853,0.7711442786069652,0
80,0.2,0.0,27,apunim,0.035395213390334454,8.274582781564777e-09,1
80,0.2,0.0,27,Krippendorff delta-alpha,0.004186998778410611,0.15422885572139303,0
80,0.2,0.0,27,aposteriori unimodality (2024),0.0,1.0,0
80,0.2,0.0,27,chi-squared (Akhtar et al. 2019),4.855244675124404,0.30247534383948893,0
80,0.2,0.0,27,GMM clustering (Checco/Mignemi),-0.009227478804333906,0.8855721393034826,0
80,0.2,0.0,28,apunim,-0.010131497360872783,0.1385506175426058,0
80,0.2,0.0,28,Krippendorff delta-alpha,0.0024711550627897205,0.26865671641791045,0
80,0.2,0.0,28,aposteriori unimodality (2024),0.011976047904191617,0.04950495049504951,1
80,0.2,0.0,28,chi-squared (Akhtar et al. 2019),5.698713503373184,0.22280670105565195,0
80,0.2,0.0,28,GMM clustering (Checco/Mignemi),-0.0434330160297247,0.9402985074626866,0
80,0.2,0.0,29,apunim,-0.03303306983841044,7.877901466199661e-09,1
80,0.2,0.0,29,Krippendorff delta-alpha,-0.00017374252846841243,0.4925373134328358,0
80,0.2,0.0,29,aposteriori unimodality (2024),0.005917159763313609,0.37623762376237624,0
80,0.2,0.0,29,chi-squared (Akhtar et al. 2019),1.6655936548810157,0.7969576755753092,0
80,0.2,0.0,29,GMM clustering (Checco/Mignemi),0.019140201979499838,0.3781094527363184,0
80,0.2,0.0,30,apunim,-0.06830531955157014,1.3265825341423427e-22,1
80,0.2,0.0,30,Krippendorff delta-alpha,-0.0003279300697884291,0.5174129353233831,0
80,0.2,0.0,30,aposteriori unimodality (2024),0.0,1.0,0
80,0.2,0.0,30,chi-squared (Akhtar et al. 2019),8.351065367866383,0.07953242999891845,0
80,0.2,0.0,30,GMM clustering (Checco/Mignemi),-0.018604381125326374,1.0,0
80,0.2,0.0,31,apunim,0.012321130651556626,0.9047257535035058,0
80,0.2,0.0,31,Krippendorff delta-alpha,-0.001375536853602144,0.6865671641791045,0
80,0.2,0.0,31,aposteriori unimodality (2024),0.0,1.0,0
80,0.2,0.0,31,chi-squared (Akhtar et al. 2019),1.0303195160698446,0.905164237555916,0
80,0.2,0.0,31,GMM clustering (Checco/Mignemi),-0.005647013782542113,0.7711442786069652,0
80,0.2,0.0,32,apunim,-0.015699432733717766,0.014448734879757827,1
80,0.2,0.0,32,Krippendorff delta-alpha,-0.0008212826532226769,0.6368159203980099,0
80,0.2,0.0,32,aposteriori unimodality (2024),0.0,1.0,0
80,0.2,0.0,32,chi-squared (Akhtar et al. 2019),3.317653434547094,0.5061400974845225,0
80,0.2,0.0,32,GMM clustering (Checco/Mignemi),-0.00808463198081504,0.6766169154228856,0
80,0.2,0.0,33,apunim,-0.005222520294020087,1.0,0
80,0.2,0.0,33,Krippendorff delta-alpha,0.0009357353578035577,0.3880597014925373,0
80,0.2,0.0,33,aposteriori unimodality (2024),0.006060606060606061,0.3564356435643564,0
80,0.2,0.0,33,chi-squared (Akhtar et al. 2019),1.4936779577944372,0.8277607446761304,0
80,0.2,0.0,33,GMM clustering (Checco/Mignemi),-0.01627977281644572,1.0,0
80,0.2,0.0,34,apunim,-0.027404367389496136,2.0461185284895597e-06,1
80,0.2,0.0,34,Krippendorff delta-alpha,0.0005765814149858439,0.417910447761194,0
80,0.2,0.0,34,aposteriori unimodality (2024),0.0,1.0,0
80,0.2,0.0,34,chi-squared (Akhtar et al. 2019),2.2525573682451903,0.6894195074617109,0
80,0.2,0.0,34,GMM clustering (Checco/Mignemi),0.017260047641581316,0.21393034825870647,0
80,0.2,0.0,35,apunim,-0.03070588397075888,1.707565833514848e-06,1
80,0.2,0.0,35,Krippendorff delta-alpha,0.0002315604596297982,0.40298507462686567,0
80,0.2,0.0,35,aposteriori unimodality (2024),0.005813953488372093,0.504950495049505,0
80,0.2,0.0,35,chi-squared (Akhtar et al. 2019),8.944299939539691,0.06250689657865013,0
80,0.2,0.0,35,GMM clustering (Checco/Mignemi),0.06176384221344905,0.03980099502487562,1
80,0.2,0.0,36,apunim,0.026384230489203478,2.527728333624728e-06,1
80,0.2,0.0,36,Krippendorff delta-alpha,-3.720273318763567e-05,0.48258706467661694,0
80,0.2,0.0,36,aposteriori unimodality (2024),0.0,1.0,0
80,0.2,0.0,36,chi-squared (Akhtar et al. 2019),2.360654845382908,0.6697489332794098,0
80,0.2,0.0,36,GMM clustering (Checco/Mignemi),-0.060363826019372464,0.9900497512437811,0
80,0.2,0.0,37,apunim,-0.037090878187685805,1.952947202665163e-09,1
80,0.2,0.0,37,Krippendorff delta-alpha,0.003735477976872348,0.11940298507462686,0
80,0.2,0.0,37,aposteriori unimodality (2024),0.0,1.0,0
80,0.2,0.0,37,chi-squared (Akhtar et al. 2019),1.0145261636920222,0.9075854075983254,0
80,0.2,0.0,37,GMM clustering (Checco/Mignemi),-0.020830998292780786,0.845771144278607,0
80,0.2,0.0,38,apunim,-0.022517485798358182,0.0008843382421418604,1
80,0.2,0.0,38,Krippendorff delta-alpha,-0.0005581557985440688,0.5422885572139303,0
80,0.2,0.0,38,aposteriori unimodality (2024),0.0,1.0,0
80,0.2,0.0,38,chi-squared (Akhtar et al. 2019),2.5208096264789264,0.6409134240339038,0
80,0.2,0.0,38,GMM clustering (Checco/Mignemi),-0.004235642009569535,0.5771144278606966,0
80,0.2,0.0,39,apunim,0.035560477896991904,1.878375709399236e-11,1
80,0.2,0.0,39,Krippendorff delta-alpha,0.002123626382148469,0.26865671641791045,0
80,0.2,0.0,39,aposteriori unimodality (2024),0.0,1.0,0
80,0.2,0.0,39,chi-squared (Akhtar et al. 2019),5.366804307531584,0.25168793038752335,0
80,0.2,0.0,39,GMM clustering (Checco/Mignemi),0.00560076339172257,0.34328358208955223,0
80,0.2,0.5,0,apunim,0.015202104217937346,0.0460706027037594,1
80,0.2,0.5,0,Krippendorff delta-alpha,-0.0017585892154548532,0.6218905472636815,0
80,0.2,0.5,0,aposteriori unimodality (2024),0.0058823529411764705,0.4158415841584158,0
80,0.2,0.5,0,chi-squared (Akhtar et al. 2019),184.66239792235982,7.431844747460636e-39,1
80,0.2,0.5,0,GMM clustering (Checco/Mignemi),1.0,0.004975124378109453,1
80,0.2,0.5,1,apunim,0.018651492833770614,0.0018045186511998928,1
80,0.2,0.5,1,Krippendorff delta-alpha,0.0038564695567783747,0.11442786069651742,0
80,0.2,0.5,1,aposteriori unimodality (2024),0.005813953488372093,0.19801980198019803,0
80,0.2,0.5,1,chi-squared (Akhtar et al. 2019),156.10844940424823,9.986332142335491e-33,1
80,0.2,0.5,1,GMM clustering (Checco/Mignemi),0.9436070183555044,0.004975124378109453,1
80,0.2,0.5,2,apunim,-0.0034196795027495604,0.9968646679147328,0
80,0.2,0.5,2,Krippendorff delta-alpha,-0.0033465709586613657,0.7263681592039801,0
80,0.2,0.5,2,aposteriori unimodality (2024),0.0,1.0,0
80,0.2,0.5,2,chi-squared (Akhtar et al. 2019),234.3030917457983,1.5637578008536294e-49,1
80,0.2,0.5,2,GMM clustering (Checco/Mignemi),1.0,0.004975124378109453,1
80,0.2,0.5,3,apunim,-0.004728999082221989,0.7468253658617747,0
80,0.2,0.5,3,Krippendorff delta-alpha,-0.0025378074148744156,0.7512437810945274,0
80,0.2,0.5,3,aposteriori unimodality (2024),0.0,1.0,0
80,0.2,0.5,3,chi-squared (Akhtar et al. 2019),158.43258550426535,3.170032887476645e-33,1
80,0.2,0.5,3,GMM clustering (Checco/Mignemi),0.8310293423209044,0.004975124378109453,1
80,0.2,0.5,4,apunim,0.010723838153930028,0.19640774956430526,0
80,0.2,0.5,4,Krippendorff delta-alpha,0.0009021142263926918,0.35323383084577115,0
80,0.2,0.5,4,aposteriori unimodality (2024),0.0,1.0,0
80,0.2,0.5,4,chi-squared (Akhtar et al. 2019),180.91197436718488,4.749807981828685e-38,1
80,0.2,0.5,4,GMM clustering (Checco/Mignemi),1.0,0.004975124378109453,1
80,0.2,0.5,5,apunim,-0.011839912949829723,0.07140696394867176,0
80,0.2,0.5,5,Krippendorff delta-alpha,-0.0026822559401282198,0.7213930348258707,0
80,0.2,0.5,5,aposteriori unimodality (2024),0.0,1.0,0
80,0.2,0.5,5,chi-squared (Akhtar et al. 2019),164.08804029282152,1.9410786928668264e-34,1
80,0.2,0.5,5,GMM clustering (Checco/Mignemi),0.9436070183555044,0.004975124378109453,1
80,0.2,0.5,6,apunim,-0.038814137049020606,4.920347978607918e-11,1
80,0.2,0.5,6,Krippendorff delta-alpha,-0.0021535333774084786,0.6666666666666666,0
80,0.2,0.5,6,aposteriori unimodality (2024),0.011363636363636364,0.10891089108910891,0
80,0.2,0.5,6,chi-squared (Akhtar et al. 2019),156.71370479965736,7.40688867239101e-33,1
80,0.2,0.5,6,GMM clustering (Checco/Mignemi),0.8263815552878989,0.004975124378109453,1
80,0.2,0.5,7,apunim,-0.025855301266194775,0.07825517978507145,0
80,0.2,0.5,7,Krippendorff delta-alpha,0.001293479595094571,0.35323383084577115,0
80,0.2,0.5,7,aposteriori unimodality (2024),0.006060606060606061,0.32673267326732675,0
80,0.2,0.5,7,chi-squared (Akhtar et al. 2019),183.2757896092922,1.4755591728950006e-38,1
80,0.2,0.5,7,GMM clustering (Checco/Mignemi),1.0,0.004975124378109453,1
80,0.2,0.5,8,apunim,-0.007212335208522873,0.6966453290434724,0
80,0.2,0.5,8,Krippendorff delta-alpha,-0.0016891454854387478,0.6467661691542289,0
80,0.2,0.5,8,aposteriori unimodality (2024),0.0,1.0,0
80,0.2,0.5,8,chi-squared (Akhtar et al. 2019),199.17286427001443,5.658501756712514e-42,1
80,0.2,0.5,8,GMM clustering (Checco/Mignemi),0.7854196896376724,0.004975124378109453,1
80,0.2,0.5,9,apunim,0.010563167553610638,0.1277066995286168,0
80,0.2,0.5,9,Krippendorff delta-alpha,0.0009877194683061141,0.31343283582089554,0
80,0.2,0.5,9,aposteriori unimodality (2024),0.0,1.0,0
80,0.2,0.5,9,chi-squared (Akhtar et al. 2019),186.68395688704516,2.734001897388795e-39,1
80,0.2,0.5,9,GMM clustering (Checco/Mignemi),0.9436070183555044,0.004975124378109453,1
80,0.2,0.5,10,apunim,-0.049329189438047316,7.371963098557199e-18,1
80,0.2,0.5,10,Krippendorff delta-alpha,0.010335564054895163,0.004975124378109453,1
80,0.2,0.5,10,aposteriori unimodality (2024),0.017543859649122806,0.0594059405940594,0
80,0.2,0.5,10,chi-squared (Akhtar et al. 2019),153.82900568038153,3.076622005642532e-32,1
80,0.2,0.5,10,GMM clustering (Checco/Mignemi),0.8843720211065158,0.004975124378109453,1
80,0.2,0.5,11,apunim,0.0019582422462226796,1.0,0
80,0.2,0.5,11,Krippendorff delta-alpha,-0.0005395150471725896,0.5870646766169154,0
80,0.2,0.5,11,aposteriori unimodality (2024),0.00625,0.36633663366336633,0
80,0.2,0.5,11,chi-squared (Akhtar et al. 2019),167.09285502388485,4.398887043800977e-35,1
80,0.2,0.5,11,GMM clustering (Checco/Mignemi),0.8873112710674157,0.004975124378109453,1
80,0.2,0.5,12,apunim,0.029241641568510855,7.396237736592468e-08,1
80,0.2,0.5,12,Krippendorff delta-alpha,0.0032610126272449302,0.12437810945273632,0
80,0.2,0.5,12,aposteriori unimodality (2024),0.0056179775280898875,0.32673267326732675,0
80,0.2,0.5,12,chi-squared (Akhtar et al. 2019),178.7043401093934,1.4150904073114475e-37,1
80,0.2,0.5,12,GMM clustering (Checco/Mignemi),0.8898864196824897,0.004975124378109453,1
80,0.2,0.5,13,apunim,-0.08574748562576952,3.4826098803226004e-38,1
80,0.2,0.5,13,Krippendorff delta-alpha,0.003796513393573453,0.0945273631840796,0
80,0.2,0.5,13,aposteriori unimodality (2024),0.0,1.0,0
80,0.2,0.5,13,chi-squared (Akhtar et al. 2019),145.46719018010398,1.90487469743191e-30,1
80,0.2,0.5,13,GMM clustering (Checco/Mignemi),0.8898864196824897,0.004975124378109453,1
80,0.2,0.5,14,apunim,-0.020654267010338647,0.1596412418758054,0
80,0.2,0.5,14,Krippendorff delta-alpha,-0.006096556961142807,0.9402985074626866,0
80,0.2,0.5,14,aposteriori unimodality (2024),0.018867924528301886,0.0297029702970297,1
80,0.2,0.5,14,chi-squared (Akhtar et al. 2019),156.50489820119972,8.211185285230836e-33,1
80,0.2,0.5,14,GMM clustering (Checco/Mignemi),0.7854196896376724,0.004975124378109453,1
80,0.2,0.5,15,apunim,-0.002384424023508412,1.0,0
80,0.2,0.5,15,Krippendorff delta-alpha,-0.0007585898767761279,0.5970149253731343,0
80,0.2,0.5,15,aposteriori unimodality (2024),0.006024096385542169,0.5643564356435643,0
80,0.2,0.5,15,chi-squared (Akhtar et al. 2019),171.03651151649626,6.266155636251164e-36,1
80,0.2,0.5,15,GMM clustering (Checco/Mignemi),0.9436070183555044,0.004975124378109453,1
80,0.2,0.5,16,apunim,0.012888495194593596,0.12273811094883985,0
80,0.2,0.5,16,Krippendorff delta-alpha,0.0023292027345246935,0.19900497512437812,0
80,0.2,0.5,16,aposteriori unimodality (2024),0.0,1.0,0
80,0.2,0.5,16,chi-squared (Akhtar et al. 2019),140.20624753872661,2.5496987072745037e-29,1
80,0.2,0.5,16,GMM clustering (Checco/Mignemi),0.7854196896376724,0.004975124378109453,1
80,0.2,0.5,17,apunim,-0.03190890355625844,3.895535989418683e-08,1
80,0.2,0.5,17,Krippendorff delta-alpha,-0.0018659599160879003,0.6915422885572139,0
80,0.2,0.5,17,aposteriori unimodality (2024),0.005847953216374269,0.31683168316831684,0
80,0.2,0.5,17,chi-squared (Akhtar et al. 2019),229.56132356424638,1.6406954980001126e-48,1
80,0.2,0.5,17,GMM clustering (Checco/Mignemi),0.8898864196824897,0.004975124378109453,1
80,0.2,0.5,18,apunim,0.02625092864348435,1.3546214255246573e-05,1
80,0.2,0.5,18,Krippendorff delta-alpha,0.0011598534884287859,0.43283582089552236,0
80,0.2,0.5,18,aposteriori unimodality (2024),0.005813953488372093,0.40594059405940597,0
80,0.2,0.5,18,chi-squared (Akhtar et al. 2019),173.67301988297805,1.7023857528570443e-36,1
80,0.2,0.5,18,GMM clustering (Checco/Mignemi),0.8310293423209044,0.004975124378109453,1
80,0.2,0.5,19,apunim,-0.023563814481808647,3.541356481963734e-05,1
80,0.2,0.5,19,Krippendorff delta-alpha,-0.0016135745889290787,0.6517412935323383,0
80,0.2,0.5,19,aposteriori unimodality (2024),0.011494252873563218,0.09900990099009901,0
80,0.2,0.5,19,chi-squared (Akhtar et al. 2019),146.55227974815415,1.1153883984214175e-30,1
80,0.2,0.5,19,GMM clustering (Checco/Mignemi),0.8898864196824897,0.004975124378109453,1
80,0.2,0.5,20,apunim,0.018645099366704106,0.002665462627058761,1
80,0.2,0.5,20,Krippendorff delta-alpha,0.0036200509612945853,0.1044776119402985,0
80,0.2,0.5,20,aposteriori unimodality (2024),0.006172839506172839,0.26732673267326734,0
80,0.2,0.5,20,chi-squared (Akhtar et al. 2019),166.311122231844,6.472640522283529e-35,1
80,0.2,0.5,20,GMM clustering (Checco/Mignemi),0.8310293423209044,0.004975124378109453,1
80,0.2,0.5,21,apunim,0.03342087924713395,4.622395286280342e-07,1
80,0.2,0.5,21,Krippendorff delta-alpha,-0.0003536710487166972,0.472636815920398,0
80,0.2,0.5,21,aposteriori unimodality (2024),0.011904761904761904,0.09900990099009901,0
80,0.2,0.5,21,chi-squared (Akhtar et al. 2019),205.6908172589334,2.2448836802861554e-43,1
80,0.2,0.5,21,GMM clustering (Checco/Mignemi),0.9422134980231665,0.004975124378109453,1
80,0.2,0.5,22,apunim,-0.0362936577588263,7.960492146594845e-09,1
80,0.2,0.5,22,Krippendorff delta-alpha,0.004784375309588584,0.07960199004975124,0
80,0.2,0.5,22,aposteriori unimodality (2024),0.0,1.0,0
80,0.2,0.5,22,chi-squared (Akhtar et al. 2019),213.12023543465534,5.664742241331383e-45,1
80,0.2,0.5,22,GMM clustering (Checco/Mignemi),0.8873112710674157,0.004975124378109453,1
80,0.2,0.5,23,apunim,0.014498973835017697,0.01908259160351482,1
80,0.2,0.5,23,Krippendorff delta-alpha,0.00035359788441685636,0.40298507462686567,0
80,0.2,0.5,23,aposteriori unimodality (2024),0.005780346820809248,0.44554455445544555,0
80,0.2,0.5,23,chi-squared (Akhtar et al. 2019),170.95508970282418,6.523449363439598e-36,1
80,0.2,0.5,23,GMM clustering (Checco/Mignemi),0.7804014513108615,0.004975124378109453,1
80,0.2,0.5,24,apunim,-0.03273423810549642,2.274403887487188e-08,1
80,0.2,0.5,24,Krippendorff delta-alpha,0.003939977078744439,0.12437810945273632,0
80,0.2,0.5,24,aposteriori unimodality (2024),0.0,1.0,0
80,0.2,0.5,24,chi-squared (Akhtar et al. 2019),169.61468469880174,1.2652129948622805e-35,1
80,0.2,0.5,24,GMM clustering (Checco/Mignemi),0.7898053493908416,0.004975124378109453,1
80,0.2,0.5,25,apunim,0.016971961744001746,0.033960405477361996,1
80,0.2,0.5,25,Krippendorff delta-alpha,0.005939752915935015,0.01990049751243781,1
80,0.2,0.5,25,aposteriori unimodality (2024),0.012422360248447204,0.24752475247524752,0
80,0.2,0.5,25,chi-squared (Akhtar et al. 2019),158.0939033803954,3.747053273124282e-33,1
80,0.2,0.5,25,GMM clustering (Checco/Mignemi),0.8386703230836963,0.004975124378109453,1
80,0.2,0.5,26,apunim,-0.009293545376532503,1.0,0
80,0.2,0.5,26,Krippendorff delta-alpha,0.0004879969672416662,0.4129353233830846,0
80,0.2,0.5,26,aposteriori unimodality (2024),0.006134969325153374,0.3465346534653465,0
80,0.2,0.5,26,chi-squared (Akhtar et al. 2019),165.727922397261,8.634044340088348e-35,1
80,0.2,0.5,26,GMM clustering (Checco/Mignemi),0.7746736821562873,0.004975124378109453,1
80,0.2,0.5,27,apunim,-0.007121241770722731,0.3601248142852214,0
80,0.2,0.5,27,Krippendorff delta-alpha,0.007166736302169852,0.009950248756218905,1
80,0.2,0.5,27,aposteriori unimodality (2024),0.0,1.0,0
80,0.2,0.5,27,chi-squared (Akhtar et al. 2019),209.3200095404758,3.720900684184562e-44,1
80,0.2,0.5,27,GMM clustering (Checco/Mignemi),0.9422134980231665,0.004975124378109453,1
80,0.2,0.5,28,apunim,0.01663070424962838,0.011557527171449275,1
80,0.2,0.5,28,Krippendorff delta-alpha,-0.00011997395970742009,0.47761194029850745,0
80,0.2,0.5,28,aposteriori unimodality (2024),0.0,1.0,0
80,0.2,0.5,28,chi-squared (Akhtar et al. 2019),211.1885753414952,1.474746845228407e-44,1
80,0.2,0.5,28,GMM clustering (Checco/Mignemi),0.9436070183555044,0.004975124378109453,1
80,0.2,0.5,29,apunim,-0.09132581308444714,8.63427205979498e-36,1
80,0.2,0.5,29,Krippendorff delta-alpha,0.0037943266066057246,0.11940298507462686,0
80,0.2,0.5,29,aposteriori unimodality (2024),0.018867924528301886,0.019801980198019802,1
80,0.2,0.5,29,chi-squared (Akhtar et al. 2019),152.73895858315646,5.268976139046306e-32,1
80,0.2,0.5,29,GMM clustering (Checco/Mignemi),0.9436070183555044,0.004975124378109453,1
80,0.2,0.5,30,apunim,-0.04889244325411131,2.9068463818332003e-17,1
80,0.2,0.5,30,Krippendorff delta-alpha,-0.0036688315961747597,0.8656716417910447,0
80,0.2,0.5,30,aposteriori unimodality (2024),0.0056179775280898875,0.43564356435643564,0
80,0.2,0.5,30,chi-squared (Akhtar et al. 2019),202.30285795813535,1.2015365990647376e-42,1
80,0.2,0.5,30,GMM clustering (Checco/Mignemi),0.9422134980231665,0.004975124378109453,1
80,0.2,0.5,31,apunim,-0.0173326163669378,0.0105941696660776,1
80,0.2,0.5,31,Krippendorff delta-alpha,0.0019507720961629005,0.2537313432835821,0
80,0.2,0.5,31,aposteriori unimodality (2024),0.0,1.0,0
80,0.2,0.5,31,chi-squared (Akhtar et al. 2019),213.85740210239607,3.9318064123905834e-45,1
80,0.2,0.5,31,GMM clustering (Checco/Mignemi),0.9436070183555044,0.004975124378109453,1
80,0.2,0.5,32,apunim,-0.07943383141090352,1.1254392168180859e-26,1
80,0.2,0.5,32,Krippendorff delta-alpha,-1.8416524012243585e-05,0.4626865671641791,0
80,0.2,0.5,32,aposteriori unimodality (2024),0.0,1.0,0
80,0.2,0.5,32,chi-squared (Akhtar et al. 2019),184.14466721728718,9.600949402722942e-39,1
80,0.2,0.5,32,GMM clustering (Checco/Mignemi),0.8386703230836963,0.004975124378109453,1
80,0.2,0.5,33,apunim,0.011073033606204133,0.12042871227272826,0
80,0.2,0.5,33,Krippendorff delta-alpha,0.003208775890454707,0.18407960199004975,0
80,0.2,0.5,33,aposteriori unimodality (2024),0.0,1.0,0
80,0.2,0.5,33,chi-squared (Akhtar et al. 2019),158.15747562305415,3.631263395512695e-33,1
80,0.2,0.5,33,GMM clustering (Checco/Mignemi),0.835104066330652,0.004975124378109453,1
80,0.2,0.5,34,apunim,-0.017185094346831725,0.569970745041676,0
80,0.2,0.5,34,Krippendorff delta-alpha,0.001079359784853684,0.31343283582089554,0
80,0.2,0.5,34,aposteriori unimodality (2024),0.006024096385542169,0.3465346534653465,0
80,0.2,0.5,34,chi-squared (Akhtar et al. 2019),189.48626278009138,6.834212312995278e-40,1
80,0.2,0.5,34,GMM clustering (Checco/Mignemi),0.7898053493908416,0.004975124378109453,1
80,0.2,0.5,35,apunim,-0.012339056074663866,0.07677245361988332,0
80,0.2,0.5,35,Krippendorff delta-alpha,-0.00478384774584234,0.9054726368159204,0
80,0.2,0.5,35,aposteriori unimodality (2024),0.0,1.0,0
80,0.2,0.5,35,chi-squared (Akhtar et al. 2019),147.9332069710002,5.643910209366806e-31,1
80,0.2,0.5,35,GMM clustering (Checco/Mignemi),0.8310293423209044,0.004975124378109453,1
80,0.2,0.5,36,apunim,0.005317007250255402,1.0,0
80,0.2,0.5,36,Krippendorff delta-alpha,0.001082685612199874,0.3482587064676617,0
80,0.2,0.5,36,aposteriori unimodality (2024),0.0,1.0,0
80,0.2,0.5,36,chi-squared (Akhtar et al. 2019),125.18996536573212,4.1568780075941105e-26,1
80,0.2,0.5,36,GMM clustering (Checco/Mignemi),0.8843720211065158,0.004975124378109453,1
80,0.2,0.5,37,apunim,-0.02177798393026991,0.0004671512989957493,1
80,0.2,0.5,37,Krippendorff delta-alpha,-0.004903023177732502,0.9203980099502488,0
80,0.2,0.5,37,aposteriori unimodality (2024),0.006097560975609756,0.4158415841584158,0
80,0.2,0.5,37,chi-squared (Akhtar et al. 2019),153.8349304079777,3.067638047579238e-32,1
80,0.2,0.5,37,GMM clustering (Checco/Mignemi),0.8873112710674157,0.004975124378109453,1
80,0.2,0.5,38,apunim,-0.0034953713615063033,1.0,0
80,0.2,0.5,38,Krippendorff delta-alpha,0.0016155530184490674,0.27860696517412936,0
80,0.2,0.5,38,aposteriori unimodality (2024),0.0,1.0,0
80,0.2,0.5,38,chi-squared (Akhtar et al. 2019),164.97884372507087,1.2500596107945473e-34,1
80,0.2,0.5,38,GMM clustering (Checco/Mignemi),0.7323117959913183,0.004975124378109453,1
80,0.2,0.5,39,apunim,0.027795711339526366,1.157390123602678e-07,1
80,0.2,0.5,39,Krippendorff delta-alpha,-0.0043815517114693114,0.8955223880597015,0
80,0.2,0.5,39,aposteriori unimodality (2024),0.0,1.0,0
80,0.2,0.5,39,chi-squared (Akhtar et al. 2019),174.40902984445316,1.1831810032158257e-36,1
80,0.2,0.5,39,GMM clustering (Checco/Mignemi),0.8386703230836963,0.004975124378109453,1
80,0.2,1.0,0,apunim,-0.05220363636613349,2.537999002162065e-05,1
80,0.2,1.0,0,Krippendorff delta-alpha,0.004878806393406376,0.05472636815920398,0
80,0.2,1.0,0,aposteriori unimodality (2024),0.006134969325153374,0.3069306930693069,0
80,0.2,1.0,0,chi-squared (Akhtar et al. 2019),668.8828937765893,1.9034515170845505e-143,1
80,0.2,1.0,0,GMM clustering (Checco/Mignemi),1.0,0.004975124378109453,1
80,0.2,1.0,1,apunim,-0.0450274607055301,2.823520430088678e-13,1
80,0.2,1.0,1,Krippendorff delta-alpha,0.0018359341241574456,0.21393034825870647,0
80,0.2,1.0,1,aposteriori unimodality (2024),0.017341040462427744,0.019801980198019802,1
80,0.2,1.0,1,chi-squared (Akhtar et al. 2019),750.1264526832667,4.868232402406976e-161,1
80,0.2,1.0,1,GMM clustering (Checco/Mignemi),1.0,0.004975124378109453,1
80,0.2,1.0,2,apunim,-0.02638499417453173,1.1796036724651739e-06,1
80,0.2,1.0,2,Krippendorff delta-alpha,0.004574135312244432,0.0845771144278607,0
80,0.2,1.0,2,aposteriori unimodality (2024),0.0111731843575419,0.09900990099009901,0
80,0.2,1.0,2,chi-squared (Akhtar et al. 2019),672.3323407211019,3.409818031038573e-144,1
80,0.2,1.0,2,GMM clustering (Checco/Mignemi),1.0,0.004975124378109453,1
80,0.2,1.0,3,apunim,-0.043813447063465454,0.0007647027868903103,1
80,0.2,1.0,3,Krippendorff delta-alpha,-0.0024744053090306473,0.6368159203980099,0
80,0.2,1.0,3,aposteriori unimodality (2024),0.024096385542168676,0.019801980198019802,1
80,0.2,1.0,3,chi-squared (Akhtar et al. 2019),684.915748869772,6.431441541503499e-147,1
80,0.2,1.0,3,GMM clustering (Checco/Mignemi),1.0,0.004975124378109453,1
80,0.2,1.0,4,apunim,-0.04585529455617858,3.9012493268575595e-05,1
80,0.2,1.0,4,Krippendorff delta-alpha,0.003616442858700497,0.07960199004975124,0
80,0.2,1.0,4,aposteriori unimodality (2024),0.018518518518518517,0.04950495049504951,1
80,0.2,1.0,4,chi-squared (Akhtar et al. 2019),643.8448805900512,5.011396955262307e-138,1
80,0.2,1.0,4,GMM clustering (Checco/Mignemi),1.0,0.004975124378109453,1
80,0.2,1.0,5,apunim,-0.04534361641772048,4.1302426199018066e-13,1
80,0.2,1.0,5,Krippendorff delta-alpha,-0.0018892854217009147,0.6218905472636815,0
80,0.2,1.0,5,aposteriori unimodality (2024),0.011695906432748537,0.04950495049504951,1
80,0.2,1.0,5,chi-squared (Akhtar et al. 2019),718.726373539668,3.0710819502051736e-154,1
80,0.2,1.0,5,GMM clustering (Checco/Mignemi),1.0,0.004975124378109453,1
80,0.2,1.0,6,apunim,-0.038413614750424416,1.6289028397120732e-10,1
80,0.2,1.0,6,Krippendorff delta-alpha,0.0033004228422117143,0.08955223880597014,0
80,0.2,1.0,6,aposteriori unimodality (2024),0.018072289156626505,0.039603960396039604,1
80,0.2,1.0,6,chi-squared (Akhtar et al. 2019),689.6098431757115,6.193788784046009e-148,1
80,0.2,1.0,6,GMM clustering (Checco/Mignemi),1.0,0.004975124378109453,1
80,0.2,1.0,7,apunim,-0.05536098175361812,5.004335208925715e-07,1
80,0.2,1.0,7,Krippendorff delta-alpha,0.0017941508545309959,0.19900497512437812,0
80,0.2,1.0,7,aposteriori unimodality (2024),0.005988023952095809,0.22772277227722773,0
80,0.2,1.0,7,chi-squared (Akhtar et al. 2019),700.9613573311614,2.158125509035874e-150,1
80,0.2,1.0,7,GMM clustering (Checco/Mignemi),1.0,0.004975124378109453,1
80,0.2,1.0,8,apunim,-0.055346919636297634,6.74493767271201e-05,1
80,0.2,1.0,8,Krippendorff delta-alpha,-0.0013475554075691454,0.5671641791044776,0
80,0.2,1.0,8,aposteriori unimodality (2024),0.01875,0.019801980198019802,1
80,0.2,1.0,8,chi-squared (Akhtar et al. 2019),740.009206703342,7.55825924340322e-159,1
80,0.2,1.0,8,GMM clustering (Checco/Mignemi),1.0,0.004975124378109453,1
80,0.2,1.0,9,apunim,-0.02776177775680434,2.5065704485254663e-05,1
80,0.2,1.0,9,Krippendorff delta-alpha,0.005679864973342386,0.024875621890547265,1
80,0.2,1.0,9,aposteriori unimodality (2024),0.0,1.0,0
80,0.2,1.0,9,chi-squared (Akhtar et al. 2019),622.8759631056245,1.7336721792549971e-133,1
80,0.2,1.0,9,GMM clustering (Checco/Mignemi),1.0,0.004975124378109453,1
80,0.2,1.0,10,apunim,-0.04709203014940808,8.836364902106202e-15,1
80,0.2,1.0,10,Krippendorff delta-alpha,0.005820171135797081,0.014925373134328358,1
80,0.2,1.0,10,aposteriori unimodality (2024),0.011299435028248588,0.0594059405940594,0
80,0.2,1.0,10,chi-squared (Akhtar et al. 2019),711.5784770149951,1.0841983507927507e-152,1
80,0.2,1.0,10,GMM clustering (Checco/Mignemi),1.0,0.004975124378109453,1
80,0.2,1.0,11,apunim,-0.035142538943244137,8.985785653146664e-10,1
80,0.2,1.0,11,Krippendorff delta-alpha,0.006467940616358192,0.01990049751243781,1
80,0.2,1.0,11,aposteriori unimodality (2024),0.006172839506172839,0.4158415841584158,0
80,0.2,1.0,11,chi-squared (Akhtar et al. 2019),727.3151106774416,4.2404859646992e-156,1
80,0.2,1.0,11,GMM clustering (Checco/Mignemi),1.0,0.004975124378109453,1
80,0.2,1.0,12,apunim,0.03294074174404976,1.3795683558070407e-08,1
80,0.2,1.0,12,Krippendorff delta-alpha,0.003674036670256009,0.04975124378109453,1
80,0.2,1.0,12,aposteriori unimodality (2024),0.018404907975460124,0.009900990099009901,1
80,0.2,1.0,12,chi-squared (Akhtar et al. 2019),667.5045164715439,3.7840724331590625e-143,1
80,0.2,1.0,12,GMM clustering (Checco/Mignemi),1.0,0.004975124378109453,1
80,0.2,1.0,13,apunim,-0.04989175217313031,1.2099666505496866e-05,1
80,0.2,1.0,13,Krippendorff delta-alpha,0.0019159320415694792,0.16417910447761194,0
80,0.2,1.0,13,aposteriori unimodality (2024),0.0,1.0,0
80,0.2,1.0,13,chi-squared (Akhtar et al. 2019),694.017968783427,6.8786524026914585e-149,1
80,0.2,1.0,13,GMM clustering (Checco/Mignemi),1.0,0.004975124378109453,1
80,0.2,1.0,14,apunim,-0.05592853897795229,2.2597992826440046e-18,1
80,0.2,1.0,14,Krippendorff delta-alpha,0.007830194669526502,0.014925373134328358,1
80,0.2,1.0,14,aposteriori unimodality (2024),0.030303030303030304,0.009900990099009901,1
80,0.2,1.0,14,chi-squared (Akhtar et al. 2019),717.7727264879372,4.940810571694193e-154,1
80,0.2,1.0,14,GMM clustering (Checco/Mignemi),1.0,0.004975124378109453,1
80,0.2,1.0,15,apunim,-0.023687312675340015,9.297702713091248e-05,1
80,0.2,1.0,15,Krippendorff delta-alpha,-0.0017466344504553644,0.582089552238806,0
80,0.2,1.0,15,aposteriori unimodality (2024),0.018633540372670808,0.0297029702970297,1
80,0.2,1.0,15,chi-squared (Akhtar et al. 2019),650.2074756915888,2.101824181194195e-139,1
80,0.2,1.0,15,GMM clustering (Checco/Mignemi),1.0,0.004975124378109453,1
80,0.2,1.0,16,apunim,-0.03892136024348734,1.5276089436079725e-08,1
80,0.2,1.0,16,Krippendorff delta-alpha,-0.0025644805610229304,0.6766169154228856,0
80,0.2,1.0,16,aposteriori unimodality (2024),0.02531645569620253,0.009900990099009901,1
80,0.2,1.0,16,chi-squared (Akhtar et al. 2019),677.0072576750529,3.315784616378031e-145,1
80,0.2,1.0,16,GMM clustering (Checco/Mignemi),1.0,0.004975124378109453,1
80,0.2,1.0,17,apunim,-0.06250231079997061,4.996675645735889e-09,1
80,0.2,1.0,17,Krippendorff delta-alpha,0.001853126424428475,0.22885572139303484,0
80,0.2,1.0,17,aposteriori unimodality (2024),0.0,1.0,0
80,0.2,1.0,17,chi-squared (Akhtar et al. 2019),657.3955970489872,5.84084840147594e-141,1
80,0.2,1.0,17,GMM clustering (Checco/Mignemi),1.0,0.004975124378109453,1
80,0.2,1.0,18,apunim,-0.06179682868819791,1.020390798339936e-08,1
80,0.2,1.0,18,Krippendorff delta-alpha,0.002415997150929272,0.1791044776119403,0
80,0.2,1.0,18,aposteriori unimodality (2024),0.012048192771084338,0.06930693069306931,0
80,0.2,1.0,18,chi-squared (Akhtar et al. 2019),687.5605086077351,1.7205803321086731e-147,1
80,0.2,1.0,18,GMM clustering (Checco/Mignemi),1.0,0.004975124378109453,1
80,0.2,1.0,19,apunim,-0.022430633753356514,0.10385490611620433,0
80,0.2,1.0,19,Krippendorff delta-alpha,-0.0029348080430090517,0.7064676616915423,0
80,0.2,1.0,19,aposteriori unimodality (2024),0.0,1.0,0
80,0.2,1.0,19,chi-squared (Akhtar et al. 2019),665.8964512113727,8.435328501302073e-143,1
80,0.2,1.0,19,GMM clustering (Checco/Mignemi),1.0,0.004975124378109453,1
80,0.2,1.0,20,apunim,-0.05410903931232578,1.2680239025638154e-05,1
80,0.2,1.0,20,Krippendorff delta-alpha,0.004995508011780725,0.03482587064676617,1
80,0.2,1.0,20,aposteriori unimodality (2024),0.0,1.0,0
80,0.2,1.0,20,chi-squared (Akhtar et al. 2019),736.422723997779,4.519728704749872e-158,1
80,0.2,1.0,20,GMM clustering (Checco/Mignemi),1.0,0.004975124378109453,1
80,0.2,1.0,21,apunim,-0.031676638047991354,8.398289481268924e-07,1
80,0.2,1.0,21,Krippendorff delta-alpha,-0.0021279922068433987,0.5870646766169154,0
80,0.2,1.0,21,aposteriori unimodality (2024),0.03614457831325301,0.009900990099009901,1
80,0.2,1.0,21,chi-squared (Akhtar et al. 2019),675.2223841692843,8.072788185302718e-145,1
80,0.2,1.0,21,GMM clustering (Checco/Mignemi),1.0,0.004975124378109453,1
80,0.2,1.0,22,apunim,-0.04571969802185259,9.881031091865329e-05,1
80,0.2,1.0,22,Krippendorff delta-alpha,0.004148324653382607,0.029850746268656716,1
80,0.2,1.0,22,aposteriori unimodality (2024),0.024242424242424242,0.009900990099009901,1
80,0.2,1.0,22,chi-squared (Akhtar et al. 2019),630.5265471269922,3.8277953147045345e-135,1
80,0.2,1.0,22,GMM clustering (Checco/Mignemi),1.0,0.004975124378109453,1
80,0.2,1.0,23,apunim,-0.07357089112840298,1.767391552549649e-26,1
80,0.2,1.0,23,Krippendorff delta-alpha,0.003332137183763406,0.07960199004975124,0
80,0.2,1.0,23,aposteriori unimodality (2024),0.011764705882352941,0.06930693069306931,0
80,0.2,1.0,23,chi-squared (Akhtar et al. 2019),706.3600958237382,1.46244036611699e-151,1
80,0.2,1.0,23,GMM clustering (Checco/Mignemi),1.0,0.004975124378109453,1
80,0.2,1.0,24,apunim,-0.04278720409013375,4.4800782464146004e-11,1
80,0.2,1.0,24,Krippendorff delta-alpha,4.3876624344463266e-05,0.34328358208955223,0
80,0.2,1.0,24,aposteriori unimodality (2024),0.006134969325153374,0.26732673267326734,0
80,0.2,1.0,24,chi-squared (Akhtar et al. 2019),686.5700032105061,2.819266859566894e-147,1
80,0.2,1.0,24,GMM clustering (Checco/Mignemi),1.0,0.004975124378109453,1
80,0.2,1.0,25,apunim,-0.05425813087317625,1.562430044879349e-05,1
80,0.2,1.0,25,Krippendorff delta-alpha,-0.0025123906678191643,0.6517412935323383,0
80,0.2,1.0,25,aposteriori unimodality (2024),0.0,1.0,0
80,0.2,1.0,25,chi-squared (Akhtar et al. 2019),684.7340828128226,7.04111987240034e-147,1
80,0.2,1.0,25,GMM clustering (Checco/Mignemi),1.0,0.004975124378109453,1
80,0.2,1.0,26,apunim,-0.02013168065216814,0.0026042567949088992,1
80,0.2,1.0,26,Krippendorff delta-alpha,0.0004263307281999196,0.3482587064676617,0
80,0.2,1.0,26,aposteriori unimodality (2024),0.005917159763313609,0.43564356435643564,0
80,0.2,1.0,26,chi-squared (Akhtar et al. 2019),635.1998465701827,3.726932535538e-136,1
80,0.2,1.0,26,GMM clustering (Checco/Mignemi),1.0,0.004975124378109453,1
80,0.2,1.0,27,apunim,-0.056242642379920785,3.728347458171572e-06,1
80,0.2,1.0,27,Krippendorff delta-alpha,0.0008110091714104706,0.2935323383084577,0
80,0.2,1.0,27,aposteriori unimodality (2024),0.005847953216374269,0.4158415841584158,0
80,0.2,1.0,27,chi-squared (Akhtar et al. 2019),691.3647714236806,2.5821363453167195e-148,1
80,0.2,1.0,27,GMM clustering (Checco/Mignemi),1.0,0.004975124378109453,1
80,0.2,1.0,28,apunim,-0.06229736266570107,3.0624873187019587e-25,1
80,0.2,1.0,28,Krippendorff delta-alpha,0.0038118145075206056,0.08955223880597014,0
80,0.2,1.0,28,aposteriori unimodality (2024),0.005988023952095809,0.40594059405940597,0
80,0.2,1.0,28,chi-squared (Akhtar et al. 2019),678.8074259868088,1.351557721599768e-145,1
80,0.2,1.0,28,GMM clustering (Checco/Mignemi),1.0,0.004975124378109453,1
80,0.2,1.0,29,apunim,-0.05809607493203098,7.743678736975696e-06,1
80,0.2,1.0,29,Krippendorff delta-alpha,-0.004998989728493997,0.8557213930348259,0
80,0.2,1.0,29,aposteriori unimodality (2024),0.0,1.0,0
80,0.2,1.0,29,chi-squared (Akhtar et al. 2019),751.3294818114957,2.6719661219392585e-161,1
80,0.2,1.0,29,GMM clustering (Checco/Mignemi),1.0,0.004975124378109453,1
80,0.2,1.0,30,apunim,-0.046073675648221596,0.00044802639001137646,1
80,0.2,1.0,30,Krippendorff delta-alpha,0.004200800137260041,0.06965174129353234,0
80,0.2,1.0,30,aposteriori unimodality (2024),0.022727272727272728,0.019801980198019802,1
80,0.2,1.0,30,chi-squared (Akhtar et al. 2019),756.4050635801435,2.126173152879053e-162,1
80,0.2,1.0,30,GMM clustering (Checco/Mignemi),1.0,0.004975124378109453,1
80,0.2,1.0,31,apunim,-0.051154497917527054,3.3836421308708297e-06,1
80,0.2,1.0,31,Krippendorff delta-alpha,0.0026139356601757036,0.15422885572139303,0
80,0.2,1.0,31,aposteriori unimodality (2024),0.01875,0.04950495049504951,1
80,0.2,1.0,31,chi-squared (Akhtar et al. 2019),641.2092484656976,1.8642455182153774e-137,1
80,0.2,1.0,31,GMM clustering (Checco/Mignemi),1.0,0.004975124378109453,1
80,0.2,1.0,32,apunim,-0.04243505863408242,1.1865964824673986e-12,1
80,0.2,1.0,32,Krippendorff delta-alpha,-0.0022084992424245,0.6318407960199005,0
80,0.2,1.0,32,aposteriori unimodality (2024),0.023391812865497075,0.009900990099009901,1
80,0.2,1.0,32,chi-squared (Akhtar et al. 2019),575.5032962442161,3.10149820215526e-123,1
80,0.2,1.0,32,GMM clustering (Checco/Mignemi),1.0,0.004975124378109453,1
80,0.2,1.0,33,apunim,-0.01803861837690432,0.0009410387636205581,1
80,0.2,1.0,33,Krippendorff delta-alpha,-0.0032551435563301645,0.6915422885572139,0
80,0.2,1.0,33,aposteriori unimodality (2024),0.018292682926829267,0.019801980198019802,1
80,0.2,1.0,33,chi-squared (Akhtar et al. 2019),673.7411356777066,1.6893577701476205e-144,1
80,0.2,1.0,33,GMM clustering (Checco/Mignemi),1.0,0.004975124378109453,1
80,0.2,1.0,34,apunim,0.03587588802685717,4.4504530537410153e-10,1
80,0.2,1.0,34,Krippendorff delta-alpha,-0.0030934481937824887,0.6766169154228856,0
80,0.2,1.0,34,aposteriori unimodality (2024),0.005847953216374269,0.4158415841584158,0
80,0.2,1.0,34,chi-squared (Akhtar et al. 2019),707.5375107397844,8.130683156384846e-152,1
80,0.2,1.0,34,GMM clustering (Checco/Mignemi),1.0,0.004975124378109453,1
80,0.2,1.0,35,apunim,-0.04661163749266952,1.1602391935511808e-14,1
80,0.2,1.0,35,Krippendorff delta-alpha,-0.0020252166543101024,0.6218905472636815,0
80,0.2,1.0,35,aposteriori unimodality (2024),0.011627906976744186,0.06930693069306931,0
80,0.2,1.0,35,chi-squared (Akhtar et al. 2019),629.7348049314229,5.679752180340092e-135,1
80,0.2,1.0,35,GMM clustering (Checco/Mignemi),1.0,0.004975124378109453,1
80,0.2,1.0,36,apunim,-0.0433865802119007,5.885874704193628e-13,1
80,0.2,1.0,36,Krippendorff delta-alpha,0.005575121541955108,0.029850746268656716,1
80,0.2,1.0,36,aposteriori unimodality (2024),0.012121212121212121,0.0297029702970297,1
80,0.2,1.0,36,chi-squared (Akhtar et al. 2019),616.2455604748152,4.721802360888243e-132,1
80,0.2,1.0,36,GMM clustering (Checco/Mignemi),1.0,0.004975124378109453,1
80,0.2,1.0,37,apunim,-0.03744452728001034,0.004794222167164377,1
80,0.2,1.0,37,Krippendorff delta-alpha,0.0015261213590396783,0.19900497512437812,0
80,0.2,1.0,37,aposteriori unimodality (2024),0.005988023952095809,0.1485148514851485,0
80,0.2,1.0,37,chi-squared (Akhtar et al. 2019),617.1042477281064,3.0778610832065436e-132,1
80,0.2,1.0,37,GMM clustering (Checco/Mignemi),1.0,0.004975124378109453,1
80,0.2,1.0,38,apunim,-0.06945276785489661,2.959804470423764e-29,1
80,0.2,1.0,38,Krippendorff delta-alpha,0.005287071010041056,0.024875621890547265,1
80,0.2,1.0,38,aposteriori unimodality (2024),0.005952380952380952,0.31683168316831684,0
80,0.2,1.0,38,chi-squared (Akhtar et al. 2019),745.9845623198726,3.8403706205202534e-160,1
80,0.2,1.0,38,GMM clustering (Checco/Mignemi),1.0,0.004975124378109453,1
80,0.2,1.0,39,apunim,-0.04958059383683876,4.441401465859027e-05,1
80,0.2,1.0,39,Krippendorff delta-alpha,0.004290283072878043,0.1044776119402985,0
80,0.2,1.0,39,aposteriori unimodality (2024),0.005917159763313609,0.24752475247524752,0
80,0.2,1.0,39,chi-squared (Akhtar et al. 2019),644.0688120984607,4.4821176378870796e-138,1
80,0.2,1.0,39,GMM clustering (Checco/Mignemi),1.0,0.004975124378109453,1
80,0.2,1.5,0,apunim,-0.04429973391278935,3.3119837564103256e-14,1
80,0.2,1.5,0,Krippendorff delta-alpha,0.004116483852178665,0.009950248756218905,1
80,0.2,1.5,0,aposteriori unimodality (2024),0.0058823529411764705,0.3069306930693069,0
80,0.2,1.5,0,chi-squared (Akhtar et al. 2019),1613.7108029816384,0.0,1
80,0.2,1.5,0,GMM clustering (Checco/Mignemi),1.0,0.004975124378109453,1
80,0.2,1.5,1,apunim,-0.08792800942918863,1.5662827907183403e-12,1
80,0.2,1.5,1,Krippendorff delta-alpha,0.001110199168932624,0.1791044776119403,0
80,0.2,1.5,1,aposteriori unimodality (2024),0.023668639053254437,0.009900990099009901,1
80,0.2,1.5,1,chi-squared (Akhtar et al. 2019),1481.5128376726766,0.0,1
80,0.2,1.5,1,GMM clustering (Checco/Mignemi),1.0,0.004975124378109453,1
80,0.2,1.5,2,apunim,-0.09822612864587436,3.3013885909731034e-15,1
80,0.2,1.5,2,Krippendorff delta-alpha,-0.004405109008348729,0.7910447761194029,0
80,0.2,1.5,2,aposteriori unimodality (2024),0.01764705882352941,0.009900990099009901,1
80,0.2,1.5,2,chi-squared (Akhtar et al. 2019),1317.566589901599,5.169535812279739e-284,1
80,0.2,1.5,2,GMM clustering (Checco/Mignemi),1.0,0.004975124378109453,1
80,0.2,1.5,3,apunim,-0.08699091816506478,5.531132604170161e-34,1
80,0.2,1.5,3,Krippendorff delta-alpha,-0.002395375102548225,0.5174129353233831,0
80,0.2,1.5,3,aposteriori unimodality (2024),0.005988023952095809,0.26732673267326734,0
80,0.2,1.5,3,chi-squared (Akhtar et al. 2019),1588.8473389236606,0.0,1
80,0.2,1.5,3,GMM clustering (Checco/Mignemi),1.0,0.004975124378109453,1
80,0.2,1.5,4,apunim,-0.06041534736593929,2.476801559597833e-21,1
80,0.2,1.5,4,Krippendorff delta-alpha,0.0019415903088607633,0.0945273631840796,0
80,0.2,1.5,4,aposteriori unimodality (2024),0.023529411764705882,0.009900990099009901,1
80,0.2,1.5,4,chi-squared (Akhtar et al. 2019),1664.121653925812,0.0,1
80,0.2,1.5,4,GMM clustering (Checco/Mignemi),1.0,0.004975124378109453,1
80,0.2,1.5,5,apunim,-0.049166891455545286,5.105528718513204e-12,1
80,0.2,1.5,5,Krippendorff delta-alpha,0.0059586117608914635,0.024875621890547265,1
80,0.2,1.5,5,aposteriori unimodality (2024),0.03571428571428571,0.009900990099009901,1
80,0.2,1.5,5,chi-squared (Akhtar et al. 2019),1536.7849297516198,0.0,1
80,0.2,1.5,5,GMM clustering (Checco/Mignemi),1.0,0.004975124378109453,1
80,0.2,1.5,6,apunim,-0.09882570143212738,3.920735988065942e-16,1
80,0.2,1.5,6,Krippendorff delta-alpha,0.007598160339367721,0.009950248756218905,1
80,0.2,1.5,6,aposteriori unimodality (2024),0.023255813953488372,0.009900990099009901,1
80,0.2,1.5,6,chi-squared (Akhtar et al. 2019),1489.3935698266037,0.0,1
80,0.2,1.5,6,GMM clustering (Checco/Mignemi),1.0,0.004975124378109453,1
80,0.2,1.5,7,apunim,-0.08840953713448013,2.4355435318761867e-11,1
80,0.2,1.5,7,Krippendorff delta-alpha,0.000980431315906749,0.1691542288557214,0
80,0.2,1.5,7,aposteriori unimodality (2024),0.024242424242424242,0.009900990099009901,1
80,0.2,1.5,7,chi-squared (Akhtar et al. 2019),1470.8822368306892,0.0,1
80,0.2,1.5,7,GMM clustering (Checco/Mignemi),1.0,0.004975124378109453,1
80,0.2,1.5,8,apunim,-0.05162927917115566,4.489778536674782e-14,1
80,0.2,1.5,8,Krippendorff delta-alpha,0.0049371662412261985,0.024875621890547265,1
80,0.2,1.5,8,aposteriori unimodality (2024),0.028901734104046242,0.009900990099009901,1
80,0.2,1.5,8,chi-squared (Akhtar et al. 2019),1450.8069056986715,0.0,1
80,0.2,1.5,8,GMM clustering (Checco/Mignemi),1.0,0.004975124378109453,1
80,0.2,1.5,9,apunim,-0.04279546707706262,3.5288458114927354e-12,1
80,0.2,1.5,9,Krippendorff delta-alpha,0.006822649006934356,0.004975124378109453,1
80,0.2,1.5,9,aposteriori unimodality (2024),0.017964071856287425,0.019801980198019802,1
80,0.2,1.5,9,chi-squared (Akhtar et al. 2019),1617.3128202652838,0.0,1
80,0.2,1.5,9,GMM clustering (Checco/Mignemi),1.0,0.004975124378109453,1
80,0.2,1.5,10,apunim,-0.06296039587334926,8.48187579836888e-20,1
80,0.2,1.5,10,Krippendorff delta-alpha,0.004931412766009724,0.029850746268656716,1
80,0.2,1.5,10,aposteriori unimodality (2024),0.024539877300613498,0.009900990099009901,1
80,0.2,1.5,10,chi-squared (Akhtar et al. 2019),1599.7835638220477,0.0,1
80,0.2,1.5,10,GMM clustering (Checco/Mignemi),1.0,0.004975124378109453,1
80,0.2,1.5,11,apunim,-0.08838941083479669,5.93243049855669e-12,1
80,0.2,1.5,11,Krippendorff delta-alpha,0.006116304354450985,0.009950248756218905,1
80,0.2,1.5,11,aposteriori unimodality (2024),0.031055900621118012,0.009900990099009901,1
80,0.2,1.5,11,chi-squared (Akhtar et al. 2019),1515.3358942593109,0.0,1
80,0.2,1.5,11,GMM clustering (Checco/Mignemi),1.0,0.004975124378109453,1
80,0.2,1.5,12,apunim,-0.06696981839907311,1.94152214856302e-21,1
80,0.2,1.5,12,Krippendorff delta-alpha,0.0029377589908722856,0.05970149253731343,0
80,0.2,1.5,12,aposteriori unimodality (2024),0.03125,0.009900990099009901,1
80,0.2,1.5,12,chi-squared (Akhtar et al. 2019),1477.4237879868115,0.0,1
80,0.2,1.5,12,GMM clustering (Checco/Mignemi),1.0,0.004975124378109453,1
80,0.2,1.5,13,apunim,-0.05579762206254571,3.0429800671705335e-18,1
80,0.2,1.5,13,Krippendorff delta-alpha,0.004550719634670353,0.024875621890547265,1
80,0.2,1.5,13,aposteriori unimodality (2024),0.012048192771084338,0.039603960396039604,1
80,0.2,1.5,13,chi-squared (Akhtar et al. 2019),1547.4996946026235,0.0,1
80,0.2,1.5,13,GMM clustering (Checco/Mignemi),1.0,0.004975124378109453,1
80,0.2,1.5,14,apunim,-0.043835025797752294,5.558951614098955e-10,1
80,0.2,1.5,14,Krippendorff delta-alpha,0.005356423839975699,0.014925373134328358,1
80,0.2,1.5,14,aposteriori unimodality (2024),0.023952095808383235,0.009900990099009901,1
80,0.2,1.5,14,chi-squared (Akhtar et al. 2019),1488.3361878276191,0.0,1
80,0.2,1.5,14,GMM clustering (Checco/Mignemi),1.0,0.004975124378109453,1
80,0.2,1.5,15,apunim,-0.09350739181630184,2.0350758370046226e-13,1
80,0.2,1.5,15,Krippendorff delta-alpha,0.007560166972336246,0.004975124378109453,1
80,0.2,1.5,15,aposteriori unimodality (2024),0.025,0.009900990099009901,1
80,0.2,1.5,15,chi-squared (Akhtar et al. 2019),1579.379868069535,0.0,1
80,0.2,1.5,15,GMM clustering (Checco/Mignemi),1.0,0.004975124378109453,1
80,0.2,1.5,16,apunim,-0.08752959407265042,9.121525333781036e-13,1
80,0.2,1.5,16,Krippendorff delta-alpha,0.006306509022367679,0.009950248756218905,1
80,0.2,1.5,16,aposteriori unimodality (2024),0.01694915254237288,0.009900990099009901,1
80,0.2,1.5,16,chi-squared (Akhtar et al. 2019),1617.2613162684866,0.0,1
80,0.2,1.5,16,GMM clustering (Checco/Mignemi),1.0,0.004975124378109453,1
80,0.2,1.5,17,apunim,-0.08461513136495795,6.280341247653733e-13,1
80,0.2,1.5,17,Krippendorff delta-alpha,0.003725708262810379,0.03482587064676617,1
80,0.2,1.5,17,aposteriori unimodality (2024),0.029069767441860465,0.009900990099009901,1
80,0.2,1.5,17,chi-squared (Akhtar et al. 2019),1528.3738766385304,0.0,1
80,0.2,1.5,17,GMM clustering (Checco/Mignemi),1.0,0.004975124378109453,1
80,0.2,1.5,18,apunim,-0.06441963350182471,2.412047204824537e-22,1
80,0.2,1.5,18,Krippendorff delta-alpha,0.003622772041214195,0.03482587064676617,1
80,0.2,1.5,18,aposteriori unimodality (2024),0.023809523809523808,0.009900990099009901,1
80,0.2,1.5,18,chi-squared (Akhtar et al. 2019),1590.9080608297254,0.0,1
80,0.2,1.5,18,GMM clustering (Checco/Mignemi),1.0,0.004975124378109453,1
80,0.2,1.5,19,apunim,-0.10059890371949377,4.129560007940253e-15,1
80,0.2,1.5,19,Krippendorff delta-alpha,-0.0019430792714285605,0.47761194029850745,0
80,0.2,1.5,19,aposteriori unimodality (2024),0.03067484662576687,0.009900990099009901,1
80,0.2,1.5,19,chi-squared (Akhtar et al. 2019),1499.9605863347394,0.0,1
80,0.2,1.5,19,GMM clustering (Checco/Mignemi),1.0,0.004975124378109453,1
80,0.2,1.5,20,apunim,-0.05178797939297103,1.865404548188118e-14,1
80,0.2,1.5,20,Krippendorff delta-alpha,0.0009611539519046031,0.18407960199004975,0
80,0.2,1.5,20,aposteriori unimodality (2024),0.012195121951219513,0.0297029702970297,1
80,0.2,1.5,20,chi-squared (Akhtar et al. 2019),1608.423054112849,0.0,1
80,0.2,1.5,20,GMM clustering (Checco/Mignemi),1.0,0.004975124378109453,1
80,0.2,1.5,21,apunim,-0.10164168598729782,7.761644713676021e-34,1
80,0.2,1.5,21,Krippendorff delta-alpha,0.004533029733435667,0.029850746268656716,1
80,0.2,1.5,21,aposteriori unimodality (2024),0.017964071856287425,0.009900990099009901,1
80,0.2,1.5,21,chi-squared (Akhtar et al. 2019),1476.096867924016,0.0,1
80,0.2,1.5,21,GMM clustering (Checco/Mignemi),1.0,0.004975124378109453,1
80,0.2,1.5,22,apunim,-0.0638415315809153,4.739735307314101e-07,1
80,0.2,1.5,22,Krippendorff delta-alpha,0.004485654534884753,0.014925373134328358,1
80,0.2,1.5,22,aposteriori unimodality (2024),0.01875,0.019801980198019802,1
80,0.2,1.5,22,chi-squared (Akhtar et al. 2019),1487.1510881266593,0.0,1
80,0.2,1.5,22,GMM clustering (Checco/Mignemi),1.0,0.004975124378109453,1
80,0.2,1.5,23,apunim,-0.09533389175739879,1.4113828283760687e-13,1
80,0.2,1.5,23,Krippendorff delta-alpha,0.0014501518451970896,0.11940298507462686,0
80,0.2,1.5,23,aposteriori unimodality (2024),0.03636363636363636,0.009900990099009901,1
80,0.2,1.5,23,chi-squared (Akhtar et al. 2019),1510.783494456835,0.0,1
80,0.2,1.5,23,GMM clustering (Checco/Mignemi),1.0,0.004975124378109453,1
80,0.2,1.5,24,apunim,-0.071796385651067,5.874598784556659e-27,1
80,0.2,1.5,24,Krippendorff delta-alpha,0.004530737775046145,0.024875621890547265,1
80,0.2,1.5,24,aposteriori unimodality (2024),0.011834319526627219,0.0594059405940594,0
80,0.2,1.5,24,chi-squared (Akhtar et al. 2019),1603.7757861928014,0.0,1
80,0.2,1.5,24,GMM clustering (Checco/Mignemi),1.0,0.004975124378109453,1
80,0.2,1.5,25,apunim,-0.12126543520322466,2.4156082842470653e-20,1
80,0.2,1.5,25,Krippendorff delta-alpha,0.0025974975891799867,0.11940298507462686,0
80,0.2,1.5,25,aposteriori unimodality (2024),0.023391812865497075,0.009900990099009901,1
80,0.2,1.5,25,chi-squared (Akhtar et al. 2019),1473.2655344922698,0.0,1
80,0.2,1.5,25,GMM clustering (Checco/Mignemi),1.0,0.004975124378109453,1
80,0.2,1.5,26,apunim,-0.10013343193780497,6.450955623800165e-34,1
80,0.2,1.5,26,Krippendorff delta-alpha,0.0062076060049844894,0.004975124378109453,1
80,0.2,1.5,26,aposteriori unimodality (2024),0.029940119760479042,0.009900990099009901,1
80,0.2,1.5,26,chi-squared (Akhtar et al. 2019),1635.1035628895556,0.0,1
80,0.2,1.5,26,GMM clustering (Checco/Mignemi),1.0,0.004975124378109453,1
80,0.2,1.5,27,apunim,-0.04858053396305266,3.465407375803013e-15,1
80,0.2,1.5,27,Krippendorff delta-alpha,0.002386974650117002,0.07462686567164178,0
80,0.2,1.5,27,aposteriori unimodality (2024),0.03550295857988166,0.009900990099009901,1
80,0.2,1.5,27,chi-squared (Akhtar et al. 2019),1573.338404293951,0.0,1
80,0.2,1.5,27,GMM clustering (Checco/Mignemi),1.0,0.004975124378109453,1
80,0.2,1.5,28,apunim,-0.0772776212687736,8.396072182242418e-29,1
80,0.2,1.5,28,Krippendorff delta-alpha,0.010086207073904785,0.004975124378109453,1
80,0.2,1.5,28,aposteriori unimodality (2024),0.017857142857142856,0.009900990099009901,1
80,0.2,1.5,28,chi-squared (Akhtar et al. 2019),1552.5909356865493,0.0,1
80,0.2,1.5,28,GMM clustering (Checco/Mignemi),1.0,0.004975124378109453,1
80,0.2,1.5,29,apunim,-0.08363115547836085,4.2000233707772504e-10,1
80,0.2,1.5,29,Krippendorff delta-alpha,-0.0011510842012413813,0.44776119402985076,0
80,0.2,1.5,29,aposteriori unimodality (2024),0.018404907975460124,0.009900990099009901,1
80,0.2,1.5,29,chi-squared (Akhtar et al. 2019),1450.446013586426,0.0,1
80,0.2,1.5,29,GMM clustering (Checco/Mignemi),1.0,0.004975124378109453,1
80,0.2,1.5,30,apunim,-0.07478459821593786,1.7159141500513487e-23,1
80,0.2,1.5,30,Krippendorff delta-alpha,0.007632250355623038,0.009950248756218905,1
80,0.2,1.5,30,aposteriori unimodality (2024),0.011904761904761904,0.039603960396039604,1
80,0.2,1.5,30,chi-squared (Akhtar et al. 2019),1547.571754060359,0.0,1
80,0.2,1.5,30,GMM clustering (Checco/Mignemi),1.0,0.004975124378109453,1
80,0.2,1.5,31,apunim,-0.0912556153014455,2.6348040696098586e-16,1
80,0.2,1.5,31,Krippendorff delta-alpha,0.005916056418020843,0.014925373134328358,1
80,0.2,1.5,31,aposteriori unimodality (2024),0.005952380952380952,0.38613861386138615,0
80,0.2,1.5,31,chi-squared (Akhtar et al. 2019),1529.051137050565,0.0,1
80,0.2,1.5,31,GMM clustering (Checco/Mignemi),1.0,0.004975124378109453,1
80,0.2,1.5,32,apunim,-0.09015961398428811,4.218532609967899e-14,1
80,0.2,1.5,32,Krippendorff delta-alpha,0.003451910140385317,0.07462686567164178,0
80,0.2,1.5,32,aposteriori unimodality (2024),0.02857142857142857,0.009900990099009901,1
80,0.2,1.5,32,chi-squared (Akhtar et al. 2019),1547.3973010340837,0.0,1
80,0.2,1.5,32,GMM clustering (Checco/Mignemi),1.0,0.004975124378109453,1
80,0.2,1.5,33,apunim,-0.0815927873462911,1.773686940301052e-15,1
80,0.2,1.5,33,Krippendorff delta-alpha,0.006166253840109048,0.01990049751243781,1
80,0.2,1.5,33,aposteriori unimodality (2024),0.029940119760479042,0.009900990099009901,1
80,0.2,1.5,33,chi-squared (Akhtar et al. 2019),1542.5203017127333,0.0,1
80,0.2,1.5,33,GMM clustering (Checco/Mignemi),1.0,0.004975124378109453,1
80,0.2,1.5,34,apunim,-0.08950132041727311,8.629031172716976e-16,1
80,0.2,1.5,34,Krippendorff delta-alpha,6.956929686924296e-05,0.30845771144278605,0
80,0.2,1.5,34,aposteriori unimodality (2024),0.0,1.0,0
80,0.2,1.5,34,chi-squared (Akhtar et al. 2019),1419.427604024973,4.235520664011754e-306,1
80,0.2,1.5,34,GMM clustering (Checco/Mignemi),1.0,0.004975124378109453,1
80,0.2,1.5,35,apunim,-0.05592760056446856,6.854738111352874e-17,1
80,0.2,1.5,35,Krippendorff delta-alpha,0.00569172578937388,0.009950248756218905,1
80,0.2,1.5,35,aposteriori unimodality (2024),0.01282051282051282,0.019801980198019802,1
80,0.2,1.5,35,chi-squared (Akhtar et al. 2019),1600.1447926509609,0.0,1
80,0.2,1.5,35,GMM clustering (Checco/Mignemi),1.0,0.004975124378109453,1
80,0.2,1.5,36,apunim,-0.0771874781306509,1.1261221726345768e-10,1
80,0.2,1.5,36,Krippendorff delta-alpha,0.0020644181426153763,0.13432835820895522,0
80,0.2,1.5,36,aposteriori unimodality (2024),0.018633540372670808,0.019801980198019802,1
80,0.2,1.5,36,chi-squared (Akhtar et al. 2019),1534.6931015373889,0.0,1
80,0.2,1.5,36,GMM clustering (Checco/Mignemi),1.0,0.004975124378109453,1
80,0.2,1.5,37,apunim,-0.06678339492606641,6.363290399437302e-22,1
80,0.2,1.5,37,Krippendorff delta-alpha,0.009370532392479647,0.004975124378109453,1
80,0.2,1.5,37,aposteriori unimodality (2024),0.03048780487804878,0.009900990099009901,1
80,0.2,1.5,37,chi-squared (Akhtar et al. 2019),1557.0191272765114,0.0,1
80,0.2,1.5,37,GMM clustering (Checco/Mignemi),1.0,0.004975124378109453,1
80,0.2,1.5,38,apunim,-0.05827161924167923,4.348033579065212e-18,1
80,0.2,1.5,38,Krippendorff delta-alpha,0.0025048532260228407,0.0845771144278607,0
80,0.2,1.5,38,aposteriori unimodality (2024),0.01764705882352941,0.009900990099009901,1
80,0.2,1.5,38,chi-squared (Akhtar et al. 2019),1542.4178479278444,0.0,1
80,0.2,1.5,38,GMM clustering (Checco/Mignemi),1.0,0.004975124378109453,1
80,0.2,1.5,39,apunim,-0.0829553165735326,1.4629908344384097e-30,1
80,0.2,1.5,39,Krippendorff delta-alpha,0.005219953276153877,0.029850746268656716,1
80,0.2,1.5,39,aposteriori unimodality (2024),0.006211180124223602,0.2871287128712871,0
80,0.2,1.5,39,chi-squared (Akhtar et al. 2019),1569.0947577044099,0.0,1
80,0.2,1.5,39,GMM clustering (Checco/Mignemi),1.0,0.004975124378109453,1
80,0.2,2.0,0,apunim,-0.1252866911647488,7.040788577531449e-22,1
80,0.2,2.0,0,Krippendorff delta-alpha,0.00994392285713025,0.004975124378109453,1
80,0.2,2.0,0,aposteriori unimodality (2024),0.029585798816568046,0.009900990099009901,1
80,0.2,2.0,0,chi-squared (Akhtar et al. 2019),2635.1731975635957,0.0,1
80,0.2,2.0,0,GMM clustering (Checco/Mignemi),1.0,0.004975124378109453,1
80,0.2,2.0,1,apunim,-0.11931203423539251,3.659086682128025e-24,1
80,0.2,2.0,1,Krippendorff delta-alpha,0.007891667039228445,0.004975124378109453,1
80,0.2,2.0,1,aposteriori unimodality (2024),0.03333333333333333,0.009900990099009901,1
80,0.2,2.0,1,chi-squared (Akhtar et al. 2019),2576.574192928686,0.0,1
80,0.2,2.0,1,GMM clustering (Checco/Mignemi),1.0,0.004975124378109453,1
80,0.2,2.0,2,apunim,-0.1255134872972645,4.903420636752538e-23,1
80,0.2,2.0,2,Krippendorff delta-alpha,0.005676213566639887,0.009950248756218905,1
80,0.2,2.0,2,aposteriori unimodality (2024),0.023809523809523808,0.009900990099009901,1
80,0.2,2.0,2,chi-squared (Akhtar et al. 2019),2542.8675365041313,0.0,1
80,0.2,2.0,2,GMM clustering (Checco/Mignemi),1.0,0.004975124378109453,1
80,0.2,2.0,3,apunim,-0.09599429598931877,5.196342687116321e-35,1
80,0.2,2.0,3,Krippendorff delta-alpha,0.004960307816633813,0.014925373134328358,1
80,0.2,2.0,3,aposteriori unimodality (2024),0.017964071856287425,0.009900990099009901,1
80,0.2,2.0,3,chi-squared (Akhtar et al. 2019),2545.184695066384,0.0,1
80,0.2,2.0,3,GMM clustering (Checco/Mignemi),1.0,0.004975124378109453,1
80,0.2,2.0,4,apunim,-0.07578884983738834,7.289074621625382e-27,1
80,0.2,2.0,4,Krippendorff delta-alpha,0.008579049053373977,0.009950248756218905,1
80,0.2,2.0,4,aposteriori unimodality (2024),0.017857142857142856,0.009900990099009901,1
80,0.2,2.0,4,chi-squared (Akhtar et al. 2019),2827.070556851169,0.0,1
80,0.2,2.0,4,GMM clustering (Checco/Mignemi),1.0,0.004975124378109453,1
80,0.2,2.0,5,apunim,-0.11706554502470203,4.9480610679141484e-46,1
80,0.2,2.0,5,Krippendorff delta-alpha,0.004361274220041789,0.03980099502487562,1
80,0.2,2.0,5,aposteriori unimodality (2024),0.018072289156626505,0.009900990099009901,1
80,0.2,2.0,5,chi-squared (Akhtar et al. 2019),2756.7108757475444,0.0,1
80,0.2,2.0,5,GMM clustering (Checco/Mignemi),1.0,0.004975124378109453,1
80,0.2,2.0,6,apunim,-0.11781207063691104,7.71713417262211e-21,1
80,0.2,2.0,6,Krippendorff delta-alpha,0.0034764833922159566,0.024875621890547265,1
80,0.2,2.0,6,aposteriori unimodality (2024),0.011834319526627219,0.06930693069306931,0
80,0.2,2.0,6,chi-squared (Akhtar et al. 2019),2558.9742813490643,0.0,1
80,0.2,2.0,6,GMM clustering (Checco/Mignemi),1.0,0.004975124378109453,1
80,0.2,2.0,7,apunim,-0.1290908693654113,2.983273045677914e-26,1
80,0.2,2.0,7,Krippendorff delta-alpha,0.0053090997521959005,0.014925373134328358,1
80,0.2,2.0,7,aposteriori unimodality (2024),0.01875,0.019801980198019802,1
80,0.2,2.0,7,chi-squared (Akhtar et al. 2019),2742.68221180797,0.0,1
80,0.2,2.0,7,GMM clustering (Checco/Mignemi),1.0,0.004975124378109453,1
80,0.2,2.0,8,apunim,-0.08201699599428193,1.680055482215258e-31,1
80,0.2,2.0,8,Krippendorff delta-alpha,0.005414767916407437,0.01990049751243781,1
80,0.2,2.0,8,aposteriori unimodality (2024),0.024844720496894408,0.009900990099009901,1
80,0.2,2.0,8,chi-squared (Akhtar et al. 2019),2531.3944276219827,0.0,1
80,0.2,2.0,8,GMM clustering (Checco/Mignemi),1.0,0.004975124378109453,1
80,0.2,2.0,9,apunim,-0.07925280092773775,4.4952072140202284e-30,1
80,0.2,2.0,9,Krippendorff delta-alpha,0.0036019551627376467,0.01990049751243781,1
80,0.2,2.0,9,aposteriori unimodality (2024),0.023809523809523808,0.009900990099009901,1
80,0.2,2.0,9,chi-squared (Akhtar et al. 2019),2575.206396135278,0.0,1
80,0.2,2.0,9,GMM clustering (Checco/Mignemi),1.0,0.004975124378109453,1
80,0.2,2.0,10,apunim,-0.11245804611191416,1.3616122905939914e-22,1
80,0.2,2.0,10,Krippendorff delta-alpha,0.001451545024404255,0.0845771144278607,0
80,0.2,2.0,10,aposteriori unimodality (2024),0.005813953488372093,0.1188118811881188,0
80,0.2,2.0,10,chi-squared (Akhtar et al. 2019),2664.027317046305,0.0,1
80,0.2,2.0,10,GMM clustering (Checco/Mignemi),1.0,0.004975124378109453,1
80,0.2,2.0,11,apunim,-0.12263810604898219,1.27939205578325e-22,1
80,0.2,2.0,11,Krippendorff delta-alpha,0.008509646962223005,0.004975124378109453,1
80,0.2,2.0,11,aposteriori unimodality (2024),0.030864197530864196,0.009900990099009901,1
80,0.2,2.0,11,chi-squared (Akhtar et al. 2019),2747.371544787662,0.0,1
80,0.2,2.0,11,GMM clustering (Checco/Mignemi),1.0,0.004975124378109453,1
80,0.2,2.0,12,apunim,-0.08897951655352593,8.726077868072598e-31,1
80,0.2,2.0,12,Krippendorff delta-alpha,0.002907027814001595,0.024875621890547265,1
80,0.2,2.0,12,aposteriori unimodality (2024),0.024539877300613498,0.009900990099009901,1
80,0.2,2.0,12,chi-squared (Akhtar et al. 2019),2704.4192745390615,0.0,1
80,0.2,2.0,12,GMM clustering (Checco/Mignemi),1.0,0.004975124378109453,1
80,0.2,2.0,13,apunim,-0.11513104144140986,1.8407351237337892e-26,1
80,0.2,2.0,13,Krippendorff delta-alpha,0.001157928658138574,0.10945273631840796,0
80,0.2,2.0,13,aposteriori unimodality (2024),0.022857142857142857,0.009900990099009901,1
80,0.2,2.0,13,chi-squared (Akhtar et al. 2019),2705.152978086965,0.0,1
80,0.2,2.0,13,GMM clustering (Checco/Mignemi),1.0,0.004975124378109453,1
80,0.2,2.0,14,apunim,-0.1291489773084102,1.210555910914222e-29,1
80,0.2,2.0,14,Krippendorff delta-alpha,0.010376170560337628,0.004975124378109453,1
80,0.2,2.0,14,aposteriori unimodality (2024),0.04093567251461988,0.009900990099009901,1
80,0.2,2.0,14,chi-squared (Akhtar et al. 2019),2833.762678712288,0.0,1
80,0.2,2.0,14,GMM clustering (Checco/Mignemi),1.0,0.004975124378109453,1
80,0.2,2.0,15,apunim,-0.11126288859931018,2.0045845687094194e-21,1
80,0.2,2.0,15,Krippendorff delta-alpha,0.006936753347369262,0.004975124378109453,1
80,0.2,2.0,15,aposteriori unimodality (2024),0.023809523809523808,0.009900990099009901,1
80,0.2,2.0,15,chi-squared (Akhtar et al. 2019),2746.154188402832,0.0,1
80,0.2,2.0,15,GMM clustering (Checco/Mignemi),1.0,0.004975124378109453,1
80,0.2,2.0,16,apunim,-0.1103122550176218,2.310933287528653e-19,1
80,0.2,2.0,16,Krippendorff delta-alpha,-0.002301346241408486,0.31343283582089554,0
80,0.2,2.0,16,aposteriori unimodality (2024),0.011560693641618497,0.0297029702970297,1
80,0.2,2.0,16,chi-squared (Akhtar et al. 2019),2587.6531104509304,0.0,1
80,0.2,2.0,16,GMM clustering (Checco/Mignemi),1.0,0.004975124378109453,1
80,0.2,2.0,17,apunim,-0.11387126197485908,2.8598942147574965e-24,1
80,0.2,2.0,17,Krippendorff delta-alpha,0.0022715278421188145,0.05970149253731343,0
80,0.2,2.0,17,aposteriori unimodality (2024),0.024242424242424242,0.009900990099009901,1
80,0.2,2.0,17,chi-squared (Akhtar et al. 2019),2734.053364426308,0.0,1
80,0.2,2.0,17,GMM clustering (Checco/Mignemi),1.0,0.004975124378109453,1
80,0.2,2.0,18,apunim,-0.1175486365920358,1.997305541574959e-20,1
80,0.2,2.0,18,Krippendorff delta-alpha,0.010971300441774468,0.004975124378109453,1
80,0.2,2.0,18,aposteriori unimodality (2024),0.05357142857142857,0.009900990099009901,1
80,0.2,2.0,18,chi-squared (Akhtar et al. 2019),2648.0893217931703,0.0,1
80,0.2,2.0,18,GMM clustering (Checco/Mignemi),1.0,0.004975124378109453,1
80,0.2,2.0,19,apunim,-0.11374142926475764,6.0084478811160745e-19,1
80,0.2,2.0,19,Krippendorff delta-alpha,0.004062129827071159,0.024875621890547265,1
80,0.2,2.0,19,aposteriori unimodality (2024),0.011904761904761904,0.0297029702970297,1
80,0.2,2.0,19,chi-squared (Akhtar et al. 2019),2597.1725115908926,0.0,1
80,0.2,2.0,19,GMM clustering (Checco/Mignemi),1.0,0.004975124378109453,1
80,0.2,2.0,20,apunim,-0.09531562090238144,2.18824989128714e-34,1
80,0.2,2.0,20,Krippendorff delta-alpha,0.0007863149714516515,0.1044776119402985,0
80,0.2,2.0,20,aposteriori unimodality (2024),0.011834319526627219,0.039603960396039604,1
80,0.2,2.0,20,chi-squared (Akhtar et al. 2019),2620.8611838576753,0.0,1
80,0.2,2.0,20,GMM clustering (Checco/Mignemi),1.0,0.004975124378109453,1
80,0.2,2.0,21,apunim,-0.11859079320809117,2.9866989165010876e-21,1
80,0.2,2.0,21,Krippendorff delta-alpha,0.0025029721319355103,0.05970149253731343,0
80,0.2,2.0,21,aposteriori unimodality (2024),0.01675977653631285,0.009900990099009901,1
80,0.2,2.0,21,chi-squared (Akhtar et al. 2019),2652.3443741837154,0.0,1
80,0.2,2.0,21,GMM clustering (Checco/Mignemi),1.0,0.004975124378109453,1
80,0.2,2.0,22,apunim,-0.12620152433368875,4.654333390167809e-25,1
80,0.2,2.0,22,Krippendorff delta-alpha,0.00922781431849351,0.004975124378109453,1
80,0.2,2.0,22,aposteriori unimodality (2024),0.01764705882352941,0.009900990099009901,1
80,0.2,2.0,22,chi-squared (Akhtar et al. 2019),2791.3461494033227,0.0,1
80,0.2,2.0,22,GMM clustering (Checco/Mignemi),1.0,0.004975124378109453,1
80,0.2,2.0,23,apunim,-0.13317257964179757,7.805509878108453e-23,1
80,0.2,2.0,23,Krippendorff delta-alpha,0.0022032796566913704,0.06467661691542288,0
80,0.2,2.0,23,aposteriori unimodality (2024),0.023391812865497075,0.009900990099009901,1
80,0.2,2.0,23,chi-squared (Akhtar et al. 2019),2689.7433460568163,0.0,1
80,0.2,2.0,23,GMM clustering (Checco/Mignemi),1.0,0.004975124378109453,1
80,0.2,2.0,24,apunim,-0.12371039350500224,1.6803562730024436e-22,1
80,0.2,2.0,24,Krippendorff delta-alpha,0.0030658789052952495,0.04975124378109453,1
80,0.2,2.0,24,aposteriori unimodality (2024),0.012048192771084338,0.039603960396039604,1
80,0.2,2.0,24,chi-squared (Akhtar et al. 2019),2671.2676237791547,0.0,1
80,0.2,2.0,24,GMM clustering (Checco/Mignemi),1.0,0.004975124378109453,1
80,0.2,2.0,25,apunim,-0.11254268620924714,3.0532901943589333e-19,1
80,0.2,2.0,25,Krippendorff delta-alpha,0.0048934694275225565,0.009950248756218905,1
80,0.2,2.0,25,aposteriori unimodality (2024),0.03048780487804878,0.009900990099009901,1
80,0.2,2.0,25,chi-squared (Akhtar et al. 2019),2723.456624657369,0.0,1
80,0.2,2.0,25,GMM clustering (Checco/Mignemi),1.0,0.004975124378109453,1
80,0.2,2.0,26,apunim,-0.07864754818888531,1.0916697982876699e-27,1
80,0.2,2.0,26,Krippendorff delta-alpha,0.006121556073038215,0.004975124378109453,1
80,0.2,2.0,26,aposteriori unimodality (2024),0.03409090909090909,0.009900990099009901,1
80,0.2,2.0,26,chi-squared (Akhtar et al. 2019),2648.7733375756598,0.0,1
80,0.2,2.0,26,GMM clustering (Checco/Mignemi),1.0,0.004975124378109453,1
80,0.2,2.0,27,apunim,-0.1257126768113884,1.8351960739974477e-20,1
80,0.2,2.0,27,Krippendorff delta-alpha,0.010090406034968469,0.004975124378109453,1
80,0.2,2.0,27,aposteriori unimodality (2024),0.030864197530864196,0.009900990099009901,1
80,0.2,2.0,27,chi-squared (Akhtar et al. 2019),2709.8820440045693,0.0,1
80,0.2,2.0,27,GMM clustering (Checco/Mignemi),1.0,0.004975124378109453,1
80,0.2,2.0,28,apunim,-0.09275364075961462,3.502790605394249e-34,1
80,0.2,2.0,28,Krippendorff delta-alpha,0.00379405402275218,0.029850746268656716,1
80,0.2,2.0,28,aposteriori unimodality (2024),0.02824858757062147,0.009900990099009901,1
80,0.2,2.0,28,chi-squared (Akhtar et al. 2019),2670.608129161548,0.0,1
80,0.2,2.0,28,GMM clustering (Checco/Mignemi),1.0,0.004975124378109453,1
80,0.2,2.0,29,apunim,-0.08893763187680438,1.5392641750590157e-33,1
80,0.2,2.0,29,Krippendorff delta-alpha,0.004802516033375948,0.014925373134328358,1
80,0.2,2.0,29,aposteriori unimodality (2024),0.017857142857142856,0.009900990099009901,1
80,0.2,2.0,29,chi-squared (Akhtar et al. 2019),2696.5956935005083,0.0,1
80,0.2,2.0,29,GMM clustering (Checco/Mignemi),1.0,0.004975124378109453,1
80,0.2,2.0,30,apunim,-0.09622820323321475,6.402638736707458e-32,1
80,0.2,2.0,30,Krippendorff delta-alpha,0.00970527721362019,0.004975124378109453,1
80,0.2,2.0,30,aposteriori unimodality (2024),0.031055900621118012,0.009900990099009901,1
80,0.2,2.0,30,chi-squared (Akhtar et al. 2019),2685.3679775494743,0.0,1
80,0.2,2.0,30,GMM clustering (Checco/Mignemi),1.0,0.004975124378109453,1
80,0.2,2.0,31,apunim,-0.10656848004640841,1.620588374200378e-17,1
80,0.2,2.0,31,Krippendorff delta-alpha,0.0001921490515797708,0.14925373134328357,0
80,0.2,2.0,31,aposteriori unimodality (2024),0.01764705882352941,0.009900990099009901,1
80,0.2,2.0,31,chi-squared (Akhtar et al. 2019),2684.0133712224124,0.0,1
80,0.2,2.0,31,GMM clustering (Checco/Mignemi),1.0,0.004975124378109453,1
80,0.2,2.0,32,apunim,-0.11506300723912682,4.822112970861793e-25,1
80,0.2,2.0,32,Krippendorff delta-alpha,0.002057782007511999,0.05472636815920398,0
80,0.2,2.0,32,aposteriori unimodality (2024),0.023391812865497075,0.009900990099009901,1
80,0.2,2.0,32,chi-squared (Akhtar et al. 2019),2507.8196878755825,0.0,1
80,0.2,2.0,32,GMM clustering (Checco/Mignemi),1.0,0.004975124378109453,1
80,0.2,2.0,33,apunim,-0.13341184062575662,3.8607871601916665e-26,1
80,0.2,2.0,33,Krippendorff delta-alpha,0.008239616164881725,0.004975124378109453,1
80,0.2,2.0,33,aposteriori unimodality (2024),0.028735632183908046,0.009900990099009901,1
80,0.2,2.0,33,chi-squared (Akhtar et al. 2019),2709.3290183760328,0.0,1
80,0.2,2.0,33,GMM clustering (Checco/Mignemi),1.0,0.004975124378109453,1
80,0.2,2.0,34,apunim,-0.12625456533543128,3.842069399016649e-23,1
80,0.2,2.0,34,Krippendorff delta-alpha,0.003960474588447671,0.03980099502487562,1
80,0.2,2.0,34,aposteriori unimodality (2024),0.023668639053254437,0.009900990099009901,1
80,0.2,2.0,34,chi-squared (Akhtar et al. 2019),2557.1178028695986,0.0,1
80,0.2,2.0,34,GMM clustering (Checco/Mignemi),1.0,0.004975124378109453,1
80,0.2,2.0,35,apunim,-0.09747002857535916,1.0789085193418844e-32,1
80,0.2,2.0,35,Krippendorff delta-alpha,0.010759493865697856,0.004975124378109453,1
80,0.2,2.0,35,aposteriori unimodality (2024),0.030120481927710843,0.009900990099009901,1
80,0.2,2.0,35,chi-squared (Akhtar et al. 2019),2726.5570570792497,0.0,1
80,0.2,2.0,35,GMM clustering (Checco/Mignemi),1.0,0.004975124378109453,1
80,0.2,2.0,36,apunim,-0.11910143879946629,9.08735398758551e-19,1
80,0.2,2.0,36,Krippendorff delta-alpha,0.0048088237682819,0.01990049751243781,1
80,0.2,2.0,36,aposteriori unimodality (2024),0.04678362573099415,0.009900990099009901,1
80,0.2,2.0,36,chi-squared (Akhtar et al. 2019),2847.355665232406,0.0,1
80,0.2,2.0,36,GMM clustering (Checco/Mignemi),1.0,0.004975124378109453,1
80,0.2,2.0,37,apunim,-0.10449222373176867,1.170661032226285e-18,1
80,0.2,2.0,37,Krippendorff delta-alpha,0.00709731792844176,0.014925373134328358,1
80,0.2,2.0,37,aposteriori unimodality (2024),0.055900621118012424,0.009900990099009901,1
80,0.2,2.0,37,chi-squared (Akhtar et al. 2019),2633.763089885035,0.0,1
80,0.2,2.0,37,GMM clustering (Checco/Mignemi),1.0,0.004975124378109453,1
80,0.2,2.0,38,apunim,-0.12203596673029149,1.1610682828673572e-24,1
80,0.2,2.0,38,Krippendorff delta-alpha,0.008519927458914667,0.004975124378109453,1
80,0.2,2.0,38,aposteriori unimodality (2024),0.024390243902439025,0.009900990099009901,1
80,0.2,2.0,38,chi-squared (Akhtar et al. 2019),2672.365230661224,0.0,1
80,0.2,2.0,38,GMM clustering (Checco/Mignemi),1.0,0.004975124378109453,1
80,0.2,2.0,39,apunim,-0.12103065303052092,1.462026536889715e-17,1
80,0.2,2.0,39,Krippendorff delta-alpha,0.00012805095382517617,0.09950248756218906,0
80,0.2,2.0,39,aposteriori unimodality (2024),0.00641025641025641,0.12871287128712872,0
80,0.2,2.0,39,chi-squared (Akhtar et al. 2019),2713.007627850471,0.0,1
80,0.2,2.0,39,GMM clustering (Checco/Mignemi),1.0,0.004975124378109453,1
80,0.2,2.5,0,apunim,-0.1252766629338313,1.2622677906193614e-30,1
80,0.2,2.5,0,Krippendorff delta-alpha,0.004530033392581456,0.024875621890547265,1
80,0.2,2.5,0,aposteriori unimodality (2024),0.028409090909090908,0.009900990099009901,1
80,0.2,2.5,0,chi-squared (Akhtar et al. 2019),3990.044570718268,0.0,1
80,0.2,2.5,0,GMM clustering (Checco/Mignemi),1.0,0.004975124378109453,1
80,0.2,2.5,1,apunim,-0.13174937090605945,1.3794838395759332e-29,1
80,0.2,2.5,1,Krippendorff delta-alpha,0.008705826175841258,0.004975124378109453,1
80,0.2,2.5,1,aposteriori unimodality (2024),0.0223463687150838,0.009900990099009901,1
80,0.2,2.5,1,chi-squared (Akhtar et al. 2019),4073.6165239198117,0.0,1
80,0.2,2.5,1,GMM clustering (Checco/Mignemi),1.0,0.004975124378109453,1
80,0.2,2.5,2,apunim,-0.13400814923299026,7.590200730794432e-25,1
80,0.2,2.5,2,Krippendorff delta-alpha,0.011912981109940712,0.004975124378109453,1
80,0.2,2.5,2,aposteriori unimodality (2024),0.03468208092485549,0.009900990099009901,1
80,0.2,2.5,2,chi-squared (Akhtar et al. 2019),3938.6850677489874,0.0,1
80,0.2,2.5,2,GMM clustering (Checco/Mignemi),1.0,0.004975124378109453,1
80,0.2,2.5,3,apunim,-0.10058461161424527,3.204485423785369e-31,1
80,0.2,2.5,3,Krippendorff delta-alpha,0.012458995365752845,0.004975124378109453,1
80,0.2,2.5,3,aposteriori unimodality (2024),0.040697674418604654,0.009900990099009901,1
80,0.2,2.5,3,chi-squared (Akhtar et al. 2019),4112.612373189352,0.0,1
80,0.2,2.5,3,GMM clustering (Checco/Mignemi),1.0,0.004975124378109453,1
80,0.2,2.5,4,apunim,-0.12948766834253247,2.1914282950402877e-26,1
80,0.2,2.5,4,Krippendorff delta-alpha,0.004720442259210034,0.014925373134328358,1
80,0.2,2.5,4,aposteriori unimodality (2024),0.017045454545454544,0.009900990099009901,1
80,0.2,2.5,4,chi-squared (Akhtar et al. 2019),3917.524177158368,0.0,1
80,0.2,2.5,4,GMM clustering (Checco/Mignemi),1.0,0.004975124378109453,1
80,0.2,2.5,5,apunim,-0.1422135849414967,7.265889866401758e-31,1
80,0.2,2.5,5,Krippendorff delta-alpha,-0.0008319647047494438,0.15920398009950248,0
80,0.2,2.5,5,aposteriori unimodality (2024),0.017964071856287425,0.009900990099009901,1
80,0.2,2.5,5,chi-squared (Akhtar et al. 2019),3880.3955826474557,0.0,1
80,0.2,2.5,5,GMM clustering (Checco/Mignemi),1.0,0.004975124378109453,1
80,0.2,2.5,6,apunim,-0.10166560620241975,7.548632396395623e-32,1
80,0.2,2.5,6,Krippendorff delta-alpha,0.010540453532752236,0.004975124378109453,1
80,0.2,2.5,6,aposteriori unimodality (2024),0.023668639053254437,0.009900990099009901,1
80,0.2,2.5,6,chi-squared (Akhtar et al. 2019),4020.3925741465373,0.0,1
80,0.2,2.5,6,GMM clustering (Checco/Mignemi),1.0,0.004975124378109453,1
80,0.2,2.5,7,apunim,-0.13697110228175532,8.466211357198582e-27,1
80,0.2,2.5,7,Krippendorff delta-alpha,0.009066937695873412,0.004975124378109453,1
80,0.2,2.5,7,aposteriori unimodality (2024),0.022988505747126436,0.009900990099009901,1
80,0.2,2.5,7,chi-squared (Akhtar et al. 2019),4150.45216309167,0.0,1
80,0.2,2.5,7,GMM clustering (Checco/Mignemi),1.0,0.004975124378109453,1
80,0.2,2.5,8,apunim,-0.09072632020020649,7.283799878131747e-33,1
80,0.2,2.5,8,Krippendorff delta-alpha,0.00833499732579418,0.004975124378109453,1
80,0.2,2.5,8,aposteriori unimodality (2024),0.028409090909090908,0.009900990099009901,1
80,0.2,2.5,8,chi-squared (Akhtar et al. 2019),3965.286679884017,0.0,1
80,0.2,2.5,8,GMM clustering (Checco/Mignemi),1.0,0.004975124378109453,1
80,0.2,2.5,9,apunim,-0.08280489342016598,8.256989973237103e-31,1
80,0.2,2.5,9,Krippendorff delta-alpha,0.0014575444427657458,0.05472636815920398,0
80,0.2,2.5,9,aposteriori unimodality (2024),0.03468208092485549,0.009900990099009901,1
80,0.2,2.5,9,chi-squared (Akhtar et al. 2019),4096.458286629026,0.0,1
80,0.2,2.5,9,GMM clustering (Checco/Mignemi),1.0,0.004975124378109453,1
80,0.2,2.5,10,apunim,-0.13342951196460984,8.1819856046702e-32,1
80,0.2,2.5,10,Krippendorff delta-alpha,0.004182154972583563,0.014925373134328358,1
80,0.2,2.5,10,aposteriori unimodality (2024),0.028901734104046242,0.009900990099009901,1
80,0.2,2.5,10,chi-squared (Akhtar et al. 2019),4072.882489465741,0.0,1
80,0.2,2.5,10,GMM clustering (Checco/Mignemi),1.0,0.004975124378109453,1
80,0.2,2.5,11,apunim,-0.12218851441212006,8.131516845264705e-22,1
80,0.2,2.5,11,Krippendorff delta-alpha,0.0026669437859355716,0.029850746268656716,1
80,0.2,2.5,11,aposteriori unimodality (2024),0.04819277108433735,0.009900990099009901,1
80,0.2,2.5,11,chi-squared (Akhtar et al. 2019),4060.7722378894646,0.0,1
80,0.2,2.5,11,GMM clustering (Checco/Mignemi),1.0,0.004975124378109453,1
80,0.2,2.5,12,apunim,-0.1254180962625347,4.77549549498534e-22,1
80,0.2,2.5,12,Krippendorff delta-alpha,0.014447375981359478,0.004975124378109453,1
80,0.2,2.5,12,aposteriori unimodality (2024),0.029940119760479042,0.009900990099009901,1
80,0.2,2.5,12,chi-squared (Akhtar et al. 2019),3950.4145063775113,0.0,1
80,0.2,2.5,12,GMM clustering (Checco/Mignemi),1.0,0.004975124378109453,1
80,0.2,2.5,13,apunim,-0.14036305907294927,1.0364039937037542e-33,1
80,0.2,2.5,13,Krippendorff delta-alpha,0.009866657113267563,0.004975124378109453,1
80,0.2,2.5,13,aposteriori unimodality (2024),0.01775147928994083,0.009900990099009901,1
80,0.2,2.5,13,chi-squared (Akhtar et al. 2019),4015.82686846861,0.0,1
80,0.2,2.5,13,GMM clustering (Checco/Mignemi),1.0,0.004975124378109453,1
80,0.2,2.5,14,apunim,-0.12585184772908017,5.771765721885981e-29,1
80,0.2,2.5,14,Krippendorff delta-alpha,0.008691688091178096,0.004975124378109453,1
80,0.2,2.5,14,aposteriori unimodality (2024),0.024390243902439025,0.009900990099009901,1
80,0.2,2.5,14,chi-squared (Akhtar et al. 2019),4073.223960521188,0.0,1
80,0.2,2.5,14,GMM clustering (Checco/Mignemi),1.0,0.004975124378109453,1
80,0.2,2.5,15,apunim,-0.1303791170901081,9.251366902237438e-29,1
80,0.2,2.5,15,Krippendorff delta-alpha,0.006574349371348931,0.009950248756218905,1
80,0.2,2.5,15,aposteriori unimodality (2024),0.022099447513812154,0.009900990099009901,1
80,0.2,2.5,15,chi-squared (Akhtar et al. 2019),4224.531128344453,0.0,1
80,0.2,2.5,15,GMM clustering (Checco/Mignemi),1.0,0.004975124378109453,1
80,0.2,2.5,16,apunim,-0.13599444348423526,4.4193918161833536e-30,1
80,0.2,2.5,16,Krippendorff delta-alpha,0.0019291570824541693,0.03980099502487562,1
80,0.2,2.5,16,aposteriori unimodality (2024),0.012048192771084338,0.009900990099009901,1
80,0.2,2.5,16,chi-squared (Akhtar et al. 2019),4129.487665967712,0.0,1
80,0.2,2.5,16,GMM clustering (Checco/Mignemi),1.0,0.004975124378109453,1
80,0.2,2.5,17,apunim,-0.11698343236935436,3.37316540759297e-26,1
80,0.2,2.5,17,Krippendorff delta-alpha,0.004428691754515712,0.01990049751243781,1
80,0.2,2.5,17,aposteriori unimodality (2024),0.027624309392265192,0.009900990099009901,1
80,0.2,2.5,17,chi-squared (Akhtar et al. 2019),3868.766173428737,0.0,1
80,0.2,2.5,17,GMM clustering (Checco/Mignemi),1.0,0.004975124378109453,1
80,0.2,2.5,18,apunim,-0.10632562956035647,4.2401661275981494e-21,1
80,0.2,2.5,18,Krippendorff delta-alpha,0.006373074722159644,0.009950248756218905,1
80,0.2,2.5,18,aposteriori unimodality (2024),0.023809523809523808,0.009900990099009901,1
80,0.2,2.5,18,chi-squared (Akhtar et al. 2019),4010.176276068572,0.0,1
80,0.2,2.5,18,GMM clustering (Checco/Mignemi),1.0,0.004975124378109453,1
80,0.2,2.5,19,apunim,-0.13720687936345427,2.1856579332535992e-27,1
80,0.2,2.5,19,Krippendorff delta-alpha,0.0025788404891706196,0.05970149253731343,0
80,0.2,2.5,19,aposteriori unimodality (2024),0.04597701149425287,0.009900990099009901,1
80,0.2,2.5,19,chi-squared (Akhtar et al. 2019),4049.2709754914467,0.0,1
80,0.2,2.5,19,GMM clustering (Checco/Mignemi),1.0,0.004975124378109453,1
80,0.2,2.5,20,apunim,-0.11579305347975671,1.3191799079073807e-22,1
80,0.2,2.5,20,Krippendorff delta-alpha,0.001492086859023356,0.05472636815920398,0
80,0.2,2.5,20,aposteriori unimodality (2024),0.017241379310344827,0.009900990099009901,1
80,0.2,2.5,20,chi-squared (Akhtar et al. 2019),3945.5882062373485,0.0,1
80,0.2,2.5,20,GMM clustering (Checco/Mignemi),1.0,0.004975124378109453,1
80,0.2,2.5,21,apunim,-0.14053839456890715,1.3599572597991123e-27,1
80,0.2,2.5,21,Krippendorff delta-alpha,0.007399904611749053,0.004975124378109453,1
80,0.2,2.5,21,aposteriori unimodality (2024),0.01775147928994083,0.009900990099009901,1
80,0.2,2.5,21,chi-squared (Akhtar et al. 2019),3982.2414918163636,0.0,1
80,0.2,2.5,21,GMM clustering (Checco/Mignemi),1.0,0.004975124378109453,1
80,0.2,2.5,22,apunim,-0.1326035930924922,1.9818891947079353e-29,1
80,0.2,2.5,22,Krippendorff delta-alpha,0.006864376424084717,0.004975124378109453,1
80,0.2,2.5,22,aposteriori unimodality (2024),0.03468208092485549,0.009900990099009901,1
80,0.2,2.5,22,chi-squared (Akhtar et al. 2019),3805.887135758203,0.0,1
80,0.2,2.5,22,GMM clustering (Checco/Mignemi),1.0,0.004975124378109453,1
80,0.2,2.5,23,apunim,-0.13109668333560517,1.4103839636544613e-27,1
80,0.2,2.5,23,Krippendorff delta-alpha,0.008685202652645885,0.009950248756218905,1
80,0.2,2.5,23,aposteriori unimodality (2024),0.02824858757062147,0.009900990099009901,1
80,0.2,2.5,23,chi-squared (Akhtar et al. 2019),4073.1463637449624,0.0,1
80,0.2,2.5,23,GMM clustering (Checco/Mignemi),1.0,0.004975124378109453,1
80,0.2,2.5,24,apunim,-0.13419381414099826,8.140168351572144e-30,1
80,0.2,2.5,24,Krippendorff delta-alpha,0.009746251950653984,0.004975124378109453,1
80,0.2,2.5,24,aposteriori unimodality (2024),0.016853932584269662,0.009900990099009901,1
80,0.2,2.5,24,chi-squared (Akhtar et al. 2019),4017.474104888557,0.0,1
80,0.2,2.5,24,GMM clustering (Checco/Mignemi),1.0,0.004975124378109453,1
80,0.2,2.5,25,apunim,-0.13063280859465207,6.606336341555328e-27,1
80,0.2,2.5,25,Krippendorff delta-alpha,0.0071591909480957505,0.004975124378109453,1
80,0.2,2.5,25,aposteriori unimodality (2024),0.01818181818181818,0.009900990099009901,1
80,0.2,2.5,25,chi-squared (Akhtar et al. 2019),4133.917289461229,0.0,1
80,0.2,2.5,25,GMM clustering (Checco/Mignemi),1.0,0.004975124378109453,1
80,0.2,2.5,26,apunim,-0.10367644879857608,4.6494187331533425e-34,1
80,0.2,2.5,26,Krippendorff delta-alpha,-0.002618572174662215,0.2835820895522388,0
80,0.2,2.5,26,aposteriori unimodality (2024),0.03954802259887006,0.009900990099009901,1
80,0.2,2.5,26,chi-squared (Akhtar et al. 2019),3976.238376462294,0.0,1
80,0.2,2.5,26,GMM clustering (Checco/Mignemi),1.0,0.004975124378109453,1
80,0.2,2.5,27,apunim,-0.14015421005361361,4.3138338668259384e-29,1
80,0.2,2.5,27,Krippendorff delta-alpha,0.007346863752133226,0.004975124378109453,1
80,0.2,2.5,27,aposteriori unimodality (2024),0.024096385542168676,0.009900990099009901,1
80,0.2,2.5,27,chi-squared (Akhtar et al. 2019),3915.3431353915994,0.0,1
80,0.2,2.5,27,GMM clustering (Checco/Mignemi),1.0,0.004975124378109453,1
80,0.2,2.5,28,apunim,-0.130230756580244,1.5455827542720224e-23,1
80,0.2,2.5,28,Krippendorff delta-alpha,0.009596437813924774,0.004975124378109453,1
80,0.2,2.5,28,aposteriori unimodality (2024),0.03508771929824561,0.009900990099009901,1
80,0.2,2.5,28,chi-squared (Akhtar et al. 2019),4078.5232020219128,0.0,1
80,0.2,2.5,28,GMM clustering (Checco/Mignemi),1.0,0.004975124378109453,1
80,0.2,2.5,29,apunim,-0.11630272891766966,6.358120100841544e-24,1
80,0.2,2.5,29,Krippendorff delta-alpha,0.006061509211270744,0.009950248756218905,1
80,0.2,2.5,29,aposteriori unimodality (2024),0.0,1.0,0
80,0.2,2.5,29,chi-squared (Akhtar et al. 2019),3966.082671452201,0.0,1
80,0.2,2.5,29,GMM clustering (Checco/Mignemi),1.0,0.004975124378109453,1
80,0.2,2.5,30,apunim,-0.08608831894846271,2.7693476903096463e-32,1
80,0.2,2.5,30,Krippendorff delta-alpha,0.009955974414216195,0.004975124378109453,1
80,0.2,2.5,30,aposteriori unimodality (2024),0.027932960893854747,0.009900990099009901,1
80,0.2,2.5,30,chi-squared (Akhtar et al. 2019),3953.1498751757094,0.0,1
80,0.2,2.5,30,GMM clustering (Checco/Mignemi),1.0,0.004975124378109453,1
80,0.2,2.5,31,apunim,-0.13868032626771576,3.726160292995009e-28,1
80,0.2,2.5,31,Krippendorff delta-alpha,0.009833435021897707,0.004975124378109453,1
80,0.2,2.5,31,aposteriori unimodality (2024),0.023809523809523808,0.009900990099009901,1
80,0.2,2.5,31,chi-squared (Akhtar et al. 2019),3904.614934347843,0.0,1
80,0.2,2.5,31,GMM clustering (Checco/Mignemi),1.0,0.004975124378109453,1
80,0.2,2.5,32,apunim,-0.13909323581153624,1.532689404132981e-26,1
80,0.2,2.5,32,Krippendorff delta-alpha,0.014666808146392873,0.004975124378109453,1
80,0.2,2.5,32,aposteriori unimodality (2024),0.03571428571428571,0.009900990099009901,1
80,0.2,2.5,32,chi-squared (Akhtar et al. 2019),3832.108216064811,0.0,1
80,0.2,2.5,32,GMM clustering (Checco/Mignemi),1.0,0.004975124378109453,1
80,0.2,2.5,33,apunim,-0.13050699967765686,2.199456142570059e-24,1
80,0.2,2.5,33,Krippendorff delta-alpha,0.01034265008665669,0.004975124378109453,1
80,0.2,2.5,33,aposteriori unimodality (2024),0.029585798816568046,0.009900990099009901,1
80,0.2,2.5,33,chi-squared (Akhtar et al. 2019),4048.346825146656,0.0,1
80,0.2,2.5,33,GMM clustering (Checco/Mignemi),1.0,0.004975124378109453,1
80,0.2,2.5,34,apunim,-0.08728134646804508,5.629732136009675e-30,1
80,0.2,2.5,34,Krippendorff delta-alpha,0.0060599241135475546,0.029850746268656716,1
80,0.2,2.5,34,aposteriori unimodality (2024),0.05172413793103448,0.009900990099009901,1
80,0.2,2.5,34,chi-squared (Akhtar et al. 2019),4010.4130395748552,0.0,1
80,0.2,2.5,34,GMM clustering (Checco/Mignemi),1.0,0.004975124378109453,1
80,0.2,2.5,35,apunim,-0.14704767802391133,3.353761423339193e-30,1
80,0.2,2.5,35,Krippendorff delta-alpha,0.008726040702653093,0.004975124378109453,1
80,0.2,2.5,35,aposteriori unimodality (2024),0.04519774011299435,0.009900990099009901,1
80,0.2,2.5,35,chi-squared (Akhtar et al. 2019),3877.1812545188254,0.0,1
80,0.2,2.5,35,GMM clustering (Checco/Mignemi),1.0,0.004975124378109453,1
80,0.2,2.5,36,apunim,-0.11648494997301397,1.5117736911279166e-21,1
80,0.2,2.5,36,Krippendorff delta-alpha,0.011522169046482511,0.009950248756218905,1
80,0.2,2.5,36,aposteriori unimodality (2024),0.03550295857988166,0.009900990099009901,1
80,0.2,2.5,36,chi-squared (Akhtar et al. 2019),4025.573851524723,0.0,1
80,0.2,2.5,36,GMM clustering (Checco/Mignemi),1.0,0.004975124378109453,1
80,0.2,2.5,37,apunim,-0.12482916810546506,4.840893550232115e-28,1
80,0.2,2.5,37,Krippendorff delta-alpha,0.008773748899884137,0.004975124378109453,1
80,0.2,2.5,37,aposteriori unimodality (2024),0.023529411764705882,0.009900990099009901,1
80,0.2,2.5,37,chi-squared (Akhtar et al. 2019),4031.2891693906827,0.0,1
80,0.2,2.5,37,GMM clustering (Checco/Mignemi),1.0,0.004975124378109453,1
80,0.2,2.5,38,apunim,-0.09590539464635318,5.412635519673225e-32,1
80,0.2,2.5,38,Krippendorff delta-alpha,0.009912387577333426,0.004975124378109453,1
80,0.2,2.5,38,aposteriori unimodality (2024),0.03592814371257485,0.009900990099009901,1
80,0.2,2.5,38,chi-squared (Akhtar et al. 2019),3999.6144695324047,0.0,1
80,0.2,2.5,38,GMM clustering (Checco/Mignemi),1.0,0.004975124378109453,1
80,0.2,2.5,39,apunim,-0.13576137732310042,2.6247406691257226e-29,1
80,0.2,2.5,39,Krippendorff delta-alpha,0.010362923482153397,0.004975124378109453,1
80,0.2,2.5,39,aposteriori unimodality (2024),0.005917159763313609,0.18811881188118812,0
80,0.2,2.5,39,chi-squared (Akhtar et al. 2019),4078.579310795378,0.0,1
80,0.2,2.5,39,GMM clustering (Checco/Mignemi),1.0,0.004975124378109453,1
80,0.2,3.0,0,apunim,-0.09152464721614945,4.5229134882282316e-33,1
80,0.2,3.0,0,Krippendorff delta-alpha,0.006837776853398314,0.004975124378109453,1
80,0.2,3.0,0,aposteriori unimodality (2024),0.03888888888888889,0.009900990099009901,1
80,0.2,3.0,0,chi-squared (Akhtar et al. 2019),5419.087906874003,0.0,1
80,0.2,3.0,0,GMM clustering (Checco/Mignemi),1.0,0.004975124378109453,1
80,0.2,3.0,1,apunim,-0.11747496187636768,1.7186672919501403e-27,1
80,0.2,3.0,1,Krippendorff delta-alpha,0.010308418535458386,0.004975124378109453,1
80,0.2,3.0,1,aposteriori unimodality (2024),0.03409090909090909,0.009900990099009901,1
80,0.2,3.0,1,chi-squared (Akhtar et al. 2019),5479.8008578115005,0.0,1
80,0.2,3.0,1,GMM clustering (Checco/Mignemi),1.0,0.004975124378109453,1
80,0.2,3.0,2,apunim,-0.12450227735381904,1.61419784078026e-35,1
80,0.2,3.0,2,Krippendorff delta-alpha,0.008586378010245532,0.004975124378109453,1
80,0.2,3.0,2,aposteriori unimodality (2024),0.021739130434782608,0.009900990099009901,1
80,0.2,3.0,2,chi-squared (Akhtar et al. 2019),5567.731699170445,0.0,1
80,0.2,3.0,2,GMM clustering (Checco/Mignemi),1.0,0.004975124378109453,1
80,0.2,3.0,3,apunim,-0.12758542750355917,1.0465986446303581e-30,1
80,0.2,3.0,3,Krippendorff delta-alpha,0.009681777304539951,0.009950248756218905,1
80,0.2,3.0,3,aposteriori unimodality (2024),0.0449438202247191,0.009900990099009901,1
80,0.2,3.0,3,chi-squared (Akhtar et al. 2019),5339.426835544281,0.0,1
80,0.2,3.0,3,GMM clustering (Checco/Mignemi),1.0,0.004975124378109453,1
80,0.2,3.0,4,apunim,-0.1406784769165167,1.9661076808975155e-31,1
80,0.2,3.0,4,Krippendorff delta-alpha,0.013072057981177942,0.004975124378109453,1
80,0.2,3.0,4,aposteriori unimodality (2024),0.022988505747126436,0.009900990099009901,1
80,0.2,3.0,4,chi-squared (Akhtar et al. 2019),5450.6018971740195,0.0,1
80,0.2,3.0,4,GMM clustering (Checco/Mignemi),1.0,0.004975124378109453,1
80,0.2,3.0,5,apunim,-0.1305248754170042,4.71620479544869e-30,1
80,0.2,3.0,5,Krippendorff delta-alpha,0.01121703320371964,0.004975124378109453,1
80,0.2,3.0,5,aposteriori unimodality (2024),0.04597701149425287,0.009900990099009901,1
80,0.2,3.0,5,chi-squared (Akhtar et al. 2019),5643.587404508913,0.0,1
80,0.2,3.0,5,GMM clustering (Checco/Mignemi),1.0,0.004975124378109453,1
80,0.2,3.0,6,apunim,-0.09622958242685416,6.994390191743298e-31,1
80,0.2,3.0,6,Krippendorff delta-alpha,0.010389971247499297,0.004975124378109453,1
80,0.2,3.0,6,aposteriori unimodality (2024),0.07262569832402235,0.009900990099009901,1
80,0.2,3.0,6,chi-squared (Akhtar et al. 2019),5719.097600221352,0.0,1
80,0.2,3.0,6,GMM clustering (Checco/Mignemi),1.0,0.004975124378109453,1
80,0.2,3.0,7,apunim,-0.12723784013161948,2.1941126599154088e-33,1
80,0.2,3.0,7,Krippendorff delta-alpha,0.007892976087159664,0.009950248756218905,1
80,0.2,3.0,7,aposteriori unimodality (2024),0.03333333333333333,0.009900990099009901,1
80,0.2,3.0,7,chi-squared (Akhtar et al. 2019),5279.058275736536,0.0,1
80,0.2,3.0,7,GMM clustering (Checco/Mignemi),1.0,0.004975124378109453,1
80,0.2,3.0,8,apunim,-0.13091471434471666,1.9182198901781294e-31,1
80,0.2,3.0,8,Krippendorff delta-alpha,0.006855700717126545,0.009950248756218905,1
80,0.2,3.0,8,aposteriori unimodality (2024),0.03260869565217391,0.009900990099009901,1
80,0.2,3.0,8,chi-squared (Akhtar et al. 2019),5337.907874936898,0.0,1
80,0.2,3.0,8,GMM clustering (Checco/Mignemi),1.0,0.004975124378109453,1
80,0.2,3.0,9,apunim,-0.1253357767779511,2.577194819358921e-32,1
80,0.2,3.0,9,Krippendorff delta-alpha,0.009042747672558304,0.004975124378109453,1
80,0.2,3.0,9,aposteriori unimodality (2024),0.0449438202247191,0.009900990099009901,1
80,0.2,3.0,9,chi-squared (Akhtar et al. 2019),5539.40976031691,0.0,1
80,0.2,3.0,9,GMM clustering (Checco/Mignemi),1.0,0.004975124378109453,1
80,0.2,3.0,10,apunim,-0.14311121255555573,2.4813198768899568e-34,1
80,0.2,3.0,10,Krippendorff delta-alpha,0.006832029050117094,0.01990049751243781,1
80,0.2,3.0,10,aposteriori unimodality (2024),0.023668639053254437,0.009900990099009901,1
80,0.2,3.0,10,chi-squared (Akhtar et al. 2019),5472.521551297847,0.0,1
80,0.2,3.0,10,GMM clustering (Checco/Mignemi),1.0,0.004975124378109453,1
80,0.2,3.0,11,apunim,-0.1368364717367658,6.945809142759946e-29,1
80,0.2,3.0,11,Krippendorff delta-alpha,0.0067507607868679265,0.009950248756218905,1
80,0.2,3.0,11,aposteriori unimodality (2024),0.027624309392265192,0.009900990099009901,1
80,0.2,3.0,11,chi-squared (Akhtar et al. 2019),5361.5162412697155,0.0,1
80,0.2,3.0,11,GMM clustering (Checco/Mignemi),1.0,0.004975124378109453,1
80,0.2,3.0,12,apunim,-0.12154664886372611,1.3876501140284606e-30,1
80,0.2,3.0,12,Krippendorff delta-alpha,0.004692917805130314,0.009950248756218905,1
80,0.2,3.0,12,aposteriori unimodality (2024),0.027777777777777776,0.009900990099009901,1
80,0.2,3.0,12,chi-squared (Akhtar et al. 2019),5589.8236399461275,0.0,1
80,0.2,3.0,12,GMM clustering (Checco/Mignemi),1.0,0.004975124378109453,1
80,0.2,3.0,13,apunim,-0.13469434933818986,4.1603956482709174e-33,1
80,0.2,3.0,13,Krippendorff delta-alpha,0.01589916986895895,0.004975124378109453,1
80,0.2,3.0,13,aposteriori unimodality (2024),0.01675977653631285,0.009900990099009901,1
80,0.2,3.0,13,chi-squared (Akhtar et al. 2019),5703.158374960927,0.0,1
80,0.2,3.0,13,GMM clustering (Checco/Mignemi),1.0,0.004975124378109453,1
80,0.2,3.0,14,apunim,-0.14782264329556025,9.090375322097006e-36,1
80,0.2,3.0,14,Krippendorff delta-alpha,0.007961334194698577,0.004975124378109453,1
80,0.2,3.0,14,aposteriori unimodality (2024),0.02824858757062147,0.009900990099009901,1
80,0.2,3.0,14,chi-squared (Akhtar et al. 2019),5513.789998550982,0.0,1
80,0.2,3.0,14,GMM clustering (Checco/Mignemi),1.0,0.004975124378109453,1
80,0.2,3.0,15,apunim,-0.11667850580258832,1.2911952430171913e-28,1
80,0.2,3.0,15,Krippendorff delta-alpha,0.013322693462163748,0.004975124378109453,1
80,0.2,3.0,15,aposteriori unimodality (2024),0.017045454545454544,0.009900990099009901,1
80,0.2,3.0,15,chi-squared (Akhtar et al. 2019),5537.552232714321,0.0,1
80,0.2,3.0,15,GMM clustering (Checco/Mignemi),1.0,0.004975124378109453,1
80,0.2,3.0,16,apunim,-0.1433856120511841,7.320521269545804e-33,1
80,0.2,3.0,16,Krippendorff delta-alpha,0.01210999920502076,0.004975124378109453,1
80,0.2,3.0,16,aposteriori unimodality (2024),0.017045454545454544,0.009900990099009901,1
80,0.2,3.0,16,chi-squared (Akhtar et al. 2019),5612.913625817327,0.0,1
80,0.2,3.0,16,GMM clustering (Checco/Mignemi),1.0,0.004975124378109453,1
80,0.2,3.0,17,apunim,-0.12420572399495794,1.5970593410371236e-27,1
80,0.2,3.0,17,Krippendorff delta-alpha,0.012657715675054582,0.004975124378109453,1
80,0.2,3.0,17,aposteriori unimodality (2024),0.0335195530726257,0.009900990099009901,1
80,0.2,3.0,17,chi-squared (Akhtar et al. 2019),5422.49100785436,0.0,1
80,0.2,3.0,17,GMM clustering (Checco/Mignemi),1.0,0.004975124378109453,1
80,0.2,3.0,18,apunim,-0.1264421246758634,1.4285315912842916e-32,1
80,0.2,3.0,18,Krippendorff delta-alpha,0.016982710254639433,0.004975124378109453,1
80,0.2,3.0,18,aposteriori unimodality (2024),0.038461538461538464,0.009900990099009901,1
80,0.2,3.0,18,chi-squared (Akhtar et al. 2019),5648.400080451485,0.0,1
80,0.2,3.0,18,GMM clustering (Checco/Mignemi),1.0,0.004975124378109453,1
80,0.2,3.0,19,apunim,-0.10133459734874507,3.238256798996615e-34,1
80,0.2,3.0,19,Krippendorff delta-alpha,0.009913293255632283,0.009950248756218905,1
80,0.2,3.0,19,aposteriori unimodality (2024),0.046242774566473986,0.009900990099009901,1
80,0.2,3.0,19,chi-squared (Akhtar et al. 2019),5715.483481203606,0.0,1
80,0.2,3.0,19,GMM clustering (Checco/Mignemi),1.0,0.004975124378109453,1
80,0.2,3.0,20,apunim,-0.13759194370680283,7.195446714107683e-39,1
80,0.2,3.0,20,Krippendorff delta-alpha,0.012527414264014047,0.004975124378109453,1
80,0.2,3.0,20,aposteriori unimodality (2024),0.016853932584269662,0.009900990099009901,1
80,0.2,3.0,20,chi-squared (Akhtar et al. 2019),5590.133286629922,0.0,1
80,0.2,3.0,20,GMM clustering (Checco/Mignemi),1.0,0.004975124378109453,1
80,0.2,3.0,21,apunim,-0.13217079806982987,3.74438397058243e-33,1
80,0.2,3.0,21,Krippendorff delta-alpha,0.008783119865568456,0.009950248756218905,1
80,0.2,3.0,21,aposteriori unimodality (2024),0.0446927374301676,0.009900990099009901,1
80,0.2,3.0,21,chi-squared (Akhtar et al. 2019),5547.063874780706,0.0,1
80,0.2,3.0,21,GMM clustering (Checco/Mignemi),1.0,0.004975124378109453,1
80,0.2,3.0,22,apunim,-0.12427100616564049,4.3886975256476906e-29,1
80,0.2,3.0,22,Krippendorff delta-alpha,0.012392229695581514,0.004975124378109453,1
80,0.2,3.0,22,aposteriori unimodality (2024),0.027624309392265192,0.009900990099009901,1
80,0.2,3.0,22,chi-squared (Akhtar et al. 2019),5593.654127753339,0.0,1
80,0.2,3.0,22,GMM clustering (Checco/Mignemi),1.0,0.004975124378109453,1
80,0.2,3.0,23,apunim,-0.136848742502535,1.0171631824084376e-32,1
80,0.2,3.0,23,Krippendorff delta-alpha,0.007209197177645066,0.004975124378109453,1
80,0.2,3.0,23,aposteriori unimodality (2024),0.05649717514124294,0.009900990099009901,1
80,0.2,3.0,23,chi-squared (Akhtar et al. 2019),5457.9936434840465,0.0,1
80,0.2,3.0,23,GMM clustering (Checco/Mignemi),1.0,0.004975124378109453,1
80,0.2,3.0,24,apunim,-0.1332238857970223,4.6211643986093385e-30,1
80,0.2,3.0,24,Krippendorff delta-alpha,0.0007060283169345594,0.04975124378109453,1
80,0.2,3.0,24,aposteriori unimodality (2024),0.022727272727272728,0.009900990099009901,1
80,0.2,3.0,24,chi-squared (Akhtar et al. 2019),5568.120689076382,0.0,1
80,0.2,3.0,24,GMM clustering (Checco/Mignemi),1.0,0.004975124378109453,1
80,0.2,3.0,25,apunim,-0.12808151469164777,1.5430901287132342e-33,1
80,0.2,3.0,25,Krippendorff delta-alpha,0.00534380649838917,0.009950248756218905,1
80,0.2,3.0,25,aposteriori unimodality (2024),0.06417112299465241,0.009900990099009901,1
80,0.2,3.0,25,chi-squared (Akhtar et al. 2019),5559.976024221232,0.0,1
80,0.2,3.0,25,GMM clustering (Checco/Mignemi),1.0,0.004975124378109453,1
80,0.2,3.0,26,apunim,-0.13704013786797284,7.030378354742798e-31,1
80,0.2,3.0,26,Krippendorff delta-alpha,0.009993295720507167,0.004975124378109453,1
80,0.2,3.0,26,aposteriori unimodality (2024),0.027777777777777776,0.009900990099009901,1
80,0.2,3.0,26,chi-squared (Akhtar et al. 2019),5457.9864644114605,0.0,1
80,0.2,3.0,26,GMM clustering (Checco/Mignemi),1.0,0.004975124378109453,1
80,0.2,3.0,27,apunim,-0.14248535947294402,9.032777408620766e-34,1
80,0.2,3.0,27,Krippendorff delta-alpha,0.012190679792110581,0.004975124378109453,1
80,0.2,3.0,27,aposteriori unimodality (2024),0.022222222222222223,0.009900990099009901,1
80,0.2,3.0,27,chi-squared (Akhtar et al. 2019),5497.628886492153,0.0,1
80,0.2,3.0,27,GMM clustering (Checco/Mignemi),1.0,0.004975124378109453,1
80,0.2,3.0,28,apunim,-0.13905479727370154,5.150611396881816e-32,1
80,0.2,3.0,28,Krippendorff delta-alpha,0.013725317525884628,0.004975124378109453,1
80,0.2,3.0,28,aposteriori unimodality (2024),0.016853932584269662,0.009900990099009901,1
80,0.2,3.0,28,chi-squared (Akhtar et al. 2019),5556.905088530929,0.0,1
80,0.2,3.0,28,GMM clustering (Checco/Mignemi),1.0,0.004975124378109453,1
80,0.2,3.0,29,apunim,-0.14344835703132014,1.3397665977262059e-36,1
80,0.2,3.0,29,Krippendorff delta-alpha,0.003683829099762115,0.024875621890547265,1
80,0.2,3.0,29,aposteriori unimodality (2024),0.0335195530726257,0.009900990099009901,1
80,0.2,3.0,29,chi-squared (Akhtar et al. 2019),5518.966022710536,0.0,1
80,0.2,3.0,29,GMM clustering (Checco/Mignemi),1.0,0.004975124378109453,1
80,0.2,3.0,30,apunim,-0.08450025669966234,2.9793602309580906e-27,1
80,0.2,3.0,30,Krippendorff delta-alpha,0.01232248366761629,0.004975124378109453,1
80,0.2,3.0,30,aposteriori unimodality (2024),0.04142011834319527,0.009900990099009901,1
80,0.2,3.0,30,chi-squared (Akhtar et al. 2019),5468.127867520266,0.0,1
80,0.2,3.0,30,GMM clustering (Checco/Mignemi),1.0,0.004975124378109453,1
80,0.2,3.0,31,apunim,-0.11521367250019218,2.7900039283359294e-30,1
80,0.2,3.0,31,Krippendorff delta-alpha,0.009764548648182436,0.004975124378109453,1
80,0.2,3.0,31,aposteriori unimodality (2024),0.03488372093023256,0.009900990099009901,1
80,0.2,3.0,31,chi-squared (Akhtar et al. 2019),5389.787961031447,0.0,1
80,0.2,3.0,31,GMM clustering (Checco/Mignemi),1.0,0.004975124378109453,1
80,0.2,3.0,32,apunim,-0.13189028060046168,1.5869086570106068e-30,1
80,0.2,3.0,32,Krippendorff delta-alpha,0.013187626453940782,0.004975124378109453,1
80,0.2,3.0,32,aposteriori unimodality (2024),0.022598870056497175,0.009900990099009901,1
80,0.2,3.0,32,chi-squared (Akhtar et al. 2019),5459.559194982571,0.0,1
80,0.2,3.0,32,GMM clustering (Checco/Mignemi),1.0,0.004975124378109453,1
80,0.2,3.0,33,apunim,-0.12066564589459458,7.861797050362079e-29,1
80,0.2,3.0,33,Krippendorff delta-alpha,0.00644744752762999,0.009950248756218905,1
80,0.2,3.0,33,aposteriori unimodality (2024),0.023529411764705882,0.009900990099009901,1
80,0.2,3.0,33,chi-squared (Akhtar et al. 2019),5561.06922972061,0.0,1
80,0.2,3.0,33,GMM clustering (Checco/Mignemi),1.0,0.004975124378109453,1
80,0.2,3.0,34,apunim,-0.13773431484688142,1.3664196021465649e-33,1
80,0.2,3.0,34,Krippendorff delta-alpha,0.006885138550242809,0.004975124378109453,1
80,0.2,3.0,34,aposteriori unimodality (2024),0.04519774011299435,0.009900990099009901,1
80,0.2,3.0,34,chi-squared (Akhtar et al. 2019),5491.233464158767,0.0,1
80,0.2,3.0,34,GMM clustering (Checco/Mignemi),1.0,0.004975124378109453,1
80,0.2,3.0,35,apunim,-0.13015784458146,1.2562278759384168e-30,1
80,0.2,3.0,35,Krippendorff delta-alpha,0.014668272444694264,0.004975124378109453,1
80,0.2,3.0,35,aposteriori unimodality (2024),0.045454545454545456,0.009900990099009901,1
80,0.2,3.0,35,chi-squared (Akhtar et al. 2019),5446.043674633718,0.0,1
80,0.2,3.0,35,GMM clustering (Checco/Mignemi),1.0,0.004975124378109453,1
80,0.2,3.0,36,apunim,-0.13876800281749635,5.101563909025785e-32,1
80,0.2,3.0,36,Krippendorff delta-alpha,0.004634805552599319,0.014925373134328358,1
80,0.2,3.0,36,aposteriori unimodality (2024),0.021505376344086023,0.009900990099009901,1
80,0.2,3.0,36,chi-squared (Akhtar et al. 2019),5538.207051011821,0.0,1
80,0.2,3.0,36,GMM clustering (Checco/Mignemi),1.0,0.004975124378109453,1
80,0.2,3.0,37,apunim,-0.13861662283696027,1.234574473747782e-34,1
80,0.2,3.0,37,Krippendorff delta-alpha,0.008448803177391329,0.004975124378109453,1
80,0.2,3.0,37,aposteriori unimodality (2024),0.06285714285714286,0.009900990099009901,1
80,0.2,3.0,37,chi-squared (Akhtar et al. 2019),5588.659161416495,0.0,1
80,0.2,3.0,37,GMM clustering (Checco/Mignemi),1.0,0.004975124378109453,1
80,0.2,3.0,38,apunim,-0.12484403641280334,1.2449854465032173e-24,1
80,0.2,3.0,38,Krippendorff delta-alpha,0.014919080634938964,0.004975124378109453,1
80,0.2,3.0,38,aposteriori unimodality (2024),0.03529411764705882,0.009900990099009901,1
80,0.2,3.0,38,chi-squared (Akhtar et al. 2019),5301.511189674794,0.0,1
80,0.2,3.0,38,GMM clustering (Checco/Mignemi),1.0,0.004975124378109453,1
80,0.2,3.0,39,apunim,-0.13802477104799835,1.9578120955544727e-32,1
80,0.2,3.0,39,Krippendorff delta-alpha,0.002473308127727669,0.024875621890547265,1
80,0.2,3.0,39,aposteriori unimodality (2024),0.005780346820809248,0.06930693069306931,0
80,0.2,3.0,39,chi-squared (Akhtar et al. 2019),5596.248822924057,0.0,1
80,0.2,3.0,39,GMM clustering (Checco/Mignemi),1.0,0.004975124378109453,1
20,0.5,0.0,0,apunim,-0.05143207419545911,0.0004352570847314081,1
20,0.5,0.0,0,Krippendorff delta-alpha,-0.001878798259806247,0.6517412935323383,0
20,0.5,0.0,0,aposteriori unimodality (2024),0.0,1.0,0
20,0.5,0.0,0,chi-squared (Akhtar et al. 2019),1.0384163381048428,0.9039159384587513,0
20,0.5,0.0,0,GMM clustering (Checco/Mignemi),-0.017306652244456464,1.0,0
20,0.5,0.0,1,apunim,0.05632718731269876,1.3823648058573698e-05,1
20,0.5,0.0,1,Krippendorff delta-alpha,-0.004767307856108238,0.8009950248756219,0
20,0.5,0.0,1,aposteriori unimodality (2024),0.0,1.0,0
20,0.5,0.0,1,chi-squared (Akhtar et al. 2019),3.9996296780922225,0.40605596965007273,0
20,0.5,0.0,1,GMM clustering (Checco/Mignemi),-0.017306652244456464,1.0,0
20,0.5,0.0,2,apunim,0.05390992508162663,6.663933050358446e-06,1
20,0.5,0.0,2,Krippendorff delta-alpha,-0.005610285545461724,0.8507462686567164,0
20,0.5,0.0,2,aposteriori unimodality (2024),0.0,1.0,0
20,0.5,0.0,2,chi-squared (Akhtar et al. 2019),2.680706151432967,0.6125949852233893,0
20,0.5,0.0,2,GMM clustering (Checco/Mignemi),0.03997779011660189,0.4427860696517413,0
20,0.5,0.0,3,apunim,0.040461884230905965,0.0039190469082857685,1
20,0.5,0.0,3,Krippendorff delta-alpha,0.00680670858077137,0.11940298507462686,0
20,0.5,0.0,3,aposteriori unimodality (2024),0.0,1.0,0
20,0.5,0.0,3,chi-squared (Akhtar et al. 2019),5.562442179302881,0.2342950424689262,0
20,0.5,0.0,3,GMM clustering (Checco/Mignemi),-0.017306652244456464,1.0,0
20,0.5,0.0,4,apunim,0.042255588018278806,0.0005178435214143811,1
20,0.5,0.0,4,Krippendorff delta-alpha,0.002261271492461303,0.3283582089552239,0
20,0.5,0.0,4,aposteriori unimodality (2024),0.0,1.0,0
20,0.5,0.0,4,chi-squared (Akhtar et al. 2019),2.0349701764760697,0.7293268027639073,0
20,0.5,0.0,4,GMM clustering (Checco/Mignemi),-0.011086474501108648,0.6716417910447762,0
20,0.5,0.0,5,apunim,0.0601470212813835,1.8427644604693579e-06,1
20,0.5,0.0,5,Krippendorff delta-alpha,-0.00010377542172618215,0.5223880597014925,0
20,0.5,0.0,5,aposteriori unimodality (2024),0.0,1.0,0
20,0.5,0.0,5,chi-squared (Akhtar et al. 2019),3.1309484805394163,0.536155584874799,0
20,0.5,0.0,5,GMM clustering (Checco/Mignemi),-0.03980099502487562,1.0,0
20,0.5,0.0,6,apunim,-0.01864212433977545,0.3973137170589944,0
20,0.5,0.0,6,Krippendorff delta-alpha,-0.01220085064796611,0.9900497512437811,0
20,0.5,0.0,6,aposteriori unimodality (2024),0.0064516129032258064,0.1782178217821782,0
20,0.5,0.0,6,chi-squared (Akhtar et al. 2019),1.0556014961549403,0.9012510130723486,0
20,0.5,0.0,6,GMM clustering (Checco/Mignemi),-0.03980099502487562,1.0,0
20,0.5,0.0,7,apunim,-0.03744269172748579,0.004899082891628923,1
20,0.5,0.0,7,Krippendorff delta-alpha,-0.004349503113951103,0.8407960199004975,0
20,0.5,0.0,7,aposteriori unimodality (2024),0.011834319526627219,0.04950495049504951,1
20,0.5,0.0,7,chi-squared (Akhtar et al. 2019),3.1823041437476287,0.5277938644898674,0
20,0.5,0.0,7,GMM clustering (Checco/Mignemi),-0.004405286343612335,0.5621890547263682,0
20,0.5,0.0,8,apunim,-0.03894135234293256,0.021702831867497642,1
20,0.5,0.0,8,Krippendorff delta-alpha,0.0014095196355536355,0.32338308457711445,0
20,0.5,0.0,8,aposteriori unimodality (2024),0.0,1.0,0
20,0.5,0.0,8,chi-squared (Akhtar et al. 2019),13.918160035179557,0.007560888266737635,1
20,0.5,0.0,8,GMM clustering (Checco/Mignemi),0.1211453744493392,0.208955223880597,0
20,0.5,0.0,9,apunim,0.04029745152706084,0.005793347861286749,1
20,0.5,0.0,9,Krippendorff delta-alpha,-0.0022709456417687734,0.5970149253731343,0
20,0.5,0.0,9,aposteriori unimodality (2024),0.0,1.0,0
20,0.5,0.0,9,chi-squared (Akhtar et al. 2019),1.8041632896714437,0.7717205658212162,0
20,0.5,0.0,9,GMM clustering (Checco/Mignemi),-0.017306652244456464,1.0,0
20,0.5,0.0,10,apunim,-0.02750631960993299,0.16155653983647783,0
20,0.5,0.0,10,Krippendorff delta-alpha,-0.003736057216905342,0.7512437810945274,0
20,0.5,0.0,10,aposteriori unimodality (2024),0.0,1.0,0
20,0.5,0.0,10,chi-squared (Akhtar et al. 2019),4.439506758392087,0.34978079773589743,0
20,0.5,0.0,10,GMM clustering (Checco/Mignemi),-0.04441976679622432,1.0,0
20,0.5,0.0,11,apunim,-0.013053887474487377,0.9639884274470977,0
20,0.5,0.0,11,Krippendorff delta-alpha,-0.0041089407594835925,0.7761194029850746,0
20,0.5,0.0,11,aposteriori unimodality (2024),0.0,1.0,0
20,0.5,0.0,11,chi-squared (Akhtar et al. 2019),4.456576163263528,0.3477275213291511,0
20,0.5,0.0,11,GMM clustering (Checco/Mignemi),0.0,1.0,0
20,0.5,0.0,12,apunim,0.06895364165007385,5.271961066591194e-08,1
20,0.5,0.0,12,Krippendorff delta-alpha,0.00033159449033937083,0.5323383084577115,0
20,0.5,0.0,12,aposteriori unimodality (2024),0.0,1.0,0
20,0.5,0.0,12,chi-squared (Akhtar et al. 2019),1.799029950477908,0.7726598254332336,0
20,0.5,0.0,12,GMM clustering (Checco/Mignemi),-0.011086474501108648,0.6268656716417911,0
20,0.5,0.0,13,apunim,-0.02216154159781981,0.13033671171351813,0
20,0.5,0.0,13,Krippendorff delta-alpha,0.001762265986122391,0.35323383084577115,0
20,0.5,0.0,13,aposteriori unimodality (2024),0.0,1.0,0
20,0.5,0.0,13,chi-squared (Akhtar et al. 2019),2.847482864228865,0.58366444631394,0
20,0.5,0.0,13,GMM clustering (Checco/Mignemi),-0.017306652244456464,1.0,0
20,0.5,0.0,14,apunim,-0.03135133334320438,0.10001359041963634,0
20,0.5,0.0,14,Krippendorff delta-alpha,0.00039228210782665807,0.48756218905472637,0
20,0.5,0.0,14,aposteriori unimodality (2024),0.005988023952095809,0.26732673267326734,0
20,0.5,0.0,14,chi-squared (Akhtar et al. 2019),1.9377799622516267,0.7472017436157445,0
20,0.5,0.0,14,GMM clustering (Checco/Mignemi),-0.030684931506849315,1.0,0
20,0.5,0.0,15,apunim,-0.0668131998596026,7.556660119857146e-08,1
20,0.5,0.0,15,Krippendorff delta-alpha,0.004028920996767771,0.23383084577114427,0
20,0.5,0.0,15,aposteriori unimodality (2024),0.0,1.0,0
20,0.5,0.0,15,chi-squared (Akhtar et al. 2019),4.0552269684768385,0.39858328592815456,0
20,0.5,0.0,15,GMM clustering (Checco/Mignemi),0.006535947712418301,0.6169154228855721,0
20,0.5,0.0,16,apunim,0.026728658189992635,0.09883527484165569,0
20,0.5,0.0,16,Krippendorff delta-alpha,0.003410123411517585,0.24378109452736318,0
20,0.5,0.0,16,aposteriori unimodality (2024),0.006172839506172839,0.25742574257425743,0
20,0.5,0.0,16,chi-squared (Akhtar et al. 2019),6.418135838758079,0.17002212675509087,0
20,0.5,0.0,16,GMM clustering (Checco/Mignemi),0.11529933481152993,0.1890547263681592,0
20,0.5,0.0,17,apunim,0.07202684379095461,1.7763477203082462e-07,1
20,0.5,0.0,17,Krippendorff delta-alpha,0.00284790495521009,0.2935323383084577,0
20,0.5,0.0,17,aposteriori unimodality (2024),0.0,1.0,0
20,0.5,0.0,17,chi-squared (Akhtar et al. 2019),6.014835918526328,0.19804305433866276,0
20,0.5,0.0,17,GMM clustering (Checco/Mignemi),-0.04441976679622432,1.0,0
20,0.5,0.0,18,apunim,-0.06387891467404493,3.366030918492833e-06,1
20,0.5,0.0,18,Krippendorff delta-alpha,0.006558578328402009,0.14925373134328357,0
20,0.5,0.0,18,aposteriori unimodality (2024),0.0,1.0,0
20,0.5,0.0,18,chi-squared (Akhtar et al. 2019),6.279380170582057,0.1792329076463211,0
20,0.5,0.0,18,GMM clustering (Checco/Mignemi),0.11333333333333333,0.19900497512437812,0
20,0.5,0.0,19,apunim,0.02219705569493423,0.20572813722704403,0
20,0.5,0.0,19,Krippendorff delta-alpha,0.0005384035199117454,0.43781094527363185,0
20,0.5,0.0,19,aposteriori unimodality (2024),0.0,1.0,0
20,0.5,0.0,19,chi-squared (Akhtar et al. 2019),5.0673225834461775,0.2804592712299245,0
20,0.5,0.0,19,GMM clustering (Checco/Mignemi),0.0526027397260274,0.30845771144278605,0
20,0.5,0.0,20,apunim,-0.038513228978492235,0.007604696974846683,1
20,0.5,0.0,20,Krippendorff delta-alpha,-0.007416410542467722,0.8905472636815921,0
20,0.5,0.0,20,aposteriori unimodality (2024),0.0,1.0,0
20,0.5,0.0,20,chi-squared (Akhtar et al. 2019),1.1331371631880558,0.8889796176586031,0
20,0.5,0.0,20,GMM clustering (Checco/Mignemi),-0.004405286343612335,0.6318407960199005,0
20,0.5,0.0,21,apunim,-0.006667731481888053,1.0,0
20,0.5,0.0,21,Krippendorff delta-alpha,0.007944713945753301,0.09950248756218906,0
20,0.5,0.0,21,aposteriori unimodality (2024),0.0,1.0,0
20,0.5,0.0,21,chi-squared (Akhtar et al. 2019),9.264185860153425,0.0548248450477633,0
20,0.5,0.0,21,GMM clustering (Checco/Mignemi),0.02145922746781116,0.46766169154228854,0
20,0.5,0.0,22,apunim,-0.034559981150186374,0.006129065341229822,1
20,0.5,0.0,22,Krippendorff delta-alpha,0.007569402224121224,0.05472636815920398,0
20,0.5,0.0,22,aposteriori unimodality (2024),0.005813953488372093,0.24752475247524752,0
20,0.5,0.0,22,chi-squared (Akhtar et al. 2019),3.182563561984309,0.5277518263813903,0
20,0.5,0.0,22,GMM clustering (Checco/Mignemi),-0.019313304721030045,1.0,0
20,0.5,0.0,23,apunim,0.09458232864071689,1.3184824397931578e-11,1
20,0.5,0.0,23,Krippendorff delta-alpha,-0.003997186742511649,0.7711442786069652,0
20,0.5,0.0,23,aposteriori unimodality (2024),0.0,1.0,0
20,0.5,0.0,23,chi-squared (Akhtar et al. 2019),0.9321747157814947,0.919900132080762,0
20,0.5,0.0,23,GMM clustering (Checco/Mignemi),-0.034858387799564274,1.0,0
20,0.5,0.0,24,apunim,-0.05647612975170937,9.866396099110063e-06,1
20,0.5,0.0,24,Krippendorff delta-alpha,0.00331241001499033,0.27860696517412936,0
20,0.5,0.0,24,aposteriori unimodality (2024),0.0,1.0,0
20,0.5,0.0,24,chi-squared (Akhtar et al. 2019),7.476756440114577,0.11273861395649998,0
20,0.5,0.0,24,GMM clustering (Checco/Mignemi),-0.046255506607929514,1.0,0
20,0.5,0.0,25,apunim,0.028955662746497697,0.06495754248089637,0
20,0.5,0.0,25,Krippendorff delta-alpha,-0.007915497376685787,0.9502487562189055,0
20,0.5,0.0,25,aposteriori unimodality (2024),0.00625,0.22772277227722773,0
20,0.5,0.0,25,chi-squared (Akhtar et al. 2019),0.9901772210261872,0.9112817680760855,0
20,0.5,0.0,25,GMM clustering (Checco/Mignemi),-0.019313304721030045,1.0,0
20,0.5,0.0,26,apunim,0.024421268504156816,0.0678054976367711,0
20,0.5,0.0,26,Krippendorff delta-alpha,0.003400284143841359,0.23383084577114427,0
20,0.5,0.0,26,aposteriori unimodality (2024),0.0,1.0,0
20,0.5,0.0,26,chi-squared (Akhtar et al. 2019),0.3924724265771849,0.9830885568786129,0
20,0.5,0.0,26,GMM clustering (Checco/Mignemi),-0.017306652244456464,1.0,0
20,0.5,0.0,27,apunim,-0.03812141853068893,0.012011441239152296,1
20,0.5,0.0,27,Krippendorff delta-alpha,0.0002664681173193961,0.5174129353233831,0
20,0.5,0.0,27,aposteriori unimodality (2024),0.0,1.0,0
20,0.5,0.0,27,chi-squared (Akhtar et al. 2019),1.8855589851733547,0.7567973091984522,0
20,0.5,0.0,27,GMM clustering (Checco/Mignemi),-0.05321507760532151,1.0,0
20,0.5,0.0,28,apunim,0.06667801905499218,3.344445454106327e-08,1
20,0.5,0.0,28,Krippendorff delta-alpha,0.00599291764052845,0.1044776119402985,0
20,0.5,0.0,28,aposteriori unimodality (2024),0.0,1.0,0
20,0.5,0.0,28,chi-squared (Akhtar et al. 2019),1.097931634236785,0.8946002364848541,0
20,0.5,0.0,28,GMM clustering (Checco/Mignemi),-0.04441976679622432,1.0,0
20,0.5,0.0,29,apunim,0.040882393266856734,0.003547917079142959,1
20,0.5,0.0,29,Krippendorff delta-alpha,0.005038554984339139,0.16417910447761194,0
20,0.5,0.0,29,aposteriori unimodality (2024),0.0,1.0,0
20,0.5,0.0,29,chi-squared (Akhtar et al. 2019),3.080366059040418,0.5444675729356812,0
20,0.5,0.0,29,GMM clustering (Checco/Mignemi),-0.030684931506849315,1.0,0
20,0.5,0.0,30,apunim,-0.039868496925027926,0.006370570200910549,1
20,0.5,0.0,30,Krippendorff delta-alpha,0.0082280918854159,0.05970149253731343,0
20,0.5,0.0,30,aposteriori unimodality (2024),0.0,1.0,0
20,0.5,0.0,30,chi-squared (Akhtar et al. 2019),2.8283685961505585,0.5869457791751737,0
20,0.5,0.0,30,GMM clustering (Checco/Mignemi),-0.030684931506849315,1.0,0
20,0.5,0.0,31,apunim,-0.09220836726253219,7.717159219712016e-12,1
20,0.5,0.0,31,Krippendorff delta-alpha,0.006815972096906653,0.15920398009950248,0
20,0.5,0.0,31,aposteriori unimodality (2024),0.0,1.0,0
20,0.5,0.0,31,chi-squared (Akhtar et al. 2019),1.8762600968561898,0.7585045869930807,0
20,0.5,0.0,31,GMM clustering (Checco/Mignemi),-0.004405286343612335,0.5671641791044776,0
20,0.5,0.0,32,apunim,-0.04370011914033878,0.010400860686682362,1
20,0.5,0.0,32,Krippendorff delta-alpha,-0.0024633506972852603,0.6915422885572139,0
20,0.5,0.0,32,aposteriori unimodality (2024),0.0,1.0,0
20,0.5,0.0,32,chi-squared (Akhtar et al. 2019),3.845305459319831,0.4273460994421018,0
20,0.5,0.0,32,GMM clustering (Checco/Mignemi),-0.011086474501108648,0.7064676616915423,0
20,0.5,0.0,33,apunim,-0.0572332261843275,3.245229177489635e-05,1
20,0.5,0.0,33,Krippendorff delta-alpha,0.004455278712893251,0.21393034825870647,0
20,0.5,0.0,33,aposteriori unimodality (2024),0.005917159763313609,0.16831683168316833,0
20,0.5,0.0,33,chi-squared (Akhtar et al. 2019),0.8254919183388835,0.9349982139543993,0
20,0.5,0.0,33,GMM clustering (Checco/Mignemi),-0.034858387799564274,1.0,0
20,0.5,0.0,34,apunim,0.09314511601790533,1.6655144936289815e-11,1
20,0.5,0.0,34,Krippendorff delta-alpha,-0.0036628758582736842,0.7711442786069652,0
20,0.5,0.0,34,aposteriori unimodality (2024),0.0,1.0,0
20,0.5,0.0,34,chi-squared (Akhtar et al. 2019),3.9941967984327116,0.40679179735052895,0
20,0.5,0.0,34,GMM clustering (Checco/Mignemi),0.0,1.0,0
20,0.5,0.0,35,apunim,-0.04998674741016848,0.00021424239743932623,1
20,0.5,0.0,35,Krippendorff delta-alpha,-0.003287667215870038,0.7562189054726368,0
20,0.5,0.0,35,aposteriori unimodality (2024),0.0,1.0,0
20,0.5,0.0,35,chi-squared (Akhtar et al. 2019),2.148272925848277,0.7085096792701139,0
20,0.5,0.0,35,GMM clustering (Checco/Mignemi),-0.017306652244456464,1.0,0
20,0.5,0.0,36,apunim,0.021399082868194672,0.15547612414902096,0
20,0.5,0.0,36,Krippendorff delta-alpha,-0.00024952286365176324,0.44776119402985076,0
20,0.5,0.0,36,aposteriori unimodality (2024),0.005714285714285714,0.12871287128712872,0
20,0.5,0.0,36,chi-squared (Akhtar et al. 2019),8.289605535853394,0.08152743137452298,0
20,0.5,0.0,36,GMM clustering (Checco/Mignemi),0.03997779011660189,0.2935323383084577,0
20,0.5,0.0,37,apunim,0.029979469877061224,0.026235100705330177,1
20,0.5,0.0,37,Krippendorff delta-alpha,0.006178839644471135,0.15920398009950248,0
20,0.5,0.0,37,aposteriori unimodality (2024),0.0,1.0,0
20,0.5,0.0,37,chi-squared (Akhtar et al. 2019),6.749585220968492,0.14972821997787455,0
20,0.5,0.0,37,GMM clustering (Checco/Mignemi),-0.011086474501108648,0.6417910447761194,0
20,0.5,0.0,38,apunim,-0.043248799627270545,0.0018560522334439438,1
20,0.5,0.0,38,Krippendorff delta-alpha,0.005857905558328824,0.14427860696517414,0
20,0.5,0.0,38,aposteriori unimodality (2024),0.005780346820809248,0.25742574257425743,0
20,0.5,0.0,38,chi-squared (Akhtar et al. 2019),0.9030229926048468,0.924126722149811,0
20,0.5,0.0,38,GMM clustering (Checco/Mignemi),-0.013333333333333334,0.7263681592039801,0
20,0.5,0.0,39,apunim,-0.05293981110949453,1.5383456925444636e-06,1
20,0.5,0.0,39,Krippendorff delta-alpha,0.002993063678655261,0.2537313432835821,0
20,0.5,0.0,39,aposteriori unimodality (2024),0.0,1.0,0
20,0.5,0.0,39,chi-squared (Akhtar et al. 2019),1.7864744923838363,0.7749559781218308,0
20,0.5,0.0,39,GMM clustering (Checco/Mignemi),-0.04441976679622432,1.0,0
20,0.5,0.5,0,apunim,-0.058014606283605843,8.199206065556245e-07,1
20,0.5,0.5,0,Krippendorff delta-alpha,0.005481588933018866,0.07462686567164178,0
20,0.5,0.5,0,aposteriori unimodality (2024),0.0,1.0,0
20,0.5,0.5,0,chi-squared (Akhtar et al. 2019),67.9489655663126,6.149232338476565e-14,1
20,0.5,0.5,0,GMM clustering (Checco/Mignemi),0.7995558023320377,0.009950248756218905,1
20,0.5,0.5,1,apunim,-0.027634383560356295,0.03290199540832818,1
20,0.5,0.5,1,Krippendorff delta-alpha,-0.0005287204279901259,0.4527363184079602,0
20,0.5,0.5,1,aposteriori unimodality (2024),0.0,1.0,0
20,0.5,0.5,1,chi-squared (Akhtar et al. 2019),71.24221956459355,1.2407379998739054e-14,1
20,0.5,0.5,1,GMM clustering (Checco/Mignemi),0.62,0.004975124378109453,1
20,0.5,0.5,2,apunim,-0.010254675082125443,1.0,0
20,0.5,0.5,2,Krippendorff delta-alpha,-0.0012979721147914902,0.48258706467661694,0
20,0.5,0.5,2,aposteriori unimodality (2024),0.0,1.0,0
20,0.5,0.5,2,chi-squared (Akhtar et al. 2019),75.78570567843168,1.3589795100083879e-15,1
20,0.5,0.5,2,GMM clustering (Checco/Mignemi),1.0,0.004975124378109453,1
20,0.5,0.5,3,apunim,-0.04294510829629596,0.000543862638095787,1
20,0.5,0.5,3,Krippendorff delta-alpha,0.0009038757503500028,0.30845771144278605,0
20,0.5,0.5,3,aposteriori unimodality (2024),0.0,1.0,0
20,0.5,0.5,3,chi-squared (Akhtar et al. 2019),86.94349308051629,5.868735609751981e-18,1
20,0.5,0.5,3,GMM clustering (Checco/Mignemi),1.0,0.004975124378109453,1
20,0.5,0.5,4,apunim,0.055486886838429145,1.9009093447778057e-05,1
20,0.5,0.5,4,Krippendorff delta-alpha,0.006878879844987862,0.07462686567164178,0
20,0.5,0.5,4,aposteriori unimodality (2024),0.0,1.0,0
20,0.5,0.5,4,chi-squared (Akhtar et al. 2019),105.01266159629574,8.41773868365793e-22,1
20,0.5,0.5,4,GMM clustering (Checco/Mignemi),0.7995558023320377,0.004975124378109453,1
20,0.5,0.5,5,apunim,-0.04291920952792444,0.0033708812301556476,1
20,0.5,0.5,5,Krippendorff delta-alpha,-0.008730664690887069,0.9253731343283582,0
20,0.5,0.5,5,aposteriori unimodality (2024),0.0,1.0,0
20,0.5,0.5,5,chi-squared (Akhtar et al. 2019),72.90540098939934,5.524289914668962e-15,1
20,0.5,0.5,5,GMM clustering (Checco/Mignemi),1.0,0.004975124378109453,1
20,0.5,0.5,6,apunim,-0.0748404506344764,1.76198136463005e-09,1
20,0.5,0.5,6,Krippendorff delta-alpha,8.152142869100043e-05,0.417910447761194,0
20,0.5,0.5,6,aposteriori unimodality (2024),0.0,1.0,0
20,0.5,0.5,6,chi-squared (Akhtar et al. 2019),83.00806274987232,4.0128998447578105e-17,1
20,0.5,0.5,6,GMM clustering (Checco/Mignemi),0.7995558023320377,0.004975124378109453,1
20,0.5,0.5,7,apunim,-0.056468997275644986,2.0325460201773024e-05,1
20,0.5,0.5,7,Krippendorff delta-alpha,-0.0009613739227896101,0.4577114427860697,0
20,0.5,0.5,7,aposteriori unimodality (2024),0.0,1.0,0
20,0.5,0.5,7,chi-squared (Akhtar et al. 2019),58.67528507258805,5.505611523059164e-12,1
20,0.5,0.5,7,GMM clustering (Checco/Mignemi),0.7995558023320377,0.004975124378109453,1
20,0.5,0.5,8,apunim,0.04857121299144343,7.049793657310252e-05,1
20,0.5,0.5,8,Krippendorff delta-alpha,-0.00012055885861489424,0.43781094527363185,0
20,0.5,0.5,8,aposteriori unimodality (2024),0.0,1.0,0
20,0.5,0.5,8,chi-squared (Akhtar et al. 2019),86.69369160466188,6.63081323933987e-18,1
20,0.5,0.5,8,GMM clustering (Checco/Mignemi),1.0,0.004975124378109453,1
20,0.5,0.5,9,apunim,-0.036558283174823306,0.022015483274482946,1
20,0.5,0.5,9,Krippendorff delta-alpha,-0.00422475803717548,0.7661691542288557,0
20,0.5,0.5,9,aposteriori unimodality (2024),0.0,1.0,0
20,0.5,0.5,9,chi-squared (Akhtar et al. 2019),43.40427036045652,8.530002354975406e-09,1
20,0.5,0.5,9,GMM clustering (Checco/Mignemi),0.4619655746807329,0.009950248756218905,1
20,0.5,0.5,10,apunim,0.06016933533793937,1.4423632061792413e-05,1
20,0.5,0.5,10,Krippendorff delta-alpha,0.006959732978890576,0.05970149253731343,0
20,0.5,0.5,10,aposteriori unimodality (2024),0.005780346820809248,0.24752475247524752,0
20,0.5,0.5,10,chi-squared (Akhtar et al. 2019),96.17946345682215,6.395662425856187e-20,1
20,0.5,0.5,10,GMM clustering (Checco/Mignemi),0.7995558023320377,0.004975124378109453,1
20,0.5,0.5,11,apunim,-0.0570525611055784,6.045662269201613e-07,1
20,0.5,0.5,11,Krippendorff delta-alpha,0.0009793439180276753,0.3582089552238806,0
20,0.5,0.5,11,aposteriori unimodality (2024),0.0,1.0,0
20,0.5,0.5,11,chi-squared (Akhtar et al. 2019),62.839620629059866,7.334326298060946e-13,1
20,0.5,0.5,11,GMM clustering (Checco/Mignemi),0.7995558023320377,0.004975124378109453,1
20,0.5,0.5,12,apunim,-0.043349193447341824,0.0010083694745215708,1
20,0.5,0.5,12,Krippendorff delta-alpha,0.0030024861692612426,0.26865671641791045,0
20,0.5,0.5,12,aposteriori unimodality (2024),0.0,1.0,0
20,0.5,0.5,12,chi-squared (Akhtar et al. 2019),59.73720252172653,3.2941869403568415e-12,1
20,0.5,0.5,12,GMM clustering (Checco/Mignemi),1.0,0.004975124378109453,1
20,0.5,0.5,13,apunim,-0.0190204184515863,0.5012663610163924,0
20,0.5,0.5,13,Krippendorff delta-alpha,-0.0018863569221662657,0.5771144278606966,0
20,0.5,0.5,13,aposteriori unimodality (2024),0.0,1.0,0
20,0.5,0.5,13,chi-squared (Akhtar et al. 2019),51.66450627145723,1.6212580684918564e-10,1
20,0.5,0.5,13,GMM clustering (Checco/Mignemi),0.7995558023320377,0.004975124378109453,1
20,0.5,0.5,14,apunim,0.02886291095096027,0.07106852534244015,0
20,0.5,0.5,14,Krippendorff delta-alpha,0.004902825792488574,0.21890547263681592,0
20,0.5,0.5,14,aposteriori unimodality (2024),0.0056179775280898875,0.19801980198019803,0
20,0.5,0.5,14,chi-squared (Akhtar et al. 2019),61.186806245876504,1.633240911182254e-12,1
20,0.5,0.5,14,GMM clustering (Checco/Mignemi),0.06489994591671173,0.20398009950248755,0
20,0.5,0.5,15,apunim,-0.07016440533481934,1.582137425846024e-08,1
20,0.5,0.5,15,Krippendorff delta-alpha,-0.006994876205602241,0.9253731343283582,0
20,0.5,0.5,15,aposteriori unimodality (2024),0.005681818181818182,0.2376237623762376,0
20,0.5,0.5,15,chi-squared (Akhtar et al. 2019),50.135884130424635,3.3825002357078e-10,1
20,0.5,0.5,15,GMM clustering (Checco/Mignemi),0.46434494195688225,0.009950248756218905,1
20,0.5,0.5,16,apunim,-0.043592968761711134,0.006337226889060684,1
20,0.5,0.5,16,Krippendorff delta-alpha,0.006009182596012519,0.07462686567164178,0
20,0.5,0.5,16,aposteriori unimodality (2024),0.0,1.0,0
20,0.5,0.5,16,chi-squared (Akhtar et al. 2019),71.94691986439709,8.806735433073352e-15,1
20,0.5,0.5,16,GMM clustering (Checco/Mignemi),0.6208425720620843,0.004975124378109453,1
20,0.5,0.5,17,apunim,-0.0815899603223436,1.4851561991988025e-11,1
20,0.5,0.5,17,Krippendorff delta-alpha,0.005204020101296225,0.13432835820895522,0
20,0.5,0.5,17,aposteriori unimodality (2024),0.0,1.0,0
20,0.5,0.5,17,chi-squared (Akhtar et al. 2019),80.78953914372877,1.1850043554271988e-16,1
20,0.5,0.5,17,GMM clustering (Checco/Mignemi),0.6208425720620843,0.004975124378109453,1
20,0.5,0.5,18,apunim,-0.06465407318445121,3.94298438273131e-08,1
20,0.5,0.5,18,Krippendorff delta-alpha,-0.0007693224525259779,0.46766169154228854,0
20,0.5,0.5,18,aposteriori unimodality (2024),0.0056179775280898875,0.24752475247524752,0
20,0.5,0.5,18,chi-squared (Akhtar et al. 2019),119.35602226014743,7.33162785454939e-25,1
20,0.5,0.5,18,GMM clustering (Checco/Mignemi),1.0,0.004975124378109453,1
20,0.5,0.5,19,apunim,0.009393162578175714,1.0,0
20,0.5,0.5,19,Krippendorff delta-alpha,5.3827236703385406e-05,0.46766169154228854,0
20,0.5,0.5,19,aposteriori unimodality (2024),0.005813953488372093,0.31683168316831684,0
20,0.5,0.5,19,chi-squared (Akhtar et al. 2019),73.51065034626674,4.114748653533258e-15,1
20,0.5,0.5,19,GMM clustering (Checco/Mignemi),1.0,0.004975124378109453,1
20,0.5,0.5,20,apunim,0.09656350758884924,1.9422132047829603e-13,1
20,0.5,0.5,20,Krippendorff delta-alpha,0.010650924494271463,0.029850746268656716,1
20,0.5,0.5,20,aposteriori unimodality (2024),0.0,1.0,0
20,0.5,0.5,20,chi-squared (Akhtar et al. 2019),80.69564822411485,1.2405529091365123e-16,1
20,0.5,0.5,20,GMM clustering (Checco/Mignemi),1.0,0.004975124378109453,1
20,0.5,0.5,21,apunim,-0.02418230123978535,0.24459015028661799,0
20,0.5,0.5,21,Krippendorff delta-alpha,-0.00466610434031306,0.7661691542288557,0
20,0.5,0.5,21,aposteriori unimodality (2024),0.0,1.0,0
20,0.5,0.5,21,chi-squared (Akhtar et al. 2019),64.65852433253588,3.0367255023491214e-13,1
20,0.5,0.5,21,GMM clustering (Checco/Mignemi),1.0,0.004975124378109453,1
20,0.5,0.5,22,apunim,-0.04012505782453285,0.00300222442276667,1
20,0.5,0.5,22,Krippendorff delta-alpha,0.005363732976177538,0.13432835820895522,0
20,0.5,0.5,22,aposteriori unimodality (2024),0.005952380952380952,0.13861386138613863,0
20,0.5,0.5,22,chi-squared (Akhtar et al. 2019),64.93009002559296,2.6619599046610324e-13,1
20,0.5,0.5,22,GMM clustering (Checco/Mignemi),1.0,0.004975124378109453,1
20,0.5,0.5,23,apunim,0.05861472050613263,2.3230861498612763e-05,1
20,0.5,0.5,23,Krippendorff delta-alpha,0.004180816720931735,0.1691542288557214,0
20,0.5,0.5,23,aposteriori unimodality (2024),0.0,1.0,0
20,0.5,0.5,23,chi-squared (Akhtar et al. 2019),77.22893571046299,6.726722550914616e-16,1
20,0.5,0.5,23,GMM clustering (Checco/Mignemi),0.7995558023320377,0.004975124378109453,1
20,0.5,0.5,24,apunim,-0.03873941588421933,0.001974695884555072,1
20,0.5,0.5,24,Krippendorff delta-alpha,0.0030193403128579432,0.21890547263681592,0
20,0.5,0.5,24,aposteriori unimodality (2024),0.005813953488372093,0.18811881188118812,0
20,0.5,0.5,24,chi-squared (Akhtar et al. 2019),71.9396370195162,8.837992419283762e-15,1
20,0.5,0.5,24,GMM clustering (Checco/Mignemi),1.0,0.004975124378109453,1
20,0.5,0.5,25,apunim,-0.04160166196605628,0.0030172551457417263,1
20,0.5,0.5,25,Krippendorff delta-alpha,0.012599336074025747,0.009950248756218905,1
20,0.5,0.5,25,aposteriori unimodality (2024),0.0,1.0,0
20,0.5,0.5,25,chi-squared (Akhtar et al. 2019),75.90639394883516,1.2813833907945929e-15,1
20,0.5,0.5,25,GMM clustering (Checco/Mignemi),1.0,0.004975124378109453,1
20,0.5,0.5,26,apunim,-0.029665954989693537,0.0822466309227777,0
20,0.5,0.5,26,Krippendorff delta-alpha,-0.004935719660265514,0.8208955223880597,0
20,0.5,0.5,26,aposteriori unimodality (2024),0.0,1.0,0
20,0.5,0.5,26,chi-squared (Akhtar et al. 2019),54.51200961167089,4.11129149539034e-11,1
20,0.5,0.5,26,GMM clustering (Checco/Mignemi),1.0,0.004975124378109453,1
20,0.5,0.5,27,apunim,-0.013631316901634247,0.6943220836629974,0
20,0.5,0.5,27,Krippendorff delta-alpha,-0.007437912794750978,0.9253731343283582,0
20,0.5,0.5,27,aposteriori unimodality (2024),0.0058823529411764705,0.15841584158415842,0
20,0.5,0.5,27,chi-squared (Akhtar et al. 2019),65.58634035181458,1.9361369970399592e-13,1
20,0.5,0.5,27,GMM clustering (Checco/Mignemi),0.6208425720620843,0.004975124378109453,1
20,0.5,0.5,28,apunim,0.023365969187196294,0.1929249583153962,0
20,0.5,0.5,28,Krippendorff delta-alpha,0.0011359911787590105,0.2835820895522388,0
20,0.5,0.5,28,aposteriori unimodality (2024),0.0,1.0,0
20,0.5,0.5,28,chi-squared (Akhtar et al. 2019),84.92087749613167,1.5767391780044412e-17,1
20,0.5,0.5,28,GMM clustering (Checco/Mignemi),0.6208425720620843,0.004975124378109453,1
20,0.5,0.5,29,apunim,-0.0223215156898178,0.14822975328505555,0
20,0.5,0.5,29,Krippendorff delta-alpha,-0.0020230698330651053,0.5124378109452736,0
20,0.5,0.5,29,aposteriori unimodality (2024),0.0,1.0,0
20,0.5,0.5,29,chi-squared (Akhtar et al. 2019),94.11447436506846,1.7581679443237834e-19,1
20,0.5,0.5,29,GMM clustering (Checco/Mignemi),1.0,0.004975124378109453,1
20,0.5,0.5,30,apunim,-0.026342935066677068,0.1492614099571415,0
20,0.5,0.5,30,Krippendorff delta-alpha,0.006473557882919034,0.0945273631840796,0
20,0.5,0.5,30,aposteriori unimodality (2024),0.0,1.0,0
20,0.5,0.5,30,chi-squared (Akhtar et al. 2019),66.16909891761783,1.4592183806907883e-13,1
20,0.5,0.5,30,GMM clustering (Checco/Mignemi),1.0,0.004975124378109453,1
20,0.5,0.5,31,apunim,0.048394042062980334,0.0008164698817120561,1
20,0.5,0.5,31,Krippendorff delta-alpha,0.0008621299261097892,0.4079601990049751,0
20,0.5,0.5,31,aposteriori unimodality (2024),0.0,1.0,0
20,0.5,0.5,31,chi-squared (Akhtar et al. 2019),57.78844005774853,8.452533667161688e-12,1
20,0.5,0.5,31,GMM clustering (Checco/Mignemi),0.7995558023320377,0.004975124378109453,1
20,0.5,0.5,32,apunim,-0.061834862243614834,6.088775581717194e-06,1
20,0.5,0.5,32,Krippendorff delta-alpha,0.011829242821437713,0.029850746268656716,1
20,0.5,0.5,32,aposteriori unimodality (2024),0.012048192771084338,0.009900990099009901,1
20,0.5,0.5,32,chi-squared (Akhtar et al. 2019),76.63905090004967,8.967054628879756e-16,1
20,0.5,0.5,32,GMM clustering (Checco/Mignemi),1.0,0.004975124378109453,1
20,0.5,0.5,33,apunim,-0.07237126769286875,2.0342072484718302e-09,1
20,0.5,0.5,33,Krippendorff delta-alpha,0.0006472047460168162,0.39303482587064675,0
20,0.5,0.5,33,aposteriori unimodality (2024),0.005952380952380952,0.19801980198019803,0
20,0.5,0.5,33,chi-squared (Akhtar et al. 2019),62.28778024936964,9.582499576552567e-13,1
20,0.5,0.5,33,GMM clustering (Checco/Mignemi),1.0,0.004975124378109453,1
20,0.5,0.5,34,apunim,-0.04309716151810686,0.003570327514136804,1
20,0.5,0.5,34,Krippendorff delta-alpha,0.0040245181986183765,0.20398009950248755,0
20,0.5,0.5,34,aposteriori unimodality (2024),0.0,1.0,0
20,0.5,0.5,34,chi-squared (Akhtar et al. 2019),52.366706973496164,1.1561577524300613e-10,1
20,0.5,0.5,34,GMM clustering (Checco/Mignemi),0.7995558023320377,0.004975124378109453,1
20,0.5,0.5,35,apunim,-0.027537250982993845,0.07138320997773386,0
20,0.5,0.5,35,Krippendorff delta-alpha,-0.0012010597307714477,0.5522388059701493,0
20,0.5,0.5,35,aposteriori unimodality (2024),0.0,1.0,0
20,0.5,0.5,35,chi-squared (Akhtar et al. 2019),36.18797667065776,2.647142759345401e-07,1
20,0.5,0.5,35,GMM clustering (Checco/Mignemi),0.7995558023320377,0.004975124378109453,1
20,0.5,0.5,36,apunim,-0.06215240675456227,7.003533317986796e-08,1
20,0.5,0.5,36,Krippendorff delta-alpha,0.0035347588333664026,0.1791044776119403,0
20,0.5,0.5,36,aposteriori unimodality (2024),0.0,1.0,0
20,0.5,0.5,36,chi-squared (Akhtar et al. 2019),68.39219711601896,4.958126680180358e-14,1
20,0.5,0.5,36,GMM clustering (Checco/Mignemi),0.7995558023320377,0.004975124378109453,1
20,0.5,0.5,37,apunim,-0.05105773264872244,6.06376073886003e-05,1
20,0.5,0.5,37,Krippendorff delta-alpha,-0.0045296450569563,0.7562189054726368,0
20,0.5,0.5,37,aposteriori unimodality (2024),0.0,1.0,0
20,0.5,0.5,37,chi-squared (Akhtar et al. 2019),73.89360186609053,3.414942533688809e-15,1
20,0.5,0.5,37,GMM clustering (Checco/Mignemi),0.7995558023320377,0.004975124378109453,1
20,0.5,0.5,38,apunim,0.05420932663036441,5.474504714052535e-05,1
20,0.5,0.5,38,Krippendorff delta-alpha,0.0027242671530998686,0.2537313432835821,0
20,0.5,0.5,38,aposteriori unimodality (2024),0.0,1.0,0
20,0.5,0.5,38,chi-squared (Akhtar et al. 2019),57.465358027641045,9.88075421623782e-12,1
20,0.5,0.5,38,GMM clustering (Checco/Mignemi),1.0,0.004975124378109453,1
20,0.5,0.5,39,apunim,0.019284902358937532,0.42876585705909387,0
20,0.5,0.5,39,Krippendorff delta-alpha,-0.009791473876199885,0.945273631840796,0
20,0.5,0.5,39,aposteriori unimodality (2024),0.0,1.0,0
20,0.5,0.5,39,chi-squared (Akhtar et al. 2019),77.1373477251381,7.033787804383158e-16,1
20,0.5,0.5,39,GMM clustering (Checco/Mignemi),1.0,0.004975124378109453,1
20,0.5,1.0,0,apunim,-0.07499553117813969,2.5954108791748568e-09,1
20,0.5,1.0,0,Krippendorff delta-alpha,-0.0005965441983571407,0.36318407960199006,0
20,0.5,1.0,0,aposteriori unimodality (2024),0.0,1.0,0
20,0.5,1.0,0,chi-squared (Akhtar et al. 2019),216.66702335139075,9.774779547440106e-46,1
20,0.5,1.0,0,GMM clustering (Checco/Mignemi),1.0,0.009950248756218905,1
20,0.5,1.0,1,apunim,-0.01734852390017087,0.6794396682203265,0
20,0.5,1.0,1,Krippendorff delta-alpha,0.004734803787019182,0.06965174129353234,0
20,0.5,1.0,1,aposteriori unimodality (2024),0.006024096385542169,0.46534653465346537,0
20,0.5,1.0,1,chi-squared (Akhtar et al. 2019),243.18715384428364,1.910065342417806e-51,1
20,0.5,1.0,1,GMM clustering (Checco/Mignemi),1.0,0.004975124378109453,1
20,0.5,1.0,2,apunim,-0.06039585354700584,4.3574954459241427e-07,1
20,0.5,1.0,2,Krippendorff delta-alpha,0.007550449981230667,0.009950248756218905,1
20,0.5,1.0,2,aposteriori unimodality (2024),0.0,1.0,0
20,0.5,1.0,2,chi-squared (Akhtar et al. 2019),288.3479200815427,3.531290481416409e-61,1
20,0.5,1.0,2,GMM clustering (Checco/Mignemi),1.0,0.004975124378109453,1
20,0.5,1.0,3,apunim,-0.048062053493065,9.616688150142298e-06,1
20,0.5,1.0,3,Krippendorff delta-alpha,-0.0016966267837575932,0.3681592039800995,0
20,0.5,1.0,3,aposteriori unimodality (2024),0.011627906976744186,0.039603960396039604,1
20,0.5,1.0,3,chi-squared (Akhtar et al. 2019),280.45420706749496,1.7785282757173675e-59,1
20,0.5,1.0,3,GMM clustering (Checco/Mignemi),1.0,0.004975124378109453,1
20,0.5,1.0,4,apunim,0.02505841490845778,0.06200561664567556,0
20,0.5,1.0,4,Krippendorff delta-alpha,0.010639838075430452,0.01990049751243781,1
20,0.5,1.0,4,aposteriori unimodality (2024),0.0,1.0,0
20,0.5,1.0,4,chi-squared (Akhtar et al. 2019),182.9238893061621,1.756083475534211e-38,1
20,0.5,1.0,4,GMM clustering (Checco/Mignemi),1.0,0.004975124378109453,1
20,0.5,1.0,5,apunim,-0.03917830648312998,0.0016765926548642153,1
20,0.5,1.0,5,Krippendorff delta-alpha,0.010100894747234579,0.009950248756218905,1
20,0.5,1.0,5,aposteriori unimodality (2024),0.0,1.0,0
20,0.5,1.0,5,chi-squared (Akhtar et al. 2019),274.02918827059443,4.317604318484338e-58,1
20,0.5,1.0,5,GMM clustering (Checco/Mignemi),1.0,0.004975124378109453,1
20,0.5,1.0,6,apunim,-0.08697746042921614,3.877433924860915e-11,1
20,0.5,1.0,6,Krippendorff delta-alpha,0.003011415606011425,0.05970149253731343,0
20,0.5,1.0,6,aposteriori unimodality (2024),0.005813953488372093,0.1782178217821782,0
20,0.5,1.0,6,chi-squared (Akhtar et al. 2019),264.788343259847,4.237197227176303e-56,1
20,0.5,1.0,6,GMM clustering (Checco/Mignemi),1.0,0.004975124378109453,1
20,0.5,1.0,7,apunim,-0.08707360539696207,1.246834460836873e-12,1
20,0.5,1.0,7,Krippendorff delta-alpha,-0.006012667690302953,0.7412935323383084,0
20,0.5,1.0,7,aposteriori unimodality (2024),0.0,1.0,0
20,0.5,1.0,7,chi-squared (Akhtar et al. 2019),232.3555919565474,4.106479054112385e-49,1
20,0.5,1.0,7,GMM clustering (Checco/Mignemi),1.0,0.004975124378109453,1
20,0.5,1.0,8,apunim,-0.08596329472521595,1.4998825593288245e-10,1
20,0.5,1.0,8,Krippendorff delta-alpha,0.001718712017012236,0.17412935323383086,0
20,0.5,1.0,8,aposteriori unimodality (2024),0.0,1.0,0
20,0.5,1.0,8,chi-squared (Akhtar et al. 2019),233.93121605399304,1.880343841055267e-49,1
20,0.5,1.0,8,GMM clustering (Checco/Mignemi),1.0,0.004975124378109453,1
20,0.5,1.0,9,apunim,0.008016067545473654,0.9892049200575569,0
20,0.5,1.0,9,Krippendorff delta-alpha,-0.0019747870026822767,0.5074626865671642,0
20,0.5,1.0,9,aposteriori unimodality (2024),0.0,1.0,0
20,0.5,1.0,9,chi-squared (Akhtar et al. 2019),202.5606215757932,1.0575768565336492e-42,1
20,0.5,1.0,9,GMM clustering (Checco/Mignemi),1.0,0.004975124378109453,1
20,0.5,1.0,10,apunim,-0.030094823381792625,0.04020975724149627,1
20,0.5,1.0,10,Krippendorff delta-alpha,0.005734937267394935,0.01990049751243781,1
20,0.5,1.0,10,aposteriori unimodality (2024),0.005649717514124294,0.19801980198019803,0
20,0.5,1.0,10,chi-squared (Akhtar et al. 2019),337.41794751864313,9.127008521833639e-72,1
20,0.5,1.0,10,GMM clustering (Checco/Mignemi),1.0,0.004975124378109453,1
20,0.5,1.0,11,apunim,-0.05015265263780734,1.2544653223583217e-05,1
20,0.5,1.0,11,Krippendorff delta-alpha,0.009699205404707256,0.004975124378109453,1
20,0.5,1.0,11,aposteriori unimodality (2024),0.0,1.0,0
20,0.5,1.0,11,chi-squared (Akhtar et al. 2019),274.04367623937935,4.286665653749622e-58,1
20,0.5,1.0,11,GMM clustering (Checco/Mignemi),1.0,0.004975124378109453,1
20,0.5,1.0,12,apunim,-0.06186929474083495,3.574602749202246e-06,1
20,0.5,1.0,12,Krippendorff delta-alpha,0.006033122091450738,0.014925373134328358,1
20,0.5,1.0,12,aposteriori unimodality (2024),0.0,1.0,0
20,0.5,1.0,12,chi-squared (Akhtar et al. 2019),312.98409705427275,1.7124799480535715e-66,1
20,0.5,1.0,12,GMM clustering (Checco/Mignemi),1.0,0.004975124378109453,1
20,0.5,1.0,13,apunim,0.041043239047334854,0.002386476041787083,1
20,0.5,1.0,13,Krippendorff delta-alpha,0.006063254280280983,0.01990049751243781,1
20,0.5,1.0,13,aposteriori unimodality (2024),0.0,1.0,0
20,0.5,1.0,13,chi-squared (Akhtar et al. 2019),218.38728593127266,4.168309345252432e-46,1
20,0.5,1.0,13,GMM clustering (Checco/Mignemi),1.0,0.004975124378109453,1
20,0.5,1.0,14,apunim,-0.04671058418680946,0.00041547764274362615,1
20,0.5,1.0,14,Krippendorff delta-alpha,0.0035013827184884327,0.1044776119402985,0
20,0.5,1.0,14,aposteriori unimodality (2024),0.0,1.0,0
20,0.5,1.0,14,chi-squared (Akhtar et al. 2019),229.4910882274541,1.6988211110810524e-48,1
20,0.5,1.0,14,GMM clustering (Checco/Mignemi),1.0,0.004975124378109453,1
20,0.5,1.0,15,apunim,-0.033394532822836706,0.008192782172910244,1
20,0.5,1.0,15,Krippendorff delta-alpha,0.009922677765892896,0.009950248756218905,1
20,0.5,1.0,15,aposteriori unimodality (2024),0.0,1.0,0
20,0.5,1.0,15,chi-squared (Akhtar et al. 2019),306.72537171892617,3.836843877080287e-65,1
20,0.5,1.0,15,GMM clustering (Checco/Mignemi),1.0,0.004975124378109453,1
20,0.5,1.0,16,apunim,-0.0407688102081564,0.0029025102849568937,1
20,0.5,1.0,16,Krippendorff delta-alpha,0.0013540986292717716,0.19402985074626866,0
20,0.5,1.0,16,aposteriori unimodality (2024),0.0,1.0,0
20,0.5,1.0,16,chi-squared (Akhtar et al. 2019),253.51505080992473,1.1383941834248798e-53,1
20,0.5,1.0,16,GMM clustering (Checco/Mignemi),1.0,0.004975124378109453,1
20,0.5,1.0,17,apunim,-0.05996316533878707,1.380288778161202e-06,1
20,0.5,1.0,17,Krippendorff delta-alpha,0.013298295708585373,0.009950248756218905,1
20,0.5,1.0,17,aposteriori unimodality (2024),0.0,1.0,0
20,0.5,1.0,17,chi-squared (Akhtar et al. 2019),260.5878100679406,3.406595620261943e-55,1
20,0.5,1.0,17,GMM clustering (Checco/Mignemi),1.0,0.004975124378109453,1
20,0.5,1.0,18,apunim,-0.07896421318305742,3.358332587228014e-10,1
20,0.5,1.0,18,Krippendorff delta-alpha,0.004047988728103857,0.0845771144278607,0
20,0.5,1.0,18,aposteriori unimodality (2024),0.0,1.0,0
20,0.5,1.0,18,chi-squared (Akhtar et al. 2019),278.43475875779666,4.846879210087675e-59,1
20,0.5,1.0,18,GMM clustering (Checco/Mignemi),1.0,0.004975124378109453,1
20,0.5,1.0,19,apunim,-0.0407501114377777,0.0046218826199655024,1
20,0.5,1.0,19,Krippendorff delta-alpha,0.004989124916579435,0.06467661691542288,0
20,0.5,1.0,19,aposteriori unimodality (2024),0.0,1.0,0
20,0.5,1.0,19,chi-squared (Akhtar et al. 2019),294.3291838446693,1.811232597697503e-62,1
20,0.5,1.0,19,GMM clustering (Checco/Mignemi),1.0,0.004975124378109453,1
20,0.5,1.0,20,apunim,-0.08367674731076627,4.686617339670009e-12,1
20,0.5,1.0,20,Krippendorff delta-alpha,0.004993818159680252,0.05472636815920398,0
20,0.5,1.0,20,aposteriori unimodality (2024),0.011428571428571429,0.0297029702970297,1
20,0.5,1.0,20,chi-squared (Akhtar et al. 2019),257.61088283164935,1.4921086648294273e-54,1
20,0.5,1.0,20,GMM clustering (Checco/Mignemi),1.0,0.004975124378109453,1
20,0.5,1.0,21,apunim,-0.0515113121735773,1.9438870342811157e-05,1
20,0.5,1.0,21,Krippendorff delta-alpha,0.007654038876033775,0.024875621890547265,1
20,0.5,1.0,21,aposteriori unimodality (2024),0.0,1.0,0
20,0.5,1.0,21,chi-squared (Akhtar et al. 2019),261.12699917059666,2.6069218330628475e-55,1
20,0.5,1.0,21,GMM clustering (Checco/Mignemi),1.0,0.004975124378109453,1
20,0.5,1.0,22,apunim,0.014117910186927951,0.831047931992721,0
20,0.5,1.0,22,Krippendorff delta-alpha,-0.00844449769917699,0.8159203980099502,0
20,0.5,1.0,22,aposteriori unimodality (2024),0.0,1.0,0
20,0.5,1.0,22,chi-squared (Akhtar et al. 2019),200.21225055458615,3.382514402406362e-42,1
20,0.5,1.0,22,GMM clustering (Checco/Mignemi),1.0,0.004975124378109453,1
20,0.5,1.0,23,apunim,-0.05153684033710479,8.159622242559413e-05,1
20,0.5,1.0,23,Krippendorff delta-alpha,0.007027998145077818,0.004975124378109453,1
20,0.5,1.0,23,aposteriori unimodality (2024),0.0,1.0,0
20,0.5,1.0,23,chi-squared (Akhtar et al. 2019),280.9750700984822,1.3732731612172452e-59,1
20,0.5,1.0,23,GMM clustering (Checco/Mignemi),1.0,0.004975124378109453,1
20,0.5,1.0,24,apunim,-0.07628061798051083,2.5499146236404532e-08,1
20,0.5,1.0,24,Krippendorff delta-alpha,0.018194112933255735,0.004975124378109453,1
20,0.5,1.0,24,aposteriori unimodality (2024),0.0,1.0,0
20,0.5,1.0,24,chi-squared (Akhtar et al. 2019),241.67668806196096,4.0397823989205033e-51,1
20,0.5,1.0,24,GMM clustering (Checco/Mignemi),1.0,0.004975124378109453,1
20,0.5,1.0,25,apunim,-0.022134845266723963,0.2691742943914815,0
20,0.5,1.0,25,Krippendorff delta-alpha,0.006583728275849632,0.03980099502487562,1
20,0.5,1.0,25,aposteriori unimodality (2024),0.0,1.0,0
20,0.5,1.0,25,chi-squared (Akhtar et al. 2019),260.6922303635783,3.234585767122424e-55,1
20,0.5,1.0,25,GMM clustering (Checco/Mignemi),1.0,0.004975124378109453,1
20,0.5,1.0,26,apunim,-0.056196654770075904,2.8570019700017312e-05,1
20,0.5,1.0,26,Krippendorff delta-alpha,-0.00568188205404585,0.6567164179104478,0
20,0.5,1.0,26,aposteriori unimodality (2024),0.0,1.0,0
20,0.5,1.0,26,chi-squared (Akhtar et al. 2019),237.43129991448717,3.315883286718647e-50,1
20,0.5,1.0,26,GMM clustering (Checco/Mignemi),1.0,0.004975124378109453,1
20,0.5,1.0,27,apunim,-0.009627681699696456,1.0,0
20,0.5,1.0,27,Krippendorff delta-alpha,0.000351822264516799,0.1890547263681592,0
20,0.5,1.0,27,aposteriori unimodality (2024),0.0,1.0,0
20,0.5,1.0,27,chi-squared (Akhtar et al. 2019),314.66745098260014,7.42001242311112e-67,1
20,0.5,1.0,27,GMM clustering (Checco/Mignemi),1.0,0.004975124378109453,1
20,0.5,1.0,28,apunim,-0.04956306551280466,0.00036015291694535366,1
20,0.5,1.0,28,Krippendorff delta-alpha,0.003506363127684209,0.13432835820895522,0
20,0.5,1.0,28,aposteriori unimodality (2024),0.0,1.0,0
20,0.5,1.0,28,chi-squared (Akhtar et al. 2019),251.23819658270494,3.5222323926514956e-53,1
20,0.5,1.0,28,GMM clustering (Checco/Mignemi),1.0,0.004975124378109453,1
20,0.5,1.0,29,apunim,-0.04317565534309512,0.00018729093271500216,1
20,0.5,1.0,29,Krippendorff delta-alpha,0.011730259169521251,0.009950248756218905,1
20,0.5,1.0,29,aposteriori unimodality (2024),0.005494505494505495,0.2079207920792079,0
20,0.5,1.0,29,chi-squared (Akhtar et al. 2019),268.5958163107841,6.403989909887205e-57,1
20,0.5,1.0,29,GMM clustering (Checco/Mignemi),1.0,0.004975124378109453,1
20,0.5,1.0,30,apunim,-0.03967673158013155,0.0011878789462785955,1
20,0.5,1.0,30,Krippendorff delta-alpha,0.00399998154479736,0.03980099502487562,1
20,0.5,1.0,30,aposteriori unimodality (2024),0.005714285714285714,0.24752475247524752,0
20,0.5,1.0,30,chi-squared (Akhtar et al. 2019),323.65557239944934,8.527347337466074e-69,1
20,0.5,1.0,30,GMM clustering (Checco/Mignemi),1.0,0.004975124378109453,1
20,0.5,1.0,31,apunim,-0.12317621236638995,4.8131602978516315e-20,1
20,0.5,1.0,31,Krippendorff delta-alpha,0.009766509504997245,0.014925373134328358,1
20,0.5,1.0,31,aposteriori unimodality (2024),0.0,1.0,0
20,0.5,1.0,31,chi-squared (Akhtar et al. 2019),268.2403088810788,7.639714822685145e-57,1
20,0.5,1.0,31,GMM clustering (Checco/Mignemi),1.0,0.004975124378109453,1
20,0.5,1.0,32,apunim,-0.052206214276229644,1.6748053556544737e-05,1
20,0.5,1.0,32,Krippendorff delta-alpha,0.009607364060581658,0.004975124378109453,1
20,0.5,1.0,32,aposteriori unimodality (2024),0.0,1.0,0
20,0.5,1.0,32,chi-squared (Akhtar et al. 2019),224.62943323028514,1.890708839032608e-47,1
20,0.5,1.0,32,GMM clustering (Checco/Mignemi),1.0,0.004975124378109453,1
20,0.5,1.0,33,apunim,0.027135566148569695,0.06467621180323482,0
20,0.5,1.0,33,Krippendorff delta-alpha,0.005716544323072392,0.06467661691542288,0
20,0.5,1.0,33,aposteriori unimodality (2024),0.0,1.0,0
20,0.5,1.0,33,chi-squared (Akhtar et al. 2019),243.87869204508894,1.3555195765099072e-51,1
20,0.5,1.0,33,GMM clustering (Checco/Mignemi),1.0,0.004975124378109453,1
20,0.5,1.0,34,apunim,0.020886273042004102,0.29081643783097316,0
20,0.5,1.0,34,Krippendorff delta-alpha,0.010359537055319556,0.004975124378109453,1
20,0.5,1.0,34,aposteriori unimodality (2024),0.0,1.0,0
20,0.5,1.0,34,chi-squared (Akhtar et al. 2019),303.43694128188923,1.9651556942635712e-64,1
20,0.5,1.0,34,GMM clustering (Checco/Mignemi),1.0,0.004975124378109453,1
20,0.5,1.0,35,apunim,-0.05401479906118497,0.00015763979337403026,1
20,0.5,1.0,35,Krippendorff delta-alpha,-1.667758043261136e-05,0.21890547263681592,0
20,0.5,1.0,35,aposteriori unimodality (2024),0.005649717514124294,0.16831683168316833,0
20,0.5,1.0,35,chi-squared (Akhtar et al. 2019),255.25924631364978,4.791813788697211e-54,1
20,0.5,1.0,35,GMM clustering (Checco/Mignemi),1.0,0.004975124378109453,1
20,0.5,1.0,36,apunim,0.057889970910295706,1.552531696773089e-05,1
20,0.5,1.0,36,Krippendorff delta-alpha,-0.007199598046676581,0.7512437810945274,0
20,0.5,1.0,36,aposteriori unimodality (2024),0.0,1.0,0
20,0.5,1.0,36,chi-squared (Akhtar et al. 2019),267.33775883126094,1.1956677458953544e-56,1
20,0.5,1.0,36,GMM clustering (Checco/Mignemi),1.0,0.004975124378109453,1
20,0.5,1.0,37,apunim,-0.09071246190165107,9.246861207796849e-13,1
20,0.5,1.0,37,Krippendorff delta-alpha,0.009841578897554104,0.01990049751243781,1
20,0.5,1.0,37,aposteriori unimodality (2024),0.0,1.0,0
20,0.5,1.0,37,chi-squared (Akhtar et al. 2019),225.7856339033589,1.0660286728498225e-47,1
20,0.5,1.0,37,GMM clustering (Checco/Mignemi),1.0,0.004975124378109453,1
20,0.5,1.0,38,apunim,-0.03830557650290101,0.01453996970882917,1
20,0.5,1.0,38,Krippendorff delta-alpha,0.007770534416556507,0.014925373134328358,1
20,0.5,1.0,38,aposteriori unimodality (2024),0.0,1.0,0
20,0.5,1.0,38,chi-squared (Akhtar et al. 2019),300.55651814930116,8.217843225258349e-64,1
20,0.5,1.0,38,GMM clustering (Checco/Mignemi),1.0,0.004975124378109453,1
20,0.5,1.0,39,apunim,-0.08022864659106325,3.831223814360589e-08,1
20,0.5,1.0,39,Krippendorff delta-alpha,0.004536213621581242,0.029850746268656716,1
20,0.5,1.0,39,aposteriori unimodality (2024),0.011764705882352941,0.0891089108910891,0
20,0.5,1.0,39,chi-squared (Akhtar et al. 2019),251.79279410389802,2.675092232056599e-53,1
20,0.5,1.0,39,GMM clustering (Checco/Mignemi),1.0,0.004975124378109453,1
20,0.5,1.5,0,apunim,-0.0430650407166989,0.001163587023522276,1
20,0.5,1.5,0,Krippendorff delta-alpha,0.0016709705780428852,0.08955223880597014,0
20,0.5,1.5,0,aposteriori unimodality (2024),0.0,1.0,0
20,0.5,1.5,0,chi-squared (Akhtar et al. 2019),493.5900520402122,1.6307020713476047e-105,1
20,0.5,1.5,0,GMM clustering (Checco/Mignemi),1.0,0.009950248756218905,1
20,0.5,1.5,1,apunim,0.04804485132908042,0.00018663846483010917,1
20,0.5,1.5,1,Krippendorff delta-alpha,0.008683367004236553,0.014925373134328358,1
20,0.5,1.5,1,aposteriori unimodality (2024),0.0,1.0,0
20,0.5,1.5,1,chi-squared (Akhtar et al. 2019),514.104093413008,5.962410340318016e-110,1
20,0.5,1.5,1,GMM clustering (Checco/Mignemi),1.0,0.004975124378109453,1
20,0.5,1.5,2,apunim,-0.07826358783136764,9.085281433634388e-10,1
20,0.5,1.5,2,Krippendorff delta-alpha,0.009333923475241312,0.004975124378109453,1
20,0.5,1.5,2,aposteriori unimodality (2024),0.0,1.0,0
20,0.5,1.5,2,chi-squared (Akhtar et al. 2019),506.9292022571832,2.1249550500799385e-108,1
20,0.5,1.5,2,GMM clustering (Checco/Mignemi),1.0,0.004975124378109453,1
20,0.5,1.5,3,apunim,-0.06844753339494311,9.671063891465423e-08,1
20,0.5,1.5,3,Krippendorff delta-alpha,0.011683176861349176,0.004975124378109453,1
20,0.5,1.5,3,aposteriori unimodality (2024),0.005813953488372093,0.13861386138613863,0
20,0.5,1.5,3,chi-squared (Akhtar et al. 2019),497.5301815396285,2.2920575938890205e-106,1
20,0.5,1.5,3,GMM clustering (Checco/Mignemi),1.0,0.004975124378109453,1
20,0.5,1.5,4,apunim,-0.025377580345501936,0.09821468658296031,0
20,0.5,1.5,4,Krippendorff delta-alpha,0.009594635618613567,0.004975124378109453,1
20,0.5,1.5,4,aposteriori unimodality (2024),0.0,1.0,0
20,0.5,1.5,4,chi-squared (Akhtar et al. 2019),592.2672539806061,7.307211813094455e-127,1
20,0.5,1.5,4,GMM clustering (Checco/Mignemi),1.0,0.004975124378109453,1
20,0.5,1.5,5,apunim,-0.11349356592275792,2.6955095016224893e-18,1
20,0.5,1.5,5,Krippendorff delta-alpha,0.02340401931806818,0.004975124378109453,1
20,0.5,1.5,5,aposteriori unimodality (2024),0.0,1.0,0
20,0.5,1.5,5,chi-squared (Akhtar et al. 2019),568.7588236434891,8.933328769699338e-122,1
20,0.5,1.5,5,GMM clustering (Checco/Mignemi),1.0,0.004975124378109453,1
20,0.5,1.5,6,apunim,-0.06086169808560626,2.8925347849663234e-06,1
20,0.5,1.5,6,Krippendorff delta-alpha,0.01688992892065494,0.004975124378109453,1
20,0.5,1.5,6,aposteriori unimodality (2024),0.0,1.0,0
20,0.5,1.5,6,chi-squared (Akhtar et al. 2019),550.9477145318424,6.380841435494315e-118,1
20,0.5,1.5,6,GMM clustering (Checco/Mignemi),1.0,0.004975124378109453,1
20,0.5,1.5,7,apunim,-0.046975523613649525,0.00012570112671620668,1
20,0.5,1.5,7,Krippendorff delta-alpha,0.00730850924026194,0.004975124378109453,1
20,0.5,1.5,7,aposteriori unimodality (2024),0.0,1.0,0
20,0.5,1.5,7,chi-squared (Akhtar et al. 2019),559.5031367746092,8.990000930643937e-120,1
20,0.5,1.5,7,GMM clustering (Checco/Mignemi),1.0,0.004975124378109453,1
20,0.5,1.5,8,apunim,-0.0754423616481849,6.264684158228712e-10,1
20,0.5,1.5,8,Krippendorff delta-alpha,0.011910692597438821,0.009950248756218905,1
20,0.5,1.5,8,aposteriori unimodality (2024),0.0,1.0,0
20,0.5,1.5,8,chi-squared (Akhtar et al. 2019),517.6504737018589,1.0193168188701708e-110,1
20,0.5,1.5,8,GMM clustering (Checco/Mignemi),1.0,0.004975124378109453,1
20,0.5,1.5,9,apunim,-0.07014236679501706,1.8859304835312585e-10,1
20,0.5,1.5,9,Krippendorff delta-alpha,0.014232031395302491,0.004975124378109453,1
20,0.5,1.5,9,aposteriori unimodality (2024),0.005681818181818182,0.1485148514851485,0
20,0.5,1.5,9,chi-squared (Akhtar et al. 2019),579.5957803524195,4.036144261138909e-124,1
20,0.5,1.5,9,GMM clustering (Checco/Mignemi),1.0,0.004975124378109453,1
20,0.5,1.5,10,apunim,-0.06275819423016601,3.1578902582595417e-07,1
20,0.5,1.5,10,Krippendorff delta-alpha,0.0067221970949395415,0.004975124378109453,1
20,0.5,1.5,10,aposteriori unimodality (2024),0.0,1.0,0
20,0.5,1.5,10,chi-squared (Akhtar et al. 2019),598.081202481088,4.0317820153779874e-128,1
20,0.5,1.5,10,GMM clustering (Checco/Mignemi),1.0,0.004975124378109453,1
20,0.5,1.5,11,apunim,-0.08763904692679167,4.472217573277827e-12,1
20,0.5,1.5,11,Krippendorff delta-alpha,0.024267597416695486,0.004975124378109453,1
20,0.5,1.5,11,aposteriori unimodality (2024),0.005434782608695652,0.297029702970297,0
20,0.5,1.5,11,chi-squared (Akhtar et al. 2019),579.8144942879055,3.6194021683528366e-124,1
20,0.5,1.5,11,GMM clustering (Checco/Mignemi),1.0,0.004975124378109453,1
20,0.5,1.5,12,apunim,-0.0980632922533329,1.086777350111716e-14,1
20,0.5,1.5,12,Krippendorff delta-alpha,0.0010658053742541584,0.03482587064676617,1
20,0.5,1.5,12,aposteriori unimodality (2024),0.005649717514124294,0.27722772277227725,0
20,0.5,1.5,12,chi-squared (Akhtar et al. 2019),601.925100798656,5.937152262258735e-129,1
20,0.5,1.5,12,GMM clustering (Checco/Mignemi),1.0,0.004975124378109453,1
20,0.5,1.5,13,apunim,-0.0337975725895958,0.02108691781230007,1
20,0.5,1.5,13,Krippendorff delta-alpha,0.0023246235765707612,0.03482587064676617,1
20,0.5,1.5,13,aposteriori unimodality (2024),0.0,1.0,0
20,0.5,1.5,13,chi-squared (Akhtar et al. 2019),486.1580452295244,6.601646533257079e-104,1
20,0.5,1.5,13,GMM clustering (Checco/Mignemi),1.0,0.004975124378109453,1
20,0.5,1.5,14,apunim,-0.02014714238279982,0.3894356874187873,0
20,0.5,1.5,14,Krippendorff delta-alpha,0.007276301068589286,0.014925373134328358,1
20,0.5,1.5,14,aposteriori unimodality (2024),0.00546448087431694,0.2376237623762376,0
20,0.5,1.5,14,chi-squared (Akhtar et al. 2019),523.27703829728,6.182915361261821e-112,1
20,0.5,1.5,14,GMM clustering (Checco/Mignemi),1.0,0.004975124378109453,1
20,0.5,1.5,15,apunim,-0.034418572581353474,0.010141257902352634,1
20,0.5,1.5,15,Krippendorff delta-alpha,0.012293220735489774,0.004975124378109453,1
20,0.5,1.5,15,aposteriori unimodality (2024),0.0056179775280898875,0.16831683168316833,0
20,0.5,1.5,15,chi-squared (Akhtar et al. 2019),527.8999589944519,6.182217727361243e-113,1
20,0.5,1.5,15,GMM clustering (Checco/Mignemi),1.0,0.004975124378109453,1
20,0.5,1.5,16,apunim,-0.10095721125950707,6.95230179555684e-15,1
20,0.5,1.5,16,Krippendorff delta-alpha,0.016283998454845683,0.004975124378109453,1
20,0.5,1.5,16,aposteriori unimodality (2024),0.005747126436781609,0.1782178217821782,0
20,0.5,1.5,16,chi-squared (Akhtar et al. 2019),518.7634458610896,5.855439810023485e-111,1
20,0.5,1.5,16,GMM clustering (Checco/Mignemi),1.0,0.004975124378109453,1
20,0.5,1.5,17,apunim,-0.06682672132600131,5.058816965065623e-08,1
20,0.5,1.5,17,Krippendorff delta-alpha,0.007913811128047288,0.004975124378109453,1
20,0.5,1.5,17,aposteriori unimodality (2024),0.0,1.0,0
20,0.5,1.5,17,chi-squared (Akhtar et al. 2019),511.2743993437148,2.4405877162313513e-109,1
20,0.5,1.5,17,GMM clustering (Checco/Mignemi),1.0,0.004975124378109453,1
20,0.5,1.5,18,apunim,-0.019671713333215775,0.36396078959061834,0
20,0.5,1.5,18,Krippendorff delta-alpha,0.0020207375200214095,0.04477611940298507,1
20,0.5,1.5,18,aposteriori unimodality (2024),0.0,1.0,0
20,0.5,1.5,18,chi-squared (Akhtar et al. 2019),538.5563302561487,3.0604814375457346e-115,1
20,0.5,1.5,18,GMM clustering (Checco/Mignemi),1.0,0.004975124378109453,1
20,0.5,1.5,19,apunim,-0.04341137733346486,0.00022723361454968254,1
20,0.5,1.5,19,Krippendorff delta-alpha,0.008998718080715729,0.004975124378109453,1
20,0.5,1.5,19,aposteriori unimodality (2024),0.0,1.0,0
20,0.5,1.5,19,chi-squared (Akhtar et al. 2019),615.390691896405,7.23001551517645e-132,1
20,0.5,1.5,19,GMM clustering (Checco/Mignemi),1.0,0.004975124378109453,1
20,0.5,1.5,20,apunim,-0.1132438677886835,5.952183593656609e-18,1
20,0.5,1.5,20,Krippendorff delta-alpha,0.013550529700135372,0.004975124378109453,1
20,0.5,1.5,20,aposteriori unimodality (2024),0.0,1.0,0
20,0.5,1.5,20,chi-squared (Akhtar et al. 2019),555.0562348621843,8.240225002899937e-119,1
20,0.5,1.5,20,GMM clustering (Checco/Mignemi),1.0,0.004975124378109453,1
20,0.5,1.5,21,apunim,-0.09829533006100134,1.5076279853531313e-14,1
20,0.5,1.5,21,Krippendorff delta-alpha,0.005049468868719986,0.01990049751243781,1
20,0.5,1.5,21,aposteriori unimodality (2024),0.0,1.0,0
20,0.5,1.5,21,chi-squared (Akhtar et al. 2019),482.4058526047878,4.2764113540922354e-103,1
20,0.5,1.5,21,GMM clustering (Checco/Mignemi),1.0,0.004975124378109453,1
20,0.5,1.5,22,apunim,-0.09604637795886412,1.782757544216938e-13,1
20,0.5,1.5,22,Krippendorff delta-alpha,0.017431289653456805,0.004975124378109453,1
20,0.5,1.5,22,aposteriori unimodality (2024),0.0,1.0,0
20,0.5,1.5,22,chi-squared (Akhtar et al. 2019),580.0563710201003,3.208444181912878e-124,1
20,0.5,1.5,22,GMM clustering (Checco/Mignemi),1.0,0.004975124378109453,1
20,0.5,1.5,23,apunim,-0.08597670517827709,1.9005303950695125e-11,1
20,0.5,1.5,23,Krippendorff delta-alpha,0.015327724338473514,0.009950248756218905,1
20,0.5,1.5,23,aposteriori unimodality (2024),0.005681818181818182,0.19801980198019803,0
20,0.5,1.5,23,chi-squared (Akhtar et al. 2019),532.2962037614112,6.919904119186581e-114,1
20,0.5,1.5,23,GMM clustering (Checco/Mignemi),1.0,0.004975124378109453,1
20,0.5,1.5,24,apunim,-0.06400863176449896,1.4359042847583922e-06,1
20,0.5,1.5,24,Krippendorff delta-alpha,0.014188302898542782,0.004975124378109453,1
20,0.5,1.5,24,aposteriori unimodality (2024),0.0,1.0,0
20,0.5,1.5,24,chi-squared (Akhtar et al. 2019),583.9643116004181,4.5772232158091886e-125,1
20,0.5,1.5,24,GMM clustering (Checco/Mignemi),1.0,0.004975124378109453,1
20,0.5,1.5,25,apunim,-0.06881312184814653,1.0363148937377971e-09,1
20,0.5,1.5,25,Krippendorff delta-alpha,0.011233718511145074,0.004975124378109453,1
20,0.5,1.5,25,aposteriori unimodality (2024),0.0,1.0,0
20,0.5,1.5,25,chi-squared (Akhtar et al. 2019),563.1224551149711,1.481238946536509e-120,1
20,0.5,1.5,25,GMM clustering (Checco/Mignemi),1.0,0.004975124378109453,1
20,0.5,1.5,26,apunim,-0.03782923710224378,0.007850427464667605,1
20,0.5,1.5,26,Krippendorff delta-alpha,0.010092663906256849,0.004975124378109453,1
20,0.5,1.5,26,aposteriori unimodality (2024),0.005319148936170213,0.1485148514851485,0
20,0.5,1.5,26,chi-squared (Akhtar et al. 2019),631.5369465392523,2.3133239354664066e-135,1
20,0.5,1.5,26,GMM clustering (Checco/Mignemi),1.0,0.004975124378109453,1
20,0.5,1.5,27,apunim,-0.04230427481561116,0.001616211819280947,1
20,0.5,1.5,27,Krippendorff delta-alpha,0.016364524248302037,0.004975124378109453,1
20,0.5,1.5,27,aposteriori unimodality (2024),0.005376344086021506,0.24752475247524752,0
20,0.5,1.5,27,chi-squared (Akhtar et al. 2019),547.1502504881776,4.231495768073945e-117,1
20,0.5,1.5,27,GMM clustering (Checco/Mignemi),1.0,0.004975124378109453,1
20,0.5,1.5,28,apunim,-0.025697423886321503,0.12067267889292162,0
20,0.5,1.5,28,Krippendorff delta-alpha,0.012983528698365054,0.004975124378109453,1
20,0.5,1.5,28,aposteriori unimodality (2024),0.0,1.0,0
20,0.5,1.5,28,chi-squared (Akhtar et al. 2019),531.0834717213739,1.2660609753448126e-113,1
20,0.5,1.5,28,GMM clustering (Checco/Mignemi),1.0,0.004975124378109453,1
20,0.5,1.5,29,apunim,-0.016199644621247223,0.42337415592695526,0
20,0.5,1.5,29,Krippendorff delta-alpha,0.01655539127615735,0.004975124378109453,1
20,0.5,1.5,29,aposteriori unimodality (2024),0.0,1.0,0
20,0.5,1.5,29,chi-squared (Akhtar et al. 2019),537.8421997506888,4.368044877662565e-115,1
20,0.5,1.5,29,GMM clustering (Checco/Mignemi),1.0,0.004975124378109453,1
20,0.5,1.5,30,apunim,-0.1200638336588964,6.52759729489974e-26,1
20,0.5,1.5,30,Krippendorff delta-alpha,0.0059727020437000955,0.004975124378109453,1
20,0.5,1.5,30,aposteriori unimodality (2024),0.005319148936170213,0.21782178217821782,0
20,0.5,1.5,30,chi-squared (Akhtar et al. 2019),581.8244766783541,1.3294514260675183e-124,1
20,0.5,1.5,30,GMM clustering (Checco/Mignemi),1.0,0.004975124378109453,1
20,0.5,1.5,31,apunim,-0.06846356097280526,1.8279899599436782e-07,1
20,0.5,1.5,31,Krippendorff delta-alpha,0.015349673777832085,0.004975124378109453,1
20,0.5,1.5,31,aposteriori unimodality (2024),0.005555555555555556,0.15841584158415842,0
20,0.5,1.5,31,chi-squared (Akhtar et al. 2019),560.4189387149136,5.6964412400814664e-120,1
20,0.5,1.5,31,GMM clustering (Checco/Mignemi),1.0,0.004975124378109453,1
20,0.5,1.5,32,apunim,-0.04302612247418285,0.00019469205583788916,1
20,0.5,1.5,32,Krippendorff delta-alpha,0.004734795021351046,0.004975124378109453,1
20,0.5,1.5,32,aposteriori unimodality (2024),0.0056179775280898875,0.1782178217821782,0
20,0.5,1.5,32,chi-squared (Akhtar et al. 2019),543.4216970934083,2.71131650368207e-116,1
20,0.5,1.5,32,GMM clustering (Checco/Mignemi),1.0,0.004975124378109453,1
20,0.5,1.5,33,apunim,-0.10251999207345333,4.0489043324940587e-14,1
20,0.5,1.5,33,Krippendorff delta-alpha,0.009732574136444572,0.009950248756218905,1
20,0.5,1.5,33,aposteriori unimodality (2024),0.0,1.0,0
20,0.5,1.5,33,chi-squared (Akhtar et al. 2019),549.1798318286336,1.5394941907131635e-117,1
20,0.5,1.5,33,GMM clustering (Checco/Mignemi),1.0,0.004975124378109453,1
20,0.5,1.5,34,apunim,-0.060532139007740564,9.482755549621674e-08,1
20,0.5,1.5,34,Krippendorff delta-alpha,0.017447818637045753,0.004975124378109453,1
20,0.5,1.5,34,aposteriori unimodality (2024),0.0,1.0,0
20,0.5,1.5,34,chi-squared (Akhtar et al. 2019),552.8773192155368,2.4399589803275507e-118,1
20,0.5,1.5,34,GMM clustering (Checco/Mignemi),1.0,0.004975124378109453,1
20,0.5,1.5,35,apunim,-0.08084239831966442,4.842564862322777e-10,1
20,0.5,1.5,35,Krippendorff delta-alpha,0.012441994766408837,0.004975124378109453,1
20,0.5,1.5,35,aposteriori unimodality (2024),0.005494505494505495,0.19801980198019803,0
20,0.5,1.5,35,chi-squared (Akhtar et al. 2019),516.342721380256,1.9551931889373794e-110,1
20,0.5,1.5,35,GMM clustering (Checco/Mignemi),1.0,0.004975124378109453,1
20,0.5,1.5,36,apunim,-0.01478545681267579,0.6558092639792473,0
20,0.5,1.5,36,Krippendorff delta-alpha,0.012637401186251174,0.004975124378109453,1
20,0.5,1.5,36,aposteriori unimodality (2024),0.0,1.0,0
20,0.5,1.5,36,chi-squared (Akhtar et al. 2019),577.1858355059684,1.3411465604318705e-123,1
20,0.5,1.5,36,GMM clustering (Checco/Mignemi),1.0,0.004975124378109453,1
20,0.5,1.5,37,apunim,-0.044268362765175547,0.0007462795054293786,1
20,0.5,1.5,37,Krippendorff delta-alpha,0.007916335997751212,0.009950248756218905,1
20,0.5,1.5,37,aposteriori unimodality (2024),0.0,1.0,0
20,0.5,1.5,37,chi-squared (Akhtar et al. 2019),525.3346036516524,2.2186894362945018e-112,1
20,0.5,1.5,37,GMM clustering (Checco/Mignemi),1.0,0.004975124378109453,1
20,0.5,1.5,38,apunim,-0.09071079442903801,4.523202862144216e-13,1
20,0.5,1.5,38,Krippendorff delta-alpha,0.005633235152829097,0.014925373134328358,1
20,0.5,1.5,38,aposteriori unimodality (2024),0.0,1.0,0
20,0.5,1.5,38,chi-squared (Akhtar et al. 2019),558.9971799148976,1.156738962457628e-119,1
20,0.5,1.5,38,GMM clustering (Checco/Mignemi),1.0,0.004975124378109453,1
20,0.5,1.5,39,apunim,-0.06828846585307395,5.926445162282435e-08,1
20,0.5,1.5,39,Krippendorff delta-alpha,0.0049233922982416245,0.01990049751243781,1
20,0.5,1.5,39,aposteriori unimodality (2024),0.0,1.0,0
20,0.5,1.5,39,chi-squared (Akhtar et al. 2019),533.137630471544,4.550613923120376e-114,1
20,0.5,1.5,39,GMM clustering (Checco/Mignemi),1.0,0.004975124378109453,1
20,0.5,2.0,0,apunim,-0.09964707889640657,5.6977679670449706e-18,1
20,0.5,2.0,0,Krippendorff delta-alpha,0.019402883416203554,0.009950248756218905,1
20,0.5,2.0,0,aposteriori unimodality (2024),0.0,1.0,0
20,0.5,2.0,0,chi-squared (Akhtar et al. 2019),870.2183648844662,4.721481266907739e-187,1
20,0.5,2.0,0,GMM clustering (Checco/Mignemi),1.0,0.009950248756218905,1
20,0.5,2.0,1,apunim,-0.0801109904600693,1.3224201642367318e-12,1
20,0.5,2.0,1,Krippendorff delta-alpha,0.009240531337856184,0.004975124378109453,1
20,0.5,2.0,1,aposteriori unimodality (2024),0.0,1.0,0
20,0.5,2.0,1,chi-squared (Akhtar et al. 2019),810.757333477761,3.5909789153807965e-174,1
20,0.5,2.0,1,GMM clustering (Checco/Mignemi),1.0,0.004975124378109453,1
20,0.5,2.0,2,apunim,-0.1239848311533551,2.384195965796687e-23,1
20,0.5,2.0,2,Krippendorff delta-alpha,0.023193581676425545,0.004975124378109453,1
20,0.5,2.0,2,aposteriori unimodality (2024),0.005263157894736842,0.25742574257425743,0
20,0.5,2.0,2,chi-squared (Akhtar et al. 2019),865.7489443985219,4.389039258137145e-186,1
20,0.5,2.0,2,GMM clustering (Checco/Mignemi),1.0,0.004975124378109453,1
20,0.5,2.0,3,apunim,-0.11463838576702186,1.4980714828358615e-17,1
20,0.5,2.0,3,Krippendorff delta-alpha,0.00962316864662166,0.004975124378109453,1
20,0.5,2.0,3,aposteriori unimodality (2024),0.0,1.0,0
20,0.5,2.0,3,chi-squared (Akhtar et al. 2019),930.1029999511741,5.001884623973538e-200,1
20,0.5,2.0,3,GMM clustering (Checco/Mignemi),1.0,0.004975124378109453,1
20,0.5,2.0,4,apunim,-0.1279264161999778,1.873578089278279e-22,1
20,0.5,2.0,4,Krippendorff delta-alpha,0.013453958698606883,0.004975124378109453,1
20,0.5,2.0,4,aposteriori unimodality (2024),0.0,1.0,0
20,0.5,2.0,4,chi-squared (Akhtar et al. 2019),964.7513021359038,1.5531067483418174e-207,1
20,0.5,2.0,4,GMM clustering (Checco/Mignemi),1.0,0.004975124378109453,1
20,0.5,2.0,5,apunim,-0.09629280595198815,1.4107522787937906e-17,1
20,0.5,2.0,5,Krippendorff delta-alpha,0.016977614915144545,0.004975124378109453,1
20,0.5,2.0,5,aposteriori unimodality (2024),0.0,1.0,0
20,0.5,2.0,5,chi-squared (Akhtar et al. 2019),912.0389168262552,4.103933000322218e-196,1
20,0.5,2.0,5,GMM clustering (Checco/Mignemi),1.0,0.004975124378109453,1
20,0.5,2.0,6,apunim,-0.11064268912312553,3.220533599573796e-18,1
20,0.5,2.0,6,Krippendorff delta-alpha,0.020372008816437526,0.004975124378109453,1
20,0.5,2.0,6,aposteriori unimodality (2024),0.005376344086021506,0.13861386138613863,0
20,0.5,2.0,6,chi-squared (Akhtar et al. 2019),900.0600366541155,1.616783234609788e-193,1
20,0.5,2.0,6,GMM clustering (Checco/Mignemi),1.0,0.004975124378109453,1
20,0.5,2.0,7,apunim,-0.10782482419286259,2.96863916257828e-18,1
20,0.5,2.0,7,Krippendorff delta-alpha,0.009125768491290487,0.004975124378109453,1
20,0.5,2.0,7,aposteriori unimodality (2024),0.0,1.0,0
20,0.5,2.0,7,chi-squared (Akhtar et al. 2019),929.9717403348826,5.34041701972647e-200,1
20,0.5,2.0,7,GMM clustering (Checco/Mignemi),1.0,0.004975124378109453,1
20,0.5,2.0,8,apunim,-0.10361783151662164,6.037693279710851e-17,1
20,0.5,2.0,8,Krippendorff delta-alpha,0.014625867116925706,0.004975124378109453,1
20,0.5,2.0,8,aposteriori unimodality (2024),0.0,1.0,0
20,0.5,2.0,8,chi-squared (Akhtar et al. 2019),889.1333080758604,3.767627812270456e-191,1
20,0.5,2.0,8,GMM clustering (Checco/Mignemi),1.0,0.004975124378109453,1
20,0.5,2.0,9,apunim,-0.14628760666051213,6.283186489443967e-26,1
20,0.5,2.0,9,Krippendorff delta-alpha,0.012123557141176355,0.004975124378109453,1
20,0.5,2.0,9,aposteriori unimodality (2024),0.0,1.0,0
20,0.5,2.0,9,chi-squared (Akhtar et al. 2019),902.5301551472477,4.71476432133134e-194,1
20,0.5,2.0,9,GMM clustering (Checco/Mignemi),1.0,0.004975124378109453,1
20,0.5,2.0,10,apunim,-0.060546491209774164,1.469748389196508e-07,1
20,0.5,2.0,10,Krippendorff delta-alpha,0.013620320616719583,0.004975124378109453,1
20,0.5,2.0,10,aposteriori unimodality (2024),0.0,1.0,0
20,0.5,2.0,10,chi-squared (Akhtar et al. 2019),872.6111200569782,1.4311588979173475e-187,1
20,0.5,2.0,10,GMM clustering (Checco/Mignemi),1.0,0.004975124378109453,1
20,0.5,2.0,11,apunim,-0.10337765158804782,8.114835393527235e-18,1
20,0.5,2.0,11,Krippendorff delta-alpha,0.01968860065504152,0.004975124378109453,1
20,0.5,2.0,11,aposteriori unimodality (2024),0.0,1.0,0
20,0.5,2.0,11,chi-squared (Akhtar et al. 2019),859.3110719534866,1.0891849717891504e-184,1
20,0.5,2.0,11,GMM clustering (Checco/Mignemi),1.0,0.004975124378109453,1
20,0.5,2.0,12,apunim,-0.07928145735436619,8.797293192308457e-10,1
20,0.5,2.0,12,Krippendorff delta-alpha,0.019083494631312314,0.004975124378109453,1
20,0.5,2.0,12,aposteriori unimodality (2024),0.0,1.0,0
20,0.5,2.0,12,chi-squared (Akhtar et al. 2019),964.2500894381187,1.9944035687519674e-207,1
20,0.5,2.0,12,GMM clustering (Checco/Mignemi),1.0,0.004975124378109453,1
20,0.5,2.0,13,apunim,-0.09285153710992955,3.463182330403284e-14,1
20,0.5,2.0,13,Krippendorff delta-alpha,0.027738571142198465,0.004975124378109453,1
20,0.5,2.0,13,aposteriori unimodality (2024),0.005494505494505495,0.07920792079207921,0
20,0.5,2.0,13,chi-squared (Akhtar et al. 2019),908.4852567933151,2.4164397113144477e-195,1
20,0.5,2.0,13,GMM clustering (Checco/Mignemi),1.0,0.004975124378109453,1
20,0.5,2.0,14,apunim,-0.10908100464167135,4.7448363889070686e-15,1
20,0.5,2.0,14,Krippendorff delta-alpha,0.01811682619818472,0.004975124378109453,1
20,0.5,2.0,14,aposteriori unimodality (2024),0.0,1.0,0
20,0.5,2.0,14,chi-squared (Akhtar et al. 2019),907.8544104934216,3.3102552618883665e-195,1
20,0.5,2.0,14,GMM clustering (Checco/Mignemi),1.0,0.004975124378109453,1
20,0.5,2.0,15,apunim,-0.08286330705289081,1.4072654643233016e-10,1
20,0.5,2.0,15,Krippendorff delta-alpha,0.016010844244475797,0.004975124378109453,1
20,0.5,2.0,15,aposteriori unimodality (2024),0.0,1.0,0
20,0.5,2.0,15,chi-squared (Akhtar et al. 2019),895.5298200059099,1.5494918163994218e-192,1
20,0.5,2.0,15,GMM clustering (Checco/Mignemi),1.0,0.004975124378109453,1
20,0.5,2.0,16,apunim,-0.07964869308016896,1.1069923255147585e-10,1
20,0.5,2.0,16,Krippendorff delta-alpha,0.013968637739515233,0.004975124378109453,1
20,0.5,2.0,16,aposteriori unimodality (2024),0.005376344086021506,0.2376237623762376,0
20,0.5,2.0,16,chi-squared (Akhtar et al. 2019),949.4684843243401,3.1834839923537768e-204,1
20,0.5,2.0,16,GMM clustering (Checco/Mignemi),1.0,0.004975124378109453,1
20,0.5,2.0,17,apunim,-0.06556470516186226,2.1838280052911518e-08,1
20,0.5,2.0,17,Krippendorff delta-alpha,0.015429990295912632,0.004975124378109453,1
20,0.5,2.0,17,aposteriori unimodality (2024),0.0,1.0,0
20,0.5,2.0,17,chi-squared (Akhtar et al. 2019),856.3177636303457,4.84817574905171e-184,1
20,0.5,2.0,17,GMM clustering (Checco/Mignemi),1.0,0.004975124378109453,1
20,0.5,2.0,18,apunim,-0.05634371158193544,3.27761695720537e-06,1
20,0.5,2.0,18,Krippendorff delta-alpha,0.016750810063349664,0.004975124378109453,1
20,0.5,2.0,18,aposteriori unimodality (2024),0.0,1.0,0
20,0.5,2.0,18,chi-squared (Akhtar et al. 2019),921.7619420270426,3.2097229297215725e-198,1
20,0.5,2.0,18,GMM clustering (Checco/Mignemi),1.0,0.004975124378109453,1
20,0.5,2.0,19,apunim,-0.054984233502634844,2.1285645922096967e-06,1
20,0.5,2.0,19,Krippendorff delta-alpha,0.017242264713022704,0.004975124378109453,1
20,0.5,2.0,19,aposteriori unimodality (2024),0.0,1.0,0
20,0.5,2.0,19,chi-squared (Akhtar et al. 2019),895.3461326015237,1.6981951985474994e-192,1
20,0.5,2.0,19,GMM clustering (Checco/Mignemi),1.0,0.004975124378109453,1
20,0.5,2.0,20,apunim,-0.10195795174527282,5.383536937896743e-16,1
20,0.5,2.0,20,Krippendorff delta-alpha,0.019464376673267614,0.004975124378109453,1
20,0.5,2.0,20,aposteriori unimodality (2024),0.0,1.0,0
20,0.5,2.0,20,chi-squared (Akhtar et al. 2019),919.0057902343497,1.2695815337986343e-197,1
20,0.5,2.0,20,GMM clustering (Checco/Mignemi),1.0,0.004975124378109453,1
20,0.5,2.0,21,apunim,-0.12228340410903461,1.4554456052216152e-23,1
20,0.5,2.0,21,Krippendorff delta-alpha,0.012984612196919099,0.004975124378109453,1
20,0.5,2.0,21,aposteriori unimodality (2024),0.0,1.0,0
20,0.5,2.0,21,chi-squared (Akhtar et al. 2019),880.4497052940943,2.867052631095933e-189,1
20,0.5,2.0,21,GMM clustering (Checco/Mignemi),1.0,0.004975124378109453,1
20,0.5,2.0,22,apunim,-0.15194076222629427,2.9469367896292844e-23,1
20,0.5,2.0,22,Krippendorff delta-alpha,0.02620717914365639,0.004975124378109453,1
20,0.5,2.0,22,aposteriori unimodality (2024),0.0,1.0,0
20,0.5,2.0,22,chi-squared (Akhtar et al. 2019),942.8520366101264,8.642023289160477e-203,1
20,0.5,2.0,22,GMM clustering (Checco/Mignemi),1.0,0.004975124378109453,1
20,0.5,2.0,23,apunim,-0.08707890413338132,1.0354881399535474e-11,1
20,0.5,2.0,23,Krippendorff delta-alpha,0.015639672147823303,0.004975124378109453,1
20,0.5,2.0,23,aposteriori unimodality (2024),0.0,1.0,0
20,0.5,2.0,23,chi-squared (Akhtar et al. 2019),852.6889393136381,2.962971854632831e-183,1
20,0.5,2.0,23,GMM clustering (Checco/Mignemi),1.0,0.004975124378109453,1
20,0.5,2.0,24,apunim,-0.15171913397476922,2.010526215384128e-31,1
20,0.5,2.0,24,Krippendorff delta-alpha,0.014917097624267073,0.004975124378109453,1
20,0.5,2.0,24,aposteriori unimodality (2024),0.0,1.0,0
20,0.5,2.0,24,chi-squared (Akhtar et al. 2019),905.1154989412933,1.2980734105770423e-194,1
20,0.5,2.0,24,GMM clustering (Checco/Mignemi),1.0,0.004975124378109453,1
20,0.5,2.0,25,apunim,-0.15624389064006353,8.73785833218422e-29,1
20,0.5,2.0,25,Krippendorff delta-alpha,0.021153569257884086,0.004975124378109453,1
20,0.5,2.0,25,aposteriori unimodality (2024),0.0,1.0,0
20,0.5,2.0,25,chi-squared (Akhtar et al. 2019),942.8520830226981,8.641823166724197e-203,1
20,0.5,2.0,25,GMM clustering (Checco/Mignemi),1.0,0.004975124378109453,1
20,0.5,2.0,26,apunim,-0.05631383579646339,4.378416640285674e-08,1
20,0.5,2.0,26,Krippendorff delta-alpha,0.009177771196032691,0.004975124378109453,1
20,0.5,2.0,26,aposteriori unimodality (2024),0.0,1.0,0
20,0.5,2.0,26,chi-squared (Akhtar et al. 2019),881.6475606493423,1.5772981738422983e-189,1
20,0.5,2.0,26,GMM clustering (Checco/Mignemi),1.0,0.004975124378109453,1
20,0.5,2.0,27,apunim,-0.07529544130988537,2.0370610166219743e-09,1
20,0.5,2.0,27,Krippendorff delta-alpha,0.013170307241098245,0.004975124378109453,1
20,0.5,2.0,27,aposteriori unimodality (2024),0.0,1.0,0
20,0.5,2.0,27,chi-squared (Akhtar et al. 2019),863.5074130864413,1.3427294157804463e-185,1
20,0.5,2.0,27,GMM clustering (Checco/Mignemi),1.0,0.004975124378109453,1
20,0.5,2.0,28,apunim,-0.08217943781286091,3.582480294525182e-12,1
20,0.5,2.0,28,Krippendorff delta-alpha,0.017579463221106262,0.004975124378109453,1
20,0.5,2.0,28,aposteriori unimodality (2024),0.0,1.0,0
20,0.5,2.0,28,chi-squared (Akhtar et al. 2019),844.6890083589838,1.6025304812495284e-181,1
20,0.5,2.0,28,GMM clustering (Checco/Mignemi),1.0,0.004975124378109453,1
20,0.5,2.0,29,apunim,-0.1038904129708955,4.169612439018974e-15,1
20,0.5,2.0,29,Krippendorff delta-alpha,0.020620577407322538,0.004975124378109453,1
20,0.5,2.0,29,aposteriori unimodality (2024),0.0,1.0,0
20,0.5,2.0,29,chi-squared (Akhtar et al. 2019),898.1339556967007,4.2263617258287182e-193,1
20,0.5,2.0,29,GMM clustering (Checco/Mignemi),1.0,0.004975124378109453,1
20,0.5,2.0,30,apunim,-0.09735291680399864,2.1211568190019747e-15,1
20,0.5,2.0,30,Krippendorff delta-alpha,0.008240139744843389,0.004975124378109453,1
20,0.5,2.0,30,aposteriori unimodality (2024),0.005291005291005291,0.19801980198019803,0
20,0.5,2.0,30,chi-squared (Akhtar et al. 2019),899.338040728406,2.3178401315535507e-193,1
20,0.5,2.0,30,GMM clustering (Checco/Mignemi),1.0,0.004975124378109453,1
20,0.5,2.0,31,apunim,-0.09209855360519535,6.826265203226323e-15,1
20,0.5,2.0,31,Krippendorff delta-alpha,0.014764248014109527,0.004975124378109453,1
20,0.5,2.0,31,aposteriori unimodality (2024),0.0,1.0,0
20,0.5,2.0,31,chi-squared (Akhtar et al. 2019),876.8647015884175,1.7145153927150874e-188,1
20,0.5,2.0,31,GMM clustering (Checco/Mignemi),1.0,0.004975124378109453,1
20,0.5,2.0,32,apunim,-0.12024097363749965,8.320275280413788e-18,1
20,0.5,2.0,32,Krippendorff delta-alpha,0.026367256649679316,0.004975124378109453,1
20,0.5,2.0,32,aposteriori unimodality (2024),0.0,1.0,0
20,0.5,2.0,32,chi-squared (Akhtar et al. 2019),868.1068547726456,1.35373678253834e-186,1
20,0.5,2.0,32,GMM clustering (Checco/Mignemi),1.0,0.004975124378109453,1
20,0.5,2.0,33,apunim,-0.07802236303946143,4.911637094065286e-10,1
20,0.5,2.0,33,Krippendorff delta-alpha,0.021613221417190853,0.004975124378109453,1
20,0.5,2.0,33,aposteriori unimodality (2024),0.0,1.0,0
20,0.5,2.0,33,chi-squared (Akhtar et al. 2019),958.7246736517677,3.141602494831088e-206,1
20,0.5,2.0,33,GMM clustering (Checco/Mignemi),1.0,0.004975124378109453,1
20,0.5,2.0,34,apunim,-0.08776972903123342,8.166641229486547e-13,1
20,0.5,2.0,34,Krippendorff delta-alpha,0.013100710313481811,0.004975124378109453,1
20,0.5,2.0,34,aposteriori unimodality (2024),0.005376344086021506,0.3069306930693069,0
20,0.5,2.0,34,chi-squared (Akhtar et al. 2019),896.8794006657979,7.902856777821783e-193,1
20,0.5,2.0,34,GMM clustering (Checco/Mignemi),1.0,0.004975124378109453,1
20,0.5,2.0,35,apunim,-0.0859596578538472,6.46297348931474e-12,1
20,0.5,2.0,35,Krippendorff delta-alpha,0.010461713490666935,0.004975124378109453,1
20,0.5,2.0,35,aposteriori unimodality (2024),0.0,1.0,0
20,0.5,2.0,35,chi-squared (Akhtar et al. 2019),947.2867628707786,9.454977113456797e-204,1
20,0.5,2.0,35,GMM clustering (Checco/Mignemi),1.0,0.004975124378109453,1
20,0.5,2.0,36,apunim,-0.12313946150187727,3.0472285422047903e-22,1
20,0.5,2.0,36,Krippendorff delta-alpha,0.015620467872015098,0.004975124378109453,1
20,0.5,2.0,36,aposteriori unimodality (2024),0.0,1.0,0
20,0.5,2.0,36,chi-squared (Akhtar et al. 2019),865.6626165054716,4.582179746240137e-186,1
20,0.5,2.0,36,GMM clustering (Checco/Mignemi),1.0,0.004975124378109453,1
20,0.5,2.0,37,apunim,-0.11150837244447147,2.4774559950935796e-17,1
20,0.5,2.0,37,Krippendorff delta-alpha,0.014009297841208468,0.004975124378109453,1
20,0.5,2.0,37,aposteriori unimodality (2024),0.0056179775280898875,0.15841584158415842,0
20,0.5,2.0,37,chi-squared (Akhtar et al. 2019),918.5626960529661,1.583683118622466e-197,1
20,0.5,2.0,37,GMM clustering (Checco/Mignemi),1.0,0.004975124378109453,1
20,0.5,2.0,38,apunim,-0.117605033447121,4.388364023308533e-21,1
20,0.5,2.0,38,Krippendorff delta-alpha,0.013552204666858303,0.004975124378109453,1
20,0.5,2.0,38,aposteriori unimodality (2024),0.005319148936170213,0.10891089108910891,0
20,0.5,2.0,38,chi-squared (Akhtar et al. 2019),913.3152936244289,2.170923869312255e-196,1
20,0.5,2.0,38,GMM clustering (Checco/Mignemi),1.0,0.004975124378109453,1
20,0.5,2.0,39,apunim,-0.08950761455991471,4.809726019068742e-13,1
20,0.5,2.0,39,Krippendorff delta-alpha,0.0121969307527649,0.004975124378109453,1
20,0.5,2.0,39,aposteriori unimodality (2024),0.005434782608695652,0.09900990099009901,0
20,0.5,2.0,39,chi-squared (Akhtar et al. 2019),860.3327669883752,6.542718591767648e-185,1
20,0.5,2.0,39,GMM clustering (Checco/Mignemi),1.0,0.004975124378109453,1
20,0.5,2.5,0,apunim,-0.20206142762891358,9.806022034453437e-44,1
20,0.5,2.5,0,Krippendorff delta-alpha,0.024025586468482074,0.009950248756218905,1
20,0.5,2.5,0,aposteriori unimodality (2024),0.0,1.0,0
20,0.5,2.5,0,chi-squared (Akhtar et al. 2019),1263.4644025586958,2.7759451530722358e-272,1
20,0.5,2.5,0,GMM clustering (Checco/Mignemi),1.0,0.009950248756218905,1
20,0.5,2.5,1,apunim,-0.11626713147485582,1.964332888604464e-21,1
20,0.5,2.5,1,Krippendorff delta-alpha,0.03983728887507487,0.004975124378109453,1
20,0.5,2.5,1,aposteriori unimodality (2024),0.0,1.0,0
20,0.5,2.5,1,chi-squared (Akhtar et al. 2019),1286.1489943518966,3.3514328863657435e-277,1
20,0.5,2.5,1,GMM clustering (Checco/Mignemi),1.0,0.004975124378109453,1
20,0.5,2.5,2,apunim,-0.2089347737526485,8.26664911792395e-46,1
20,0.5,2.5,2,Krippendorff delta-alpha,0.019577315067878964,0.004975124378109453,1
20,0.5,2.5,2,aposteriori unimodality (2024),0.0,1.0,0
20,0.5,2.5,2,chi-squared (Akhtar et al. 2019),1303.679837092769,5.300623930984944e-281,1
20,0.5,2.5,2,GMM clustering (Checco/Mignemi),1.0,0.004975124378109453,1
20,0.5,2.5,3,apunim,-0.15943396607739013,9.613992375495392e-32,1
20,0.5,2.5,3,Krippendorff delta-alpha,0.018927859395261315,0.004975124378109453,1
20,0.5,2.5,3,aposteriori unimodality (2024),0.0,1.0,0
20,0.5,2.5,3,chi-squared (Akhtar et al. 2019),1275.278455872089,7.621798334337418e-275,1
20,0.5,2.5,3,GMM clustering (Checco/Mignemi),1.0,0.004975124378109453,1
20,0.5,2.5,4,apunim,-0.1009856887683037,5.2632429232780814e-17,1
20,0.5,2.5,4,Krippendorff delta-alpha,0.019586461994071103,0.004975124378109453,1
20,0.5,2.5,4,aposteriori unimodality (2024),0.0,1.0,0
20,0.5,2.5,4,chi-squared (Akhtar et al. 2019),1245.839917925777,1.8383492988268888e-268,1
20,0.5,2.5,4,GMM clustering (Checco/Mignemi),1.0,0.004975124378109453,1
20,0.5,2.5,5,apunim,-0.11286153163165738,1.6300550383607504e-19,1
20,0.5,2.5,5,Krippendorff delta-alpha,0.02586055325421105,0.004975124378109453,1
20,0.5,2.5,5,aposteriori unimodality (2024),0.0,1.0,0
20,0.5,2.5,5,chi-squared (Akhtar et al. 2019),1191.1277259313788,1.3352347771216707e-256,1
20,0.5,2.5,5,GMM clustering (Checco/Mignemi),1.0,0.004975124378109453,1
20,0.5,2.5,6,apunim,-0.18046486720093216,5.30618139277151e-39,1
20,0.5,2.5,6,Krippendorff delta-alpha,0.024051199676965007,0.004975124378109453,1
20,0.5,2.5,6,aposteriori unimodality (2024),0.0,1.0,0
20,0.5,2.5,6,chi-squared (Akhtar et al. 2019),1285.4350900705958,4.786434443953378e-277,1
20,0.5,2.5,6,GMM clustering (Checco/Mignemi),1.0,0.004975124378109453,1
20,0.5,2.5,7,apunim,-0.17446254809004175,5.6236817162549934e-33,1
20,0.5,2.5,7,Krippendorff delta-alpha,0.03323887521791735,0.004975124378109453,1
20,0.5,2.5,7,aposteriori unimodality (2024),0.0,1.0,0
20,0.5,2.5,7,chi-squared (Akhtar et al. 2019),1265.0004624865498,1.289396675927376e-272,1
20,0.5,2.5,7,GMM clustering (Checco/Mignemi),1.0,0.004975124378109453,1
20,0.5,2.5,8,apunim,-0.13481154617057198,4.047268212628631e-27,1
20,0.5,2.5,8,Krippendorff delta-alpha,0.028882652535351883,0.004975124378109453,1
20,0.5,2.5,8,aposteriori unimodality (2024),0.005263157894736842,0.13861386138613863,0
20,0.5,2.5,8,chi-squared (Akhtar et al. 2019),1310.6838808059065,1.6059857220771296e-282,1
20,0.5,2.5,8,GMM clustering (Checco/Mignemi),1.0,0.004975124378109453,1
20,0.5,2.5,9,apunim,-0.12733881358386434,4.581262226407183e-25,1
20,0.5,2.5,9,Krippendorff delta-alpha,0.014683261320533658,0.004975124378109453,1
20,0.5,2.5,9,aposteriori unimodality (2024),0.0,1.0,0
20,0.5,2.5,9,chi-squared (Akhtar et al. 2019),1309.719174283608,2.599595366271777e-282,1
20,0.5,2.5,9,GMM clustering (Checco/Mignemi),1.0,0.004975124378109453,1
20,0.5,2.5,10,apunim,-0.151644191024777,1.541546088038246e-34,1
20,0.5,2.5,10,Krippendorff delta-alpha,0.029998097512597077,0.004975124378109453,1
20,0.5,2.5,10,aposteriori unimodality (2024),0.0,1.0,0
20,0.5,2.5,10,chi-squared (Akhtar et al. 2019),1461.00134293562,0.0,1
20,0.5,2.5,10,GMM clustering (Checco/Mignemi),1.0,0.004975124378109453,1
20,0.5,2.5,11,apunim,-0.15376305501877957,1.662109674445442e-31,1
20,0.5,2.5,11,Krippendorff delta-alpha,0.019884101782296104,0.004975124378109453,1
20,0.5,2.5,11,aposteriori unimodality (2024),0.0,1.0,0
20,0.5,2.5,11,chi-squared (Akhtar et al. 2019),1290.879017242336,3.160173267320677e-278,1
20,0.5,2.5,11,GMM clustering (Checco/Mignemi),1.0,0.004975124378109453,1
20,0.5,2.5,12,apunim,-0.18667238809578884,2.0123287462996076e-40,1
20,0.5,2.5,12,Krippendorff delta-alpha,0.025102190168863003,0.004975124378109453,1
20,0.5,2.5,12,aposteriori unimodality (2024),0.0,1.0,0
20,0.5,2.5,12,chi-squared (Akhtar et al. 2019),1293.3979725981735,8.986115890617781e-279,1
20,0.5,2.5,12,GMM clustering (Checco/Mignemi),1.0,0.004975124378109453,1
20,0.5,2.5,13,apunim,-0.11277309130620942,4.677851696441503e-17,1
20,0.5,2.5,13,Krippendorff delta-alpha,0.008408477116786606,0.004975124378109453,1
20,0.5,2.5,13,aposteriori unimodality (2024),0.0,1.0,0
20,0.5,2.5,13,chi-squared (Akhtar et al. 2019),1302.7436330647477,8.458816490502358e-281,1
20,0.5,2.5,13,GMM clustering (Checco/Mignemi),1.0,0.004975124378109453,1
20,0.5,2.5,14,apunim,-0.13614563599957724,1.7484192135476476e-25,1
20,0.5,2.5,14,Krippendorff delta-alpha,0.024158476157198183,0.004975124378109453,1
20,0.5,2.5,14,aposteriori unimodality (2024),0.0,1.0,0
20,0.5,2.5,14,chi-squared (Akhtar et al. 2019),1324.1674936268657,1.9153607517989754e-285,1
20,0.5,2.5,14,GMM clustering (Checco/Mignemi),1.0,0.004975124378109453,1
20,0.5,2.5,15,apunim,-0.15261934507594493,5.271308628103846e-31,1
20,0.5,2.5,15,Krippendorff delta-alpha,0.02588993611185525,0.004975124378109453,1
20,0.5,2.5,15,aposteriori unimodality (2024),0.0,1.0,0
20,0.5,2.5,15,chi-squared (Akhtar et al. 2019),1305.9265367362902,1.7266687056602202e-281,1
20,0.5,2.5,15,GMM clustering (Checco/Mignemi),1.0,0.004975124378109453,1
20,0.5,2.5,16,apunim,-0.1834751077545766,3.3987818427334264e-35,1
20,0.5,2.5,16,Krippendorff delta-alpha,0.030033028567899467,0.004975124378109453,1
20,0.5,2.5,16,aposteriori unimodality (2024),0.010309278350515464,0.04950495049504951,1
20,0.5,2.5,16,chi-squared (Akhtar et al. 2019),1380.9190429356086,9.484328989781567e-298,1
20,0.5,2.5,16,GMM clustering (Checco/Mignemi),1.0,0.004975124378109453,1
20,0.5,2.5,17,apunim,-0.15711017707283711,5.162453850061576e-31,1
20,0.5,2.5,17,Krippendorff delta-alpha,0.03162825690047494,0.004975124378109453,1
20,0.5,2.5,17,aposteriori unimodality (2024),0.005263157894736842,0.18811881188118812,0
20,0.5,2.5,17,chi-squared (Akhtar et al. 2019),1255.1225937410745,1.7862381030772693e-270,1
20,0.5,2.5,17,GMM clustering (Checco/Mignemi),1.0,0.004975124378109453,1
20,0.5,2.5,18,apunim,-0.1754014042710311,3.2225881936660087e-35,1
20,0.5,2.5,18,Krippendorff delta-alpha,0.021762313071674477,0.004975124378109453,1
20,0.5,2.5,18,aposteriori unimodality (2024),0.0,1.0,0
20,0.5,2.5,18,chi-squared (Akhtar et al. 2019),1297.1420063202456,1.3861774669101433e-279,1
20,0.5,2.5,18,GMM clustering (Checco/Mignemi),1.0,0.004975124378109453,1
20,0.5,2.5,19,apunim,-0.19658800278047037,5.168999471203419e-39,1
20,0.5,2.5,19,Krippendorff delta-alpha,0.02105427331063242,0.004975124378109453,1
20,0.5,2.5,19,aposteriori unimodality (2024),0.0,1.0,0
20,0.5,2.5,19,chi-squared (Akhtar et al. 2019),1376.0924706593687,1.0557596659224195e-296,1
20,0.5,2.5,19,GMM clustering (Checco/Mignemi),1.0,0.004975124378109453,1
20,0.5,2.5,20,apunim,-0.1282505495613112,5.162283339573125e-25,1
20,0.5,2.5,20,Krippendorff delta-alpha,0.018615457236161925,0.004975124378109453,1
20,0.5,2.5,20,aposteriori unimodality (2024),0.005235602094240838,0.18811881188118812,0
20,0.5,2.5,20,chi-squared (Akhtar et al. 2019),1309.0034785405626,3.716037493281069e-282,1
20,0.5,2.5,20,GMM clustering (Checco/Mignemi),1.0,0.004975124378109453,1
20,0.5,2.5,21,apunim,-0.14993439859640859,1.388384433275014e-31,1
20,0.5,2.5,21,Krippendorff delta-alpha,0.032864061480607165,0.004975124378109453,1
20,0.5,2.5,21,aposteriori unimodality (2024),0.0,1.0,0
20,0.5,2.5,21,chi-squared (Akhtar et al. 2019),1358.115853677894,8.345173847057816e-293,1
20,0.5,2.5,21,GMM clustering (Checco/Mignemi),1.0,0.004975124378109453,1
20,0.5,2.5,22,apunim,-0.17046084701312708,1.8930328955042118e-35,1
20,0.5,2.5,22,Krippendorff delta-alpha,0.023126490869084082,0.004975124378109453,1
20,0.5,2.5,22,aposteriori unimodality (2024),0.0,1.0,0
20,0.5,2.5,22,chi-squared (Akhtar et al. 2019),1249.0850184079832,3.638240186020244e-269,1
20,0.5,2.5,22,GMM clustering (Checco/Mignemi),1.0,0.004975124378109453,1
20,0.5,2.5,23,apunim,-0.17765924104991082,1.0268113892330106e-35,1
20,0.5,2.5,23,Krippendorff delta-alpha,0.0249996498990257,0.004975124378109453,1
20,0.5,2.5,23,aposteriori unimodality (2024),0.0051813471502590676,0.12871287128712872,0
20,0.5,2.5,23,chi-squared (Akhtar et al. 2019),1350.8250036036036,3.178989436974704e-291,1
20,0.5,2.5,23,GMM clustering (Checco/Mignemi),1.0,0.004975124378109453,1
20,0.5,2.5,24,apunim,-0.15587823239115478,2.6155798808021382e-27,1
20,0.5,2.5,24,Krippendorff delta-alpha,0.01808698740879905,0.004975124378109453,1
20,0.5,2.5,24,aposteriori unimodality (2024),0.0,1.0,0
20,0.5,2.5,24,chi-squared (Akhtar et al. 2019),1329.299665963471,1.477375747816586e-286,1
20,0.5,2.5,24,GMM clustering (Checco/Mignemi),1.0,0.004975124378109453,1
20,0.5,2.5,25,apunim,-0.11757428773777347,2.459632603983233e-19,1
20,0.5,2.5,25,Krippendorff delta-alpha,0.036510163021176045,0.004975124378109453,1
20,0.5,2.5,25,aposteriori unimodality (2024),0.0,1.0,0
20,0.5,2.5,25,chi-squared (Akhtar et al. 2019),1238.1205470774391,8.66908266367168e-267,1
20,0.5,2.5,25,GMM clustering (Checco/Mignemi),1.0,0.004975124378109453,1
20,0.5,2.5,26,apunim,-0.14468972562272683,1.4690971453056777e-26,1
20,0.5,2.5,26,Krippendorff delta-alpha,0.02675824502969848,0.004975124378109453,1
20,0.5,2.5,26,aposteriori unimodality (2024),0.005263157894736842,0.21782178217821782,0
20,0.5,2.5,26,chi-squared (Akhtar et al. 2019),1217.2956161230863,2.8359237716758377e-262,1
20,0.5,2.5,26,GMM clustering (Checco/Mignemi),1.0,0.004975124378109453,1
20,0.5,2.5,27,apunim,-0.12452145104327345,9.26363853119435e-23,1
20,0.5,2.5,27,Krippendorff delta-alpha,0.029569314185679152,0.004975124378109453,1
20,0.5,2.5,27,aposteriori unimodality (2024),0.0,1.0,0
20,0.5,2.5,27,chi-squared (Akhtar et al. 2019),1274.922794365039,9.102641133703819e-275,1
20,0.5,2.5,27,GMM clustering (Checco/Mignemi),1.0,0.004975124378109453,1
20,0.5,2.5,28,apunim,-0.15010267226570168,7.931897021032288e-35,1
20,0.5,2.5,28,Krippendorff delta-alpha,0.032303893747663404,0.004975124378109453,1
20,0.5,2.5,28,aposteriori unimodality (2024),0.0,1.0,0
20,0.5,2.5,28,chi-squared (Akhtar et al. 2019),1347.1473820694027,1.993848829710781e-290,1
20,0.5,2.5,28,GMM clustering (Checco/Mignemi),1.0,0.004975124378109453,1
20,0.5,2.5,29,apunim,-0.13897808584504714,1.1689302187342473e-19,1
20,0.5,2.5,29,Krippendorff delta-alpha,0.03498693514616619,0.004975124378109453,1
20,0.5,2.5,29,aposteriori unimodality (2024),0.0053475935828877,0.06930693069306931,0
20,0.5,2.5,29,chi-squared (Akhtar et al. 2019),1215.254255765669,7.85674416548819e-262,1
20,0.5,2.5,29,GMM clustering (Checco/Mignemi),1.0,0.004975124378109453,1
20,0.5,2.5,30,apunim,-0.14719944115581554,7.831670867715979e-33,1
20,0.5,2.5,30,Krippendorff delta-alpha,0.02039101401237331,0.004975124378109453,1
20,0.5,2.5,30,aposteriori unimodality (2024),0.0,1.0,0
20,0.5,2.5,30,chi-squared (Akhtar et al. 2019),1268.7884710092314,1.945931012717661e-273,1
20,0.5,2.5,30,GMM clustering (Checco/Mignemi),1.0,0.004975124378109453,1
20,0.5,2.5,31,apunim,-0.13238707827794816,1.2333965402791288e-23,1
20,0.5,2.5,31,Krippendorff delta-alpha,0.02035000749540833,0.004975124378109453,1
20,0.5,2.5,31,aposteriori unimodality (2024),0.0,1.0,0
20,0.5,2.5,31,chi-squared (Akhtar et al. 2019),1286.0178465665458,3.578200634924567e-277,1
20,0.5,2.5,31,GMM clustering (Checco/Mignemi),1.0,0.004975124378109453,1
20,0.5,2.5,32,apunim,-0.13894154308405704,3.6929839952497697e-28,1
20,0.5,2.5,32,Krippendorff delta-alpha,0.025911549238415488,0.004975124378109453,1
20,0.5,2.5,32,aposteriori unimodality (2024),0.0,1.0,0
20,0.5,2.5,32,chi-squared (Akhtar et al. 2019),1337.9950147580812,1.9237442078319316e-288,1
20,0.5,2.5,32,GMM clustering (Checco/Mignemi),1.0,0.004975124378109453,1
20,0.5,2.5,33,apunim,-0.16639206415471477,1.0035028320414537e-37,1
20,0.5,2.5,33,Krippendorff delta-alpha,0.021771937759516857,0.004975124378109453,1
20,0.5,2.5,33,aposteriori unimodality (2024),0.0,1.0,0
20,0.5,2.5,33,chi-squared (Akhtar et al. 2019),1251.4166076525864,1.1360614320319459e-269,1
20,0.5,2.5,33,GMM clustering (Checco/Mignemi),1.0,0.004975124378109453,1
20,0.5,2.5,34,apunim,-0.10950272502413234,4.681055078805992e-17,1
20,0.5,2.5,34,Krippendorff delta-alpha,0.021656602416499027,0.004975124378109453,1
20,0.5,2.5,34,aposteriori unimodality (2024),0.0,1.0,0
20,0.5,2.5,34,chi-squared (Akhtar et al. 2019),1280.1703834206262,6.6290155467344255e-276,1
20,0.5,2.5,34,GMM clustering (Checco/Mignemi),1.0,0.004975124378109453,1
20,0.5,2.5,35,apunim,-0.17046219837744053,1.6182935757400032e-34,1
20,0.5,2.5,35,Krippendorff delta-alpha,0.021092094018824448,0.004975124378109453,1
20,0.5,2.5,35,aposteriori unimodality (2024),0.0,1.0,0
20,0.5,2.5,35,chi-squared (Akhtar et al. 2019),1240.0268324233557,3.3473075412040083e-267,1
20,0.5,2.5,35,GMM clustering (Checco/Mignemi),1.0,0.004975124378109453,1
20,0.5,2.5,36,apunim,-0.1496207423973754,1.2266099770136252e-27,1
20,0.5,2.5,36,Krippendorff delta-alpha,0.011796097429972008,0.004975124378109453,1
20,0.5,2.5,36,aposteriori unimodality (2024),0.010309278350515464,0.04950495049504951,1
20,0.5,2.5,36,chi-squared (Akhtar et al. 2019),1306.8197907789317,1.1054468566159739e-281,1
20,0.5,2.5,36,GMM clustering (Checco/Mignemi),1.0,0.004975124378109453,1
20,0.5,2.5,37,apunim,-0.09080528687426559,2.6752734789453068e-12,1
20,0.5,2.5,37,Krippendorff delta-alpha,0.01780476755024618,0.004975124378109453,1
20,0.5,2.5,37,aposteriori unimodality (2024),0.005076142131979695,0.1188118811881188,0
20,0.5,2.5,37,chi-squared (Akhtar et al. 2019),1294.4318805641092,5.363005498682346e-279,1
20,0.5,2.5,37,GMM clustering (Checco/Mignemi),1.0,0.004975124378109453,1
20,0.5,2.5,38,apunim,-0.1226585041077667,2.521772683949999e-19,1
20,0.5,2.5,38,Krippendorff delta-alpha,0.018639669807320236,0.004975124378109453,1
20,0.5,2.5,38,aposteriori unimodality (2024),0.0,1.0,0
20,0.5,2.5,38,chi-squared (Akhtar et al. 2019),1336.8500129625374,3.4072974678561576e-288,1
20,0.5,2.5,38,GMM clustering (Checco/Mignemi),1.0,0.004975124378109453,1
20,0.5,2.5,39,apunim,-0.15761350122324433,2.716143412266226e-31,1
20,0.5,2.5,39,Krippendorff delta-alpha,0.029023788785401183,0.004975124378109453,1
20,0.5,2.5,39,aposteriori unimodality (2024),0.0,1.0,0
20,0.5,2.5,39,chi-squared (Akhtar et al. 2019),1249.2978221449746,3.2715645029006576e-269,1
20,0.5,2.5,39,GMM clustering (Checco/Mignemi),1.0,0.004975124378109453,1
20,0.5,3.0,0,apunim,-0.17372915974764844,3.283403734652275e-36,1
20,0.5,3.0,0,Krippendorff delta-alpha,0.03516530270743934,0.009950248756218905,1
20,0.5,3.0,0,aposteriori unimodality (2024),0.0,1.0,0
20,0.5,3.0,0,chi-squared (Akhtar et al. 2019),1716.8040835842235,0.0,1
20,0.5,3.0,0,GMM clustering (Checco/Mignemi),1.0,0.009950248756218905,1
20,0.5,3.0,1,apunim,-0.210740643465375,1.8910800250178073e-42,1
20,0.5,3.0,1,Krippendorff delta-alpha,0.03222153493072416,0.004975124378109453,1
20,0.5,3.0,1,aposteriori unimodality (2024),0.0,1.0,0
20,0.5,3.0,1,chi-squared (Akhtar et al. 2019),1645.1044164035934,0.0,1
20,0.5,3.0,1,GMM clustering (Checco/Mignemi),1.0,0.004975124378109453,1
20,0.5,3.0,2,apunim,-0.20527816662895013,4.950177249712168e-45,1
20,0.5,3.0,2,Krippendorff delta-alpha,0.02545934751436224,0.004975124378109453,1
20,0.5,3.0,2,aposteriori unimodality (2024),0.0,1.0,0
20,0.5,3.0,2,chi-squared (Akhtar et al. 2019),1720.949795112716,0.0,1
20,0.5,3.0,2,GMM clustering (Checco/Mignemi),1.0,0.004975124378109453,1
20,0.5,3.0,3,apunim,-0.22009442781568514,2.3135812286217506e-43,1
20,0.5,3.0,3,Krippendorff delta-alpha,0.024956603394705457,0.004975124378109453,1
20,0.5,3.0,3,aposteriori unimodality (2024),0.005128205128205128,0.039603960396039604,1
20,0.5,3.0,3,chi-squared (Akhtar et al. 2019),1628.276851915077,0.0,1
20,0.5,3.0,3,GMM clustering (Checco/Mignemi),1.0,0.004975124378109453,1
20,0.5,3.0,4,apunim,-0.22072378340603524,2.341506244191135e-50,1
20,0.5,3.0,4,Krippendorff delta-alpha,0.03074540349743371,0.004975124378109453,1
20,0.5,3.0,4,aposteriori unimodality (2024),0.0,1.0,0
20,0.5,3.0,4,chi-squared (Akhtar et al. 2019),1698.1097558527317,0.0,1
20,0.5,3.0,4,GMM clustering (Checco/Mignemi),1.0,0.004975124378109453,1
20,0.5,3.0,5,apunim,-0.13527900181818125,9.325166963898519e-27,1
20,0.5,3.0,5,Krippendorff delta-alpha,0.025110382997899527,0.004975124378109453,1
20,0.5,3.0,5,aposteriori unimodality (2024),0.0,1.0,0
20,0.5,3.0,5,chi-squared (Akhtar et al. 2019),1562.2953120767363,0.0,1
20,0.5,3.0,5,GMM clustering (Checco/Mignemi),1.0,0.004975124378109453,1
20,0.5,3.0,6,apunim,-0.177435273896776,7.196742707782002e-35,1
20,0.5,3.0,6,Krippendorff delta-alpha,0.04163892545342579,0.004975124378109453,1
20,0.5,3.0,6,aposteriori unimodality (2024),0.0,1.0,0
20,0.5,3.0,6,chi-squared (Akhtar et al. 2019),1723.3153593698262,0.0,1
20,0.5,3.0,6,GMM clustering (Checco/Mignemi),1.0,0.004975124378109453,1
20,0.5,3.0,7,apunim,-0.25325170789228657,9.891032416489835e-51,1
20,0.5,3.0,7,Krippendorff delta-alpha,0.0384938080685957,0.004975124378109453,1
20,0.5,3.0,7,aposteriori unimodality (2024),0.0,1.0,0
20,0.5,3.0,7,chi-squared (Akhtar et al. 2019),1749.9673219480467,0.0,1
20,0.5,3.0,7,GMM clustering (Checco/Mignemi),1.0,0.004975124378109453,1
20,0.5,3.0,8,apunim,-0.20189500365844595,1.8643957897832097e-39,1
20,0.5,3.0,8,Krippendorff delta-alpha,0.032701475525447,0.004975124378109453,1
20,0.5,3.0,8,aposteriori unimodality (2024),0.0,1.0,0
20,0.5,3.0,8,chi-squared (Akhtar et al. 2019),1708.7299327402186,0.0,1
20,0.5,3.0,8,GMM clustering (Checco/Mignemi),1.0,0.004975124378109453,1
20,0.5,3.0,9,apunim,-0.21206450744808528,2.0612292842127706e-48,1
20,0.5,3.0,9,Krippendorff delta-alpha,0.02476985223274991,0.004975124378109453,1
20,0.5,3.0,9,aposteriori unimodality (2024),0.0,1.0,0
20,0.5,3.0,9,chi-squared (Akhtar et al. 2019),1804.378469298852,0.0,1
20,0.5,3.0,9,GMM clustering (Checco/Mignemi),1.0,0.004975124378109453,1
20,0.5,3.0,10,apunim,-0.22449061446225618,1.5883770827607605e-58,1
20,0.5,3.0,10,Krippendorff delta-alpha,0.026792418730372747,0.004975124378109453,1
20,0.5,3.0,10,aposteriori unimodality (2024),0.0,1.0,0
20,0.5,3.0,10,chi-squared (Akhtar et al. 2019),1684.063773792685,0.0,1
20,0.5,3.0,10,GMM clustering (Checco/Mignemi),1.0,0.004975124378109453,1
20,0.5,3.0,11,apunim,-0.20304758971525277,1.0545596636807304e-45,1
20,0.5,3.0,11,Krippendorff delta-alpha,0.03125372139089483,0.004975124378109453,1
20,0.5,3.0,11,aposteriori unimodality (2024),0.01015228426395939,0.039603960396039604,1
20,0.5,3.0,11,chi-squared (Akhtar et al. 2019),1708.274825348685,0.0,1
20,0.5,3.0,11,GMM clustering (Checco/Mignemi),1.0,0.004975124378109453,1
20,0.5,3.0,12,apunim,-0.17533391635701243,1.8580557013178137e-35,1
20,0.5,3.0,12,Krippendorff delta-alpha,0.030788986057164458,0.004975124378109453,1
20,0.5,3.0,12,aposteriori unimodality (2024),0.0,1.0,0
20,0.5,3.0,12,chi-squared (Akhtar et al. 2019),1696.215532807854,0.0,1
20,0.5,3.0,12,GMM clustering (Checco/Mignemi),1.0,0.004975124378109453,1
20,0.5,3.0,13,apunim,-0.1934362582730205,2.593295813467213e-44,1
20,0.5,3.0,13,Krippendorff delta-alpha,0.020862066485552888,0.004975124378109453,1
20,0.5,3.0,13,aposteriori unimodality (2024),0.0,1.0,0
20,0.5,3.0,13,chi-squared (Akhtar et al. 2019),1652.4855828165237,0.0,1
20,0.5,3.0,13,GMM clustering (Checco/Mignemi),1.0,0.004975124378109453,1
20,0.5,3.0,14,apunim,-0.2039735597205863,1.6862526580861794e-42,1
20,0.5,3.0,14,Krippendorff delta-alpha,0.01832365450642731,0.004975124378109453,1
20,0.5,3.0,14,aposteriori unimodality (2024),0.0,1.0,0
20,0.5,3.0,14,chi-squared (Akhtar et al. 2019),1642.4252582910262,0.0,1
20,0.5,3.0,14,GMM clustering (Checco/Mignemi),1.0,0.004975124378109453,1
20,0.5,3.0,15,apunim,-0.16363079176578843,3.2742465511074503e-38,1
20,0.5,3.0,15,Krippendorff delta-alpha,0.02796102161844516,0.004975124378109453,1
20,0.5,3.0,15,aposteriori unimodality (2024),0.0,1.0,0
20,0.5,3.0,15,chi-squared (Akhtar et al. 2019),1619.4313239568744,0.0,1
20,0.5,3.0,15,GMM clustering (Checco/Mignemi),1.0,0.004975124378109453,1
20,0.5,3.0,16,apunim,-0.18607362972789293,1.212030383672683e-41,1
20,0.5,3.0,16,Krippendorff delta-alpha,0.031917084462586454,0.004975124378109453,1
20,0.5,3.0,16,aposteriori unimodality (2024),0.0,1.0,0
20,0.5,3.0,16,chi-squared (Akhtar et al. 2019),1719.2849320431837,0.0,1
20,0.5,3.0,16,GMM clustering (Checco/Mignemi),1.0,0.004975124378109453,1
20,0.5,3.0,17,apunim,-0.1962497162266249,6.709018323309577e-42,1
20,0.5,3.0,17,Krippendorff delta-alpha,0.03980290752312854,0.004975124378109453,1
20,0.5,3.0,17,aposteriori unimodality (2024),0.0,1.0,0
20,0.5,3.0,17,chi-squared (Akhtar et al. 2019),1733.0602605825216,0.0,1
20,0.5,3.0,17,GMM clustering (Checco/Mignemi),1.0,0.004975124378109453,1
20,0.5,3.0,18,apunim,-0.17463989939139818,2.5850112792930416e-36,1
20,0.5,3.0,18,Krippendorff delta-alpha,0.03354123686127225,0.004975124378109453,1
20,0.5,3.0,18,aposteriori unimodality (2024),0.0,1.0,0
20,0.5,3.0,18,chi-squared (Akhtar et al. 2019),1726.6771878252318,0.0,1
20,0.5,3.0,18,GMM clustering (Checco/Mignemi),1.0,0.004975124378109453,1
20,0.5,3.0,19,apunim,-0.16670551990761773,2.9294792598087472e-34,1
20,0.5,3.0,19,Krippendorff delta-alpha,0.023721001941793662,0.004975124378109453,1
20,0.5,3.0,19,aposteriori unimodality (2024),0.0,1.0,0
20,0.5,3.0,19,chi-squared (Akhtar et al. 2019),1745.961737329104,0.0,1
20,0.5,3.0,19,GMM clustering (Checco/Mignemi),1.0,0.004975124378109453,1
20,0.5,3.0,20,apunim,-0.17731905493790595,2.5893588028034474e-34,1
20,0.5,3.0,20,Krippendorff delta-alpha,0.030676141209966923,0.004975124378109453,1
20,0.5,3.0,20,aposteriori unimodality (2024),0.0,1.0,0
20,0.5,3.0,20,chi-squared (Akhtar et al. 2019),1611.088639560705,0.0,1
20,0.5,3.0,20,GMM clustering (Checco/Mignemi),1.0,0.004975124378109453,1
20,0.5,3.0,21,apunim,-0.17101125906395048,4.265015985993983e-35,1
20,0.5,3.0,21,Krippendorff delta-alpha,0.03719938213291435,0.004975124378109453,1
20,0.5,3.0,21,aposteriori unimodality (2024),0.0,1.0,0
20,0.5,3.0,21,chi-squared (Akhtar et al. 2019),1693.2083577922012,0.0,1
20,0.5,3.0,21,GMM clustering (Checco/Mignemi),1.0,0.004975124378109453,1
20,0.5,3.0,22,apunim,-0.19988736092845946,2.575332174073222e-44,1
20,0.5,3.0,22,Krippendorff delta-alpha,0.026632768919833016,0.004975124378109453,1
20,0.5,3.0,22,aposteriori unimodality (2024),0.0,1.0,0
20,0.5,3.0,22,chi-squared (Akhtar et al. 2019),1682.249138437654,0.0,1
20,0.5,3.0,22,GMM clustering (Checco/Mignemi),1.0,0.004975124378109453,1
20,0.5,3.0,23,apunim,-0.23507669462160408,1.772032916754883e-51,1
20,0.5,3.0,23,Krippendorff delta-alpha,0.03855547099090878,0.004975124378109453,1
20,0.5,3.0,23,aposteriori unimodality (2024),0.0,1.0,0
20,0.5,3.0,23,chi-squared (Akhtar et al. 2019),1640.8097659588693,0.0,1
20,0.5,3.0,23,GMM clustering (Checco/Mignemi),1.0,0.004975124378109453,1
20,0.5,3.0,24,apunim,-0.23682495910673487,1.5012332925716299e-47,1
20,0.5,3.0,24,Krippendorff delta-alpha,0.03931529246275611,0.004975124378109453,1
20,0.5,3.0,24,aposteriori unimodality (2024),0.0,1.0,0
20,0.5,3.0,24,chi-squared (Akhtar et al. 2019),1740.6448688015334,0.0,1
20,0.5,3.0,24,GMM clustering (Checco/Mignemi),1.0,0.004975124378109453,1
20,0.5,3.0,25,apunim,-0.1671275784146595,4.6176476103557036e-32,1
20,0.5,3.0,25,Krippendorff delta-alpha,0.033786720154786676,0.004975124378109453,1
20,0.5,3.0,25,aposteriori unimodality (2024),0.0,1.0,0
20,0.5,3.0,25,chi-squared (Akhtar et al. 2019),1610.331696326019,0.0,1
20,0.5,3.0,25,GMM clustering (Checco/Mignemi),1.0,0.004975124378109453,1
20,0.5,3.0,26,apunim,-0.17646183686785266,5.7860285981987845e-34,1
20,0.5,3.0,26,Krippendorff delta-alpha,0.02725345485405989,0.004975124378109453,1
20,0.5,3.0,26,aposteriori unimodality (2024),0.0,1.0,0
20,0.5,3.0,26,chi-squared (Akhtar et al. 2019),1695.6317435280553,0.0,1
20,0.5,3.0,26,GMM clustering (Checco/Mignemi),1.0,0.004975124378109453,1
20,0.5,3.0,27,apunim,-0.21611391627213822,3.5764864083370273e-44,1
20,0.5,3.0,27,Krippendorff delta-alpha,0.026564340294735034,0.004975124378109453,1
20,0.5,3.0,27,aposteriori unimodality (2024),0.0,1.0,0
20,0.5,3.0,27,chi-squared (Akhtar et al. 2019),1677.9124464330816,0.0,1
20,0.5,3.0,27,GMM clustering (Checco/Mignemi),1.0,0.004975124378109453,1
20,0.5,3.0,28,apunim,-0.20318424963464107,5.5645339591195765e-40,1
20,0.5,3.0,28,Krippendorff delta-alpha,0.049368552465835935,0.004975124378109453,1
20,0.5,3.0,28,aposteriori unimodality (2024),0.0,1.0,0
20,0.5,3.0,28,chi-squared (Akhtar et al. 2019),1707.2392689164033,0.0,1
20,0.5,3.0,28,GMM clustering (Checco/Mignemi),1.0,0.004975124378109453,1
20,0.5,3.0,29,apunim,-0.18791822235339464,5.380754823299094e-43,1
20,0.5,3.0,29,Krippendorff delta-alpha,0.03813599850097266,0.004975124378109453,1
20,0.5,3.0,29,aposteriori unimodality (2024),0.0,1.0,0
20,0.5,3.0,29,chi-squared (Akhtar et al. 2019),1609.8009929880354,0.0,1
20,0.5,3.0,29,GMM clustering (Checco/Mignemi),1.0,0.004975124378109453,1
20,0.5,3.0,30,apunim,-0.19927636795435527,7.291656510051293e-38,1
20,0.5,3.0,30,Krippendorff delta-alpha,0.03114437676804105,0.004975124378109453,1
20,0.5,3.0,30,aposteriori unimodality (2024),0.0,1.0,0
20,0.5,3.0,30,chi-squared (Akhtar et al. 2019),1676.6045881796324,0.0,1
20,0.5,3.0,30,GMM clustering (Checco/Mignemi),1.0,0.004975124378109453,1
20,0.5,3.0,31,apunim,-0.183876008845182,6.397806468844808e-43,1
20,0.5,3.0,31,Krippendorff delta-alpha,0.033619344427493314,0.004975124378109453,1
20,0.5,3.0,31,aposteriori unimodality (2024),0.0,1.0,0
20,0.5,3.0,31,chi-squared (Akhtar et al. 2019),1621.0901113020345,0.0,1
20,0.5,3.0,31,GMM clustering (Checco/Mignemi),1.0,0.004975124378109453,1
20,0.5,3.0,32,apunim,-0.21032464253851949,5.202093322384862e-50,1
20,0.5,3.0,32,Krippendorff delta-alpha,0.036706109578495794,0.004975124378109453,1
20,0.5,3.0,32,aposteriori unimodality (2024),0.0,1.0,0
20,0.5,3.0,32,chi-squared (Akhtar et al. 2019),1657.5356662598563,0.0,1
20,0.5,3.0,32,GMM clustering (Checco/Mignemi),1.0,0.004975124378109453,1
20,0.5,3.0,33,apunim,-0.18704410196526589,2.246993737166763e-34,1
20,0.5,3.0,33,Krippendorff delta-alpha,0.029735811832627468,0.004975124378109453,1
20,0.5,3.0,33,aposteriori unimodality (2024),0.010362694300518135,0.019801980198019802,1
20,0.5,3.0,33,chi-squared (Akhtar et al. 2019),1646.829614033641,0.0,1
20,0.5,3.0,33,GMM clustering (Checco/Mignemi),1.0,0.004975124378109453,1
20,0.5,3.0,34,apunim,-0.18419367174651086,3.124306000875082e-41,1
20,0.5,3.0,34,Krippendorff delta-alpha,0.029523213243839497,0.004975124378109453,1
20,0.5,3.0,34,aposteriori unimodality (2024),0.0,1.0,0
20,0.5,3.0,34,chi-squared (Akhtar et al. 2019),1609.4942417935736,0.0,1
20,0.5,3.0,34,GMM clustering (Checco/Mignemi),1.0,0.004975124378109453,1
20,0.5,3.0,35,apunim,-0.17461048540175308,3.266720596748346e-36,1
20,0.5,3.0,35,Krippendorff delta-alpha,0.03376032704390436,0.004975124378109453,1
20,0.5,3.0,35,aposteriori unimodality (2024),0.0,1.0,0
20,0.5,3.0,35,chi-squared (Akhtar et al. 2019),1644.4880230107392,0.0,1
20,0.5,3.0,35,GMM clustering (Checco/Mignemi),1.0,0.004975124378109453,1
20,0.5,3.0,36,apunim,-0.22770892420062955,3.0645877116857107e-49,1
20,0.5,3.0,36,Krippendorff delta-alpha,0.028483835408181613,0.004975124378109453,1
20,0.5,3.0,36,aposteriori unimodality (2024),0.0,1.0,0
20,0.5,3.0,36,chi-squared (Akhtar et al. 2019),1690.7858909054446,0.0,1
20,0.5,3.0,36,GMM clustering (Checco/Mignemi),1.0,0.004975124378109453,1
20,0.5,3.0,37,apunim,-0.23099480215492996,1.8230524039706544e-50,1
20,0.5,3.0,37,Krippendorff delta-alpha,0.04522522374553761,0.004975124378109453,1
20,0.5,3.0,37,aposteriori unimodality (2024),0.0,1.0,0
20,0.5,3.0,37,chi-squared (Akhtar et al. 2019),1608.2362571304527,0.0,1
20,0.5,3.0,37,GMM clustering (Checco/Mignemi),1.0,0.004975124378109453,1
20,0.5,3.0,38,apunim,-0.165668446841582,1.9221878499331974e-35,1
20,0.5,3.0,38,Krippendorff delta-alpha,0.01654629588213402,0.004975124378109453,1
20,0.5,3.0,38,aposteriori unimodality (2024),0.0,1.0,0
20,0.5,3.0,38,chi-squared (Akhtar et al. 2019),1628.4983595372037,0.0,1
20,0.5,3.0,38,GMM clustering (Checco/Mignemi),1.0,0.004975124378109453,1
20,0.5,3.0,39,apunim,-0.14402957424235668,3.7636021584599697e-25,1
20,0.5,3.0,39,Krippendorff delta-alpha,0.030301859368900674,0.004975124378109453,1
20,0.5,3.0,39,aposteriori unimodality (2024),0.0,1.0,0
20,0.5,3.0,39,chi-squared (Akhtar et al. 2019),1714.0167273565676,0.0,1
20,0.5,3.0,39,GMM clustering (Checco/Mignemi),1.0,0.004975124378109453,1
20,0.2,0.0,0,apunim,-0.027260903034003272,0.0006208347300402017,1
20,0.2,0.0,0,Krippendorff delta-alpha,-0.0038772663987934886,0.6119402985074627,0
20,0.2,0.0,0,aposteriori unimodality (2024),0.0,1.0,0
20,0.2,0.0,0,chi-squared (Akhtar et al. 2019),1.4120993531424681,0.8420893877213798,0
20,0.2,0.0,0,GMM clustering (Checco/Mignemi),-0.10894941634241245,1.0,0
20,0.2,0.0,1,apunim,-0.08614232209737838,1.054210074625725e-18,1
20,0.2,0.0,1,Krippendorff delta-alpha,-0.006117928901633374,0.6169154228855721,0
20,0.2,0.0,1,aposteriori unimodality (2024),0.0,1.0,0
20,0.2,0.0,1,chi-squared (Akhtar et al. 2019),8.143400188632269,0.0864642704637434,0
20,0.2,0.0,1,GMM clustering (Checco/Mignemi),0.15508615897720957,0.2736318407960199,0
20,0.2,0.0,2,apunim,-0.028721915891696103,0.0007089443720769865,1
20,0.2,0.0,2,Krippendorff delta-alpha,0.022773759424317197,0.05472636815920398,0
20,0.2,0.0,2,aposteriori unimodality (2024),0.0,1.0,0
20,0.2,0.0,2,chi-squared (Akhtar et al. 2019),16.291877376028445,0.0026515026379580094,1
20,0.2,0.0,2,GMM clustering (Checco/Mignemi),0.4235574063057704,0.03482587064676617,1
20,0.2,0.0,3,apunim,-0.009718199290761426,0.5317440195209026,0
20,0.2,0.0,3,Krippendorff delta-alpha,-0.015163856279391541,0.8756218905472637,0
20,0.2,0.0,3,aposteriori unimodality (2024),0.0,1.0,0
20,0.2,0.0,3,chi-squared (Akhtar et al. 2019),0.7903300008924102,0.9397397419895209,0
20,0.2,0.0,3,GMM clustering (Checco/Mignemi),-0.027981200131161874,1.0,0
20,0.2,0.0,4,apunim,0.03177560284432321,1.0703243583806699e-05,1
20,0.2,0.0,4,Krippendorff delta-alpha,-0.010651893093688802,0.7810945273631841,0
20,0.2,0.0,4,aposteriori unimodality (2024),0.0,1.0,0
20,0.2,0.0,4,chi-squared (Akhtar et al. 2019),2.203653544374311,0.6983604440098365,0
20,0.2,0.0,4,GMM clustering (Checco/Mignemi),-0.05020727775218793,0.7761194029850746,0
20,0.2,0.0,5,apunim,-0.040772532188841575,4.6142959595860983e-07,1
20,0.2,0.0,5,Krippendorff delta-alpha,0.003343938657629053,0.4079601990049751,0
20,0.2,0.0,5,aposteriori unimodality (2024),0.0,1.0,0
20,0.2,0.0,5,chi-squared (Akhtar et al. 2019),2.427083351724388,0.6577384791165934,0
20,0.2,0.0,5,GMM clustering (Checco/Mignemi),0.27350427350427353,0.21393034825870647,0
20,0.2,0.0,6,apunim,-0.025303615977190996,0.007006464218344219,1
20,0.2,0.0,6,Krippendorff delta-alpha,0.007356493849648538,0.3034825870646766,0
20,0.2,0.0,6,aposteriori unimodality (2024),0.0,1.0,0
20,0.2,0.0,6,chi-squared (Akhtar et al. 2019),4.540376299208362,0.33778670660313637,0
20,0.2,0.0,6,GMM clustering (Checco/Mignemi),0.27350427350427353,0.23880597014925373,0
20,0.2,0.0,7,apunim,-0.021262799556912182,0.026016748299284822,1
20,0.2,0.0,7,Krippendorff delta-alpha,-0.0037673302845327994,0.6368159203980099,0
20,0.2,0.0,7,aposteriori unimodality (2024),0.0,1.0,0
20,0.2,0.0,7,chi-squared (Akhtar et al. 2019),8.759479469668836,0.06740070924100049,0
20,0.2,0.0,7,GMM clustering (Checco/Mignemi),-0.034858387799564274,1.0,0
20,0.2,0.0,8,apunim,0.017367458866544637,0.07340975735222682,0
20,0.2,0.0,8,Krippendorff delta-alpha,-0.02488283591228102,0.9850746268656716,0
20,0.2,0.0,8,aposteriori unimodality (2024),0.0,1.0,0
20,0.2,0.0,8,chi-squared (Akhtar et al. 2019),10.988902108684035,0.026689022885836397,1
20,0.2,0.0,8,GMM clustering (Checco/Mignemi),-0.06837606837606838,1.0,0
20,0.2,0.0,9,apunim,-0.0238717934449946,0.008009777713434937,1
20,0.2,0.0,9,Krippendorff delta-alpha,-0.020905639763572237,0.9303482587064676,0
20,0.2,0.0,9,aposteriori unimodality (2024),0.0,1.0,0
20,0.2,0.0,9,chi-squared (Akhtar et al. 2019),2.066933669430191,0.7234493820705675,0
20,0.2,0.0,9,GMM clustering (Checco/Mignemi),-0.10894941634241245,1.0,0
20,0.2,0.0,10,apunim,0.03344339120247138,1.5486338238940464e-05,1
20,0.2,0.0,10,Krippendorff delta-alpha,0.015015062717087413,0.17412935323383086,0
20,0.2,0.0,10,aposteriori unimodality (2024),0.0,1.0,0
20,0.2,0.0,10,chi-squared (Akhtar et al. 2019),1.9735700509741916,0.7406202573441536,0
20,0.2,0.0,10,GMM clustering (Checco/Mignemi),-0.12844276204150895,1.0,0
20,0.2,0.0,11,apunim,0.11653818018119391,2.5709227694251544e-31,1
20,0.2,0.0,11,Krippendorff delta-alpha,-0.010747884002487662,0.7960199004975125,0
20,0.2,0.0,11,aposteriori unimodality (2024),0.0,1.0,0
20,0.2,0.0,11,chi-squared (Akhtar et al. 2019),7.490060749273243,0.11214837123711822,0
20,0.2,0.0,11,GMM clustering (Checco/Mignemi),0.010416666666666666,0.6417910447761194,0
20,0.2,0.0,12,apunim,-0.048574581805166044,0.03458386322434094,1
20,0.2,0.0,12,Krippendorff delta-alpha,0.0032894950549158253,0.40298507462686567,0
20,0.2,0.0,12,aposteriori unimodality (2024),0.0,1.0,0
20,0.2,0.0,12,chi-squared (Akhtar et al. 2019),1.4385168333628988,0.8374737392269229,0
20,0.2,0.0,12,GMM clustering (Checco/Mignemi),-0.12844276204150895,1.0,0
20,0.2,0.0,13,apunim,-0.012239838867944294,0.20995486869708033,0
20,0.2,0.0,13,Krippendorff delta-alpha,0.009065008557958276,0.25870646766169153,0
20,0.2,0.0,13,aposteriori unimodality (2024),0.0,1.0,0
20,0.2,0.0,13,chi-squared (Akhtar et al. 2019),1.9793770234902095,0.7395521993090151,0
20,0.2,0.0,13,GMM clustering (Checco/Mignemi),-0.056622851365015166,1.0,0
20,0.2,0.0,14,apunim,0.003433548279038992,1.0,0
20,0.2,0.0,14,Krippendorff delta-alpha,0.0059806247511025035,0.29850746268656714,0
20,0.2,0.0,14,aposteriori unimodality (2024),0.0,1.0,0
20,0.2,0.0,14,chi-squared (Akhtar et al. 2019),2.485374905753939,0.6472565437029528,0
20,0.2,0.0,14,GMM clustering (Checco/Mignemi),-0.09396591432519576,1.0,0
20,0.2,0.0,15,apunim,-0.034114214737571834,9.6892549760845e-05,1
20,0.2,0.0,15,Krippendorff delta-alpha,-0.0032020616133637825,0.6268656716417911,0
20,0.2,0.0,15,aposteriori unimodality (2024),0.0,1.0,0
20,0.2,0.0,15,chi-squared (Akhtar et al. 2019),7.563047986238562,0.10896106412630456,0
20,0.2,0.0,15,GMM clustering (Checco/Mignemi),-0.056622851365015166,1.0,0
20,0.2,0.0,16,apunim,-0.03914867605790338,1.3770322781819841e-05,1
20,0.2,0.0,16,Krippendorff delta-alpha,-0.02067676727808271,0.9502487562189055,0
20,0.2,0.0,16,aposteriori unimodality (2024),0.0,1.0,0
20,0.2,0.0,16,chi-squared (Akhtar et al. 2019),3.0499653798559794,0.5494989133319821,0
20,0.2,0.0,16,GMM clustering (Checco/Mignemi),0.028760813391753737,0.43781094527363185,0
20,0.2,0.0,17,apunim,-0.06942935917787604,9.066845772968783e-16,1
20,0.2,0.0,17,Krippendorff delta-alpha,0.017757579342818908,0.10945273631840796,0
20,0.2,0.0,17,aposteriori unimodality (2024),0.0,1.0,0
20,0.2,0.0,17,chi-squared (Akhtar et al. 2019),1.939838247989322,0.7468233239866271,0
20,0.2,0.0,17,GMM clustering (Checco/Mignemi),-0.06837606837606838,1.0,0
20,0.2,0.0,18,apunim,-0.049825029161806055,5.002216006688965e-09,1
20,0.2,0.0,18,Krippendorff delta-alpha,0.0057882094802970685,0.34328358208955223,0
20,0.2,0.0,18,aposteriori unimodality (2024),0.0,1.0,0
20,0.2,0.0,18,chi-squared (Akhtar et al. 2019),1.5930186421173762,0.8100463546046656,0
20,0.2,0.0,18,GMM clustering (Checco/Mignemi),-0.034858387799564274,1.0,0
20,0.2,0.0,19,apunim,0.07108901152942465,1.2849251299830587e-18,1
20,0.2,0.0,19,Krippendorff delta-alpha,0.006448822314016001,0.3333333333333333,0
20,0.2,0.0,19,aposteriori unimodality (2024),0.0,1.0,0
20,0.2,0.0,19,chi-squared (Akhtar et al. 2019),3.0801274696375436,0.5445069560070587,0
20,0.2,0.0,19,GMM clustering (Checco/Mignemi),0.15508615897720957,0.34328358208955223,0
20,0.2,0.0,20,apunim,-0.007528159846040337,0.6239111605950386,0
20,0.2,0.0,20,Krippendorff delta-alpha,0.0013246982450045297,0.42786069651741293,0
20,0.2,0.0,20,aposteriori unimodality (2024),0.0,1.0,0
20,0.2,0.0,20,chi-squared (Akhtar et al. 2019),4.323397392500347,0.36400442639932923,0
20,0.2,0.0,20,GMM clustering (Checco/Mignemi),-0.06837606837606838,1.0,0
20,0.2,0.0,21,apunim,-0.030128489144882697,0.0009312322792242761,1
20,0.2,0.0,21,Krippendorff delta-alpha,-0.006769070439906044,0.7313432835820896,0
20,0.2,0.0,21,aposteriori unimodality (2024),0.0,1.0,0
20,0.2,0.0,21,chi-squared (Akhtar et al. 2019),3.285002404606037,0.5113119995042056,0
20,0.2,0.0,21,GMM clustering (Checco/Mignemi),0.006535947712418301,0.6169154228855721,0
20,0.2,0.0,22,apunim,-0.012809055704497816,0.29588745005856437,0
20,0.2,0.0,22,Krippendorff delta-alpha,0.0014153001371658425,0.46766169154228854,0
20,0.2,0.0,22,aposteriori unimodality (2024),0.0,1.0,0
20,0.2,0.0,22,chi-squared (Akhtar et al. 2019),7.137482304566013,0.12879884350614756,0
20,0.2,0.0,22,GMM clustering (Checco/Mignemi),0.3675760344602532,0.1691542288557214,0
20,0.2,0.0,23,apunim,-0.051921021544692685,1.8916393605991376e-09,1
20,0.2,0.0,23,Krippendorff delta-alpha,0.013677104661753758,0.15422885572139303,0
20,0.2,0.0,23,aposteriori unimodality (2024),0.0,1.0,0
20,0.2,0.0,23,chi-squared (Akhtar et al. 2019),12.268192555103067,0.015464461482985458,1
20,0.2,0.0,23,GMM clustering (Checco/Mignemi),0.2998618148318747,0.08955223880597014,0
20,0.2,0.0,24,apunim,-0.009496552621308834,0.7225157669464258,0
20,0.2,0.0,24,Krippendorff delta-alpha,0.006962026942166577,0.2736318407960199,0
20,0.2,0.0,24,aposteriori unimodality (2024),0.0,1.0,0
20,0.2,0.0,24,chi-squared (Akhtar et al. 2019),2.0877264940890963,0.7196275578884588,0
20,0.2,0.0,24,GMM clustering (Checco/Mignemi),-0.027981200131161874,1.0,0
20,0.2,0.0,25,apunim,-0.02969415300698517,0.0012911865026846963,1
20,0.2,0.0,25,Krippendorff delta-alpha,-0.0008082335603126767,0.5373134328358209,0
20,0.2,0.0,25,aposteriori unimodality (2024),0.0,1.0,0
20,0.2,0.0,25,chi-squared (Akhtar et al. 2019),4.911678256921647,0.2964805008633251,0
20,0.2,0.0,25,GMM clustering (Checco/Mignemi),-0.1189767995240928,1.0,0
20,0.2,0.0,26,apunim,0.0035904144284562814,1.0,0
20,0.2,0.0,26,Krippendorff delta-alpha,0.002566297521861216,0.40298507462686567,0
20,0.2,0.0,26,aposteriori unimodality (2024),0.0,1.0,0
20,0.2,0.0,26,chi-squared (Akhtar et al. 2019),5.678515733819384,0.2244777282322474,0
20,0.2,0.0,26,GMM clustering (Checco/Mignemi),-0.028554431885782272,0.6666666666666666,0
20,0.2,0.0,27,apunim,0.06481078729882553,5.671706003878343e-16,1
20,0.2,0.0,27,Krippendorff delta-alpha,-0.028691453148066537,1.0,0
20,0.2,0.0,27,aposteriori unimodality (2024),0.0,1.0,0
20,0.2,0.0,27,chi-squared (Akhtar et al. 2019),1.0144013790279827,0.9076044643886514,0
20,0.2,0.0,27,GMM clustering (Checco/Mignemi),-0.007067137809187279,0.6318407960199005,0
20,0.2,0.0,28,apunim,0.10100189547793112,6.898728979080584e-29,1
20,0.2,0.0,28,Krippendorff delta-alpha,-0.02258647171571343,0.9651741293532339,0
20,0.2,0.0,28,aposteriori unimodality (2024),0.0,1.0,0
20,0.2,0.0,28,chi-squared (Akhtar et al. 2019),3.028160547036658,0.553123910320427,0
20,0.2,0.0,28,GMM clustering (Checco/Mignemi),0.08106863196683556,0.29850746268656714,0
20,0.2,0.0,29,apunim,-0.0336113217083648,0.0002625640884014156,1
20,0.2,0.0,29,Krippendorff delta-alpha,-0.02254914694447735,0.9751243781094527,0
20,0.2,0.0,29,aposteriori unimodality (2024),0.0,1.0,0
20,0.2,0.0,29,chi-squared (Akhtar et al. 2019),1.0153376851771911,0.907461445971121,0
20,0.2,0.0,29,GMM clustering (Checco/Mignemi),0.010416666666666666,0.6169154228855721,0
20,0.2,0.0,30,apunim,0.08201572904392626,6.699796472844604e-19,1
20,0.2,0.0,30,Krippendorff delta-alpha,0.0003783097342469621,0.4925373134328358,0
20,0.2,0.0,30,aposteriori unimodality (2024),0.0,1.0,0
20,0.2,0.0,30,chi-squared (Akhtar et al. 2019),3.36457493116029,0.49876636306007804,0
20,0.2,0.0,30,GMM clustering (Checco/Mignemi),-0.027981200131161874,1.0,0
20,0.2,0.0,31,apunim,0.07107595944583041,2.8104924184005118e-14,1
20,0.2,0.0,31,Krippendorff delta-alpha,0.002791606426590987,0.417910447761194,0
20,0.2,0.0,31,aposteriori unimodality (2024),0.0,1.0,0
20,0.2,0.0,31,chi-squared (Akhtar et al. 2019),9.282252532762039,0.05441896697893391,0
20,0.2,0.0,31,GMM clustering (Checco/Mignemi),0.3675760344602532,0.07462686567164178,0
20,0.2,0.0,32,apunim,0.030341777884333235,0.00011647131871240697,1
20,0.2,0.0,32,Krippendorff delta-alpha,-0.011459866580704026,0.8059701492537313,0
20,0.2,0.0,32,aposteriori unimodality (2024),0.0,1.0,0
20,0.2,0.0,32,chi-squared (Akhtar et al. 2019),12.83037487044025,0.012135051667284794,1
20,0.2,0.0,32,GMM clustering (Checco/Mignemi),0.27350427350427353,0.208955223880597,0
20,0.2,0.0,33,apunim,-0.04889589905362779,2.039731748332411e-09,1
20,0.2,0.0,33,Krippendorff delta-alpha,0.0029343061532236536,0.40298507462686567,0
20,0.2,0.0,33,aposteriori unimodality (2024),0.0,1.0,0
20,0.2,0.0,33,chi-squared (Akhtar et al. 2019),2.400411766069728,0.6625528545497734,0
20,0.2,0.0,33,GMM clustering (Checco/Mignemi),0.006535947712418301,0.6019900497512438,0
20,0.2,0.0,34,apunim,-0.015272727272727214,0.24958532584616358,0
20,0.2,0.0,34,Krippendorff delta-alpha,0.01191494571573426,0.2537313432835821,0
20,0.2,0.0,34,aposteriori unimodality (2024),0.0,1.0,0
20,0.2,0.0,34,chi-squared (Akhtar et al. 2019),3.4902146108354692,0.47936779354612946,0
20,0.2,0.0,34,GMM clustering (Checco/Mignemi),-0.05020727775218793,0.7611940298507462,0
20,0.2,0.0,35,apunim,0.011620141578736684,0.5266280081774086,0
20,0.2,0.0,35,Krippendorff delta-alpha,-0.008475380163156021,0.7562189054726368,0
20,0.2,0.0,35,aposteriori unimodality (2024),0.0,1.0,0
20,0.2,0.0,35,chi-squared (Akhtar et al. 2019),3.1452264258272007,0.5338229676463597,0
20,0.2,0.0,35,GMM clustering (Checco/Mignemi),0.11881625441696113,0.17412935323383086,0
20,0.2,0.0,36,apunim,0.07154107601757463,1.8643391258955745e-15,1
20,0.2,0.0,36,Krippendorff delta-alpha,-0.01801098478983132,0.9054726368159204,0
20,0.2,0.0,36,aposteriori unimodality (2024),0.0,1.0,0
20,0.2,0.0,36,chi-squared (Akhtar et al. 2019),2.36624777721644,0.6687352339353453,0
20,0.2,0.0,36,GMM clustering (Checco/Mignemi),0.010416666666666666,0.6069651741293532,0
20,0.2,0.0,37,apunim,0.04642146075657538,9.471052696003431e-08,1
20,0.2,0.0,37,Krippendorff delta-alpha,0.00039277029996864776,0.417910447761194,0
20,0.2,0.0,37,aposteriori unimodality (2024),0.0,1.0,0
20,0.2,0.0,37,chi-squared (Akhtar et al. 2019),4.033652151624871,0.4014706836372036,0
20,0.2,0.0,37,GMM clustering (Checco/Mignemi),0.24603174603174602,0.15422885572139303,0
20,0.2,0.0,38,apunim,0.010730599778359697,0.4951192551964675,0
20,0.2,0.0,38,Krippendorff delta-alpha,-0.0010374409129982332,0.582089552238806,0
20,0.2,0.0,38,aposteriori unimodality (2024),0.0,1.0,0
20,0.2,0.0,38,chi-squared (Akhtar et al. 2019),1.0119926109779631,0.9079720985620575,0
20,0.2,0.0,38,GMM clustering (Checco/Mignemi),-0.1189767995240928,1.0,0
20,0.2,0.0,39,apunim,0.041464900099947646,0.10930035564818867,0
20,0.2,0.0,39,Krippendorff delta-alpha,-0.009526818088646138,0.7512437810945274,0
20,0.2,0.0,39,aposteriori unimodality (2024),0.0,1.0,0
20,0.2,0.0,39,chi-squared (Akhtar et al. 2019),4.373115557027075,0.3578588977548743,0
20,0.2,0.0,39,GMM clustering (Checco/Mignemi),-0.09396591432519576,1.0,0
20,0.2,0.5,0,apunim,0.04995403003371163,1.6314833097802888e-08,1
20,0.2,0.5,0,Krippendorff delta-alpha,-0.014898424022728118,0.8159203980099502,0
20,0.2,0.5,0,aposteriori unimodality (2024),0.0,1.0,0
20,0.2,0.5,0,chi-squared (Akhtar et al. 2019),58.267990298192245,6.7038360560464184e-12,1
20,0.2,0.5,0,GMM clustering (Checco/Mignemi),1.0,0.004975124378109453,1
20,0.2,0.5,1,apunim,0.055557058966795365,2.532450959625407e-10,1
20,0.2,0.5,1,Krippendorff delta-alpha,0.001607394265820905,0.3681592039800995,0
20,0.2,0.5,1,aposteriori unimodality (2024),0.006060606060606061,0.1485148514851485,0
20,0.2,0.5,1,chi-squared (Akhtar et al. 2019),86.74861039655195,6.455206831116034e-18,1
20,0.2,0.5,1,GMM clustering (Checco/Mignemi),1.0,0.004975124378109453,1
20,0.2,0.5,2,apunim,-0.061942215513360724,1.0242319291572347e-13,1
20,0.2,0.5,2,Krippendorff delta-alpha,-0.010397749073364715,0.7860696517412935,0
20,0.2,0.5,2,aposteriori unimodality (2024),0.0,1.0,0
20,0.2,0.5,2,chi-squared (Akhtar et al. 2019),45.50092032243376,3.128043037035935e-09,1
20,0.2,0.5,2,GMM clustering (Checco/Mignemi),1.0,0.004975124378109453,1
20,0.2,0.5,3,apunim,-0.0595167306340887,9.865156282755658e-11,1
20,0.2,0.5,3,Krippendorff delta-alpha,-0.0021005481282042604,0.5572139303482587,0
20,0.2,0.5,3,aposteriori unimodality (2024),0.0,1.0,0
20,0.2,0.5,3,chi-squared (Akhtar et al. 2019),48.97490281874303,5.909644929594528e-10,1
20,0.2,0.5,3,GMM clustering (Checco/Mignemi),1.0,0.004975124378109453,1
20,0.2,0.5,4,apunim,-0.01801513697900025,0.0748281987030513,0
20,0.2,0.5,4,Krippendorff delta-alpha,-0.001945416257714827,0.5671641791044776,0
20,0.2,0.5,4,aposteriori unimodality (2024),0.0,1.0,0
20,0.2,0.5,4,chi-squared (Akhtar et al. 2019),51.45527169890022,1.793041179441954e-10,1
20,0.2,0.5,4,GMM clustering (Checco/Mignemi),1.0,0.004975124378109453,1
20,0.2,0.5,5,apunim,0.10899057254541264,3.5777285071729022e-25,1
20,0.2,0.5,5,Krippendorff delta-alpha,-0.006466330690034605,0.6567164179104478,0
20,0.2,0.5,5,aposteriori unimodality (2024),0.006097560975609756,0.10891089108910891,0
20,0.2,0.5,5,chi-squared (Akhtar et al. 2019),49.33127883443633,4.979674972802812e-10,1
20,0.2,0.5,5,GMM clustering (Checco/Mignemi),0.6061722708429296,0.004975124378109453,1
20,0.2,0.5,6,apunim,0.06506536941319564,2.8120220559247315e-15,1
20,0.2,0.5,6,Krippendorff delta-alpha,-0.013984246213653018,0.8159203980099502,0
20,0.2,0.5,6,aposteriori unimodality (2024),0.0,1.0,0
20,0.2,0.5,6,chi-squared (Akhtar et al. 2019),53.38847753643814,7.066898220815763e-11,1
20,0.2,0.5,6,GMM clustering (Checco/Mignemi),1.0,0.004975124378109453,1
20,0.2,0.5,7,apunim,-0.05848248716789475,6.247068833392095e-15,1
20,0.2,0.5,7,Krippendorff delta-alpha,0.027100970386546686,0.029850746268656716,1
20,0.2,0.5,7,aposteriori unimodality (2024),0.005780346820809248,0.06930693069306931,0
20,0.2,0.5,7,chi-squared (Akhtar et al. 2019),44.5228777328174,4.995931972790814e-09,1
20,0.2,0.5,7,GMM clustering (Checco/Mignemi),1.0,0.004975124378109453,1
20,0.2,0.5,8,apunim,0.018251837387790317,0.1532974579722376,0
20,0.2,0.5,8,Krippendorff delta-alpha,-0.010758307769090814,0.7313432835820896,0
20,0.2,0.5,8,aposteriori unimodality (2024),0.0,1.0,0
20,0.2,0.5,8,chi-squared (Akhtar et al. 2019),46.59215776927507,1.8542900990132596e-09,1
20,0.2,0.5,8,GMM clustering (Checco/Mignemi),1.0,0.004975124378109453,1
20,0.2,0.5,9,apunim,-0.05982540911396464,2.8510835639363293e-12,1
20,0.2,0.5,9,Krippendorff delta-alpha,-0.0005094506943609245,0.47761194029850745,0
20,0.2,0.5,9,aposteriori unimodality (2024),0.0,1.0,0
20,0.2,0.5,9,chi-squared (Akhtar et al. 2019),40.877237170627694,2.8498206461081145e-08,1
20,0.2,0.5,9,GMM clustering (Checco/Mignemi),1.0,0.004975124378109453,1
20,0.2,0.5,10,apunim,0.012659597489720325,0.24200345135586593,0
20,0.2,0.5,10,Krippendorff delta-alpha,-0.02870308880862016,0.9800995024875622,0
20,0.2,0.5,10,aposteriori unimodality (2024),0.0,1.0,0
20,0.2,0.5,10,chi-squared (Akhtar et al. 2019),46.82033432525992,1.6621274975507732e-09,1
20,0.2,0.5,10,GMM clustering (Checco/Mignemi),1.0,0.004975124378109453,1
20,0.2,0.5,11,apunim,0.019771651350598565,0.05350217045260829,0
20,0.2,0.5,11,Krippendorff delta-alpha,0.0002891298705422485,0.5174129353233831,0
20,0.2,0.5,11,aposteriori unimodality (2024),0.0,1.0,0
20,0.2,0.5,11,chi-squared (Akhtar et al. 2019),38.01907800567979,1.1104504658724772e-07,1
20,0.2,0.5,11,GMM clustering (Checco/Mignemi),1.0,0.004975124378109453,1
20,0.2,0.5,12,apunim,-0.027328659321791047,0.0010549863333985036,1
20,0.2,0.5,12,Krippendorff delta-alpha,0.012378730286046136,0.1890547263681592,0
20,0.2,0.5,12,aposteriori unimodality (2024),0.0,1.0,0
20,0.2,0.5,12,chi-squared (Akhtar et al. 2019),47.87464534440055,1.0023114156937442e-09,1
20,0.2,0.5,12,GMM clustering (Checco/Mignemi),1.0,0.004975124378109453,1
20,0.2,0.5,13,apunim,-0.02961559132181146,0.001590729198454278,1
20,0.2,0.5,13,Krippendorff delta-alpha,-0.005442764849814152,0.6169154228855721,0
20,0.2,0.5,13,aposteriori unimodality (2024),0.0,1.0,0
20,0.2,0.5,13,chi-squared (Akhtar et al. 2019),62.61596656211283,8.173827553451971e-13,1
20,0.2,0.5,13,GMM clustering (Checco/Mignemi),0.6061722708429296,0.004975124378109453,1
20,0.2,0.5,14,apunim,0.024129062385807365,0.8471125700036253,0
20,0.2,0.5,14,Krippendorff delta-alpha,0.010550941885333065,0.15920398009950248,0
20,0.2,0.5,14,aposteriori unimodality (2024),0.0,1.0,0
20,0.2,0.5,14,chi-squared (Akhtar et al. 2019),58.4970796978936,6.001018356066392e-12,1
20,0.2,0.5,14,GMM clustering (Checco/Mignemi),1.0,0.004975124378109453,1
20,0.2,0.5,15,apunim,-0.048639000446229645,2.190789314830909e-09,1
20,0.2,0.5,15,Krippendorff delta-alpha,0.017506376982322325,0.08955223880597014,0
20,0.2,0.5,15,aposteriori unimodality (2024),0.0,1.0,0
20,0.2,0.5,15,chi-squared (Akhtar et al. 2019),16.98227838609111,0.0019483341643267362,1
20,0.2,0.5,15,GMM clustering (Checco/Mignemi),0.5758928571428571,0.014925373134328358,1
20,0.2,0.5,16,apunim,-0.05026462280966369,1.124041633190221e-07,1
20,0.2,0.5,16,Krippendorff delta-alpha,0.004339959995490306,0.3681592039800995,0
20,0.2,0.5,16,aposteriori unimodality (2024),0.0,1.0,0
20,0.2,0.5,16,chi-squared (Akhtar et al. 2019),50.74344812347148,2.525449953093329e-10,1
20,0.2,0.5,16,GMM clustering (Checco/Mignemi),1.0,0.004975124378109453,1
20,0.2,0.5,17,apunim,-0.03469426556340416,0.29157702322611295,0
20,0.2,0.5,17,Krippendorff delta-alpha,-0.0017523719614764288,0.5621890547263682,0
20,0.2,0.5,17,aposteriori unimodality (2024),0.0,1.0,0
20,0.2,0.5,17,chi-squared (Akhtar et al. 2019),42.75676085459315,1.1622940133419692e-08,1
20,0.2,0.5,17,GMM clustering (Checco/Mignemi),0.764391071661663,0.009950248756218905,1
20,0.2,0.5,18,apunim,0.047242928370439856,3.4276421010509046e-08,1
20,0.2,0.5,18,Krippendorff delta-alpha,0.001896025302363491,0.3880597014925373,0
20,0.2,0.5,18,aposteriori unimodality (2024),0.0,1.0,0
20,0.2,0.5,18,chi-squared (Akhtar et al. 2019),33.81171563119553,8.144686463330851e-07,1
20,0.2,0.5,18,GMM clustering (Checco/Mignemi),1.0,0.004975124378109453,1
20,0.2,0.5,19,apunim,-0.012911241964237293,0.21168340517243023,0
20,0.2,0.5,19,Krippendorff delta-alpha,0.008222651813562132,0.21393034825870647,0
20,0.2,0.5,19,aposteriori unimodality (2024),0.0,1.0,0
20,0.2,0.5,19,chi-squared (Akhtar et al. 2019),44.08137009151433,6.170885591490449e-09,1
20,0.2,0.5,19,GMM clustering (Checco/Mignemi),0.764391071661663,0.014925373134328358,1
20,0.2,0.5,20,apunim,-0.03918768840234806,3.7012448319613466e-05,1
20,0.2,0.5,20,Krippendorff delta-alpha,0.024490864872251383,0.03482587064676617,1
20,0.2,0.5,20,aposteriori unimodality (2024),0.0,1.0,0
20,0.2,0.5,20,chi-squared (Akhtar et al. 2019),52.87377388380225,9.056089712396739e-11,1
20,0.2,0.5,20,GMM clustering (Checco/Mignemi),0.764391071661663,0.004975124378109453,1
20,0.2,0.5,21,apunim,-0.12856017111336263,2.3681475304439892e-33,1
20,0.2,0.5,21,Krippendorff delta-alpha,-0.007748118379458935,0.6965174129353234,0
20,0.2,0.5,21,aposteriori unimodality (2024),0.0,1.0,0
20,0.2,0.5,21,chi-squared (Akhtar et al. 2019),47.57497723588097,1.1573307241702667e-09,1
20,0.2,0.5,21,GMM clustering (Checco/Mignemi),1.0,0.004975124378109453,1
20,0.2,0.5,22,apunim,0.08095110873630787,9.391582330073889e-18,1
20,0.2,0.5,22,Krippendorff delta-alpha,0.010543805900835423,0.21393034825870647,0
20,0.2,0.5,22,aposteriori unimodality (2024),0.005780346820809248,0.0297029702970297,1
20,0.2,0.5,22,chi-squared (Akhtar et al. 2019),48.275860682694685,8.267221366533472e-10,1
20,0.2,0.5,22,GMM clustering (Checco/Mignemi),1.0,0.004975124378109453,1
20,0.2,0.5,23,apunim,0.04116188886825239,0.10853372690038529,0
20,0.2,0.5,23,Krippendorff delta-alpha,-0.004218796167994587,0.6218905472636815,0
20,0.2,0.5,23,aposteriori unimodality (2024),0.0,1.0,0
20,0.2,0.5,23,chi-squared (Akhtar et al. 2019),33.08187423923719,1.149251489119405e-06,1
20,0.2,0.5,23,GMM clustering (Checco/Mignemi),0.764391071661663,0.004975124378109453,1
20,0.2,0.5,24,apunim,-0.06176285471909801,1.226857659034896e-10,1
20,0.2,0.5,24,Krippendorff delta-alpha,0.006666488442138185,0.32338308457711445,0
20,0.2,0.5,24,aposteriori unimodality (2024),0.0,1.0,0
20,0.2,0.5,24,chi-squared (Akhtar et al. 2019),34.0184524492553,7.387235814510357e-07,1
20,0.2,0.5,24,GMM clustering (Checco/Mignemi),0.5758928571428571,0.01990049751243781,1
20,0.2,0.5,25,apunim,0.024829959845939782,0.007665355696944813,1
20,0.2,0.5,25,Krippendorff delta-alpha,0.027212730624949,0.03482587064676617,1
20,0.2,0.5,25,aposteriori unimodality (2024),0.0,1.0,0
20,0.2,0.5,25,chi-squared (Akhtar et al. 2019),57.46080313931047,9.902524161122577e-12,1
20,0.2,0.5,25,GMM clustering (Checco/Mignemi),1.0,0.004975124378109453,1
20,0.2,0.5,26,apunim,-0.07837837837837819,8.446287481301558e-19,1
20,0.2,0.5,26,Krippendorff delta-alpha,0.0322682256159712,0.009950248756218905,1
20,0.2,0.5,26,aposteriori unimodality (2024),0.0,1.0,0
20,0.2,0.5,26,chi-squared (Akhtar et al. 2019),52.48552780242764,1.0918515989202581e-10,1
20,0.2,0.5,26,GMM clustering (Checco/Mignemi),1.0,0.004975124378109453,1
20,0.2,0.5,27,apunim,-0.048003539431478476,2.2718309938610653e-08,1
20,0.2,0.5,27,Krippendorff delta-alpha,-0.007510294186204913,0.6517412935323383,0
20,0.2,0.5,27,aposteriori unimodality (2024),0.0,1.0,0
20,0.2,0.5,27,chi-squared (Akhtar et al. 2019),64.4542550945123,3.35296590439297e-13,1
20,0.2,0.5,27,GMM clustering (Checco/Mignemi),0.764391071661663,0.009950248756218905,1
20,0.2,0.5,28,apunim,-0.019642348800496503,0.02629606596685114,1
20,0.2,0.5,28,Krippendorff delta-alpha,0.01415553610232445,0.1791044776119403,0
20,0.2,0.5,28,aposteriori unimodality (2024),0.0,1.0,0
20,0.2,0.5,28,chi-squared (Akhtar et al. 2019),40.61738565520729,3.225548520884366e-08,1
20,0.2,0.5,28,GMM clustering (Checco/Mignemi),0.6061722708429296,0.014925373134328358,1
20,0.2,0.5,29,apunim,-0.02443980357848389,0.0059367254593384764,1
20,0.2,0.5,29,Krippendorff delta-alpha,-0.00044415981094231283,0.5024875621890548,0
20,0.2,0.5,29,aposteriori unimodality (2024),0.0,1.0,0
20,0.2,0.5,29,chi-squared (Akhtar et al. 2019),48.71258757260254,6.703193927827882e-10,1
20,0.2,0.5,29,GMM clustering (Checco/Mignemi),1.0,0.004975124378109453,1
20,0.2,0.5,30,apunim,0.0680359435173299,2.526009757395113e-15,1
20,0.2,0.5,30,Krippendorff delta-alpha,0.018032812247940677,0.06965174129353234,0
20,0.2,0.5,30,aposteriori unimodality (2024),0.0,1.0,0
20,0.2,0.5,30,chi-squared (Akhtar et al. 2019),68.2884109379496,5.214512407954571e-14,1
20,0.2,0.5,30,GMM clustering (Checco/Mignemi),1.0,0.004975124378109453,1
20,0.2,0.5,31,apunim,-0.005443674331439435,1.0,0
20,0.2,0.5,31,Krippendorff delta-alpha,-7.990829580911685e-05,0.43781094527363185,0
20,0.2,0.5,31,aposteriori unimodality (2024),0.0,1.0,0
20,0.2,0.5,31,chi-squared (Akhtar et al. 2019),54.516632305100515,4.102135376796772e-11,1
20,0.2,0.5,31,GMM clustering (Checco/Mignemi),1.0,0.004975124378109453,1
20,0.2,0.5,32,apunim,-0.03868439311669588,0.16285132567074415,0
20,0.2,0.5,32,Krippendorff delta-alpha,-0.005683876461978599,0.6019900497512438,0
20,0.2,0.5,32,aposteriori unimodality (2024),0.005813953488372093,0.0594059405940594,0
20,0.2,0.5,32,chi-squared (Akhtar et al. 2019),55.903991224010525,2.1002986431237255e-11,1
20,0.2,0.5,32,GMM clustering (Checco/Mignemi),1.0,0.004975124378109453,1
20,0.2,0.5,33,apunim,-0.02086986030201899,0.02256334494350133,1
20,0.2,0.5,33,Krippendorff delta-alpha,0.01433034786956311,0.05970149253731343,0
20,0.2,0.5,33,aposteriori unimodality (2024),0.012048192771084338,0.009900990099009901,1
20,0.2,0.5,33,chi-squared (Akhtar et al. 2019),61.83745730586729,1.1918245945768273e-12,1
20,0.2,0.5,33,GMM clustering (Checco/Mignemi),0.6061722708429296,0.009950248756218905,1
20,0.2,0.5,34,apunim,-0.0334619723601276,0.35651630788053124,0
20,0.2,0.5,34,Krippendorff delta-alpha,0.019901069540510463,0.05970149253731343,0
20,0.2,0.5,34,aposteriori unimodality (2024),0.0,1.0,0
20,0.2,0.5,34,chi-squared (Akhtar et al. 2019),33.77655355901168,8.281005856068799e-07,1
20,0.2,0.5,34,GMM clustering (Checco/Mignemi),0.5247359644246804,0.009950248756218905,1
20,0.2,0.5,35,apunim,-0.05046452702702693,9.929927276446209e-11,1
20,0.2,0.5,35,Krippendorff delta-alpha,0.000522816859862163,0.38308457711442784,0
20,0.2,0.5,35,aposteriori unimodality (2024),0.005747126436781609,0.1188118811881188,0
20,0.2,0.5,35,chi-squared (Akhtar et al. 2019),41.79202056610975,1.8422265144143146e-08,1
20,0.2,0.5,35,GMM clustering (Checco/Mignemi),1.0,0.004975124378109453,1
20,0.2,0.5,36,apunim,-0.033855315394795325,0.00033535728559670264,1
20,0.2,0.5,36,Krippendorff delta-alpha,0.0074944598168332766,0.22885572139303484,0
20,0.2,0.5,36,aposteriori unimodality (2024),0.0,1.0,0
20,0.2,0.5,36,chi-squared (Akhtar et al. 2019),42.12449074312997,1.5719284312596683e-08,1
20,0.2,0.5,36,GMM clustering (Checco/Mignemi),0.7852468768590125,0.004975124378109453,1
20,0.2,0.5,37,apunim,-0.03842159916926306,2.37723394511288e-05,1
20,0.2,0.5,37,Krippendorff delta-alpha,-0.000742504807905664,0.4527363184079602,0
20,0.2,0.5,37,aposteriori unimodality (2024),0.0,1.0,0
20,0.2,0.5,37,chi-squared (Akhtar et al. 2019),38.35402198079143,9.470802454467371e-08,1
20,0.2,0.5,37,GMM clustering (Checco/Mignemi),1.0,0.004975124378109453,1
20,0.2,0.5,38,apunim,0.049660190067961754,3.483596136813296e-09,1
20,0.2,0.5,38,Krippendorff delta-alpha,0.005442393070805074,0.2885572139303483,0
20,0.2,0.5,38,aposteriori unimodality (2024),0.0,1.0,0
20,0.2,0.5,38,chi-squared (Akhtar et al. 2019),54.69320866618739,3.767226055111871e-11,1
20,0.2,0.5,38,GMM clustering (Checco/Mignemi),0.6061722708429296,0.009950248756218905,1
20,0.2,0.5,39,apunim,0.03215909407859858,0.000585475989638383,1
20,0.2,0.5,39,Krippendorff delta-alpha,0.015593690144949546,0.1044776119402985,0
20,0.2,0.5,39,aposteriori unimodality (2024),0.0,1.0,0
20,0.2,0.5,39,chi-squared (Akhtar et al. 2019),41.23680621427968,2.4008493833246878e-08,1
20,0.2,0.5,39,GMM clustering (Checco/Mignemi),1.0,0.004975124378109453,1
20,0.2,1.0,0,apunim,-0.11008841658996493,1.9351962571057637e-22,1
20,0.2,1.0,0,Krippendorff delta-alpha,0.01873945744346428,0.05472636815920398,0
20,0.2,1.0,0,aposteriori unimodality (2024),0.0,1.0,0
20,0.2,1.0,0,chi-squared (Akhtar et al. 2019),183.70107943907146,1.195643955133246e-38,1
20,0.2,1.0,0,GMM clustering (Checco/Mignemi),1.0,0.004975124378109453,1
20,0.2,1.0,1,apunim,-0.026314799885235482,0.8193265640463233,0
20,0.2,1.0,1,Krippendorff delta-alpha,-0.00212683658916496,0.4427860696517413,0
20,0.2,1.0,1,aposteriori unimodality (2024),0.0,1.0,0
20,0.2,1.0,1,chi-squared (Akhtar et al. 2019),179.73755918588054,8.489842290160312e-38,1
20,0.2,1.0,1,GMM clustering (Checco/Mignemi),1.0,0.004975124378109453,1
20,0.2,1.0,2,apunim,-0.06777476790363741,8.901601085438284e-13,1
20,0.2,1.0,2,Krippendorff delta-alpha,0.005340816511186897,0.20398009950248755,0
20,0.2,1.0,2,aposteriori unimodality (2024),0.0,1.0,0
20,0.2,1.0,2,chi-squared (Akhtar et al. 2019),224.28514004542177,2.2424702604677975e-47,1
20,0.2,1.0,2,GMM clustering (Checco/Mignemi),1.0,0.004975124378109453,1
20,0.2,1.0,3,apunim,0.006242833481972177,1.0,0
20,0.2,1.0,3,Krippendorff delta-alpha,-0.012028048681772985,0.6965174129353234,0
20,0.2,1.0,3,aposteriori unimodality (2024),0.0,1.0,0
20,0.2,1.0,3,chi-squared (Akhtar et al. 2019),156.93895714072272,6.62733345203885e-33,1
20,0.2,1.0,3,GMM clustering (Checco/Mignemi),1.0,0.004975124378109453,1
20,0.2,1.0,4,apunim,-0.06652446340487955,2.351034065658957e-13,1
20,0.2,1.0,4,Krippendorff delta-alpha,0.004632597050506115,0.21890547263681592,0
20,0.2,1.0,4,aposteriori unimodality (2024),0.0,1.0,0
20,0.2,1.0,4,chi-squared (Akhtar et al. 2019),166.42576607202952,6.116213118378424e-35,1
20,0.2,1.0,4,GMM clustering (Checco/Mignemi),1.0,0.004975124378109453,1
20,0.2,1.0,5,apunim,-0.04488719413570775,0.07239003764368693,0
20,0.2,1.0,5,Krippendorff delta-alpha,-0.020768409395565512,0.8208955223880597,0
20,0.2,1.0,5,aposteriori unimodality (2024),0.005681818181818182,0.1782178217821782,0
20,0.2,1.0,5,chi-squared (Akhtar et al. 2019),182.45474839573376,2.2146986013141514e-38,1
20,0.2,1.0,5,GMM clustering (Checco/Mignemi),1.0,0.004975124378109453,1
20,0.2,1.0,6,apunim,0.061020304432733055,1.927430304252688e-11,1
20,0.2,1.0,6,Krippendorff delta-alpha,-0.004137847644657522,0.47761194029850745,0
20,0.2,1.0,6,aposteriori unimodality (2024),0.005917159763313609,0.07920792079207921,0
20,0.2,1.0,6,chi-squared (Akhtar et al. 2019),148.0472174961348,5.3352299290731e-31,1
20,0.2,1.0,6,GMM clustering (Checco/Mignemi),1.0,0.004975124378109453,1
20,0.2,1.0,7,apunim,-0.016614232599256196,0.06058902278916889,0
20,0.2,1.0,7,Krippendorff delta-alpha,0.000768037939564703,0.3482587064676617,0
20,0.2,1.0,7,aposteriori unimodality (2024),0.0,1.0,0
20,0.2,1.0,7,chi-squared (Akhtar et al. 2019),161.5032607025133,6.958393044336785e-34,1
20,0.2,1.0,7,GMM clustering (Checco/Mignemi),1.0,0.004975124378109453,1
20,0.2,1.0,8,apunim,-0.08259711941813382,7.514706336481507e-05,1
20,0.2,1.0,8,Krippendorff delta-alpha,0.011961060474408036,0.12437810945273632,0
20,0.2,1.0,8,aposteriori unimodality (2024),0.0,1.0,0
20,0.2,1.0,8,chi-squared (Akhtar et al. 2019),148.0377211663503,5.360283449235329e-31,1
20,0.2,1.0,8,GMM clustering (Checco/Mignemi),1.0,0.004975124378109453,1
20,0.2,1.0,9,apunim,-0.06593692989314567,1.9626469468369613e-12,1
20,0.2,1.0,9,Krippendorff delta-alpha,0.0028857301997868845,0.32338308457711445,0
20,0.2,1.0,9,aposteriori unimodality (2024),0.005780346820809248,0.19801980198019803,0
20,0.2,1.0,9,chi-squared (Akhtar et al. 2019),167.44447829960365,3.697353287342881e-35,1
20,0.2,1.0,9,GMM clustering (Checco/Mignemi),1.0,0.004975124378109453,1
20,0.2,1.0,10,apunim,-0.04358661509306676,7.844783205342635e-06,1
20,0.2,1.0,10,Krippendorff delta-alpha,0.003753119942887073,0.25870646766169153,0
20,0.2,1.0,10,aposteriori unimodality (2024),0.0,1.0,0
20,0.2,1.0,10,chi-squared (Akhtar et al. 2019),143.7949072319122,4.345552387717739e-30,1
20,0.2,1.0,10,GMM clustering (Checco/Mignemi),1.0,0.004975124378109453,1
20,0.2,1.0,11,apunim,-0.095256674655816,6.62465377834644e-26,1
20,0.2,1.0,11,Krippendorff delta-alpha,-0.00479381268126966,0.5124378109452736,0
20,0.2,1.0,11,aposteriori unimodality (2024),0.006024096385542169,0.09900990099009901,0
20,0.2,1.0,11,chi-squared (Akhtar et al. 2019),160.10847349270517,1.385678404569995e-33,1
20,0.2,1.0,11,GMM clustering (Checco/Mignemi),1.0,0.004975124378109453,1
20,0.2,1.0,12,apunim,-0.0990153030736053,1.292712840787578e-20,1
20,0.2,1.0,12,Krippendorff delta-alpha,-0.01135259068313621,0.6467661691542289,0
20,0.2,1.0,12,aposteriori unimodality (2024),0.0,1.0,0
20,0.2,1.0,12,chi-squared (Akhtar et al. 2019),194.38578004296392,6.049844692022758e-41,1
20,0.2,1.0,12,GMM clustering (Checco/Mignemi),1.0,0.004975124378109453,1
20,0.2,1.0,13,apunim,-0.05843080847830228,4.588818841945338e-09,1
20,0.2,1.0,13,Krippendorff delta-alpha,0.011210673762071466,0.17412935323383086,0
20,0.2,1.0,13,aposteriori unimodality (2024),0.005988023952095809,0.12871287128712872,0
20,0.2,1.0,13,chi-squared (Akhtar et al. 2019),215.64406151021208,1.622571493000247e-45,1
20,0.2,1.0,13,GMM clustering (Checco/Mignemi),1.0,0.004975124378109453,1
20,0.2,1.0,14,apunim,0.012675802843699641,0.3733507372234746,0
20,0.2,1.0,14,Krippendorff delta-alpha,0.0295888457152238,0.004975124378109453,1
20,0.2,1.0,14,aposteriori unimodality (2024),0.0,1.0,0
20,0.2,1.0,14,chi-squared (Akhtar et al. 2019),177.10822161606578,3.1154719991597116e-37,1
20,0.2,1.0,14,GMM clustering (Checco/Mignemi),1.0,0.004975124378109453,1
20,0.2,1.0,15,apunim,-0.09275332008783821,6.594505548972626e-23,1
20,0.2,1.0,15,Krippendorff delta-alpha,0.004857290021945071,0.25870646766169153,0
20,0.2,1.0,15,aposteriori unimodality (2024),0.0,1.0,0
20,0.2,1.0,15,chi-squared (Akhtar et al. 2019),191.2293417902132,2.8848226558526692e-40,1
20,0.2,1.0,15,GMM clustering (Checco/Mignemi),1.0,0.004975124378109453,1
20,0.2,1.0,16,apunim,-0.04012225366809279,0.1024511635406481,0
20,0.2,1.0,16,Krippendorff delta-alpha,0.015149285413550095,0.0945273631840796,0
20,0.2,1.0,16,aposteriori unimodality (2024),0.0,1.0,0
20,0.2,1.0,16,chi-squared (Akhtar et al. 2019),167.07982013804286,4.427308853300126e-35,1
20,0.2,1.0,16,GMM clustering (Checco/Mignemi),1.0,0.004975124378109453,1
20,0.2,1.0,17,apunim,0.0023658182025480773,1.0,0
20,0.2,1.0,17,Krippendorff delta-alpha,-0.010693557082192218,0.6368159203980099,0
20,0.2,1.0,17,aposteriori unimodality (2024),0.0,1.0,0
20,0.2,1.0,17,chi-squared (Akhtar et al. 2019),176.52778287204706,4.1510198857260095e-37,1
20,0.2,1.0,17,GMM clustering (Checco/Mignemi),1.0,0.004975124378109453,1
20,0.2,1.0,18,apunim,-0.10266364714763314,1.2765318322529276e-26,1
20,0.2,1.0,18,Krippendorff delta-alpha,0.00516498183292613,0.24378109452736318,0
20,0.2,1.0,18,aposteriori unimodality (2024),0.0,1.0,0
20,0.2,1.0,18,chi-squared (Akhtar et al. 2019),202.16264421598657,1.2879110554295298e-42,1
20,0.2,1.0,18,GMM clustering (Checco/Mignemi),1.0,0.004975124378109453,1
20,0.2,1.0,19,apunim,-0.06259558086800614,1.4867127309863092e-10,1
20,0.2,1.0,19,Krippendorff delta-alpha,0.011670539973582472,0.10945273631840796,0
20,0.2,1.0,19,aposteriori unimodality (2024),0.0,1.0,0
20,0.2,1.0,19,chi-squared (Akhtar et al. 2019),214.49619587966995,2.8652541094477704e-45,1
20,0.2,1.0,19,GMM clustering (Checco/Mignemi),1.0,0.004975124378109453,1
20,0.2,1.0,20,apunim,0.021264044190598862,0.026944059426031043,1
20,0.2,1.0,20,Krippendorff delta-alpha,-0.010911159588611608,0.7014925373134329,0
20,0.2,1.0,20,aposteriori unimodality (2024),0.0,1.0,0
20,0.2,1.0,20,chi-squared (Akhtar et al. 2019),134.6334511969954,3.9741529308685733e-28,1
20,0.2,1.0,20,GMM clustering (Checco/Mignemi),1.0,0.004975124378109453,1
20,0.2,1.0,21,apunim,-0.04871539104413236,1.5119535067097195e-08,1
20,0.2,1.0,21,Krippendorff delta-alpha,-0.009176632940961549,0.6616915422885572,0
20,0.2,1.0,21,aposteriori unimodality (2024),0.0,1.0,0
20,0.2,1.0,21,chi-squared (Akhtar et al. 2019),170.6237060577243,7.684284386073129e-36,1
20,0.2,1.0,21,GMM clustering (Checco/Mignemi),1.0,0.004975124378109453,1
20,0.2,1.0,22,apunim,-0.0615816393375259,0.003927863571030632,1
20,0.2,1.0,22,Krippendorff delta-alpha,0.0027469419638194714,0.2537313432835821,0
20,0.2,1.0,22,aposteriori unimodality (2024),0.005780346820809248,0.09900990099009901,0
20,0.2,1.0,22,chi-squared (Akhtar et al. 2019),191.4200234696182,2.6250735534732294e-40,1
20,0.2,1.0,22,GMM clustering (Checco/Mignemi),1.0,0.004975124378109453,1
20,0.2,1.0,23,apunim,0.019708742860083645,0.04484018577093571,1
20,0.2,1.0,23,Krippendorff delta-alpha,-0.005159582776483929,0.5572139303482587,0
20,0.2,1.0,23,aposteriori unimodality (2024),0.0,1.0,0
20,0.2,1.0,23,chi-squared (Akhtar et al. 2019),163.38358408433888,2.748956724913733e-34,1
20,0.2,1.0,23,GMM clustering (Checco/Mignemi),1.0,0.004975124378109453,1
20,0.2,1.0,24,apunim,0.0329079919408993,0.0006079773901578928,1
20,0.2,1.0,24,Krippendorff delta-alpha,-0.012013558270740854,0.7263681592039801,0
20,0.2,1.0,24,aposteriori unimodality (2024),0.0,1.0,0
20,0.2,1.0,24,chi-squared (Akhtar et al. 2019),159.76684877329524,1.6403220509282807e-33,1
20,0.2,1.0,24,GMM clustering (Checco/Mignemi),1.0,0.004975124378109453,1
20,0.2,1.0,25,apunim,0.04659629639330521,1.6182227896432718e-06,1
20,0.2,1.0,25,Krippendorff delta-alpha,-0.020062491477666977,0.845771144278607,0
20,0.2,1.0,25,aposteriori unimodality (2024),0.0,1.0,0
20,0.2,1.0,25,chi-squared (Akhtar et al. 2019),202.42595899567303,1.1304921609598407e-42,1
20,0.2,1.0,25,GMM clustering (Checco/Mignemi),1.0,0.004975124378109453,1
20,0.2,1.0,26,apunim,-0.05603946658444444,6.642755721288604e-12,1
20,0.2,1.0,26,Krippendorff delta-alpha,0.021792292088590515,0.03980099502487562,1
20,0.2,1.0,26,aposteriori unimodality (2024),0.0058823529411764705,0.1485148514851485,0
20,0.2,1.0,26,chi-squared (Akhtar et al. 2019),183.40520025729438,1.3840720653198974e-38,1
20,0.2,1.0,26,GMM clustering (Checco/Mignemi),1.0,0.004975124378109453,1
20,0.2,1.0,27,apunim,-0.06544607837770942,0.0015731392737377541,1
20,0.2,1.0,27,Krippendorff delta-alpha,-0.007816288784256331,0.527363184079602,0
20,0.2,1.0,27,aposteriori unimodality (2024),0.0,1.0,0
20,0.2,1.0,27,chi-squared (Akhtar et al. 2019),198.52859829704,7.784109780545746e-42,1
20,0.2,1.0,27,GMM clustering (Checco/Mignemi),1.0,0.004975124378109453,1
20,0.2,1.0,28,apunim,0.04335875394109244,7.904593241399872e-07,1
20,0.2,1.0,28,Krippendorff delta-alpha,0.011267036100698236,0.1791044776119403,0
20,0.2,1.0,28,aposteriori unimodality (2024),0.0,1.0,0
20,0.2,1.0,28,chi-squared (Akhtar et al. 2019),142.5615848638081,7.983035973721906e-30,1
20,0.2,1.0,28,GMM clustering (Checco/Mignemi),1.0,0.004975124378109453,1
20,0.2,1.0,29,apunim,-0.09574030954663766,2.395378542596364e-21,1
20,0.2,1.0,29,Krippendorff delta-alpha,0.019997440783803277,0.05970149253731343,0
20,0.2,1.0,29,aposteriori unimodality (2024),0.0,1.0,0
20,0.2,1.0,29,chi-squared (Akhtar et al. 2019),188.35069714436213,1.1986441215667916e-39,1
20,0.2,1.0,29,GMM clustering (Checco/Mignemi),1.0,0.004975124378109453,1
20,0.2,1.0,30,apunim,0.026482963451860513,0.008320751401294138,1
20,0.2,1.0,30,Krippendorff delta-alpha,-0.014676675773515613,0.7512437810945274,0
20,0.2,1.0,30,aposteriori unimodality (2024),0.0,1.0,0
20,0.2,1.0,30,chi-squared (Akhtar et al. 2019),157.49504581430742,5.03619502753415e-33,1
20,0.2,1.0,30,GMM clustering (Checco/Mignemi),1.0,0.004975124378109453,1
20,0.2,1.0,31,apunim,0.018592366254078212,0.03080503404792501,1
20,0.2,1.0,31,Krippendorff delta-alpha,0.00473691962753392,0.22885572139303484,0
20,0.2,1.0,31,aposteriori unimodality (2024),0.0,1.0,0
20,0.2,1.0,31,chi-squared (Akhtar et al. 2019),201.79092469847515,1.5481473613696636e-42,1
20,0.2,1.0,31,GMM clustering (Checco/Mignemi),1.0,0.004975124378109453,1
20,0.2,1.0,32,apunim,-0.0085820218310043,0.9009189579254977,0
20,0.2,1.0,32,Krippendorff delta-alpha,8.580162450649853e-05,0.3681592039800995,0
20,0.2,1.0,32,aposteriori unimodality (2024),0.0,1.0,0
20,0.2,1.0,32,chi-squared (Akhtar et al. 2019),168.07445243893545,2.7083542198506313e-35,1
20,0.2,1.0,32,GMM clustering (Checco/Mignemi),1.0,0.004975124378109453,1
20,0.2,1.0,33,apunim,-0.1033574720210664,4.128317834915041e-27,1
20,0.2,1.0,33,Krippendorff delta-alpha,-0.012183602589144082,0.7164179104477612,0
20,0.2,1.0,33,aposteriori unimodality (2024),0.0,1.0,0
20,0.2,1.0,33,chi-squared (Akhtar et al. 2019),189.53890022389731,6.658520745343629e-40,1
20,0.2,1.0,33,GMM clustering (Checco/Mignemi),1.0,0.004975124378109453,1
20,0.2,1.0,34,apunim,-0.12769928019194876,9.2289330211027e-34,1
20,0.2,1.0,34,Krippendorff delta-alpha,0.003985923818168757,0.3333333333333333,0
20,0.2,1.0,34,aposteriori unimodality (2024),0.0,1.0,0
20,0.2,1.0,34,chi-squared (Akhtar et al. 2019),187.06426088328297,2.2651205183657702e-39,1
20,0.2,1.0,34,GMM clustering (Checco/Mignemi),1.0,0.004975124378109453,1
20,0.2,1.0,35,apunim,-0.04442165488206406,6.39028031018405e-07,1
20,0.2,1.0,35,Krippendorff delta-alpha,0.004380999899744276,0.20398009950248755,0
20,0.2,1.0,35,aposteriori unimodality (2024),0.005952380952380952,0.039603960396039604,1
20,0.2,1.0,35,chi-squared (Akhtar et al. 2019),221.89920556729982,7.315134213033321e-47,1
20,0.2,1.0,35,GMM clustering (Checco/Mignemi),1.0,0.004975124378109453,1
20,0.2,1.0,36,apunim,-0.1572535991140642,7.201233390141449e-50,1
20,0.2,1.0,36,Krippendorff delta-alpha,0.018280842849110357,0.05970149253731343,0
20,0.2,1.0,36,aposteriori unimodality (2024),0.0,1.0,0
20,0.2,1.0,36,chi-squared (Akhtar et al. 2019),171.15482644429332,5.910255663113389e-36,1
20,0.2,1.0,36,GMM clustering (Checco/Mignemi),1.0,0.004975124378109453,1
20,0.2,1.0,37,apunim,-0.058739867031274214,0.00087695116797526,1
20,0.2,1.0,37,Krippendorff delta-alpha,0.013394202667341315,0.15422885572139303,0
20,0.2,1.0,37,aposteriori unimodality (2024),0.0,1.0,0
20,0.2,1.0,37,chi-squared (Akhtar et al. 2019),168.37590875878428,2.3335341447411418e-35,1
20,0.2,1.0,37,GMM clustering (Checco/Mignemi),1.0,0.004975124378109453,1
20,0.2,1.0,38,apunim,-0.04861201454283301,0.0971404221847386,0
20,0.2,1.0,38,Krippendorff delta-alpha,-0.00035149817399016126,0.3333333333333333,0
20,0.2,1.0,38,aposteriori unimodality (2024),0.0,1.0,0
20,0.2,1.0,38,chi-squared (Akhtar et al. 2019),190.59904123624594,3.940652987420822e-40,1
20,0.2,1.0,38,GMM clustering (Checco/Mignemi),1.0,0.004975124378109453,1
20,0.2,1.0,39,apunim,0.05551839464882943,2.685193889096448e-08,1
20,0.2,1.0,39,Krippendorff delta-alpha,0.005132703691119955,0.24378109452736318,0
20,0.2,1.0,39,aposteriori unimodality (2024),0.0,1.0,0
20,0.2,1.0,39,chi-squared (Akhtar et al. 2019),147.9514613749012,5.593312376994811e-31,1
20,0.2,1.0,39,GMM clustering (Checco/Mignemi),1.0,0.004975124378109453,1
20,0.2,1.5,0,apunim,-0.07452250584817868,2.899395168408173e-14,1
20,0.2,1.5,0,Krippendorff delta-alpha,0.0027142810626862857,0.208955223880597,0
20,0.2,1.5,0,aposteriori unimodality (2024),0.0058823529411764705,0.1188118811881188,0
20,0.2,1.5,0,chi-squared (Akhtar et al. 2019),457.21309534654233,1.1979041988572422e-97,1
20,0.2,1.5,0,GMM clustering (Checco/Mignemi),1.0,0.004975124378109453,1
20,0.2,1.5,1,apunim,-0.1101365743641151,5.21658477499113e-26,1
20,0.2,1.5,1,Krippendorff delta-alpha,0.014442786655175066,0.08955223880597014,0
20,0.2,1.5,1,aposteriori unimodality (2024),0.0056179775280898875,0.0891089108910891,0
20,0.2,1.5,1,chi-squared (Akhtar et al. 2019),395.14744613736076,3.109883217503838e-84,1
20,0.2,1.5,1,GMM clustering (Checco/Mignemi),1.0,0.004975124378109453,1
20,0.2,1.5,2,apunim,-0.08707699058909844,5.46683859312492e-06,1
20,0.2,1.5,2,Krippendorff delta-alpha,-0.0005600446540329207,0.3333333333333333,0
20,0.2,1.5,2,aposteriori unimodality (2024),0.0,1.0,0
20,0.2,1.5,2,chi-squared (Akhtar et al. 2019),394.1043944327456,5.225138022984688e-84,1
20,0.2,1.5,2,GMM clustering (Checco/Mignemi),1.0,0.004975124378109453,1
20,0.2,1.5,3,apunim,0.014753435731608594,0.2077304673443701,0
20,0.2,1.5,3,Krippendorff delta-alpha,-0.014612772771759541,0.6119402985074627,0
20,0.2,1.5,3,aposteriori unimodality (2024),0.0,1.0,0
20,0.2,1.5,3,chi-squared (Akhtar et al. 2019),368.56357122525355,1.7189772169033653e-78,1
20,0.2,1.5,3,GMM clustering (Checco/Mignemi),1.0,0.004975124378109453,1
20,0.2,1.5,4,apunim,-0.09039562795805745,3.754168079633307e-16,1
20,0.2,1.5,4,Krippendorff delta-alpha,0.017676929741175518,0.05472636815920398,0
20,0.2,1.5,4,aposteriori unimodality (2024),0.0058823529411764705,0.07920792079207921,0
20,0.2,1.5,4,chi-squared (Akhtar et al. 2019),414.85930906971714,1.711611363428045e-88,1
20,0.2,1.5,4,GMM clustering (Checco/Mignemi),1.0,0.004975124378109453,1
20,0.2,1.5,5,apunim,-0.06585942865864503,6.645169108293003e-14,1
20,0.2,1.5,5,Krippendorff delta-alpha,0.0067796418959487625,0.15920398009950248,0
20,0.2,1.5,5,aposteriori unimodality (2024),0.0,1.0,0
20,0.2,1.5,5,chi-squared (Akhtar et al. 2019),416.72134436221916,6.776492002044318e-89,1
20,0.2,1.5,5,GMM clustering (Checco/Mignemi),1.0,0.004975124378109453,1
20,0.2,1.5,6,apunim,-0.05179572472955267,0.019771207018687766,1
20,0.2,1.5,6,Krippendorff delta-alpha,-0.00021784370618921356,0.2935323383084577,0
20,0.2,1.5,6,aposteriori unimodality (2024),0.0,1.0,0
20,0.2,1.5,6,chi-squared (Akhtar et al. 2019),353.402615935267,3.23063303012717e-75,1
20,0.2,1.5,6,GMM clustering (Checco/Mignemi),1.0,0.004975124378109453,1
20,0.2,1.5,7,apunim,-0.11185420498244432,7.655761183967566e-24,1
20,0.2,1.5,7,Krippendorff delta-alpha,0.004868103002275803,0.1890547263681592,0
20,0.2,1.5,7,aposteriori unimodality (2024),0.012345679012345678,0.0297029702970297,1
20,0.2,1.5,7,chi-squared (Akhtar et al. 2019),359.3319555750169,1.6940789144380935e-76,1
20,0.2,1.5,7,GMM clustering (Checco/Mignemi),1.0,0.004975124378109453,1
20,0.2,1.5,8,apunim,-0.10703924263246288,7.96020850463608e-24,1
20,0.2,1.5,8,Krippendorff delta-alpha,0.01815372293880485,0.03980099502487562,1
20,0.2,1.5,8,aposteriori unimodality (2024),0.011111111111111112,0.019801980198019802,1
20,0.2,1.5,8,chi-squared (Akhtar et al. 2019),368.8873456349691,1.4633314061081672e-78,1
20,0.2,1.5,8,GMM clustering (Checco/Mignemi),1.0,0.004975124378109453,1
20,0.2,1.5,9,apunim,-0.09544389026895699,1.6884238437765704e-06,1
20,0.2,1.5,9,Krippendorff delta-alpha,0.004462305246717979,0.19900497512437812,0
20,0.2,1.5,9,aposteriori unimodality (2024),0.005714285714285714,0.10891089108910891,0
20,0.2,1.5,9,chi-squared (Akhtar et al. 2019),435.3715056799266,6.311015440996584e-93,1
20,0.2,1.5,9,GMM clustering (Checco/Mignemi),1.0,0.004975124378109453,1
20,0.2,1.5,10,apunim,-0.05738132544437403,0.018941839435486194,1
20,0.2,1.5,10,Krippendorff delta-alpha,0.01623175641942476,0.06965174129353234,0
20,0.2,1.5,10,aposteriori unimodality (2024),0.005917159763313609,0.10891089108910891,0
20,0.2,1.5,10,chi-squared (Akhtar et al. 2019),340.41579943742136,2.0567058125451156e-72,1
20,0.2,1.5,10,GMM clustering (Checco/Mignemi),1.0,0.004975124378109453,1
20,0.2,1.5,11,apunim,-0.15459282721978168,3.778261365898828e-37,1
20,0.2,1.5,11,Krippendorff delta-alpha,0.04403699109835196,0.009950248756218905,1
20,0.2,1.5,11,aposteriori unimodality (2024),0.0,1.0,0
20,0.2,1.5,11,chi-squared (Akhtar et al. 2019),361.33343669999,6.2620499592668715e-77,1
20,0.2,1.5,11,GMM clustering (Checco/Mignemi),1.0,0.004975124378109453,1
20,0.2,1.5,12,apunim,-0.04926289281779511,6.369106621507941e-08,1
20,0.2,1.5,12,Krippendorff delta-alpha,-0.009282696016774283,0.5174129353233831,0
20,0.2,1.5,12,aposteriori unimodality (2024),0.005780346820809248,0.09900990099009901,0
20,0.2,1.5,12,chi-squared (Akhtar et al. 2019),396.66291871525345,1.46324638388402e-84,1
20,0.2,1.5,12,GMM clustering (Checco/Mignemi),1.0,0.004975124378109453,1
20,0.2,1.5,13,apunim,-0.07635046775978264,3.290489746459559e-15,1
20,0.2,1.5,13,Krippendorff delta-alpha,-0.0066635264711796816,0.4079601990049751,0
20,0.2,1.5,13,aposteriori unimodality (2024),0.0,1.0,0
20,0.2,1.5,13,chi-squared (Akhtar et al. 2019),379.4348997979137,7.711676790101159e-81,1
20,0.2,1.5,13,GMM clustering (Checco/Mignemi),1.0,0.004975124378109453,1
20,0.2,1.5,14,apunim,-0.07157935652096332,0.001081845403633651,1
20,0.2,1.5,14,Krippendorff delta-alpha,0.01191384035823534,0.12437810945273632,0
20,0.2,1.5,14,aposteriori unimodality (2024),0.011363636363636364,0.019801980198019802,1
20,0.2,1.5,14,chi-squared (Akhtar et al. 2019),346.2273488570311,1.1442458197392585e-73,1
20,0.2,1.5,14,GMM clustering (Checco/Mignemi),1.0,0.004975124378109453,1
20,0.2,1.5,15,apunim,-0.13226076658675368,9.95450676624772e-28,1
20,0.2,1.5,15,Krippendorff delta-alpha,0.018486071505634694,0.024875621890547265,1
20,0.2,1.5,15,aposteriori unimodality (2024),0.006024096385542169,0.10891089108910891,0
20,0.2,1.5,15,chi-squared (Akhtar et al. 2019),364.90132979133193,1.0621902395541653e-77,1
20,0.2,1.5,15,GMM clustering (Checco/Mignemi),1.0,0.004975124378109453,1
20,0.2,1.5,16,apunim,-0.055207218229086884,1.25784612901005e-10,1
20,0.2,1.5,16,Krippendorff delta-alpha,0.014343609302213511,0.06965174129353234,0
20,0.2,1.5,16,aposteriori unimodality (2024),0.0,1.0,0
20,0.2,1.5,16,chi-squared (Akhtar et al. 2019),359.6828283996682,1.42286628864174e-76,1
20,0.2,1.5,16,GMM clustering (Checco/Mignemi),1.0,0.004975124378109453,1
20,0.2,1.5,17,apunim,-0.04012273448266878,1.2261215011795159e-05,1
20,0.2,1.5,17,Krippendorff delta-alpha,0.0050524545892216,0.1691542288557214,0
20,0.2,1.5,17,aposteriori unimodality (2024),0.0,1.0,0
20,0.2,1.5,17,chi-squared (Akhtar et al. 2019),427.97182725051243,2.5090453575521423e-91,1
20,0.2,1.5,17,GMM clustering (Checco/Mignemi),1.0,0.004975124378109453,1
20,0.2,1.5,18,apunim,-0.1386824537095347,1.1268320751788054e-33,1
20,0.2,1.5,18,Krippendorff delta-alpha,0.02827701284400924,0.024875621890547265,1
20,0.2,1.5,18,aposteriori unimodality (2024),0.017142857142857144,0.009900990099009901,1
20,0.2,1.5,18,chi-squared (Akhtar et al. 2019),372.0110420917619,3.095159505678989e-79,1
20,0.2,1.5,18,GMM clustering (Checco/Mignemi),1.0,0.004975124378109453,1
20,0.2,1.5,19,apunim,-0.12047800355282308,1.9914213379872796e-09,1
20,0.2,1.5,19,Krippendorff delta-alpha,0.01765766866719276,0.06467661691542288,0
20,0.2,1.5,19,aposteriori unimodality (2024),0.0,1.0,0
20,0.2,1.5,19,chi-squared (Akhtar et al. 2019),377.18477031422435,2.3615040107711507e-80,1
20,0.2,1.5,19,GMM clustering (Checco/Mignemi),1.0,0.004975124378109453,1
20,0.2,1.5,20,apunim,-0.14369205965336557,2.91672311402386e-40,1
20,0.2,1.5,20,Krippendorff delta-alpha,0.020840511683957508,0.04477611940298507,1
20,0.2,1.5,20,aposteriori unimodality (2024),0.0,1.0,0
20,0.2,1.5,20,chi-squared (Akhtar et al. 2019),387.11700912279684,1.689117117254136e-82,1
20,0.2,1.5,20,GMM clustering (Checco/Mignemi),1.0,0.004975124378109453,1
20,0.2,1.5,21,apunim,-0.07427689295604994,0.0007627191111442277,1
20,0.2,1.5,21,Krippendorff delta-alpha,-0.008071770966772085,0.43283582089552236,0
20,0.2,1.5,21,aposteriori unimodality (2024),0.00558659217877095,0.10891089108910891,0
20,0.2,1.5,21,chi-squared (Akhtar et al. 2019),359.6568745030497,1.441347640348485e-76,1
20,0.2,1.5,21,GMM clustering (Checco/Mignemi),1.0,0.004975124378109453,1
20,0.2,1.5,22,apunim,-0.112369966010918,9.915604044208678e-26,1
20,0.2,1.5,22,Krippendorff delta-alpha,0.004167918448373387,0.1691542288557214,0
20,0.2,1.5,22,aposteriori unimodality (2024),0.0,1.0,0
20,0.2,1.5,22,chi-squared (Akhtar et al. 2019),403.9323528641867,3.932128616674983e-86,1
20,0.2,1.5,22,GMM clustering (Checco/Mignemi),1.0,0.004975124378109453,1
20,0.2,1.5,23,apunim,-0.08632048895453749,1.113608706626577e-05,1
20,0.2,1.5,23,Krippendorff delta-alpha,-0.01877761884938761,0.5920398009950248,0
20,0.2,1.5,23,aposteriori unimodality (2024),0.011627906976744186,0.009900990099009901,1
20,0.2,1.5,23,chi-squared (Akhtar et al. 2019),423.8351320848832,1.9659928874426913e-90,1
20,0.2,1.5,23,GMM clustering (Checco/Mignemi),1.0,0.004975124378109453,1
20,0.2,1.5,24,apunim,-0.046467236412506226,0.016228792364033556,1
20,0.2,1.5,24,Krippendorff delta-alpha,0.008801390599177839,0.14925373134328357,0
20,0.2,1.5,24,aposteriori unimodality (2024),0.0,1.0,0
20,0.2,1.5,24,chi-squared (Akhtar et al. 2019),335.0864421792746,2.9081371885788233e-71,1
20,0.2,1.5,24,GMM clustering (Checco/Mignemi),1.0,0.004975124378109453,1
20,0.2,1.5,25,apunim,-0.057194206575747995,1.5996780069609467e-09,1
20,0.2,1.5,25,Krippendorff delta-alpha,-0.0016363025197874692,0.30845771144278605,0
20,0.2,1.5,25,aposteriori unimodality (2024),0.0,1.0,0
20,0.2,1.5,25,chi-squared (Akhtar et al. 2019),396.40501758677203,1.6635617852889047e-84,1
20,0.2,1.5,25,GMM clustering (Checco/Mignemi),1.0,0.004975124378109453,1
20,0.2,1.5,26,apunim,-0.022405916902327665,0.03443910598515171,1
20,0.2,1.5,26,Krippendorff delta-alpha,-0.0027078889264315897,0.3383084577114428,0
20,0.2,1.5,26,aposteriori unimodality (2024),0.006134969325153374,0.04950495049504951,1
20,0.2,1.5,26,chi-squared (Akhtar et al. 2019),376.10674516029457,4.0368481603990044e-80,1
20,0.2,1.5,26,GMM clustering (Checco/Mignemi),1.0,0.004975124378109453,1
20,0.2,1.5,27,apunim,-0.04834605597964413,1.1379049177158763e-06,1
20,0.2,1.5,27,Krippendorff delta-alpha,0.006538377862202072,0.11940298507462686,0
20,0.2,1.5,27,aposteriori unimodality (2024),0.0,1.0,0
20,0.2,1.5,27,chi-squared (Akhtar et al. 2019),367.75696830232556,2.567292570783098e-78,1
20,0.2,1.5,27,GMM clustering (Checco/Mignemi),1.0,0.004975124378109453,1
20,0.2,1.5,28,apunim,-0.02179313170631746,0.044094385064849285,1
20,0.2,1.5,28,Krippendorff delta-alpha,-0.002858755335912677,0.4079601990049751,0
20,0.2,1.5,28,aposteriori unimodality (2024),0.005780346820809248,0.12871287128712872,0
20,0.2,1.5,28,chi-squared (Akhtar et al. 2019),389.6509765695701,4.788888461110205e-83,1
20,0.2,1.5,28,GMM clustering (Checco/Mignemi),1.0,0.004975124378109453,1
20,0.2,1.5,29,apunim,0.0426247142665055,1.054619785692065e-06,1
20,0.2,1.5,29,Krippendorff delta-alpha,-0.009632821527005342,0.46766169154228854,0
20,0.2,1.5,29,aposteriori unimodality (2024),0.01694915254237288,0.009900990099009901,1
20,0.2,1.5,29,chi-squared (Akhtar et al. 2019),407.76068639380765,5.853185310498087e-87,1
20,0.2,1.5,29,GMM clustering (Checco/Mignemi),1.0,0.004975124378109453,1
20,0.2,1.5,30,apunim,-0.11666406372013145,1.0504565594472676e-28,1
20,0.2,1.5,30,Krippendorff delta-alpha,-0.0034548035795566867,0.3333333333333333,0
20,0.2,1.5,30,aposteriori unimodality (2024),0.005847953216374269,0.0891089108910891,0
20,0.2,1.5,30,chi-squared (Akhtar et al. 2019),393.95142886628884,5.638272629021748e-84,1
20,0.2,1.5,30,GMM clustering (Checco/Mignemi),1.0,0.004975124378109453,1
20,0.2,1.5,31,apunim,-0.11378607899679886,2.9285640292079458e-27,1
20,0.2,1.5,31,Krippendorff delta-alpha,0.02930518004680216,0.004975124378109453,1
20,0.2,1.5,31,aposteriori unimodality (2024),0.011494252873563218,0.039603960396039604,1
20,0.2,1.5,31,chi-squared (Akhtar et al. 2019),359.074437266244,1.925499449467337e-76,1
20,0.2,1.5,31,GMM clustering (Checco/Mignemi),1.0,0.004975124378109453,1
20,0.2,1.5,32,apunim,-0.09613837489943672,1.1721496343539235e-23,1
20,0.2,1.5,32,Krippendorff delta-alpha,0.011006816888794901,0.07462686567164178,0
20,0.2,1.5,32,aposteriori unimodality (2024),0.0,1.0,0
20,0.2,1.5,32,chi-squared (Akhtar et al. 2019),389.78562565428297,4.478631485051905e-83,1
20,0.2,1.5,32,GMM clustering (Checco/Mignemi),1.0,0.004975124378109453,1
20,0.2,1.5,33,apunim,-0.060248628303337055,3.1429478162915776e-10,1
20,0.2,1.5,33,Krippendorff delta-alpha,0.012491170426360498,0.07960199004975124,0
20,0.2,1.5,33,aposteriori unimodality (2024),0.0,1.0,0
20,0.2,1.5,33,chi-squared (Akhtar et al. 2019),367.53953736925615,2.8604504869971685e-78,1
20,0.2,1.5,33,GMM clustering (Checco/Mignemi),1.0,0.004975124378109453,1
20,0.2,1.5,34,apunim,-0.05838535944910378,6.516983813592712e-10,1
20,0.2,1.5,34,Krippendorff delta-alpha,0.0015913258159253596,0.263681592039801,0
20,0.2,1.5,34,aposteriori unimodality (2024),0.0,1.0,0
20,0.2,1.5,34,chi-squared (Akhtar et al. 2019),324.17552388490446,6.585682318253405e-69,1
20,0.2,1.5,34,GMM clustering (Checco/Mignemi),1.0,0.004975124378109453,1
20,0.2,1.5,35,apunim,-0.10450642389650501,4.021149043723448e-07,1
20,0.2,1.5,35,Krippendorff delta-alpha,-0.0006030573028932285,0.31343283582089554,0
20,0.2,1.5,35,aposteriori unimodality (2024),0.0,1.0,0
20,0.2,1.5,35,chi-squared (Akhtar et al. 2019),382.0943975415417,2.0542995340415214e-81,1
20,0.2,1.5,35,GMM clustering (Checco/Mignemi),1.0,0.004975124378109453,1
20,0.2,1.5,36,apunim,-0.059647478455570356,1.2713439336193626e-11,1
20,0.2,1.5,36,Krippendorff delta-alpha,0.022013513315241262,0.014925373134328358,1
20,0.2,1.5,36,aposteriori unimodality (2024),0.0,1.0,0
20,0.2,1.5,36,chi-squared (Akhtar et al. 2019),384.4135520009326,6.481569051786734e-82,1
20,0.2,1.5,36,GMM clustering (Checco/Mignemi),1.0,0.004975124378109453,1
20,0.2,1.5,37,apunim,-0.12787803360298666,5.074839142753354e-29,1
20,0.2,1.5,37,Krippendorff delta-alpha,0.009884606476076363,0.13432835820895522,0
20,0.2,1.5,37,aposteriori unimodality (2024),0.0,1.0,0
20,0.2,1.5,37,chi-squared (Akhtar et al. 2019),389.41600634493903,5.3826634391490595e-83,1
20,0.2,1.5,37,GMM clustering (Checco/Mignemi),1.0,0.004975124378109453,1
20,0.2,1.5,38,apunim,-0.07623562748624028,1.2497691343039179e-18,1
20,0.2,1.5,38,Krippendorff delta-alpha,0.006400533299140088,0.13930348258706468,0
20,0.2,1.5,38,aposteriori unimodality (2024),0.0,1.0,0
20,0.2,1.5,38,chi-squared (Akhtar et al. 2019),385.7735183971473,3.295285135762498e-82,1
20,0.2,1.5,38,GMM clustering (Checco/Mignemi),1.0,0.004975124378109453,1
20,0.2,1.5,39,apunim,-0.18372834884395328,3.051627037954291e-49,1
20,0.2,1.5,39,Krippendorff delta-alpha,0.02050064931918827,0.05970149253731343,0
20,0.2,1.5,39,aposteriori unimodality (2024),0.005813953488372093,0.10891089108910891,0
20,0.2,1.5,39,chi-squared (Akhtar et al. 2019),391.1230425741112,2.302549297148215e-83,1
20,0.2,1.5,39,GMM clustering (Checco/Mignemi),1.0,0.004975124378109453,1
20,0.2,2.0,0,apunim,-0.10200170357751255,2.0591413175447498e-17,1
20,0.2,2.0,0,Krippendorff delta-alpha,0.019902672638700047,0.04477611940298507,1
20,0.2,2.0,0,aposteriori unimodality (2024),0.005847953216374269,0.0594059405940594,0
20,0.2,2.0,0,chi-squared (Akhtar et al. 2019),704.4557474906044,3.77948848918466e-151,1
20,0.2,2.0,0,GMM clustering (Checco/Mignemi),1.0,0.004975124378109453,1
20,0.2,2.0,1,apunim,-0.11244685738860244,6.671757712305265e-10,1
20,0.2,2.0,1,Krippendorff delta-alpha,0.004695137125827642,0.15422885572139303,0
20,0.2,2.0,1,aposteriori unimodality (2024),0.005681818181818182,0.0594059405940594,0
20,0.2,2.0,1,chi-squared (Akhtar et al. 2019),719.6473114821576,1.9402909396756068e-154,1
20,0.2,2.0,1,GMM clustering (Checco/Mignemi),1.0,0.004975124378109453,1
20,0.2,2.0,2,apunim,-0.06040522628290125,3.7161599458223426e-09,1
20,0.2,2.0,2,Krippendorff delta-alpha,0.012093668053174411,0.12437810945273632,0
20,0.2,2.0,2,aposteriori unimodality (2024),0.0,1.0,0
20,0.2,2.0,2,chi-squared (Akhtar et al. 2019),714.599792037025,2.4036623266411393e-153,1
20,0.2,2.0,2,GMM clustering (Checco/Mignemi),1.0,0.004975124378109453,1
20,0.2,2.0,3,apunim,-0.12691172524818856,2.557958941651576e-25,1
20,0.2,2.0,3,Krippendorff delta-alpha,0.01108376074904599,0.06965174129353234,0
20,0.2,2.0,3,aposteriori unimodality (2024),0.0,1.0,0
20,0.2,2.0,3,chi-squared (Akhtar et al. 2019),752.5406941239069,1.4605527230391566e-161,1
20,0.2,2.0,3,GMM clustering (Checco/Mignemi),1.0,0.004975124378109453,1
20,0.2,2.0,4,apunim,-0.05789380665033959,7.349962258143136e-09,1
20,0.2,2.0,4,Krippendorff delta-alpha,0.012658451822172179,0.07960199004975124,0
20,0.2,2.0,4,aposteriori unimodality (2024),0.0,1.0,0
20,0.2,2.0,4,chi-squared (Akhtar et al. 2019),626.3766720229926,3.028474574590267e-134,1
20,0.2,2.0,4,GMM clustering (Checco/Mignemi),1.0,0.004975124378109453,1
20,0.2,2.0,5,apunim,-0.08117599839454173,1.3230935122226695e-14,1
20,0.2,2.0,5,Krippendorff delta-alpha,0.0065726703634947925,0.1691542288557214,0
20,0.2,2.0,5,aposteriori unimodality (2024),0.00558659217877095,0.1485148514851485,0
20,0.2,2.0,5,chi-squared (Akhtar et al. 2019),651.4792627162077,1.1150064475193446e-139,1
20,0.2,2.0,5,GMM clustering (Checco/Mignemi),1.0,0.004975124378109453,1
20,0.2,2.0,6,apunim,-0.12370318901693872,7.899293057593237e-31,1
20,0.2,2.0,6,Krippendorff delta-alpha,0.03663619523860806,0.004975124378109453,1
20,0.2,2.0,6,aposteriori unimodality (2024),0.0055248618784530384,0.13861386138613863,0
20,0.2,2.0,6,chi-squared (Akhtar et al. 2019),775.3028529884637,1.7166621738544533e-166,1
20,0.2,2.0,6,GMM clustering (Checco/Mignemi),1.0,0.004975124378109453,1
20,0.2,2.0,7,apunim,-0.11067329951238725,2.779056369166568e-21,1
20,0.2,2.0,7,Krippendorff delta-alpha,0.0060104822628093135,0.12437810945273632,0
20,0.2,2.0,7,aposteriori unimodality (2024),0.0,1.0,0
20,0.2,2.0,7,chi-squared (Akhtar et al. 2019),662.2581138132248,5.17350245991623e-142,1
20,0.2,2.0,7,GMM clustering (Checco/Mignemi),1.0,0.004975124378109453,1
20,0.2,2.0,8,apunim,-0.2178891595309243,1.242237664284016e-55,1
20,0.2,2.0,8,Krippendorff delta-alpha,0.009736360471493122,0.10945273631840796,0
20,0.2,2.0,8,aposteriori unimodality (2024),0.0,1.0,0
20,0.2,2.0,8,chi-squared (Akhtar et al. 2019),636.22729649229,2.233280776357392e-136,1
20,0.2,2.0,8,GMM clustering (Checco/Mignemi),1.0,0.004975124378109453,1
20,0.2,2.0,9,apunim,-0.08208176887776424,2.993166167339078e-12,1
20,0.2,2.0,9,Krippendorff delta-alpha,0.01899909795119864,0.029850746268656716,1
20,0.2,2.0,9,aposteriori unimodality (2024),0.0058823529411764705,0.0891089108910891,0
20,0.2,2.0,9,chi-squared (Akhtar et al. 2019),692.4030214181013,1.5387776815134383e-148,1
20,0.2,2.0,9,GMM clustering (Checco/Mignemi),1.0,0.004975124378109453,1
20,0.2,2.0,10,apunim,-0.1128928032932058,2.760150393346623e-19,1
20,0.2,2.0,10,Krippendorff delta-alpha,0.008098881788327128,0.16417910447761194,0
20,0.2,2.0,10,aposteriori unimodality (2024),0.0,1.0,0
20,0.2,2.0,10,chi-squared (Akhtar et al. 2019),762.2412221139978,1.1577695999190215e-163,1
20,0.2,2.0,10,GMM clustering (Checco/Mignemi),1.0,0.004975124378109453,1
20,0.2,2.0,11,apunim,-0.12101252744414334,2.3430237183318006e-29,1
20,0.2,2.0,11,Krippendorff delta-alpha,-0.004072900987760197,0.2736318407960199,0
20,0.2,2.0,11,aposteriori unimodality (2024),0.0056179775280898875,0.09900990099009901,0
20,0.2,2.0,11,chi-squared (Akhtar et al. 2019),692.6541537554041,1.3576887507519472e-148,1
20,0.2,2.0,11,GMM clustering (Checco/Mignemi),1.0,0.004975124378109453,1
20,0.2,2.0,12,apunim,-0.1209904871169746,4.352531438056055e-35,1
20,0.2,2.0,12,Krippendorff delta-alpha,0.0028994655901695143,0.18407960199004975,0
20,0.2,2.0,12,aposteriori unimodality (2024),0.00546448087431694,0.04950495049504951,1
20,0.2,2.0,12,chi-squared (Akhtar et al. 2019),637.2161220000821,1.3642530774674638e-136,1
20,0.2,2.0,12,GMM clustering (Checco/Mignemi),1.0,0.004975124378109453,1
20,0.2,2.0,13,apunim,-0.11342078226172538,1.0717358304539064e-27,1
20,0.2,2.0,13,Krippendorff delta-alpha,0.012184740669764327,0.05970149253731343,0
20,0.2,2.0,13,aposteriori unimodality (2024),0.005434782608695652,0.12871287128712872,0
20,0.2,2.0,13,chi-squared (Akhtar et al. 2019),650.231110594096,2.077207433890107e-139,1
20,0.2,2.0,13,GMM clustering (Checco/Mignemi),1.0,0.004975124378109453,1
20,0.2,2.0,14,apunim,-0.10710225868630416,3.7391855472906715e-26,1
20,0.2,2.0,14,Krippendorff delta-alpha,0.04316910385663719,0.004975124378109453,1
20,0.2,2.0,14,aposteriori unimodality (2024),0.01694915254237288,0.009900990099009901,1
20,0.2,2.0,14,chi-squared (Akhtar et al. 2019),679.6646401365128,8.8153466070074e-146,1
20,0.2,2.0,14,GMM clustering (Checco/Mignemi),1.0,0.004975124378109453,1
20,0.2,2.0,15,apunim,-0.07020341112238511,7.585996431381234e-12,1
20,0.2,2.0,15,Krippendorff delta-alpha,0.00948023271709475,0.06965174129353234,0
20,0.2,2.0,15,aposteriori unimodality (2024),0.00546448087431694,0.07920792079207921,0
20,0.2,2.0,15,chi-squared (Akhtar et al. 2019),629.5820547351698,6.129056823060028e-135,1
20,0.2,2.0,15,GMM clustering (Checco/Mignemi),1.0,0.004975124378109453,1
20,0.2,2.0,16,apunim,-0.07013988433591978,2.0937481747261482e-10,1
20,0.2,2.0,16,Krippendorff delta-alpha,0.004217092116502508,0.1691542288557214,0
20,0.2,2.0,16,aposteriori unimodality (2024),0.0,1.0,0
20,0.2,2.0,16,chi-squared (Akhtar et al. 2019),670.2854174143042,9.460076616977433e-144,1
20,0.2,2.0,16,GMM clustering (Checco/Mignemi),1.0,0.004975124378109453,1
20,0.2,2.0,17,apunim,-0.14472822527832335,2.3575228323661685e-33,1
20,0.2,2.0,17,Krippendorff delta-alpha,-0.009421884083991416,0.3333333333333333,0
20,0.2,2.0,17,aposteriori unimodality (2024),0.011627906976744186,0.019801980198019802,1
20,0.2,2.0,17,chi-squared (Akhtar et al. 2019),701.6304777619093,1.5459385728267543e-150,1
20,0.2,2.0,17,GMM clustering (Checco/Mignemi),1.0,0.004975124378109453,1
20,0.2,2.0,18,apunim,-0.13440962934657977,8.821013864301625e-28,1
20,0.2,2.0,18,Krippendorff delta-alpha,-0.014184615724678773,0.4228855721393035,0
20,0.2,2.0,18,aposteriori unimodality (2024),0.005494505494505495,0.10891089108910891,0
20,0.2,2.0,18,chi-squared (Akhtar et al. 2019),707.6028226327107,7.870180890234042e-152,1
20,0.2,2.0,18,GMM clustering (Checco/Mignemi),1.0,0.004975124378109453,1
20,0.2,2.0,19,apunim,-0.12174587870093817,4.636475716011156e-31,1
20,0.2,2.0,19,Krippendorff delta-alpha,-0.025128576934058677,0.6119402985074627,0
20,0.2,2.0,19,aposteriori unimodality (2024),0.0055248618784530384,0.09900990099009901,0
20,0.2,2.0,19,chi-squared (Akhtar et al. 2019),714.9157085833024,2.053357027784165e-153,1
20,0.2,2.0,19,GMM clustering (Checco/Mignemi),1.0,0.004975124378109453,1
20,0.2,2.0,20,apunim,-0.05785783787829625,1.1056976538159753e-07,1
20,0.2,2.0,20,Krippendorff delta-alpha,0.02725863872390194,0.05472636815920398,0
20,0.2,2.0,20,aposteriori unimodality (2024),0.0,1.0,0
20,0.2,2.0,20,chi-squared (Akhtar et al. 2019),637.5717715085282,1.1426367813907487e-136,1
20,0.2,2.0,20,GMM clustering (Checco/Mignemi),1.0,0.004975124378109453,1
20,0.2,2.0,21,apunim,-0.10738519678940006,3.076894940618336e-07,1
20,0.2,2.0,21,Krippendorff delta-alpha,0.007504178970849207,0.13432835820895522,0
20,0.2,2.0,21,aposteriori unimodality (2024),0.005649717514124294,0.12871287128712872,0
20,0.2,2.0,21,chi-squared (Akhtar et al. 2019),630.9475206904436,3.1033045928712964e-135,1
20,0.2,2.0,21,GMM clustering (Checco/Mignemi),1.0,0.004975124378109453,1
20,0.2,2.0,22,apunim,-0.14385328111567466,1.7876833559925276e-34,1
20,0.2,2.0,22,Krippendorff delta-alpha,0.007383620944180325,0.08955223880597014,0
20,0.2,2.0,22,aposteriori unimodality (2024),0.0055248618784530384,0.04950495049504951,1
20,0.2,2.0,22,chi-squared (Akhtar et al. 2019),564.5590912165826,7.240460778076595e-121,1
20,0.2,2.0,22,GMM clustering (Checco/Mignemi),1.0,0.004975124378109453,1
20,0.2,2.0,23,apunim,-0.1231023443147788,2.2946465036585347e-28,1
20,0.2,2.0,23,Krippendorff delta-alpha,-0.011763521841563651,0.373134328358209,0
20,0.2,2.0,23,aposteriori unimodality (2024),0.005780346820809248,0.039603960396039604,1
20,0.2,2.0,23,chi-squared (Akhtar et al. 2019),731.3469232844491,5.679536683153875e-157,1
20,0.2,2.0,23,GMM clustering (Checco/Mignemi),1.0,0.004975124378109453,1
20,0.2,2.0,24,apunim,-0.07363131043935102,1.063749997259742e-12,1
20,0.2,2.0,24,Krippendorff delta-alpha,0.012526306500739326,0.0945273631840796,0
20,0.2,2.0,24,aposteriori unimodality (2024),0.0,1.0,0
20,0.2,2.0,24,chi-squared (Akhtar et al. 2019),616.4959669122713,4.167816633383669e-132,1
20,0.2,2.0,24,GMM clustering (Checco/Mignemi),1.0,0.004975124378109453,1
20,0.2,2.0,25,apunim,-0.11137509569441179,5.981403001458019e-21,1
20,0.2,2.0,25,Krippendorff delta-alpha,-0.00021009256305198898,0.31840796019900497,0
20,0.2,2.0,25,aposteriori unimodality (2024),0.0,1.0,0
20,0.2,2.0,25,chi-squared (Akhtar et al. 2019),692.0712251597599,1.8155865577696768e-148,1
20,0.2,2.0,25,GMM clustering (Checco/Mignemi),1.0,0.004975124378109453,1
20,0.2,2.0,26,apunim,-0.04964335981297248,4.955168044112476e-06,1
20,0.2,2.0,26,Krippendorff delta-alpha,0.024230485369065802,0.024875621890547265,1
20,0.2,2.0,26,aposteriori unimodality (2024),0.0,1.0,0
20,0.2,2.0,26,chi-squared (Akhtar et al. 2019),666.98466674287,4.903498286237149e-143,1
20,0.2,2.0,26,GMM clustering (Checco/Mignemi),1.0,0.004975124378109453,1
20,0.2,2.0,27,apunim,-0.0774009067190841,0.00019404243094440214,1
20,0.2,2.0,27,Krippendorff delta-alpha,0.0010879843116216592,0.1791044776119403,0
20,0.2,2.0,27,aposteriori unimodality (2024),0.0,1.0,0
20,0.2,2.0,27,chi-squared (Akhtar et al. 2019),702.1114318184557,1.2163292196989863e-150,1
20,0.2,2.0,27,GMM clustering (Checco/Mignemi),1.0,0.004975124378109453,1
20,0.2,2.0,28,apunim,-0.1250794893117448,2.199648749389145e-27,1
20,0.2,2.0,28,Krippendorff delta-alpha,0.041734252113530046,0.004975124378109453,1
20,0.2,2.0,28,aposteriori unimodality (2024),0.01092896174863388,0.009900990099009901,1
20,0.2,2.0,28,chi-squared (Akhtar et al. 2019),626.1733077551766,3.3515318139199937e-134,1
20,0.2,2.0,28,GMM clustering (Checco/Mignemi),1.0,0.004975124378109453,1
20,0.2,2.0,29,apunim,-0.03486784960913266,0.00038561507813429874,1
20,0.2,2.0,29,Krippendorff delta-alpha,0.02475918692309137,0.014925373134328358,1
20,0.2,2.0,29,aposteriori unimodality (2024),0.005813953488372093,0.09900990099009901,0
20,0.2,2.0,29,chi-squared (Akhtar et al. 2019),682.8280306158492,1.8210783856279874e-146,1
20,0.2,2.0,29,GMM clustering (Checco/Mignemi),1.0,0.004975124378109453,1
20,0.2,2.0,30,apunim,-0.13158025058188527,9.913744320505962e-25,1
20,0.2,2.0,30,Krippendorff delta-alpha,0.02137505239974974,0.03482587064676617,1
20,0.2,2.0,30,aposteriori unimodality (2024),0.0,1.0,0
20,0.2,2.0,30,chi-squared (Akhtar et al. 2019),731.3225893049796,5.7488708788955363e-157,1
20,0.2,2.0,30,GMM clustering (Checco/Mignemi),1.0,0.004975124378109453,1
20,0.2,2.0,31,apunim,-0.1099162159902892,3.095012923411124e-08,1
20,0.2,2.0,31,Krippendorff delta-alpha,0.014116663155725295,0.10945273631840796,0
20,0.2,2.0,31,aposteriori unimodality (2024),0.0,1.0,0
20,0.2,2.0,31,chi-squared (Akhtar et al. 2019),652.7683601407456,5.864207167614744e-140,1
20,0.2,2.0,31,GMM clustering (Checco/Mignemi),1.0,0.004975124378109453,1
20,0.2,2.0,32,apunim,-0.07939097335508435,2.402653388997395e-13,1
20,0.2,2.0,32,Krippendorff delta-alpha,0.0011308444162704823,0.23880597014925373,0
20,0.2,2.0,32,aposteriori unimodality (2024),0.0,1.0,0
20,0.2,2.0,32,chi-squared (Akhtar et al. 2019),651.8554686537494,9.243474497339813e-140,1
20,0.2,2.0,32,GMM clustering (Checco/Mignemi),1.0,0.004975124378109453,1
20,0.2,2.0,33,apunim,-0.08938192813513979,1.8344639220133946e-05,1
20,0.2,2.0,33,Krippendorff delta-alpha,0.006155690253202395,0.14925373134328357,0
20,0.2,2.0,33,aposteriori unimodality (2024),0.0,1.0,0
20,0.2,2.0,33,chi-squared (Akhtar et al. 2019),611.3966727574318,5.291889949211979e-131,1
20,0.2,2.0,33,GMM clustering (Checco/Mignemi),1.0,0.004975124378109453,1
20,0.2,2.0,34,apunim,-0.05723472668810259,1.8258338293091043e-07,1
20,0.2,2.0,34,Krippendorff delta-alpha,0.0006656875189444689,0.30845771144278605,0
20,0.2,2.0,34,aposteriori unimodality (2024),0.005555555555555556,0.07920792079207921,0
20,0.2,2.0,34,chi-squared (Akhtar et al. 2019),665.8994851409086,8.422580365389403e-143,1
20,0.2,2.0,34,GMM clustering (Checco/Mignemi),1.0,0.004975124378109453,1
20,0.2,2.0,35,apunim,-0.10007011435893726,6.468928885431756e-20,1
20,0.2,2.0,35,Krippendorff delta-alpha,0.021558033441475,0.03482587064676617,1
20,0.2,2.0,35,aposteriori unimodality (2024),0.005434782608695652,0.07920792079207921,0
20,0.2,2.0,35,chi-squared (Akhtar et al. 2019),668.9845542985483,1.8093905684954369e-143,1
20,0.2,2.0,35,GMM clustering (Checco/Mignemi),1.0,0.004975124378109453,1
20,0.2,2.0,36,apunim,-0.15565630929206767,5.662440171767834e-32,1
20,0.2,2.0,36,Krippendorff delta-alpha,0.031761180182119264,0.004975124378109453,1
20,0.2,2.0,36,aposteriori unimodality (2024),0.011494252873563218,0.009900990099009901,1
20,0.2,2.0,36,chi-squared (Akhtar et al. 2019),644.2981723295122,3.997904913301937e-138,1
20,0.2,2.0,36,GMM clustering (Checco/Mignemi),1.0,0.004975124378109453,1
20,0.2,2.0,37,apunim,-0.19656397208857063,4.894862680158151e-47,1
20,0.2,2.0,37,Krippendorff delta-alpha,0.0025193192508423112,0.21393034825870647,0
20,0.2,2.0,37,aposteriori unimodality (2024),0.0,1.0,0
20,0.2,2.0,37,chi-squared (Akhtar et al. 2019),619.6245928900152,8.764505548651152e-133,1
20,0.2,2.0,37,GMM clustering (Checco/Mignemi),1.0,0.004975124378109453,1
20,0.2,2.0,38,apunim,-0.12351227221097322,1.8385467610173554e-32,1
20,0.2,2.0,38,Krippendorff delta-alpha,-0.009152724862978467,0.38308457711442784,0
20,0.2,2.0,38,aposteriori unimodality (2024),0.00558659217877095,0.07920792079207921,0
20,0.2,2.0,38,chi-squared (Akhtar et al. 2019),617.9094457373207,2.0604731442499336e-132,1
20,0.2,2.0,38,GMM clustering (Checco/Mignemi),1.0,0.004975124378109453,1
20,0.2,2.0,39,apunim,-0.15238708753847224,1.6862664020071726e-43,1
20,0.2,2.0,39,Krippendorff delta-alpha,0.012084744504401113,0.06467661691542288,0
20,0.2,2.0,39,aposteriori unimodality (2024),0.005494505494505495,0.1188118811881188,0
20,0.2,2.0,39,chi-squared (Akhtar et al. 2019),704.6536817862974,3.424315755674977e-151,1
20,0.2,2.0,39,GMM clustering (Checco/Mignemi),1.0,0.004975124378109453,1
20,0.2,2.5,0,apunim,-0.13694837176251493,1.0596274284297585e-25,1
20,0.2,2.5,0,Krippendorff delta-alpha,0.003206486905212358,0.20398009950248755,0
20,0.2,2.5,0,aposteriori unimodality (2024),0.0,1.0,0
20,0.2,2.5,0,chi-squared (Akhtar et al. 2019),960.8936855065622,1.0644755423485498e-206,1
20,0.2,2.5,0,GMM clustering (Checco/Mignemi),1.0,0.004975124378109453,1
20,0.2,2.5,1,apunim,-0.12253178252637274,5.765591132560918e-24,1
20,0.2,2.5,1,Krippendorff delta-alpha,-0.0031807881218773315,0.31343283582089554,0
20,0.2,2.5,1,aposteriori unimodality (2024),0.0,1.0,0
20,0.2,2.5,1,chi-squared (Akhtar et al. 2019),1061.4265531732008,1.7371207587912902e-228,1
20,0.2,2.5,1,GMM clustering (Checco/Mignemi),1.0,0.004975124378109453,1
20,0.2,2.5,2,apunim,-0.1651747762164326,1.7252234172985202e-29,1
20,0.2,2.5,2,Krippendorff delta-alpha,0.0008202209170756203,0.24875621890547264,0
20,0.2,2.5,2,aposteriori unimodality (2024),0.005555555555555556,0.09900990099009901,0
20,0.2,2.5,2,chi-squared (Akhtar et al. 2019),906.3590944948014,6.9799271853184e-195,1
20,0.2,2.5,2,GMM clustering (Checco/Mignemi),1.0,0.004975124378109453,1
20,0.2,2.5,3,apunim,-0.11473880597014958,1.0775237081596008e-21,1
20,0.2,2.5,3,Krippendorff delta-alpha,0.018756764797514924,0.024875621890547265,1
20,0.2,2.5,3,aposteriori unimodality (2024),0.005405405405405406,0.04950495049504951,1
20,0.2,2.5,3,chi-squared (Akhtar et al. 2019),1133.7383315378656,3.682117417301513e-244,1
20,0.2,2.5,3,GMM clustering (Checco/Mignemi),1.0,0.004975124378109453,1
20,0.2,2.5,4,apunim,-0.19739349314262863,2.6955675311975815e-41,1
20,0.2,2.5,4,Krippendorff delta-alpha,0.021500115899016015,0.1044776119402985,0
20,0.2,2.5,4,aposteriori unimodality (2024),0.016853932584269662,0.009900990099009901,1
20,0.2,2.5,4,chi-squared (Akhtar et al. 2019),968.2237138897543,2.74621031804394e-208,1
20,0.2,2.5,4,GMM clustering (Checco/Mignemi),1.0,0.004975124378109453,1
20,0.2,2.5,5,apunim,-0.09124343681192378,7.82512588217585e-15,1
20,0.2,2.5,5,Krippendorff delta-alpha,0.01253761183278429,0.15422885572139303,0
20,0.2,2.5,5,aposteriori unimodality (2024),0.0,1.0,0
20,0.2,2.5,5,chi-squared (Akhtar et al. 2019),1125.6261209415402,2.1111963498889286e-242,1
20,0.2,2.5,5,GMM clustering (Checco/Mignemi),1.0,0.004975124378109453,1
20,0.2,2.5,6,apunim,-0.15062254735720157,1.6200766152806908e-30,1
20,0.2,2.5,6,Krippendorff delta-alpha,-0.007610510923210079,0.30845771144278605,0
20,0.2,2.5,6,aposteriori unimodality (2024),0.005681818181818182,0.0594059405940594,0
20,0.2,2.5,6,chi-squared (Akhtar et al. 2019),901.2836574627007,8.780810898911789e-194,1
20,0.2,2.5,6,GMM clustering (Checco/Mignemi),1.0,0.004975124378109453,1
20,0.2,2.5,7,apunim,-0.14742534681401392,3.57857793007692e-33,1
20,0.2,2.5,7,Krippendorff delta-alpha,0.010907893641249,0.08955223880597014,0
20,0.2,2.5,7,aposteriori unimodality (2024),0.005555555555555556,0.04950495049504951,1
20,0.2,2.5,7,chi-squared (Akhtar et al. 2019),1070.9224502685092,1.519438015863424e-230,1
20,0.2,2.5,7,GMM clustering (Checco/Mignemi),1.0,0.004975124378109453,1
20,0.2,2.5,8,apunim,-0.1642860423460247,3.342935796266451e-37,1
20,0.2,2.5,8,Krippendorff delta-alpha,0.013969512341959645,0.09950248756218906,0
20,0.2,2.5,8,aposteriori unimodality (2024),0.005555555555555556,0.039603960396039604,1
20,0.2,2.5,8,chi-squared (Akhtar et al. 2019),1004.0127308193491,4.8192460851002274e-216,1
20,0.2,2.5,8,GMM clustering (Checco/Mignemi),1.0,0.004975124378109453,1
20,0.2,2.5,9,apunim,-0.11212092222328549,1.3247174696163113e-18,1
20,0.2,2.5,9,Krippendorff delta-alpha,0.02072105970535898,0.04975124378109453,1
20,0.2,2.5,9,aposteriori unimodality (2024),0.0,1.0,0
20,0.2,2.5,9,chi-squared (Akhtar et al. 2019),933.3991880378969,9.658475978226307e-201,1
20,0.2,2.5,9,GMM clustering (Checco/Mignemi),1.0,0.004975124378109453,1
20,0.2,2.5,10,apunim,-0.11024862983087536,1.2151810013841804e-18,1
20,0.2,2.5,10,Krippendorff delta-alpha,0.0037714760725841012,0.21393034825870647,0
20,0.2,2.5,10,aposteriori unimodality (2024),0.0,1.0,0
20,0.2,2.5,10,chi-squared (Akhtar et al. 2019),1014.5353035964823,2.526681184739246e-218,1
20,0.2,2.5,10,GMM clustering (Checco/Mignemi),1.0,0.004975124378109453,1
20,0.2,2.5,11,apunim,-0.09793779205661764,3.396799954778373e-08,1
20,0.2,2.5,11,Krippendorff delta-alpha,0.01590333815934669,0.08955223880597014,0
20,0.2,2.5,11,aposteriori unimodality (2024),0.005405405405405406,0.06930693069306931,0
20,0.2,2.5,11,chi-squared (Akhtar et al. 2019),993.5044749877854,9.125519642619336e-214,1
20,0.2,2.5,11,GMM clustering (Checco/Mignemi),1.0,0.004975124378109453,1
20,0.2,2.5,12,apunim,-0.14323378335378856,6.331747985026278e-30,1
20,0.2,2.5,12,Krippendorff delta-alpha,-0.00732097052703895,0.30845771144278605,0
20,0.2,2.5,12,aposteriori unimodality (2024),0.0,1.0,0
20,0.2,2.5,12,chi-squared (Akhtar et al. 2019),1054.4343794988247,5.6924111102007915e-227,1
20,0.2,2.5,12,GMM clustering (Checco/Mignemi),1.0,0.004975124378109453,1
20,0.2,2.5,13,apunim,-0.11801797772908168,1.5808711958633125e-20,1
20,0.2,2.5,13,Krippendorff delta-alpha,0.013601415740978173,0.0945273631840796,0
20,0.2,2.5,13,aposteriori unimodality (2024),0.010810810810810811,0.0297029702970297,1
20,0.2,2.5,13,chi-squared (Akhtar et al. 2019),975.6955194639021,6.600602336727697e-210,1
20,0.2,2.5,13,GMM clustering (Checco/Mignemi),1.0,0.004975124378109453,1
20,0.2,2.5,14,apunim,-0.1701914403127196,1.2626226915976494e-42,1
20,0.2,2.5,14,Krippendorff delta-alpha,0.02248489615414012,0.01990049751243781,1
20,0.2,2.5,14,aposteriori unimodality (2024),0.005681818181818182,0.07920792079207921,0
20,0.2,2.5,14,chi-squared (Akhtar et al. 2019),971.1480490595418,6.383068598909124e-209,1
20,0.2,2.5,14,GMM clustering (Checco/Mignemi),1.0,0.004975124378109453,1
20,0.2,2.5,15,apunim,-0.04479782798409761,3.513506418736781e-07,1
20,0.2,2.5,15,Krippendorff delta-alpha,0.00497530625257997,0.15920398009950248,0
20,0.2,2.5,15,aposteriori unimodality (2024),0.0,1.0,0
20,0.2,2.5,15,chi-squared (Akhtar et al. 2019),999.9075441749374,3.7379477534528715e-215,1
20,0.2,2.5,15,GMM clustering (Checco/Mignemi),1.0,0.004975124378109453,1
20,0.2,2.5,16,apunim,-0.19858280774932743,1.481000502818459e-49,1
20,0.2,2.5,16,Krippendorff delta-alpha,0.013669397813319273,0.08955223880597014,0
20,0.2,2.5,16,aposteriori unimodality (2024),0.005555555555555556,0.07920792079207921,0
20,0.2,2.5,16,chi-squared (Akhtar et al. 2019),1068.8435433601799,4.288146134774707e-230,1
20,0.2,2.5,16,GMM clustering (Checco/Mignemi),1.0,0.004975124378109453,1
20,0.2,2.5,17,apunim,-0.08765347075447062,1.4292636911263273e-12,1
20,0.2,2.5,17,Krippendorff delta-alpha,0.013509014927625573,0.09950248756218906,0
20,0.2,2.5,17,aposteriori unimodality (2024),0.005747126436781609,0.0891089108910891,0
20,0.2,2.5,17,chi-squared (Akhtar et al. 2019),1047.56498466077,1.7544185117828628e-225,1
20,0.2,2.5,17,GMM clustering (Checco/Mignemi),1.0,0.004975124378109453,1
20,0.2,2.5,18,apunim,-0.055451627058361465,2.2247729964447865e-06,1
20,0.2,2.5,18,Krippendorff delta-alpha,0.023589425017552457,0.04477611940298507,1
20,0.2,2.5,18,aposteriori unimodality (2024),0.016574585635359115,0.009900990099009901,1
20,0.2,2.5,18,chi-squared (Akhtar et al. 2019),936.7548112349286,1.8105039319955616e-201,1
20,0.2,2.5,18,GMM clustering (Checco/Mignemi),1.0,0.004975124378109453,1
20,0.2,2.5,19,apunim,-0.10308017346825325,4.1370612381488066e-17,1
20,0.2,2.5,19,Krippendorff delta-alpha,0.04159784309744091,0.009950248756218905,1
20,0.2,2.5,19,aposteriori unimodality (2024),0.0,1.0,0
20,0.2,2.5,19,chi-squared (Akhtar et al. 2019),958.4653627489495,3.5755482520666654e-206,1
20,0.2,2.5,19,GMM clustering (Checco/Mignemi),1.0,0.004975124378109453,1
20,0.2,2.5,20,apunim,-0.1703814231092042,2.1564819864098573e-42,1
20,0.2,2.5,20,Krippendorff delta-alpha,0.044446199470608516,0.004975124378109453,1
20,0.2,2.5,20,aposteriori unimodality (2024),0.0,1.0,0
20,0.2,2.5,20,chi-squared (Akhtar et al. 2019),1030.6734969902973,8.035757867408633e-222,1
20,0.2,2.5,20,GMM clustering (Checco/Mignemi),1.0,0.004975124378109453,1
20,0.2,2.5,21,apunim,-0.09103385178408031,1.3176043070572644e-15,1
20,0.2,2.5,21,Krippendorff delta-alpha,0.015503293336423196,0.024875621890547265,1
20,0.2,2.5,21,aposteriori unimodality (2024),0.0,1.0,0
20,0.2,2.5,21,chi-squared (Akhtar et al. 2019),983.3239233744666,1.4671418629979622e-211,1
20,0.2,2.5,21,GMM clustering (Checco/Mignemi),1.0,0.004975124378109453,1
20,0.2,2.5,22,apunim,-0.11542890040299349,1.4342309533404912e-21,1
20,0.2,2.5,22,Krippendorff delta-alpha,0.005209948652925012,0.18407960199004975,0
20,0.2,2.5,22,aposteriori unimodality (2024),0.0,1.0,0
20,0.2,2.5,22,chi-squared (Akhtar et al. 2019),1075.886770496587,1.2755554898938989e-231,1
20,0.2,2.5,22,GMM clustering (Checco/Mignemi),1.0,0.004975124378109453,1
20,0.2,2.5,23,apunim,-0.12834344796583494,2.5975801078320535e-29,1
20,0.2,2.5,23,Krippendorff delta-alpha,0.00527832378387344,0.22885572139303484,0
20,0.2,2.5,23,aposteriori unimodality (2024),0.0,1.0,0
20,0.2,2.5,23,chi-squared (Akhtar et al. 2019),976.5792666356147,4.246906443530598e-210,1
20,0.2,2.5,23,GMM clustering (Checco/Mignemi),1.0,0.004975124378109453,1
20,0.2,2.5,24,apunim,-0.11238532110091734,1.5587628700677831e-24,1
20,0.2,2.5,24,Krippendorff delta-alpha,0.021680749901280494,0.04477611940298507,1
20,0.2,2.5,24,aposteriori unimodality (2024),0.01092896174863388,0.009900990099009901,1
20,0.2,2.5,24,chi-squared (Akhtar et al. 2019),1045.9528769311733,3.9222057097814546e-225,1
20,0.2,2.5,24,GMM clustering (Checco/Mignemi),1.0,0.004975124378109453,1
20,0.2,2.5,25,apunim,-0.10990206746463554,7.689842685383205e-19,1
20,0.2,2.5,25,Krippendorff delta-alpha,-0.005669230268706804,0.27860696517412936,0
20,0.2,2.5,25,aposteriori unimodality (2024),0.005555555555555556,0.019801980198019802,1
20,0.2,2.5,25,chi-squared (Akhtar et al. 2019),914.2152464319116,1.385635878842155e-196,1
20,0.2,2.5,25,GMM clustering (Checco/Mignemi),1.0,0.004975124378109453,1
20,0.2,2.5,26,apunim,-0.12572579689536673,4.7943223759709595e-27,1
20,0.2,2.5,26,Krippendorff delta-alpha,0.029536201878940016,0.014925373134328358,1
20,0.2,2.5,26,aposteriori unimodality (2024),0.00558659217877095,0.019801980198019802,1
20,0.2,2.5,26,chi-squared (Akhtar et al. 2019),982.8534090877222,1.8553914613225806e-211,1
20,0.2,2.5,26,GMM clustering (Checco/Mignemi),1.0,0.004975124378109453,1
20,0.2,2.5,27,apunim,-0.16183331808617668,1.153549834420966e-34,1
20,0.2,2.5,27,Krippendorff delta-alpha,0.007927564630595019,0.13432835820895522,0
20,0.2,2.5,27,aposteriori unimodality (2024),0.0,1.0,0
20,0.2,2.5,27,chi-squared (Akhtar et al. 2019),1087.6856560002534,3.5345327930017326e-234,1
20,0.2,2.5,27,GMM clustering (Checco/Mignemi),1.0,0.004975124378109453,1
20,0.2,2.5,28,apunim,-0.08344377019832144,7.07320802691712e-13,1
20,0.2,2.5,28,Krippendorff delta-alpha,-0.0004791562414323547,0.2835820895522388,0
20,0.2,2.5,28,aposteriori unimodality (2024),0.0,1.0,0
20,0.2,2.5,28,chi-squared (Akhtar et al. 2019),973.2429064871848,2.2442481973655542e-209,1
20,0.2,2.5,28,GMM clustering (Checco/Mignemi),1.0,0.004975124378109453,1
20,0.2,2.5,29,apunim,-0.06306264393216832,6.422309103692353e-09,1
20,0.2,2.5,29,Krippendorff delta-alpha,0.02628801429668759,0.024875621890547265,1
20,0.2,2.5,29,aposteriori unimodality (2024),0.0,1.0,0
20,0.2,2.5,29,chi-squared (Akhtar et al. 2019),1002.7006021603479,9.275501654704669e-216,1
20,0.2,2.5,29,GMM clustering (Checco/Mignemi),1.0,0.004975124378109453,1
20,0.2,2.5,30,apunim,-0.17955124201220385,1.0513228413092064e-39,1
20,0.2,2.5,30,Krippendorff delta-alpha,0.03332005266113702,0.009950248756218905,1
20,0.2,2.5,30,aposteriori unimodality (2024),0.01092896174863388,0.009900990099009901,1
20,0.2,2.5,30,chi-squared (Akhtar et al. 2019),1108.122884019782,1.313754326745442e-238,1
20,0.2,2.5,30,GMM clustering (Checco/Mignemi),1.0,0.004975124378109453,1
20,0.2,2.5,31,apunim,-0.05080831408775979,2.655895616466427e-07,1
20,0.2,2.5,31,Krippendorff delta-alpha,0.006545035301434965,0.19900497512437812,0
20,0.2,2.5,31,aposteriori unimodality (2024),0.010752688172043012,0.009900990099009901,1
20,0.2,2.5,31,chi-squared (Akhtar et al. 2019),980.6922804775662,5.454621507220261e-211,1
20,0.2,2.5,31,GMM clustering (Checco/Mignemi),1.0,0.004975124378109453,1
20,0.2,2.5,32,apunim,-0.11123945939701955,7.489955204273657e-24,1
20,0.2,2.5,32,Krippendorff delta-alpha,0.015116678641070525,0.05472636815920398,0
20,0.2,2.5,32,aposteriori unimodality (2024),0.0,1.0,0
20,0.2,2.5,32,chi-squared (Akhtar et al. 2019),1049.960718577222,5.307577945100819e-226,1
20,0.2,2.5,32,GMM clustering (Checco/Mignemi),1.0,0.004975124378109453,1
20,0.2,2.5,33,apunim,-0.04197883768643826,4.161251762517927e-05,1
20,0.2,2.5,33,Krippendorff delta-alpha,-0.0007132500531641384,0.23383084577114427,0
20,0.2,2.5,33,aposteriori unimodality (2024),0.00546448087431694,0.0891089108910891,0
20,0.2,2.5,33,chi-squared (Akhtar et al. 2019),1037.1985457805938,3.0964637445647038e-223,1
20,0.2,2.5,33,GMM clustering (Checco/Mignemi),1.0,0.004975124378109453,1
20,0.2,2.5,34,apunim,-0.1342155009451795,3.1975699933134322e-27,1
20,0.2,2.5,34,Krippendorff delta-alpha,0.010054661519668717,0.12935323383084577,0
20,0.2,2.5,34,aposteriori unimodality (2024),0.01092896174863388,0.009900990099009901,1
20,0.2,2.5,34,chi-squared (Akhtar et al. 2019),973.7683187062295,1.7266844761807743e-209,1
20,0.2,2.5,34,GMM clustering (Checco/Mignemi),1.0,0.004975124378109453,1
20,0.2,2.5,35,apunim,-0.22396024577121681,2.900324799538242e-56,1
20,0.2,2.5,35,Krippendorff delta-alpha,0.028540639059368045,0.03482587064676617,1
20,0.2,2.5,35,aposteriori unimodality (2024),0.016574585635359115,0.009900990099009901,1
20,0.2,2.5,35,chi-squared (Akhtar et al. 2019),1004.8786619085365,3.1283707526306656e-216,1
20,0.2,2.5,35,GMM clustering (Checco/Mignemi),1.0,0.004975124378109453,1
20,0.2,2.5,36,apunim,-0.19957909505436652,4.132169021857369e-51,1
20,0.2,2.5,36,Krippendorff delta-alpha,0.015207053836472473,0.04477611940298507,1
20,0.2,2.5,36,aposteriori unimodality (2024),0.010752688172043012,0.019801980198019802,1
20,0.2,2.5,36,chi-squared (Akhtar et al. 2019),999.6770422891528,4.193591745336642e-215,1
20,0.2,2.5,36,GMM clustering (Checco/Mignemi),1.0,0.004975124378109453,1
20,0.2,2.5,37,apunim,-0.06216881150643471,3.723984327488358e-08,1
20,0.2,2.5,37,Krippendorff delta-alpha,0.0018270310207249008,0.21393034825870647,0
20,0.2,2.5,37,aposteriori unimodality (2024),0.0,1.0,0
20,0.2,2.5,37,chi-squared (Akhtar et al. 2019),1010.2476806570681,2.1466451631863275e-217,1
20,0.2,2.5,37,GMM clustering (Checco/Mignemi),1.0,0.004975124378109453,1
20,0.2,2.5,38,apunim,-0.11800395391642247,8.371496332303986e-24,1
20,0.2,2.5,38,Krippendorff delta-alpha,0.02087648811044923,0.04975124378109453,1
20,0.2,2.5,38,aposteriori unimodality (2024),0.01098901098901099,0.019801980198019802,1
20,0.2,2.5,38,chi-squared (Akhtar et al. 2019),984.1197078790647,9.863256120700566e-212,1
20,0.2,2.5,38,GMM clustering (Checco/Mignemi),1.0,0.004975124378109453,1
20,0.2,2.5,39,apunim,-0.17163127123148433,3.62404903785606e-46,1
20,0.2,2.5,39,Krippendorff delta-alpha,0.03021411847003619,0.024875621890547265,1
20,0.2,2.5,39,aposteriori unimodality (2024),0.02185792349726776,0.009900990099009901,1
20,0.2,2.5,39,chi-squared (Akhtar et al. 2019),998.5733702644422,7.273889576474261e-215,1
20,0.2,2.5,39,GMM clustering (Checco/Mignemi),1.0,0.004975124378109453,1
20,0.2,3.0,0,apunim,-0.15347148423662782,2.0620784063860965e-25,1
20,0.2,3.0,0,Krippendorff delta-alpha,-0.006077402019524614,0.3034825870646766,0
20,0.2,3.0,0,aposteriori unimodality (2024),0.005319148936170213,0.039603960396039604,1
20,0.2,3.0,0,chi-squared (Akhtar et al. 2019),1447.6658807267104,0.0,1
20,0.2,3.0,0,GMM clustering (Checco/Mignemi),1.0,0.004975124378109453,1
20,0.2,3.0,1,apunim,-0.1402008507652499,1.0995431212391498e-25,1
20,0.2,3.0,1,Krippendorff delta-alpha,-0.00036696384988893493,0.25870646766169153,0
20,0.2,3.0,1,aposteriori unimodality (2024),0.0,1.0,0
20,0.2,3.0,1,chi-squared (Akhtar et al. 2019),1405.580731393714,4.2605489613859624e-303,1
20,0.2,3.0,1,GMM clustering (Checco/Mignemi),1.0,0.004975124378109453,1
20,0.2,3.0,2,apunim,-0.10131688472456406,4.5986474862482787e-17,1
20,0.2,3.0,2,Krippendorff delta-alpha,0.02926765208921356,0.03980099502487562,1
20,0.2,3.0,2,aposteriori unimodality (2024),0.005319148936170213,0.04950495049504951,1
20,0.2,3.0,2,chi-squared (Akhtar et al. 2019),1400.605405019505,5.108650010786565e-302,1
20,0.2,3.0,2,GMM clustering (Checco/Mignemi),1.0,0.004975124378109453,1
20,0.2,3.0,3,apunim,-0.12460035325418656,1.6056040622208443e-25,1
20,0.2,3.0,3,Krippendorff delta-alpha,0.011826011010751869,0.08955223880597014,0
20,0.2,3.0,3,aposteriori unimodality (2024),0.0,1.0,0
20,0.2,3.0,3,chi-squared (Akhtar et al. 2019),1393.9573340607758,1.4120596837569177e-300,1
20,0.2,3.0,3,GMM clustering (Checco/Mignemi),1.0,0.004975124378109453,1
20,0.2,3.0,4,apunim,-0.04816453398300388,0.009036998282082287,1
20,0.2,3.0,4,Krippendorff delta-alpha,0.005382978531947746,0.19900497512437812,0
20,0.2,3.0,4,aposteriori unimodality (2024),0.0,1.0,0
20,0.2,3.0,4,chi-squared (Akhtar et al. 2019),1298.227683800215,8.06175784106548e-280,1
20,0.2,3.0,4,GMM clustering (Checco/Mignemi),1.0,0.004975124378109453,1
20,0.2,3.0,5,apunim,-0.11027271747332115,4.854148295181175e-17,1
20,0.2,3.0,5,Krippendorff delta-alpha,0.030994375879701275,0.01990049751243781,1
20,0.2,3.0,5,aposteriori unimodality (2024),0.005405405405405406,0.04950495049504951,1
20,0.2,3.0,5,chi-squared (Akhtar et al. 2019),1428.7267341249187,4.0781040997717847e-308,1
20,0.2,3.0,5,GMM clustering (Checco/Mignemi),1.0,0.004975124378109453,1
20,0.2,3.0,6,apunim,-0.1626151290955759,2.291590309992883e-37,1
20,0.2,3.0,6,Krippendorff delta-alpha,0.031680643865362956,0.004975124378109453,1
20,0.2,3.0,6,aposteriori unimodality (2024),0.0,1.0,0
20,0.2,3.0,6,chi-squared (Akhtar et al. 2019),1426.0673706644386,1.538592990882358e-307,1
20,0.2,3.0,6,GMM clustering (Checco/Mignemi),1.0,0.004975124378109453,1
20,0.2,3.0,7,apunim,-0.21945731899383497,1.8763544366365374e-48,1
20,0.2,3.0,7,Krippendorff delta-alpha,0.032701970625168275,0.009950248756218905,1
20,0.2,3.0,7,aposteriori unimodality (2024),0.016129032258064516,0.009900990099009901,1
20,0.2,3.0,7,chi-squared (Akhtar et al. 2019),1434.8678147964492,1.90020172445773e-309,1
20,0.2,3.0,7,GMM clustering (Checco/Mignemi),1.0,0.004975124378109453,1
20,0.2,3.0,8,apunim,-0.1613034209724901,3.5542261903516443e-32,1
20,0.2,3.0,8,Krippendorff delta-alpha,0.026929828099530595,0.01990049751243781,1
20,0.2,3.0,8,aposteriori unimodality (2024),0.020512820512820513,0.009900990099009901,1
20,0.2,3.0,8,chi-squared (Akhtar et al. 2019),1599.1586804093897,0.0,1
20,0.2,3.0,8,GMM clustering (Checco/Mignemi),1.0,0.004975124378109453,1
20,0.2,3.0,9,apunim,-0.15452528636754664,4.0742508597968546e-33,1
20,0.2,3.0,9,Krippendorff delta-alpha,0.025880982940532316,0.014925373134328358,1
20,0.2,3.0,9,aposteriori unimodality (2024),0.0,1.0,0
20,0.2,3.0,9,chi-squared (Akhtar et al. 2019),1287.828088728983,1.4493909565407241e-277,1
20,0.2,3.0,9,GMM clustering (Checco/Mignemi),1.0,0.004975124378109453,1
20,0.2,3.0,10,apunim,-0.1944764096662827,3.6343906225600534e-35,1
20,0.2,3.0,10,Krippendorff delta-alpha,0.01276024891111388,0.11442786069651742,0
20,0.2,3.0,10,aposteriori unimodality (2024),0.016666666666666666,0.009900990099009901,1
20,0.2,3.0,10,chi-squared (Akhtar et al. 2019),1400.3132540757533,5.910925050650644e-302,1
20,0.2,3.0,10,GMM clustering (Checco/Mignemi),1.0,0.004975124378109453,1
20,0.2,3.0,11,apunim,-0.17795011527981555,4.217230317982392e-40,1
20,0.2,3.0,11,Krippendorff delta-alpha,0.024859009963422662,0.03980099502487562,1
20,0.2,3.0,11,aposteriori unimodality (2024),0.026455026455026454,0.009900990099009901,1
20,0.2,3.0,11,chi-squared (Akhtar et al. 2019),1321.5275462712257,7.155541001223801e-285,1
20,0.2,3.0,11,GMM clustering (Checco/Mignemi),1.0,0.004975124378109453,1
20,0.2,3.0,12,apunim,-0.1914391272981659,3.71659751292333e-43,1
20,0.2,3.0,12,Krippendorff delta-alpha,0.017518360082348694,0.06965174129353234,0
20,0.2,3.0,12,aposteriori unimodality (2024),0.005405405405405406,0.06930693069306931,0
20,0.2,3.0,12,chi-squared (Akhtar et al. 2019),1527.4218426025602,0.0,1
20,0.2,3.0,12,GMM clustering (Checco/Mignemi),1.0,0.004975124378109453,1
20,0.2,3.0,13,apunim,-0.21161570710507255,4.879772546012708e-47,1
20,0.2,3.0,13,Krippendorff delta-alpha,0.015581313424656962,0.11442786069651742,0
20,0.2,3.0,13,aposteriori unimodality (2024),0.005208333333333333,0.0594059405940594,0
20,0.2,3.0,13,chi-squared (Akhtar et al. 2019),1363.1882198192789,6.631346251704401e-294,1
20,0.2,3.0,13,GMM clustering (Checco/Mignemi),1.0,0.004975124378109453,1
20,0.2,3.0,14,apunim,-0.19002770083102494,8.681558552193942e-43,1
20,0.2,3.0,14,Krippendorff delta-alpha,0.024210080643304488,0.04477611940298507,1
20,0.2,3.0,14,aposteriori unimodality (2024),0.01092896174863388,0.009900990099009901,1
20,0.2,3.0,14,chi-squared (Akhtar et al. 2019),1366.1870212738563,1.4837925191204902e-294,1
20,0.2,3.0,14,GMM clustering (Checco/Mignemi),1.0,0.004975124378109453,1
20,0.2,3.0,15,apunim,-0.19657393041593169,1.0940185376126102e-45,1
20,0.2,3.0,15,Krippendorff delta-alpha,0.004311509239921463,0.23383084577114427,0
20,0.2,3.0,15,aposteriori unimodality (2024),0.005208333333333333,0.0891089108910891,0
20,0.2,3.0,15,chi-squared (Akhtar et al. 2019),1457.9692318002378,0.0,1
20,0.2,3.0,15,GMM clustering (Checco/Mignemi),1.0,0.004975124378109453,1
20,0.2,3.0,16,apunim,-0.22912950985237537,4.153985509983457e-55,1
20,0.2,3.0,16,Krippendorff delta-alpha,0.014596321272062285,0.07462686567164178,0
20,0.2,3.0,16,aposteriori unimodality (2024),0.0,1.0,0
20,0.2,3.0,16,chi-squared (Akhtar et al. 2019),1335.6720970589065,6.134921075573972e-288,1
20,0.2,3.0,16,GMM clustering (Checco/Mignemi),1.0,0.004975124378109453,1
20,0.2,3.0,17,apunim,-0.17734960490864213,8.745382147322319e-39,1
20,0.2,3.0,17,Krippendorff delta-alpha,0.012378541507169882,0.10945273631840796,0
20,0.2,3.0,17,aposteriori unimodality (2024),0.005434782608695652,0.0891089108910891,0
20,0.2,3.0,17,chi-squared (Akhtar et al. 2019),1394.9740643402574,8.499415822330302e-301,1
20,0.2,3.0,17,GMM clustering (Checco/Mignemi),1.0,0.004975124378109453,1
20,0.2,3.0,18,apunim,-0.16637618983777988,4.6030140026566614e-30,1
20,0.2,3.0,18,Krippendorff delta-alpha,0.04130144429335053,0.009950248756218905,1
20,0.2,3.0,18,aposteriori unimodality (2024),0.0,1.0,0
20,0.2,3.0,18,chi-squared (Akhtar et al. 2019),1331.37554259744,5.240789830009713e-287,1
20,0.2,3.0,18,GMM clustering (Checco/Mignemi),1.0,0.004975124378109453,1
20,0.2,3.0,19,apunim,-0.14087301587301612,4.728956901322289e-27,1
20,0.2,3.0,19,Krippendorff delta-alpha,-0.006768955950633315,0.38308457711442784,0
20,0.2,3.0,19,aposteriori unimodality (2024),0.0055248618784530384,0.0297029702970297,1
20,0.2,3.0,19,chi-squared (Akhtar et al. 2019),1329.7776528473241,1.1637329539111402e-286,1
20,0.2,3.0,19,GMM clustering (Checco/Mignemi),1.0,0.004975124378109453,1
20,0.2,3.0,20,apunim,-0.2664271747533079,1.1803740068789044e-60,1
20,0.2,3.0,20,Krippendorff delta-alpha,0.025327149878435817,0.05472636815920398,0
20,0.2,3.0,20,aposteriori unimodality (2024),0.016042780748663103,0.009900990099009901,1
20,0.2,3.0,20,chi-squared (Akhtar et al. 2019),1413.9609792792708,6.490764107099314e-305,1
20,0.2,3.0,20,GMM clustering (Checco/Mignemi),1.0,0.004975124378109453,1
20,0.2,3.0,21,apunim,-0.22030740568234755,1.0152707926382837e-46,1
20,0.2,3.0,21,Krippendorff delta-alpha,0.012855916458659467,0.15920398009950248,0
20,0.2,3.0,21,aposteriori unimodality (2024),0.005405405405405406,0.0297029702970297,1
20,0.2,3.0,21,chi-squared (Akhtar et al. 2019),1553.3692208702623,0.0,1
20,0.2,3.0,21,GMM clustering (Checco/Mignemi),1.0,0.004975124378109453,1
20,0.2,3.0,22,apunim,-0.17491491621686026,2.982805583758909e-36,1
20,0.2,3.0,22,Krippendorff delta-alpha,0.012576511808722213,0.1691542288557214,0
20,0.2,3.0,22,aposteriori unimodality (2024),0.0,1.0,0
20,0.2,3.0,22,chi-squared (Akhtar et al. 2019),1407.1021514306817,1.9932536225484754e-303,1
20,0.2,3.0,22,GMM clustering (Checco/Mignemi),1.0,0.004975124378109453,1
20,0.2,3.0,23,apunim,-0.18273211117681842,1.3064317974453963e-34,1
20,0.2,3.0,23,Krippendorff delta-alpha,0.030025776580953067,0.01990049751243781,1
20,0.2,3.0,23,aposteriori unimodality (2024),0.01092896174863388,0.009900990099009901,1
20,0.2,3.0,23,chi-squared (Akhtar et al. 2019),1386.5694863770823,5.646759189533723e-299,1
20,0.2,3.0,23,GMM clustering (Checco/Mignemi),1.0,0.004975124378109453,1
20,0.2,3.0,24,apunim,-0.12590436234427832,7.916505821909846e-23,1
20,0.2,3.0,24,Krippendorff delta-alpha,0.02874885896379109,0.014925373134328358,1
20,0.2,3.0,24,aposteriori unimodality (2024),0.0,1.0,0
20,0.2,3.0,24,chi-squared (Akhtar et al. 2019),1418.1418659349174,8.048376220561312e-306,1
20,0.2,3.0,24,GMM clustering (Checco/Mignemi),1.0,0.004975124378109453,1
20,0.2,3.0,25,apunim,-0.1681589255735868,1.7631298805643926e-30,1
20,0.2,3.0,25,Krippendorff delta-alpha,0.01695042726899798,0.0945273631840796,0
20,0.2,3.0,25,aposteriori unimodality (2024),0.0,1.0,0
20,0.2,3.0,25,chi-squared (Akhtar et al. 2019),1386.157212258056,6.937364140989621e-299,1
20,0.2,3.0,25,GMM clustering (Checco/Mignemi),1.0,0.004975124378109453,1
20,0.2,3.0,26,apunim,-0.14841179380201733,2.5744796032015056e-29,1
20,0.2,3.0,26,Krippendorff delta-alpha,0.014962911829774217,0.07462686567164178,0
20,0.2,3.0,26,aposteriori unimodality (2024),0.0,1.0,0
20,0.2,3.0,26,chi-squared (Akhtar et al. 2019),1490.8663269775943,0.0,1
20,0.2,3.0,26,GMM clustering (Checco/Mignemi),1.0,0.004975124378109453,1
20,0.2,3.0,27,apunim,-0.09436435124508542,7.732203120073722e-15,1
20,0.2,3.0,27,Krippendorff delta-alpha,0.0004759747526358882,0.21393034825870647,0
20,0.2,3.0,27,aposteriori unimodality (2024),0.0,1.0,0
20,0.2,3.0,27,chi-squared (Akhtar et al. 2019),1331.5556215451752,4.790179045968027e-287,1
20,0.2,3.0,27,GMM clustering (Checco/Mignemi),1.0,0.004975124378109453,1
20,0.2,3.0,28,apunim,-0.15725858300115705,9.479199713366579e-35,1
20,0.2,3.0,28,Krippendorff delta-alpha,0.017434129028003786,0.05472636815920398,0
20,0.2,3.0,28,aposteriori unimodality (2024),0.010526315789473684,0.009900990099009901,1
20,0.2,3.0,28,chi-squared (Akhtar et al. 2019),1497.1663720472757,0.0,1
20,0.2,3.0,28,GMM clustering (Checco/Mignemi),1.0,0.004975124378109453,1
20,0.2,3.0,29,apunim,-0.1394838001098296,3.0015797989946435e-28,1
20,0.2,3.0,29,Krippendorff delta-alpha,0.024441238416152533,0.05472636815920398,0
20,0.2,3.0,29,aposteriori unimodality (2024),0.00558659217877095,0.07920792079207921,0
20,0.2,3.0,29,chi-squared (Akhtar et al. 2019),1365.4194947410615,2.176685814258983e-294,1
20,0.2,3.0,29,GMM clustering (Checco/Mignemi),1.0,0.004975124378109453,1
20,0.2,3.0,30,apunim,-0.1540694299314989,4.5007425452471813e-29,1
20,0.2,3.0,30,Krippendorff delta-alpha,0.013647248858069616,0.07462686567164178,0
20,0.2,3.0,30,aposteriori unimodality (2024),0.0,1.0,0
20,0.2,3.0,30,chi-squared (Akhtar et al. 2019),1343.8402513684591,1.0393472061433125e-289,1
20,0.2,3.0,30,GMM clustering (Checco/Mignemi),1.0,0.004975124378109453,1
20,0.2,3.0,31,apunim,-0.11254964780233018,3.206279200078089e-16,1
20,0.2,3.0,31,Krippendorff delta-alpha,0.02802115704173269,0.06965174129353234,0
20,0.2,3.0,31,aposteriori unimodality (2024),0.0,1.0,0
20,0.2,3.0,31,chi-squared (Akhtar et al. 2019),1350.4936150920362,3.750963065884523e-291,1
20,0.2,3.0,31,GMM clustering (Checco/Mignemi),1.0,0.004975124378109453,1
20,0.2,3.0,32,apunim,-0.1854180829367774,2.7352097459139036e-41,1
20,0.2,3.0,32,Krippendorff delta-alpha,0.0097909086134928,0.15422885572139303,0
20,0.2,3.0,32,aposteriori unimodality (2024),0.0,1.0,0
20,0.2,3.0,32,chi-squared (Akhtar et al. 2019),1501.8700933720054,0.0,1
20,0.2,3.0,32,GMM clustering (Checco/Mignemi),1.0,0.004975124378109453,1
20,0.2,3.0,33,apunim,-0.16555610310029367,4.892854259164218e-31,1
20,0.2,3.0,33,Krippendorff delta-alpha,0.001509543073275832,0.23880597014925373,0
20,0.2,3.0,33,aposteriori unimodality (2024),0.010638297872340425,0.009900990099009901,1
20,0.2,3.0,33,chi-squared (Akhtar et al. 2019),1591.774623928442,0.0,1
20,0.2,3.0,33,GMM clustering (Checco/Mignemi),1.0,0.004975124378109453,1
20,0.2,3.0,34,apunim,-0.18392311052861554,1.1106588060050756e-38,1
20,0.2,3.0,34,Krippendorff delta-alpha,0.018039559224885815,0.06467661691542288,0
20,0.2,3.0,34,aposteriori unimodality (2024),0.005376344086021506,0.07920792079207921,0
20,0.2,3.0,34,chi-squared (Akhtar et al. 2019),1442.329965534022,4.577874351113e-311,1
20,0.2,3.0,34,GMM clustering (Checco/Mignemi),1.0,0.004975124378109453,1
20,0.2,3.0,35,apunim,-0.07738620674045427,3.1643097280426227e-09,1
20,0.2,3.0,35,Krippendorff delta-alpha,-0.0021427523912156965,0.24378109452736318,0
20,0.2,3.0,35,aposteriori unimodality (2024),0.00546448087431694,0.0594059405940594,0
20,0.2,3.0,35,chi-squared (Akhtar et al. 2019),1381.7603233278387,6.231448514666141e-298,1
20,0.2,3.0,35,GMM clustering (Checco/Mignemi),1.0,0.004975124378109453,1
20,0.2,3.0,36,apunim,-0.20328425821064564,5.184351783088878e-41,1
20,0.2,3.0,36,Krippendorff delta-alpha,0.01749090934845421,0.07960199004975124,0
20,0.2,3.0,36,aposteriori unimodality (2024),0.00546448087431694,0.0297029702970297,1
20,0.2,3.0,36,chi-squared (Akhtar et al. 2019),1379.7695273228105,1.683680212450196e-297,1
20,0.2,3.0,36,GMM clustering (Checco/Mignemi),1.0,0.004975124378109453,1
20,0.2,3.0,37,apunim,-0.17189208098299022,1.1401158366590396e-41,1
20,0.2,3.0,37,Krippendorff delta-alpha,0.028594442177058144,0.05970149253731343,0
20,0.2,3.0,37,aposteriori unimodality (2024),0.0,1.0,0
20,0.2,3.0,37,chi-squared (Akhtar et al. 2019),1289.6715978079578,5.774214550438185e-278,1
20,0.2,3.0,37,GMM clustering (Checco/Mignemi),1.0,0.004975124378109453,1
20,0.2,3.0,38,apunim,-0.21186987374435534,1.1598769766923465e-47,1
20,0.2,3.0,38,Krippendorff delta-alpha,0.002180786153519132,0.208955223880597,0
20,0.2,3.0,38,aposteriori unimodality (2024),0.005376344086021506,0.019801980198019802,1
20,0.2,3.0,38,chi-squared (Akhtar et al. 2019),1394.6012821964928,1.0238156979043052e-300,1
20,0.2,3.0,38,GMM clustering (Checco/Mignemi),1.0,0.004975124378109453,1
20,0.2,3.0,39,apunim,-0.12738778858549155,5.930463147928217e-23,1
20,0.2,3.0,39,Krippendorff delta-alpha,0.0005730504075632803,0.20398009950248755,0
20,0.2,3.0,39,aposteriori unimodality (2024),0.010869565217391304,0.009900990099009901,1
20,0.2,3.0,39,chi-squared (Akhtar et al. 2019),1358.2247085622598,7.903739307344239e-293,1
20,0.2,3.0,39,GMM clustering (Checco/Mignemi),1.0,0.004975124378109453,1
6,0.5,0.0,0,apunim,0.06885128480615944,0.07127987346301329,0
6,0.5,0.0,0,Krippendorff delta-alpha,0.00022253378710868077,0.5223880597014925,0
6,0.5,0.0,0,aposteriori unimodality (2024),0.0,1.0,0
6,0.5,0.0,0,chi-squared (Akhtar et al. 2019),9.787584057047724,0.04416191865662106,1
6,0.5,0.0,0,GMM clustering (Checco/Mignemi),-0.1111111111111111,1.0,0
6,0.5,0.0,1,apunim,0.03693407466243065,0.5749612837040149,0
6,0.5,0.0,1,Krippendorff delta-alpha,0.00474273835850364,0.43781094527363185,0
6,0.5,0.0,1,aposteriori unimodality (2024),0.0,1.0,0
6,0.5,0.0,1,chi-squared (Akhtar et al. 2019),7.047372523816649,0.13340588169971665,0
6,0.5,0.0,1,GMM clustering (Checco/Mignemi),0.0,1.0,0
6,0.5,0.0,2,apunim,0.05433134088678715,0.10228910998014243,0
6,0.5,0.0,2,Krippendorff delta-alpha,0.021930467387684505,0.1791044776119403,0
6,0.5,0.0,2,aposteriori unimodality (2024),0.005154639175257732,0.44554455445544555,0
6,0.5,0.0,2,chi-squared (Akhtar et al. 2019),1.1435209547908114,0.8873070736496159,0
6,0.5,0.0,2,GMM clustering (Checco/Mignemi),-0.1111111111111111,1.0,0
6,0.5,0.0,3,apunim,0.08136482939632547,0.013467960834904008,1
6,0.5,0.0,3,Krippendorff delta-alpha,-0.010411827068482205,0.6567164179104478,0
6,0.5,0.0,3,aposteriori unimodality (2024),0.0,1.0,0
6,0.5,0.0,3,chi-squared (Akhtar et al. 2019),2.476211033470059,0.6489005821802405,0
6,0.5,0.0,3,GMM clustering (Checco/Mignemi),-0.21621621621621623,1.0,0
6,0.5,0.0,4,apunim,0.043859649122807404,0.46567224167160454,0
6,0.5,0.0,4,Krippendorff delta-alpha,-0.04803373830056368,1.0,0
6,0.5,0.0,4,aposteriori unimodality (2024),0.0,1.0,0
6,0.5,0.0,4,chi-squared (Akhtar et al. 2019),8.159082445000887,0.08592157859704695,0
6,0.5,0.0,4,GMM clustering (Checco/Mignemi),0.32432432432432434,0.417910447761194,0
6,0.5,0.0,5,apunim,0.07975460122699371,0.03210424636227465,1
6,0.5,0.0,5,Krippendorff delta-alpha,-0.03191726454256166,1.0,0
6,0.5,0.0,5,aposteriori unimodality (2024),0.0,1.0,0
6,0.5,0.0,5,chi-squared (Akhtar et al. 2019),6.576530319577611,0.16003177330695678,0
6,0.5,0.0,5,GMM clustering (Checco/Mignemi),0.32432432432432434,0.417910447761194,0
6,0.5,0.0,6,apunim,0.08931698774080556,0.016664173412357156,1
6,0.5,0.0,6,Krippendorff delta-alpha,-0.03209783074738659,1.0,0
6,0.5,0.0,6,aposteriori unimodality (2024),0.0,1.0,0
6,0.5,0.0,6,chi-squared (Akhtar et al. 2019),1.4013558118464071,0.843959335564388,0
6,0.5,0.0,6,GMM clustering (Checco/Mignemi),0.0,1.0,0
6,0.5,0.0,7,apunim,0.11546061917756728,0.0006400263531921556,1
6,0.5,0.0,7,Krippendorff delta-alpha,-0.015254103209559777,0.7014925373134329,0
6,0.5,0.0,7,aposteriori unimodality (2024),0.0,1.0,0
6,0.5,0.0,7,chi-squared (Akhtar et al. 2019),7.585930247719573,0.10797928452787958,0
6,0.5,0.0,7,GMM clustering (Checco/Mignemi),0.0,1.0,0
6,0.5,0.0,8,apunim,-0.02775910095091697,1.0,0
6,0.5,0.0,8,Krippendorff delta-alpha,0.006229631833720606,0.4228855721393035,0
6,0.5,0.0,8,aposteriori unimodality (2024),0.0,1.0,0
6,0.5,0.0,8,chi-squared (Akhtar et al. 2019),5.962639351127219,0.20195581675284333,0
6,0.5,0.0,8,GMM clustering (Checco/Mignemi),0.0,1.0,0
6,0.5,0.0,9,apunim,0.03426501996471357,1.0,0
6,0.5,0.0,9,Krippendorff delta-alpha,-0.026078415270726907,0.8955223880597015,0
6,0.5,0.0,9,aposteriori unimodality (2024),0.010309278350515464,0.07920792079207921,0
6,0.5,0.0,9,chi-squared (Akhtar et al. 2019),1.226061813252982,0.8737893534729602,0
6,0.5,0.0,9,GMM clustering (Checco/Mignemi),0.0,1.0,0
6,0.5,0.0,10,apunim,0.10576923076923071,0.001754472873858538,1
6,0.5,0.0,10,Krippendorff delta-alpha,-0.011763733814711685,0.8208955223880597,0
6,0.5,0.0,10,aposteriori unimodality (2024),0.0,1.0,0
6,0.5,0.0,10,chi-squared (Akhtar et al. 2019),1.6185563053234702,0.8054531846943067,0
6,0.5,0.0,10,GMM clustering (Checco/Mignemi),-0.1111111111111111,1.0,0
6,0.5,0.0,11,apunim,-0.03961283384119041,0.8209381375625572,0
6,0.5,0.0,11,Krippendorff delta-alpha,-0.032953010206829336,1.0,0
6,0.5,0.0,11,aposteriori unimodality (2024),0.005025125628140704,0.4158415841584158,0
6,0.5,0.0,11,chi-squared (Akhtar et al. 2019),2.6528520562824265,0.6174897364916756,0
6,0.5,0.0,11,GMM clustering (Checco/Mignemi),0.0,1.0,0
6,0.5,0.0,12,apunim,0.027522935779816387,1.0,0
6,0.5,0.0,12,Krippendorff delta-alpha,0.025478176664742724,0.16417910447761194,0
6,0.5,0.0,12,aposteriori unimodality (2024),0.0,1.0,0
6,0.5,0.0,12,chi-squared (Akhtar et al. 2019),0.5137914913863703,0.9721445627107231,0
6,0.5,0.0,12,GMM clustering (Checco/Mignemi),0.32432432432432434,0.38308457711442784,0
6,0.5,0.0,13,apunim,-0.04166666666666668,0.6107051292440722,0
6,0.5,0.0,13,Krippendorff delta-alpha,0.0027249044147833468,0.4527363184079602,0
6,0.5,0.0,13,aposteriori unimodality (2024),0.005076142131979695,0.44554455445544555,0
6,0.5,0.0,13,chi-squared (Akhtar et al. 2019),3.99919656845083,0.4061145932660102,0
6,0.5,0.0,13,GMM clustering (Checco/Mignemi),0.0,1.0,0
6,0.5,0.0,14,apunim,-0.12827152501618355,7.123930091193873e-05,1
6,0.5,0.0,14,Krippendorff delta-alpha,-0.0031872269178895296,0.5920398009950248,0
6,0.5,0.0,14,aposteriori unimodality (2024),0.00510204081632653,0.24752475247524752,0
6,0.5,0.0,14,chi-squared (Akhtar et al. 2019),1.8151281676857678,0.7697134282531448,0
6,0.5,0.0,14,GMM clustering (Checco/Mignemi),-0.21621621621621623,1.0,0
6,0.5,0.0,15,apunim,0.0923795830337889,0.007670666326293798,1
6,0.5,0.0,15,Krippendorff delta-alpha,-0.020025240745352613,0.8805970149253731,0
6,0.5,0.0,15,aposteriori unimodality (2024),0.0,1.0,0
6,0.5,0.0,15,chi-squared (Akhtar et al. 2019),2.7940982027226786,0.592851897991772,0
6,0.5,0.0,15,GMM clustering (Checco/Mignemi),0.32432432432432434,0.3781094527363184,0
6,0.5,0.0,16,apunim,-0.18489942132818962,1.0824536562583387e-08,1
6,0.5,0.0,16,Krippendorff delta-alpha,-0.006425264149674037,0.5074626865671642,0
6,0.5,0.0,16,aposteriori unimodality (2024),0.0,1.0,0
6,0.5,0.0,16,chi-squared (Akhtar et al. 2019),4.2991952469527535,0.3670258793854599,0
6,0.5,0.0,16,GMM clustering (Checco/Mignemi),0.0,1.0,0
6,0.5,0.0,17,apunim,-0.09304675300817492,0.006523927020104958,1
6,0.5,0.0,17,Krippendorff delta-alpha,0.024415201255968688,0.3283582089552239,0
6,0.5,0.0,17,aposteriori unimodality (2024),0.0,1.0,0
6,0.5,0.0,17,chi-squared (Akhtar et al. 2019),1.6011648976593449,0.8085827512819865,0
6,0.5,0.0,17,GMM clustering (Checco/Mignemi),0.0,1.0,0
6,0.5,0.0,18,apunim,0.17523944661227306,1.913292224207763e-08,1
6,0.5,0.0,18,Krippendorff delta-alpha,-0.03558460688392928,1.0,0
6,0.5,0.0,18,aposteriori unimodality (2024),0.0,1.0,0
6,0.5,0.0,18,chi-squared (Akhtar et al. 2019),1.5565301666644509,0.8165828789202856,0
6,0.5,0.0,18,GMM clustering (Checco/Mignemi),0.0,1.0,0
6,0.5,0.0,19,apunim,0.041708496851327624,0.555684762166417,0
6,0.5,0.0,19,Krippendorff delta-alpha,-0.02100119843276943,0.8805970149253731,0
6,0.5,0.0,19,aposteriori unimodality (2024),0.005154639175257732,0.38613861386138615,0
6,0.5,0.0,19,chi-squared (Akhtar et al. 2019),5.32856062586211,0.2552151499094509,0
6,0.5,0.0,19,GMM clustering (Checco/Mignemi),0.0,1.0,0
6,0.5,0.0,20,apunim,-0.06716886377903294,0.0445105917862481,1
6,0.5,0.0,20,Krippendorff delta-alpha,-0.003572304515471969,0.7313432835820896,0
6,0.5,0.0,20,aposteriori unimodality (2024),0.0,1.0,0
6,0.5,0.0,20,chi-squared (Akhtar et al. 2019),6.256524749575908,0.18079241418518502,0
6,0.5,0.0,20,GMM clustering (Checco/Mignemi),0.0,1.0,0
6,0.5,0.0,21,apunim,0.16117976007937268,5.768354183941769e-06,1
6,0.5,0.0,21,Krippendorff delta-alpha,0.008755630258200697,0.31840796019900497,0
6,0.5,0.0,21,aposteriori unimodality (2024),0.0,1.0,0
6,0.5,0.0,21,chi-squared (Akhtar et al. 2019),2.2763056667173984,0.6850862480761346,0
6,0.5,0.0,21,GMM clustering (Checco/Mignemi),0.0,1.0,0
6,0.5,0.0,22,apunim,0.10799923268751167,0.0012962124689867298,1
6,0.5,0.0,22,Krippendorff delta-alpha,-0.03062883953047424,1.0,0
6,0.5,0.0,22,aposteriori unimodality (2024),0.00510204081632653,0.44554455445544555,0
6,0.5,0.0,22,chi-squared (Akhtar et al. 2019),3.208730743714031,0.523521936727809,0
6,0.5,0.0,22,GMM clustering (Checco/Mignemi),-0.1111111111111111,1.0,0
6,0.5,0.0,23,apunim,0.04679376083188885,0.4372168664547626,0
6,0.5,0.0,23,Krippendorff delta-alpha,-0.011148739857413714,0.7810945273631841,0
6,0.5,0.0,23,aposteriori unimodality (2024),0.0,1.0,0
6,0.5,0.0,23,chi-squared (Akhtar et al. 2019),0.8369020880767867,0.9334334756967212,0
6,0.5,0.0,23,GMM clustering (Checco/Mignemi),0.0,1.0,0
6,0.5,0.0,24,apunim,0.023643151143868866,1.0,0
6,0.5,0.0,24,Krippendorff delta-alpha,0.01312434152117975,0.2935323383084577,0
6,0.5,0.0,24,aposteriori unimodality (2024),0.00510204081632653,0.09900990099009901,0
6,0.5,0.0,24,chi-squared (Akhtar et al. 2019),2.2240971391843676,0.6946200961978235,0
6,0.5,0.0,24,GMM clustering (Checco/Mignemi),0.32432432432432434,0.4228855721393035,0
6,0.5,0.0,25,apunim,-0.03263876083348688,0.8182602765279972,0
6,0.5,0.0,25,Krippendorff delta-alpha,-0.020835106250728708,0.7960199004975125,0
6,0.5,0.0,25,aposteriori unimodality (2024),0.0,1.0,0
6,0.5,0.0,25,chi-squared (Akhtar et al. 2019),3.6346183992508756,0.4577065802140481,0
6,0.5,0.0,25,GMM clustering (Checco/Mignemi),-0.21621621621621623,1.0,0
6,0.5,0.0,26,apunim,-0.12295932811172958,0.00030381821405279765,1
6,0.5,0.0,26,Krippendorff delta-alpha,0.013457505258012648,0.43283582089552236,0
6,0.5,0.0,26,aposteriori unimodality (2024),0.0,1.0,0
6,0.5,0.0,26,chi-squared (Akhtar et al. 2019),7.803607904340042,0.09904305134507133,0
6,0.5,0.0,26,GMM clustering (Checco/Mignemi),0.0,1.0,0
6,0.5,0.0,27,apunim,0.03948772678762029,0.5725435868981835,0
6,0.5,0.0,27,Krippendorff delta-alpha,-0.024531252747584054,0.9253731343283582,0
6,0.5,0.0,27,aposteriori unimodality (2024),0.0,1.0,0
6,0.5,0.0,27,chi-squared (Akhtar et al. 2019),7.093208529529462,0.13104380454048895,0
6,0.5,0.0,27,GMM clustering (Checco/Mignemi),0.0,1.0,0
6,0.5,0.0,28,apunim,0.037635332531362226,0.8348241273529251,0
6,0.5,0.0,28,Krippendorff delta-alpha,-0.003740385207514685,0.6915422885572139,0
6,0.5,0.0,28,aposteriori unimodality (2024),0.0,1.0,0
6,0.5,0.0,28,chi-squared (Akhtar et al. 2019),4.025822087546897,0.40252248988302564,0
6,0.5,0.0,28,GMM clustering (Checco/Mignemi),0.32432432432432434,0.43781094527363185,0
6,0.5,0.0,29,apunim,-0.10942113268318818,0.000530160887622588,1
6,0.5,0.0,29,Krippendorff delta-alpha,0.02765725284860121,0.3383084577114428,0
6,0.5,0.0,29,aposteriori unimodality (2024),0.00510204081632653,0.26732673267326734,0
6,0.5,0.0,29,chi-squared (Akhtar et al. 2019),3.0203125487796028,0.5544319169701019,0
6,0.5,0.0,29,GMM clustering (Checco/Mignemi),-0.1111111111111111,1.0,0
6,0.5,0.0,30,apunim,0.08912830558276168,0.007214159953672458,1
6,0.5,0.0,30,Krippendorff delta-alpha,-0.021588543299560614,0.8955223880597015,0
6,0.5,0.0,30,aposteriori unimodality (2024),0.005128205128205128,0.19801980198019803,0
6,0.5,0.0,30,chi-squared (Akhtar et al. 2019),9.057036977479408,0.05968953223018243,0
6,0.5,0.0,30,GMM clustering (Checco/Mignemi),0.32432432432432434,0.3880597014925373,0
6,0.5,0.0,31,apunim,0.06272530641672638,0.0827903403095717,0
6,0.5,0.0,31,Krippendorff delta-alpha,-0.0214452242132952,0.900497512437811,0
6,0.5,0.0,31,aposteriori unimodality (2024),0.0,1.0,0
6,0.5,0.0,31,chi-squared (Akhtar et al. 2019),2.7138434830981115,0.6067943633361359,0
6,0.5,0.0,31,GMM clustering (Checco/Mignemi),0.32432432432432434,0.3880597014925373,0
6,0.5,0.0,32,apunim,0.08520179372197276,0.015501653179355937,1
6,0.5,0.0,32,Krippendorff delta-alpha,-4.66409552907221e-06,0.5572139303482587,0
6,0.5,0.0,32,aposteriori unimodality (2024),0.0,1.0,0
6,0.5,0.0,32,chi-squared (Akhtar et al. 2019),2.3491813806902493,0.6718298083888326,0
6,0.5,0.0,32,GMM clustering (Checco/Mignemi),0.0,1.0,0
6,0.5,0.0,33,apunim,0.05947441217150733,0.1980259828109979,0
6,0.5,0.0,33,Krippendorff delta-alpha,-0.01844085870355311,1.0,0
6,0.5,0.0,33,aposteriori unimodality (2024),0.00510204081632653,0.3465346534653465,0
6,0.5,0.0,33,chi-squared (Akhtar et al. 2019),5.189318853434334,0.2684179024976053,0
6,0.5,0.0,33,GMM clustering (Checco/Mignemi),-0.21621621621621623,1.0,0
6,0.5,0.0,34,apunim,0.0634272997032637,0.09120844870063571,0
6,0.5,0.0,34,Krippendorff delta-alpha,-0.0188693618150631,0.681592039800995,0
6,0.5,0.0,34,aposteriori unimodality (2024),0.0,1.0,0
6,0.5,0.0,34,chi-squared (Akhtar et al. 2019),7.193875899168448,0.12599065633206097,0
6,0.5,0.0,34,GMM clustering (Checco/Mignemi),0.0,1.0,0
6,0.5,0.0,35,apunim,0.06515034695451034,0.07397849103430972,0
6,0.5,0.0,35,Krippendorff delta-alpha,-0.015294946679749621,0.8805970149253731,0
6,0.5,0.0,35,aposteriori unimodality (2024),0.0,1.0,0
6,0.5,0.0,35,chi-squared (Akhtar et al. 2019),7.904906851038987,0.09512434673994254,0
6,0.5,0.0,35,GMM clustering (Checco/Mignemi),-0.1111111111111111,1.0,0
6,0.5,0.0,36,apunim,-0.07480280835572509,0.09116073715271283,0
6,0.5,0.0,36,Krippendorff delta-alpha,0.018175856191887385,0.21890547263681592,0
6,0.5,0.0,36,aposteriori unimodality (2024),0.005154639175257732,0.26732673267326734,0
6,0.5,0.0,36,chi-squared (Akhtar et al. 2019),7.377086933922865,0.1172529755499648,0
6,0.5,0.0,36,GMM clustering (Checco/Mignemi),0.0,1.0,0
6,0.5,0.0,37,apunim,0.04199122571402946,0.6236281828063888,0
6,0.5,0.0,37,Krippendorff delta-alpha,-0.014955323678492005,0.8059701492537313,0
6,0.5,0.0,37,aposteriori unimodality (2024),0.0,1.0,0
6,0.5,0.0,37,chi-squared (Akhtar et al. 2019),1.1848199902105818,0.8805915281711373,0
6,0.5,0.0,37,GMM clustering (Checco/Mignemi),0.0,1.0,0
6,0.5,0.0,38,apunim,-0.11189551711966121,0.00036079757313198945,1
6,0.5,0.0,38,Krippendorff delta-alpha,0.03754137150769282,0.10945273631840796,0
6,0.5,0.0,38,aposteriori unimodality (2024),0.01020408163265306,0.2079207920792079,0
6,0.5,0.0,38,chi-squared (Akhtar et al. 2019),9.86821041306132,0.042707148722415045,1
6,0.5,0.0,38,GMM clustering (Checco/Mignemi),0.0,1.0,0
6,0.5,0.0,39,apunim,-0.1011824171856667,0.0023379989128161686,1
6,0.5,0.0,39,Krippendorff delta-alpha,-0.006008382971475379,0.6169154228855721,0
6,0.5,0.0,39,aposteriori unimodality (2024),0.0,1.0,0
6,0.5,0.0,39,chi-squared (Akhtar et al. 2019),5.522828341469852,0.23773012558458936,0
6,0.5,0.0,39,GMM clustering (Checco/Mignemi),0.0,1.0,0
6,0.5,0.5,0,apunim,-0.09840641037183737,0.002273848076766349,1
6,0.5,0.5,0,Krippendorff delta-alpha,0.03594312643356301,0.09950248756218906,0
6,0.5,0.5,0,aposteriori unimodality (2024),0.0,1.0,0
6,0.5,0.5,0,chi-squared (Akhtar et al. 2019),37.752391102848314,1.2603921614646843e-07,1
6,0.5,0.5,0,GMM clustering (Checco/Mignemi),1.0,0.09950248756218906,0
6,0.5,0.5,1,apunim,0.08883826879271077,0.014488687798002574,1
6,0.5,0.5,1,Krippendorff delta-alpha,-0.03158429152791303,0.746268656716418,0
6,0.5,0.5,1,aposteriori unimodality (2024),0.0,1.0,0
6,0.5,0.5,1,chi-squared (Akhtar et al. 2019),22.11916228901983,0.00018976545707729555,1
6,0.5,0.5,1,GMM clustering (Checco/Mignemi),1.0,0.1044776119402985,0
6,0.5,0.5,2,apunim,0.06061680255228675,0.17106000328490545,0
6,0.5,0.5,2,Krippendorff delta-alpha,-0.018249965621913944,0.7014925373134329,0
6,0.5,0.5,2,aposteriori unimodality (2024),0.0,1.0,0
6,0.5,0.5,2,chi-squared (Akhtar et al. 2019),17.776901534264088,0.0013643416421146143,1
6,0.5,0.5,2,GMM clustering (Checco/Mignemi),1.0,0.07960199004975124,0
6,0.5,0.5,3,apunim,0.07975460122699286,0.010277963706191435,1
6,0.5,0.5,3,Krippendorff delta-alpha,-0.022177082105865387,0.8905472636815921,0
6,0.5,0.5,3,aposteriori unimodality (2024),0.0,1.0,0
6,0.5,0.5,3,chi-squared (Akhtar et al. 2019),19.185999862138857,0.0007224903229109599,1
6,0.5,0.5,3,GMM clustering (Checco/Mignemi),1.0,0.15422885572139303,0
6,0.5,0.5,4,apunim,0.05204284766328564,0.18272279840274866,0
6,0.5,0.5,4,Krippendorff delta-alpha,-0.010752981583871724,0.6567164179104478,0
6,0.5,0.5,4,aposteriori unimodality (2024),0.0,1.0,0
6,0.5,0.5,4,chi-squared (Akhtar et al. 2019),24.15950126623378,7.420453047680599e-05,1
6,0.5,0.5,4,GMM clustering (Checco/Mignemi),0.32432432432432434,0.3681592039800995,0
6,0.5,0.5,5,apunim,0.09454822722073929,0.008556971105722847,1
6,0.5,0.5,5,Krippendorff delta-alpha,-0.0012795772603948485,0.5870646766169154,0
6,0.5,0.5,5,aposteriori unimodality (2024),0.0,1.0,0
6,0.5,0.5,5,chi-squared (Akhtar et al. 2019),15.46176581283811,0.0038333491472291982,1
6,0.5,0.5,5,GMM clustering (Checco/Mignemi),1.0,0.09950248756218906,0
6,0.5,0.5,6,apunim,0.08162309061943583,0.02311396307224028,1
6,0.5,0.5,6,Krippendorff delta-alpha,-0.007868452325281938,0.6268656716417911,0
6,0.5,0.5,6,aposteriori unimodality (2024),0.005154639175257732,0.31683168316831684,0
6,0.5,0.5,6,chi-squared (Akhtar et al. 2019),22.952917064415917,0.00012939834303097455,1
6,0.5,0.5,6,GMM clustering (Checco/Mignemi),1.0,0.09950248756218906,0
6,0.5,0.5,7,apunim,0.015356820234868875,1.0,0
6,0.5,0.5,7,Krippendorff delta-alpha,-0.009717003342237573,0.8208955223880597,0
6,0.5,0.5,7,aposteriori unimodality (2024),0.0,1.0,0
6,0.5,0.5,7,chi-squared (Akhtar et al. 2019),39.295134829136984,6.053949331289591e-08,1
6,0.5,0.5,7,GMM clustering (Checco/Mignemi),1.0,0.0845771144278607,0
6,0.5,0.5,8,apunim,-0.04948882656292398,0.3732555057295709,0
6,0.5,0.5,8,Krippendorff delta-alpha,-0.017842812411521025,0.5422885572139303,0
6,0.5,0.5,8,aposteriori unimodality (2024),0.005128205128205128,0.18811881188118812,0
6,0.5,0.5,8,chi-squared (Akhtar et al. 2019),36.48647284570491,2.297953335025893e-07,1
6,0.5,0.5,8,GMM clustering (Checco/Mignemi),1.0,0.07960199004975124,0
6,0.5,0.5,9,apunim,-0.06937208664655886,0.17962898088372356,0
6,0.5,0.5,9,Krippendorff delta-alpha,0.003098403762212265,0.2736318407960199,0
6,0.5,0.5,9,aposteriori unimodality (2024),0.0,1.0,0
6,0.5,0.5,9,chi-squared (Akhtar et al. 2019),32.44780324737907,1.5494607741161549e-06,1
6,0.5,0.5,9,GMM clustering (Checco/Mignemi),0.32432432432432434,0.3681592039800995,0
6,0.5,0.5,10,apunim,-0.1304033279073972,2.8450301869100406e-05,1
6,0.5,0.5,10,Krippendorff delta-alpha,0.015439444252181078,0.38308457711442784,0
6,0.5,0.5,10,aposteriori unimodality (2024),0.005128205128205128,0.33663366336633666,0
6,0.5,0.5,10,chi-squared (Akhtar et al. 2019),16.022817529300106,0.0029886982640396687,1
6,0.5,0.5,10,GMM clustering (Checco/Mignemi),1.0,0.07960199004975124,0
6,0.5,0.5,11,apunim,-0.10417232328717463,0.0021020168389080437,1
6,0.5,0.5,11,Krippendorff delta-alpha,0.008048620433393716,0.3333333333333333,0
6,0.5,0.5,11,aposteriori unimodality (2024),0.005076142131979695,0.2871287128712871,0
6,0.5,0.5,11,chi-squared (Akhtar et al. 2019),30.232656153660805,4.388622539241496e-06,1
6,0.5,0.5,11,GMM clustering (Checco/Mignemi),0.32432432432432434,0.35323383084577115,0
6,0.5,0.5,12,apunim,-0.13459602891389838,7.836237484778465e-05,1
6,0.5,0.5,12,Krippendorff delta-alpha,0.04274532059562847,0.07960199004975124,0
6,0.5,0.5,12,aposteriori unimodality (2024),0.01020408163265306,0.0891089108910891,0
6,0.5,0.5,12,chi-squared (Akhtar et al. 2019),15.715411117120171,0.0034258084415833,1
6,0.5,0.5,12,GMM clustering (Checco/Mignemi),0.32432432432432434,0.38308457711442784,0
6,0.5,0.5,13,apunim,-0.051811453058044396,0.38282417192269624,0
6,0.5,0.5,13,Krippendorff delta-alpha,8.53875519601921e-06,0.47761194029850745,0
6,0.5,0.5,13,aposteriori unimodality (2024),0.0,1.0,0
6,0.5,0.5,13,chi-squared (Akhtar et al. 2019),47.68332208694241,1.0986991817820093e-09,1
6,0.5,0.5,13,GMM clustering (Checco/Mignemi),1.0,0.10945273631840796,0
6,0.5,0.5,14,apunim,0.03880704275961257,0.6057497897598456,0
6,0.5,0.5,14,Krippendorff delta-alpha,-0.04558953963860779,1.0,0
6,0.5,0.5,14,aposteriori unimodality (2024),0.0,1.0,0
6,0.5,0.5,14,chi-squared (Akhtar et al. 2019),23.984656729890645,8.04423879459002e-05,1
6,0.5,0.5,14,GMM clustering (Checco/Mignemi),1.0,0.12437810945273632,0
6,0.5,0.5,15,apunim,-0.08473370676624863,0.041349482014558764,1
6,0.5,0.5,15,Krippendorff delta-alpha,0.022121035838762404,0.263681592039801,0
6,0.5,0.5,15,aposteriori unimodality (2024),0.005128205128205128,0.21782178217821782,0
6,0.5,0.5,15,chi-squared (Akhtar et al. 2019),41.84333175411173,1.797668098405371e-08,1
6,0.5,0.5,15,GMM clustering (Checco/Mignemi),1.0,0.09950248756218906,0
6,0.5,0.5,16,apunim,0.06011539177368315,0.16600540522310042,0
6,0.5,0.5,16,Krippendorff delta-alpha,-0.0012179506314265454,0.4577114427860697,0
6,0.5,0.5,16,aposteriori unimodality (2024),0.0,1.0,0
6,0.5,0.5,16,chi-squared (Akhtar et al. 2019),30.420165667420196,4.019112752855341e-06,1
6,0.5,0.5,16,GMM clustering (Checco/Mignemi),0.32432432432432434,0.40298507462686567,0
6,0.5,0.5,17,apunim,-0.07507453247809165,0.053945854785797206,0
6,0.5,0.5,17,Krippendorff delta-alpha,0.010065935741811971,0.4626865671641791,0
6,0.5,0.5,17,aposteriori unimodality (2024),0.0,1.0,0
6,0.5,0.5,17,chi-squared (Akhtar et al. 2019),13.331182705178914,0.00976598652116391,1
6,0.5,0.5,17,GMM clustering (Checco/Mignemi),0.32432432432432434,0.4527363184079602,0
6,0.5,0.5,18,apunim,-0.054244007929356304,0.31139701436089534,0
6,0.5,0.5,18,Krippendorff delta-alpha,0.0016878340452422536,0.4975124378109453,0
6,0.5,0.5,18,aposteriori unimodality (2024),0.0,1.0,0
6,0.5,0.5,18,chi-squared (Akhtar et al. 2019),15.125882760752958,0.004447124239397953,1
6,0.5,0.5,18,GMM clustering (Checco/Mignemi),1.0,0.08955223880597014,0
6,0.5,0.5,19,apunim,-0.07236189961250816,0.05507778481515078,0
6,0.5,0.5,19,Krippendorff delta-alpha,0.013580345021944107,0.23383084577114427,0
6,0.5,0.5,19,aposteriori unimodality (2024),0.0,1.0,0
6,0.5,0.5,19,chi-squared (Akhtar et al. 2019),24.17868968329886,7.354991156665812e-05,1
6,0.5,0.5,19,GMM clustering (Checco/Mignemi),1.0,0.13432835820895522,0
6,0.5,0.5,20,apunim,0.04226342149195994,0.6964632369703934,0
6,0.5,0.5,20,Krippendorff delta-alpha,0.054841339731856675,0.09950248756218906,0
6,0.5,0.5,20,aposteriori unimodality (2024),0.0,1.0,0
6,0.5,0.5,20,chi-squared (Akhtar et al. 2019),16.551162076324253,0.002362119934067525,1
6,0.5,0.5,20,GMM clustering (Checco/Mignemi),1.0,0.09950248756218906,0
6,0.5,0.5,21,apunim,0.06137184115523476,0.07498000079341578,0
6,0.5,0.5,21,Krippendorff delta-alpha,0.00040227702922757125,0.5323383084577115,0
6,0.5,0.5,21,aposteriori unimodality (2024),0.0,1.0,0
6,0.5,0.5,21,chi-squared (Akhtar et al. 2019),27.58397132000637,1.5144090995960976e-05,1
6,0.5,0.5,21,GMM clustering (Checco/Mignemi),1.0,0.12935323383084577,0
6,0.5,0.5,22,apunim,0.08400942161737768,0.005515427287482254,1
6,0.5,0.5,22,Krippendorff delta-alpha,0.01966957710592515,0.16417910447761194,0
6,0.5,0.5,22,aposteriori unimodality (2024),0.0,1.0,0
6,0.5,0.5,22,chi-squared (Akhtar et al. 2019),12.225110347624332,0.01575348580749561,1
6,0.5,0.5,22,GMM clustering (Checco/Mignemi),1.0,0.09950248756218906,0
6,0.5,0.5,23,apunim,-0.05613701236917222,0.19486534019439214,0
6,0.5,0.5,23,Krippendorff delta-alpha,-0.0159959798314952,0.8855721393034826,0
6,0.5,0.5,23,aposteriori unimodality (2024),0.0,1.0,0
6,0.5,0.5,23,chi-squared (Akhtar et al. 2019),24.985017924541882,5.065997927353865e-05,1
6,0.5,0.5,23,GMM clustering (Checco/Mignemi),1.0,0.0845771144278607,0
6,0.5,0.5,24,apunim,-0.06705914819243836,0.07785274202139222,0
6,0.5,0.5,24,Krippendorff delta-alpha,-0.015017462559260064,0.8009950248756219,0
6,0.5,0.5,24,aposteriori unimodality (2024),0.0,1.0,0
6,0.5,0.5,24,chi-squared (Akhtar et al. 2019),25.24084664443975,4.4999780721789884e-05,1
6,0.5,0.5,24,GMM clustering (Checco/Mignemi),1.0,0.1044776119402985,0
6,0.5,0.5,25,apunim,0.1323994577496609,0.000131272042145597,1
6,0.5,0.5,25,Krippendorff delta-alpha,-0.02199371990822263,1.0,0
6,0.5,0.5,25,aposteriori unimodality (2024),0.0,1.0,0
6,0.5,0.5,25,chi-squared (Akhtar et al. 2019),10.515161327090132,0.032588786290395466,1
6,0.5,0.5,25,GMM clustering (Checco/Mignemi),1.0,0.12437810945273632,0
6,0.5,0.5,26,apunim,-0.08023346981444397,0.03822133419692826,1
6,0.5,0.5,26,Krippendorff delta-alpha,0.012033722926560908,0.27860696517412936,0
6,0.5,0.5,26,aposteriori unimodality (2024),0.005076142131979695,0.10891089108910891,0
6,0.5,0.5,26,chi-squared (Akhtar et al. 2019),21.605382723008415,0.00024012191737181573,1
6,0.5,0.5,26,GMM clustering (Checco/Mignemi),1.0,0.1044776119402985,0
6,0.5,0.5,27,apunim,-0.07639550390550613,0.032096829548486874,1
6,0.5,0.5,27,Krippendorff delta-alpha,-0.040215885164716525,1.0,0
6,0.5,0.5,27,aposteriori unimodality (2024),0.0,1.0,0
6,0.5,0.5,27,chi-squared (Akhtar et al. 2019),18.160273634259497,0.0011481882870189959,1
6,0.5,0.5,27,GMM clustering (Checco/Mignemi),1.0,0.1044776119402985,0
6,0.5,0.5,28,apunim,-0.11627906976744189,0.0004912886841327393,1
6,0.5,0.5,28,Krippendorff delta-alpha,0.028230746473956125,0.0845771144278607,0
6,0.5,0.5,28,aposteriori unimodality (2024),0.005025125628140704,0.297029702970297,0
6,0.5,0.5,28,chi-squared (Akhtar et al. 2019),21.04597171122569,0.0003100918403792033,1
6,0.5,0.5,28,GMM clustering (Checco/Mignemi),1.0,0.0845771144278607,0
6,0.5,0.5,29,apunim,-0.19117936601693256,1.1307149393382232e-09,1
6,0.5,0.5,29,Krippendorff delta-alpha,0.004553240593283658,0.3383084577114428,0
6,0.5,0.5,29,aposteriori unimodality (2024),0.0,1.0,0
6,0.5,0.5,29,chi-squared (Akhtar et al. 2019),23.665829894557703,9.31870684258229e-05,1
6,0.5,0.5,29,GMM clustering (Checco/Mignemi),1.0,0.13930348258706468,0
6,0.5,0.5,30,apunim,0.05060456784594701,0.3035558871498794,0
6,0.5,0.5,30,Krippendorff delta-alpha,0.018887719087379684,0.1791044776119403,0
6,0.5,0.5,30,aposteriori unimodality (2024),0.0,1.0,0
6,0.5,0.5,30,chi-squared (Akhtar et al. 2019),16.745122214576703,0.0021662131721181237,1
6,0.5,0.5,30,GMM clustering (Checco/Mignemi),1.0,0.07462686567164178,0
6,0.5,0.5,31,apunim,0.04959066528653408,0.3176902116901431,0
6,0.5,0.5,31,Krippendorff delta-alpha,0.0017645697904191682,0.4975124378109453,0
6,0.5,0.5,31,aposteriori unimodality (2024),0.0,1.0,0
6,0.5,0.5,31,chi-squared (Akhtar et al. 2019),19.477931931380965,0.0006329702343657274,1
6,0.5,0.5,31,GMM clustering (Checco/Mignemi),1.0,0.0945273631840796,0
6,0.5,0.5,32,apunim,-0.04575163398692828,0.456352116220179,0
6,0.5,0.5,32,Krippendorff delta-alpha,0.012775633554757249,0.3582089552238806,0
6,0.5,0.5,32,aposteriori unimodality (2024),0.0,1.0,0
6,0.5,0.5,32,chi-squared (Akhtar et al. 2019),4.92825529925989,0.29473848443412576,0
6,0.5,0.5,32,GMM clustering (Checco/Mignemi),0.32432432432432434,0.38308457711442784,0
6,0.5,0.5,33,apunim,-0.047771266204936665,0.363915624185467,0
6,0.5,0.5,33,Krippendorff delta-alpha,0.03311279069612805,0.07960199004975124,0
6,0.5,0.5,33,aposteriori unimodality (2024),0.0,1.0,0
6,0.5,0.5,33,chi-squared (Akhtar et al. 2019),14.098950441905593,0.006985851975259407,1
6,0.5,0.5,33,GMM clustering (Checco/Mignemi),0.32432432432432434,0.36318407960199006,0
6,0.5,0.5,34,apunim,0.10556145944031115,0.0019266547541514677,1
6,0.5,0.5,34,Krippendorff delta-alpha,-0.026051684555566113,0.9353233830845771,0
6,0.5,0.5,34,aposteriori unimodality (2024),0.0,1.0,0
6,0.5,0.5,34,chi-squared (Akhtar et al. 2019),12.207323382478238,0.015874340014219748,1
6,0.5,0.5,34,GMM clustering (Checco/Mignemi),1.0,0.13930348258706468,0
6,0.5,0.5,35,apunim,-0.11413043478260847,0.000224435928321023,1
6,0.5,0.5,35,Krippendorff delta-alpha,0.005406038159258775,0.48258706467661694,0
6,0.5,0.5,35,aposteriori unimodality (2024),0.0,1.0,0
6,0.5,0.5,35,chi-squared (Akhtar et al. 2019),15.254320992196332,0.004201788242654325,1
6,0.5,0.5,35,GMM clustering (Checco/Mignemi),0.32432432432432434,0.46766169154228854,0
6,0.5,0.5,36,apunim,0.07526094121955654,0.041868692374931155,1
6,0.5,0.5,36,Krippendorff delta-alpha,-0.0033826696179343196,0.5472636815920398,0
6,0.5,0.5,36,aposteriori unimodality (2024),0.0,1.0,0
6,0.5,0.5,36,chi-squared (Akhtar et al. 2019),21.63834486452091,0.00023652670545759661,1
6,0.5,0.5,36,GMM clustering (Checco/Mignemi),0.32432432432432434,0.4129353233830846,0
6,0.5,0.5,37,apunim,-0.15656662206079117,5.075127256960883e-06,1
6,0.5,0.5,37,Krippendorff delta-alpha,0.01291262239583979,0.3681592039800995,0
6,0.5,0.5,37,aposteriori unimodality (2024),0.005128205128205128,0.38613861386138615,0
6,0.5,0.5,37,chi-squared (Akhtar et al. 2019),13.256090396070014,0.010089968313233357,1
6,0.5,0.5,37,GMM clustering (Checco/Mignemi),1.0,0.09950248756218906,0
6,0.5,0.5,38,apunim,0.06804993845612783,0.08456083511423002,0
6,0.5,0.5,38,Krippendorff delta-alpha,0.017176934642374575,0.39303482587064675,0
6,0.5,0.5,38,aposteriori unimodality (2024),0.0,1.0,0
6,0.5,0.5,38,chi-squared (Akhtar et al. 2019),16.791745467227365,0.0021215629706020198,1
6,0.5,0.5,38,GMM clustering (Checco/Mignemi),0.32432432432432434,0.417910447761194,0
6,0.5,0.5,39,apunim,0.06076829153752231,0.10452197452564449,0
6,0.5,0.5,39,Krippendorff delta-alpha,-0.03360432399199287,0.8955223880597015,0
6,0.5,0.5,39,aposteriori unimodality (2024),0.0,1.0,0
6,0.5,0.5,39,chi-squared (Akhtar et al. 2019),14.480922144161624,0.005908254876249817,1
6,0.5,0.5,39,GMM clustering (Checco/Mignemi),1.0,0.09950248756218906,0
6,0.5,1.0,0,apunim,-0.09543260304493098,0.008072732659333687,1
6,0.5,1.0,0,Krippendorff delta-alpha,-0.00938635716780667,0.6467661691542289,0
6,0.5,1.0,0,aposteriori unimodality (2024),0.0,1.0,0
6,0.5,1.0,0,chi-squared (Akhtar et al. 2019),62.06014293981051,1.069963826597928e-12,1
6,0.5,1.0,0,GMM clustering (Checco/Mignemi),1.0,0.09950248756218906,0
6,0.5,1.0,1,apunim,-0.09407305306685033,0.0034602327190686234,1
6,0.5,1.0,1,Krippendorff delta-alpha,0.009899882159857432,0.1044776119402985,0
6,0.5,1.0,1,aposteriori unimodality (2024),0.0,1.0,0
6,0.5,1.0,1,chi-squared (Akhtar et al. 2019),52.89280954389476,8.973416072845306e-11,1
6,0.5,1.0,1,GMM clustering (Checco/Mignemi),1.0,0.1044776119402985,0
6,0.5,1.0,2,apunim,-0.06342575009494845,0.154384974509775,0
6,0.5,1.0,2,Krippendorff delta-alpha,0.023279399820849866,0.19900497512437812,0
6,0.5,1.0,2,aposteriori unimodality (2024),0.005050505050505051,0.2871287128712871,0
6,0.5,1.0,2,chi-squared (Akhtar et al. 2019),43.60626405152058,7.74487788860103e-09,1
6,0.5,1.0,2,GMM clustering (Checco/Mignemi),1.0,0.07960199004975124,0
6,0.5,1.0,3,apunim,-0.07413445861705205,0.06195656674791034,0
6,0.5,1.0,3,Krippendorff delta-alpha,-0.014535417348901403,0.5373134328358209,0
6,0.5,1.0,3,aposteriori unimodality (2024),0.0,1.0,0
6,0.5,1.0,3,chi-squared (Akhtar et al. 2019),97.749281170416,2.9641014775716186e-20,1
6,0.5,1.0,3,GMM clustering (Checco/Mignemi),1.0,0.15422885572139303,0
6,0.5,1.0,4,apunim,-0.05205379196779819,0.3348319204341753,0
6,0.5,1.0,4,Krippendorff delta-alpha,0.009598209598501273,0.19900497512437812,0
6,0.5,1.0,4,aposteriori unimodality (2024),0.0,1.0,0
6,0.5,1.0,4,chi-squared (Akhtar et al. 2019),84.41716413368891,2.0165812932018564e-17,1
6,0.5,1.0,4,GMM clustering (Checco/Mignemi),1.0,0.0845771144278607,0
6,0.5,1.0,5,apunim,-0.13432271481236394,8.44114182290799e-05,1
6,0.5,1.0,5,Krippendorff delta-alpha,-0.019122711466366793,0.6716417910447762,0
6,0.5,1.0,5,aposteriori unimodality (2024),0.0,1.0,0
6,0.5,1.0,5,chi-squared (Akhtar et al. 2019),74.84704889469837,2.146678653581494e-15,1
6,0.5,1.0,5,GMM clustering (Checco/Mignemi),1.0,0.09950248756218906,0
6,0.5,1.0,6,apunim,-0.15412577244638304,2.637355048860879e-06,1
6,0.5,1.0,6,Krippendorff delta-alpha,0.05256199449986099,0.09950248756218906,0
6,0.5,1.0,6,aposteriori unimodality (2024),0.0,1.0,0
6,0.5,1.0,6,chi-squared (Akhtar et al. 2019),67.40940086878145,7.99140032809814e-14,1
6,0.5,1.0,6,GMM clustering (Checco/Mignemi),1.0,0.09950248756218906,0
6,0.5,1.0,7,apunim,-0.13384710780405673,9.63324030810347e-05,1
6,0.5,1.0,7,Krippendorff delta-alpha,0.010118978145541135,0.1890547263681592,0
6,0.5,1.0,7,aposteriori unimodality (2024),0.005076142131979695,0.24752475247524752,0
6,0.5,1.0,7,chi-squared (Akhtar et al. 2019),59.97086765858945,2.9420437832839965e-12,1
6,0.5,1.0,7,GMM clustering (Checco/Mignemi),1.0,0.0845771144278607,0
6,0.5,1.0,8,apunim,-0.05937861657616004,0.10761731641246161,0
6,0.5,1.0,8,Krippendorff delta-alpha,-0.012793827978461403,0.5373134328358209,0
6,0.5,1.0,8,aposteriori unimodality (2024),0.0,1.0,0
6,0.5,1.0,8,chi-squared (Akhtar et al. 2019),99.92076414216098,1.022620343645847e-20,1
6,0.5,1.0,8,GMM clustering (Checco/Mignemi),1.0,0.07960199004975124,0
6,0.5,1.0,9,apunim,-0.10540517016276456,0.0035565819131382808,1
6,0.5,1.0,9,Krippendorff delta-alpha,-0.009292850935258001,0.42786069651741293,0
6,0.5,1.0,9,aposteriori unimodality (2024),0.005025125628140704,0.07920792079207921,0
6,0.5,1.0,9,chi-squared (Akhtar et al. 2019),83.21561137029707,3.626174965805336e-17,1
6,0.5,1.0,9,GMM clustering (Checco/Mignemi),1.0,0.08955223880597014,0
6,0.5,1.0,10,apunim,-0.04657740901376577,0.45048350211430505,0
6,0.5,1.0,10,Krippendorff delta-alpha,-0.012660478880792914,0.4427860696517413,0
6,0.5,1.0,10,aposteriori unimodality (2024),0.005208333333333333,0.27722772277227725,0
6,0.5,1.0,10,chi-squared (Akhtar et al. 2019),79.66993688178638,2.0460924065002775e-16,1
6,0.5,1.0,10,GMM clustering (Checco/Mignemi),1.0,0.07960199004975124,0
6,0.5,1.0,11,apunim,-0.08989287377736381,0.002761352307532779,1
6,0.5,1.0,11,Krippendorff delta-alpha,-0.004233569996177133,0.32338308457711445,0
6,0.5,1.0,11,aposteriori unimodality (2024),0.0,1.0,0
6,0.5,1.0,11,chi-squared (Akhtar et al. 2019),90.5504621208653,1.0059249485922285e-18,1
6,0.5,1.0,11,GMM clustering (Checco/Mignemi),1.0,0.06467661691542288,0
6,0.5,1.0,12,apunim,-0.13041853512705504,9.180387541908844e-06,1
6,0.5,1.0,12,Krippendorff delta-alpha,0.04680917005750279,0.07960199004975124,0
6,0.5,1.0,12,aposteriori unimodality (2024),0.005128205128205128,0.0891089108910891,0
6,0.5,1.0,12,chi-squared (Akhtar et al. 2019),69.01723933536799,3.6595753232473785e-14,1
6,0.5,1.0,12,GMM clustering (Checco/Mignemi),1.0,0.07960199004975124,0
6,0.5,1.0,13,apunim,-0.14880144730890973,4.419880870875298e-06,1
6,0.5,1.0,13,Krippendorff delta-alpha,0.009763485988992682,0.36318407960199006,0
6,0.5,1.0,13,aposteriori unimodality (2024),0.0,1.0,0
6,0.5,1.0,13,chi-squared (Akhtar et al. 2019),118.95920461816529,8.911398360992584e-25,1
6,0.5,1.0,13,GMM clustering (Checco/Mignemi),1.0,0.10945273631840796,0
6,0.5,1.0,14,apunim,-0.08326448177728787,0.016254441388923322,1
6,0.5,1.0,14,Krippendorff delta-alpha,-0.0034617107874753694,0.30845771144278605,0
6,0.5,1.0,14,aposteriori unimodality (2024),0.0,1.0,0
6,0.5,1.0,14,chi-squared (Akhtar et al. 2019),114.25561604611381,8.996884777777688e-24,1
6,0.5,1.0,14,GMM clustering (Checco/Mignemi),1.0,0.12437810945273632,0
6,0.5,1.0,15,apunim,-0.1359026369168354,1.3731535655771954e-05,1
6,0.5,1.0,15,Krippendorff delta-alpha,-0.02711836054698269,0.7661691542288557,0
6,0.5,1.0,15,aposteriori unimodality (2024),0.0,1.0,0
6,0.5,1.0,15,chi-squared (Akhtar et al. 2019),84.0588778225134,2.4022172785851687e-17,1
6,0.5,1.0,15,GMM clustering (Checco/Mignemi),1.0,0.09950248756218906,0
6,0.5,1.0,16,apunim,0.0695128626163115,0.040405901381590587,1
6,0.5,1.0,16,Krippendorff delta-alpha,0.021242026678885695,0.11442786069651742,0
6,0.5,1.0,16,aposteriori unimodality (2024),0.0,1.0,0
6,0.5,1.0,16,chi-squared (Akhtar et al. 2019),71.72249898253797,9.822618667876478e-15,1
6,0.5,1.0,16,GMM clustering (Checco/Mignemi),1.0,0.11442786069651742,0
6,0.5,1.0,17,apunim,-0.15295926210607244,4.65607274510149e-06,1
6,0.5,1.0,17,Krippendorff delta-alpha,0.025186765477086093,0.12935323383084577,0
6,0.5,1.0,17,aposteriori unimodality (2024),0.010256410256410256,0.2871287128712871,0
6,0.5,1.0,17,chi-squared (Akhtar et al. 2019),101.71838072414386,4.236039526554893e-21,1
6,0.5,1.0,17,GMM clustering (Checco/Mignemi),1.0,0.12935323383084577,0
6,0.5,1.0,18,apunim,-0.11902339776195321,0.00019809725034726502,1
6,0.5,1.0,18,Krippendorff delta-alpha,0.003775280705461015,0.43781094527363185,0
6,0.5,1.0,18,aposteriori unimodality (2024),0.0,1.0,0
6,0.5,1.0,18,chi-squared (Akhtar et al. 2019),106.28141293610132,4.516565730108954e-22,1
6,0.5,1.0,18,GMM clustering (Checco/Mignemi),1.0,0.08955223880597014,0
6,0.5,1.0,19,apunim,-0.08938819181013519,0.0079038189942901,1
6,0.5,1.0,19,Krippendorff delta-alpha,0.039620930899404494,0.13432835820895522,0
6,0.5,1.0,19,aposteriori unimodality (2024),0.0,1.0,0
6,0.5,1.0,19,chi-squared (Akhtar et al. 2019),79.42940544091744,2.300779643346037e-16,1
6,0.5,1.0,19,GMM clustering (Checco/Mignemi),1.0,0.13432835820895522,0
6,0.5,1.0,20,apunim,-0.13250283125707762,4.4194027332197666e-05,1
6,0.5,1.0,20,Krippendorff delta-alpha,0.012848508804608416,0.15920398009950248,0
6,0.5,1.0,20,aposteriori unimodality (2024),0.0,1.0,0
6,0.5,1.0,20,chi-squared (Akhtar et al. 2019),65.52970827363063,1.9900753755354886e-13,1
6,0.5,1.0,20,GMM clustering (Checco/Mignemi),1.0,0.09950248756218906,0
6,0.5,1.0,21,apunim,-0.1679094420986435,6.989626047516106e-08,1
6,0.5,1.0,21,Krippendorff delta-alpha,0.0122559416026079,0.12935323383084577,0
6,0.5,1.0,21,aposteriori unimodality (2024),0.0,1.0,0
6,0.5,1.0,21,chi-squared (Akhtar et al. 2019),70.53403316619351,1.750818535158441e-14,1
6,0.5,1.0,21,GMM clustering (Checco/Mignemi),1.0,0.12935323383084577,0
6,0.5,1.0,22,apunim,-0.0914295938450527,0.004380477157398405,1
6,0.5,1.0,22,Krippendorff delta-alpha,-0.01047581635789796,0.572139303482587,0
6,0.5,1.0,22,aposteriori unimodality (2024),0.0,1.0,0
6,0.5,1.0,22,chi-squared (Akhtar et al. 2019),81.03873566688252,1.0493318912634926e-16,1
6,0.5,1.0,22,GMM clustering (Checco/Mignemi),1.0,0.09950248756218906,0
6,0.5,1.0,23,apunim,-0.14953099135552708,6.299180881741499e-07,1
6,0.5,1.0,23,Krippendorff delta-alpha,0.0011307841695399334,0.24378109452736318,0
6,0.5,1.0,23,aposteriori unimodality (2024),0.0,1.0,0
6,0.5,1.0,23,chi-squared (Akhtar et al. 2019),110.92048245332568,4.630906362316847e-23,1
6,0.5,1.0,23,GMM clustering (Checco/Mignemi),1.0,0.0845771144278607,0
6,0.5,1.0,24,apunim,-0.10003437607425236,0.011666542853544378,1
6,0.5,1.0,24,Krippendorff delta-alpha,0.0020178250215224236,0.1044776119402985,0
6,0.5,1.0,24,aposteriori unimodality (2024),0.0,1.0,0
6,0.5,1.0,24,chi-squared (Akhtar et al. 2019),71.69324811514046,9.96337967349833e-15,1
6,0.5,1.0,24,GMM clustering (Checco/Mignemi),1.0,0.1044776119402985,0
6,0.5,1.0,25,apunim,-0.19223659889094216,2.9574758089559585e-10,1
6,0.5,1.0,25,Krippendorff delta-alpha,0.029409285314771383,0.2736318407960199,0
6,0.5,1.0,25,aposteriori unimodality (2024),0.005076142131979695,0.43564356435643564,0
6,0.5,1.0,25,chi-squared (Akhtar et al. 2019),84.31117324110517,2.1237254607639906e-17,1
6,0.5,1.0,25,GMM clustering (Checco/Mignemi),1.0,0.12437810945273632,0
6,0.5,1.0,26,apunim,-0.04329681794470538,0.7579638657716289,0
6,0.5,1.0,26,Krippendorff delta-alpha,0.017205300704357218,0.1044776119402985,0
6,0.5,1.0,26,aposteriori unimodality (2024),0.0,1.0,0
6,0.5,1.0,26,chi-squared (Akhtar et al. 2019),64.41232617823403,3.421840669381396e-13,1
6,0.5,1.0,26,GMM clustering (Checco/Mignemi),1.0,0.1044776119402985,0
6,0.5,1.0,27,apunim,-0.11596763693852868,0.0008948052142640265,1
6,0.5,1.0,27,Krippendorff delta-alpha,0.01758470658596606,0.1044776119402985,0
6,0.5,1.0,27,aposteriori unimodality (2024),0.0,1.0,0
6,0.5,1.0,27,chi-squared (Akhtar et al. 2019),75.88751013396684,1.2932258493591573e-15,1
6,0.5,1.0,27,GMM clustering (Checco/Mignemi),1.0,0.1044776119402985,0
6,0.5,1.0,28,apunim,-0.08024691358024642,0.02456013184592063,1
6,0.5,1.0,28,Krippendorff delta-alpha,-0.021514136254672134,0.6965174129353234,0
6,0.5,1.0,28,aposteriori unimodality (2024),0.0,1.0,0
6,0.5,1.0,28,chi-squared (Akhtar et al. 2019),52.454173660033504,1.1084652678817427e-10,1
6,0.5,1.0,28,GMM clustering (Checco/Mignemi),1.0,0.0845771144278607,0
6,0.5,1.0,29,apunim,-0.028301886792453074,1.0,0
6,0.5,1.0,29,Krippendorff delta-alpha,-0.04966541983357797,1.0,0
6,0.5,1.0,29,aposteriori unimodality (2024),0.0,1.0,0
6,0.5,1.0,29,chi-squared (Akhtar et al. 2019),66.97990846962676,9.8444236418219e-14,1
6,0.5,1.0,29,GMM clustering (Checco/Mignemi),1.0,0.13930348258706468,0
6,0.5,1.0,30,apunim,-0.04335494327390593,0.4879411666363314,0
6,0.5,1.0,30,Krippendorff delta-alpha,-0.021774875428139717,0.7960199004975125,0
6,0.5,1.0,30,aposteriori unimodality (2024),0.0,1.0,0
6,0.5,1.0,30,chi-squared (Akhtar et al. 2019),63.09145815720397,6.491692478718739e-13,1
6,0.5,1.0,30,GMM clustering (Checco/Mignemi),1.0,0.07462686567164178,0
6,0.5,1.0,31,apunim,-0.12200641146520828,0.00014896718423837367,1
6,0.5,1.0,31,Krippendorff delta-alpha,-0.03387657257614907,1.0,0
6,0.5,1.0,31,aposteriori unimodality (2024),0.0,1.0,0
6,0.5,1.0,31,chi-squared (Akhtar et al. 2019),58.69407697993739,5.455812532763066e-12,1
6,0.5,1.0,31,GMM clustering (Checco/Mignemi),1.0,0.0945273631840796,0
6,0.5,1.0,32,apunim,-0.0683760683760685,0.07217712849547181,0
6,0.5,1.0,32,Krippendorff delta-alpha,-0.0206558574696607,0.5472636815920398,0
6,0.5,1.0,32,aposteriori unimodality (2024),0.0,1.0,0
6,0.5,1.0,32,chi-squared (Akhtar et al. 2019),89.57789262337688,1.6187076391999663e-18,1
6,0.5,1.0,32,GMM clustering (Checco/Mignemi),1.0,0.07960199004975124,0
6,0.5,1.0,33,apunim,-0.15081206496519697,2.5290159152856086e-06,1
6,0.5,1.0,33,Krippendorff delta-alpha,0.007807897200314662,0.07960199004975124,0
6,0.5,1.0,33,aposteriori unimodality (2024),0.0,1.0,0
6,0.5,1.0,33,chi-squared (Akhtar et al. 2019),104.4633597494279,1.102147758255137e-21,1
6,0.5,1.0,33,GMM clustering (Checco/Mignemi),1.0,0.07960199004975124,0
6,0.5,1.0,34,apunim,-0.11538101040397389,0.0006465797372756723,1
6,0.5,1.0,34,Krippendorff delta-alpha,-0.0017683560659458308,0.3383084577114428,0
6,0.5,1.0,34,aposteriori unimodality (2024),0.015463917525773196,0.16831683168316833,0
6,0.5,1.0,34,chi-squared (Akhtar et al. 2019),83.15065550388319,3.743023673723781e-17,1
6,0.5,1.0,34,GMM clustering (Checco/Mignemi),1.0,0.13930348258706468,0
6,0.5,1.0,35,apunim,-0.055025011368803924,0.29478803215638577,0
6,0.5,1.0,35,Krippendorff delta-alpha,0.030738371032541456,0.10945273631840796,0
6,0.5,1.0,35,aposteriori unimodality (2024),0.00510204081632653,0.38613861386138615,0
6,0.5,1.0,35,chi-squared (Akhtar et al. 2019),100.93907113197695,6.2073959552125e-21,1
6,0.5,1.0,35,GMM clustering (Checco/Mignemi),1.0,0.10945273631840796,0
6,0.5,1.0,36,apunim,-0.07946298984034862,0.03810776308214174,1
6,0.5,1.0,36,Krippendorff delta-alpha,0.018205001961570377,0.208955223880597,0
6,0.5,1.0,36,aposteriori unimodality (2024),0.00510204081632653,0.31683168316831684,0
6,0.5,1.0,36,chi-squared (Akhtar et al. 2019),111.41479541379138,3.63265615998818e-23,1
6,0.5,1.0,36,GMM clustering (Checco/Mignemi),1.0,0.12935323383084577,0
6,0.5,1.0,37,apunim,-0.11256544502617755,0.0006562341828589244,1
6,0.5,1.0,37,Krippendorff delta-alpha,-0.0030261337392026855,0.32338308457711445,0
6,0.5,1.0,37,aposteriori unimodality (2024),0.0,1.0,0
6,0.5,1.0,37,chi-squared (Akhtar et al. 2019),86.12895166734984,8.738248432483314e-18,1
6,0.5,1.0,37,GMM clustering (Checco/Mignemi),1.0,0.09950248756218906,0
6,0.5,1.0,38,apunim,-0.22184736026260624,2.6990111827040788e-11,1
6,0.5,1.0,38,Krippendorff delta-alpha,0.03926432784521122,0.21890547263681592,0
6,0.5,1.0,38,aposteriori unimodality (2024),0.005208333333333333,0.45544554455445546,0
6,0.5,1.0,38,chi-squared (Akhtar et al. 2019),92.5982548270192,3.693155349006646e-19,1
6,0.5,1.0,38,GMM clustering (Checco/Mignemi),1.0,0.10945273631840796,0
6,0.5,1.0,39,apunim,-0.04220499569336795,0.6123842051314782,0
6,0.5,1.0,39,Krippendorff delta-alpha,0.007621101681095033,0.21393034825870647,0
6,0.5,1.0,39,aposteriori unimodality (2024),0.0,1.0,0
6,0.5,1.0,39,chi-squared (Akhtar et al. 2019),74.6276973758818,2.388675724812005e-15,1
6,0.5,1.0,39,GMM clustering (Checco/Mignemi),1.0,0.09950248756218906,0
6,0.5,1.5,0,apunim,-0.14942528735632193,1.1544990367673765e-06,1
6,0.5,1.5,0,Krippendorff delta-alpha,0.017728052372852965,0.09950248756218906,0
6,0.5,1.5,0,aposteriori unimodality (2024),0.0051813471502590676,0.24752475247524752,0
6,0.5,1.5,0,chi-squared (Akhtar et al. 2019),155.3769241884555,1.4329817598013688e-32,1
6,0.5,1.5,0,GMM clustering (Checco/Mignemi),1.0,0.09950248756218906,0
6,0.5,1.5,1,apunim,-0.13325148739257708,1.392708642470238e-05,1
6,0.5,1.5,1,Krippendorff delta-alpha,0.04920535692748612,0.1044776119402985,0
6,0.5,1.5,1,aposteriori unimodality (2024),0.0,1.0,0
6,0.5,1.5,1,chi-squared (Akhtar et al. 2019),171.8059582813399,4.28395445538949e-36,1
6,0.5,1.5,1,GMM clustering (Checco/Mignemi),1.0,0.1044776119402985,0
6,0.5,1.5,2,apunim,-0.2784341385998947,6.096289733600375e-18,1
6,0.5,1.5,2,Krippendorff delta-alpha,0.05863915677105591,0.07960199004975124,0
6,0.5,1.5,2,aposteriori unimodality (2024),0.010309278350515464,0.10891089108910891,0
6,0.5,1.5,2,chi-squared (Akhtar et al. 2019),169.48593353413978,1.3483283288045468e-35,1
6,0.5,1.5,2,GMM clustering (Checco/Mignemi),1.0,0.07960199004975124,0
6,0.5,1.5,3,apunim,-0.22375976654429006,2.462291022780584e-12,1
6,0.5,1.5,3,Krippendorff delta-alpha,0.026481583283468557,0.15422885572139303,0
6,0.5,1.5,3,aposteriori unimodality (2024),0.005076142131979695,0.3465346534653465,0
6,0.5,1.5,3,chi-squared (Akhtar et al. 2019),169.92917034517217,1.0831012926456081e-35,1
6,0.5,1.5,3,GMM clustering (Checco/Mignemi),1.0,0.15422885572139303,0
6,0.5,1.5,4,apunim,-0.2201989862962269,1.3652548876847536e-12,1
6,0.5,1.5,4,Krippendorff delta-alpha,0.025036430063291926,0.0845771144278607,0
6,0.5,1.5,4,aposteriori unimodality (2024),0.00510204081632653,0.40594059405940597,0
6,0.5,1.5,4,chi-squared (Akhtar et al. 2019),151.18602475998793,1.1338640958722038e-31,1
6,0.5,1.5,4,GMM clustering (Checco/Mignemi),1.0,0.0845771144278607,0
6,0.5,1.5,5,apunim,-0.14573785517873508,4.772316514986333e-07,1
6,0.5,1.5,5,Krippendorff delta-alpha,0.033492578480739,0.09950248756218906,0
6,0.5,1.5,5,aposteriori unimodality (2024),0.0,1.0,0
6,0.5,1.5,5,chi-squared (Akhtar et al. 2019),164.93105382244642,1.279923033213872e-34,1
6,0.5,1.5,5,GMM clustering (Checco/Mignemi),1.0,0.09950248756218906,0
6,0.5,1.5,6,apunim,-0.20133286566117112,7.490200087097115e-11,1
6,0.5,1.5,6,Krippendorff delta-alpha,0.024735512757259548,0.09950248756218906,0
6,0.5,1.5,6,aposteriori unimodality (2024),0.005050505050505051,0.26732673267326734,0
6,0.5,1.5,6,chi-squared (Akhtar et al. 2019),198.89856516324653,6.481450146176113e-42,1
6,0.5,1.5,6,GMM clustering (Checco/Mignemi),1.0,0.09950248756218906,0
6,0.5,1.5,7,apunim,-0.21190196255765528,2.9379005143469436e-10,1
6,0.5,1.5,7,Krippendorff delta-alpha,0.028700217582382004,0.0845771144278607,0
6,0.5,1.5,7,aposteriori unimodality (2024),0.005076142131979695,0.21782178217821782,0
6,0.5,1.5,7,chi-squared (Akhtar et al. 2019),189.90366421687114,5.5589982880184975e-40,1
6,0.5,1.5,7,GMM clustering (Checco/Mignemi),1.0,0.0845771144278607,0
6,0.5,1.5,8,apunim,-0.10635260528194115,0.0018078605917449151,1
6,0.5,1.5,8,Krippendorff delta-alpha,0.023888591611243293,0.07960199004975124,0
6,0.5,1.5,8,aposteriori unimodality (2024),0.01020408163265306,0.06930693069306931,0
6,0.5,1.5,8,chi-squared (Akhtar et al. 2019),123.01148015528362,1.2142731180017255e-25,1
6,0.5,1.5,8,GMM clustering (Checco/Mignemi),1.0,0.07960199004975124,0
6,0.5,1.5,9,apunim,-0.24308050888608299,3.527784153769028e-14,1
6,0.5,1.5,9,Krippendorff delta-alpha,0.05504767701610197,0.08955223880597014,0
6,0.5,1.5,9,aposteriori unimodality (2024),0.00510204081632653,0.12871287128712872,0
6,0.5,1.5,9,chi-squared (Akhtar et al. 2019),164.38870976734538,1.6731662236338153e-34,1
6,0.5,1.5,9,GMM clustering (Checco/Mignemi),1.0,0.08955223880597014,0
6,0.5,1.5,10,apunim,-0.29786450662739233,8.984995155077754e-19,1
6,0.5,1.5,10,Krippendorff delta-alpha,0.05558177846066492,0.07960199004975124,0
6,0.5,1.5,10,aposteriori unimodality (2024),0.0,1.0,0
6,0.5,1.5,10,chi-squared (Akhtar et al. 2019),177.4221426591859,2.6675789448576294e-37,1
6,0.5,1.5,10,GMM clustering (Checco/Mignemi),1.0,0.07960199004975124,0
6,0.5,1.5,11,apunim,-0.2124060150375943,9.828655991472533e-12,1
6,0.5,1.5,11,Krippendorff delta-alpha,0.04023276169351109,0.06467661691542288,0
6,0.5,1.5,11,aposteriori unimodality (2024),0.01020408163265306,0.0594059405940594,0
6,0.5,1.5,11,chi-squared (Akhtar et al. 2019),205.753269764162,2.1765218230946457e-43,1
6,0.5,1.5,11,GMM clustering (Checco/Mignemi),1.0,0.06467661691542288,0
6,0.5,1.5,12,apunim,-0.13090472377902357,0.00016707068686025832,1
6,0.5,1.5,12,Krippendorff delta-alpha,0.005806961658824994,0.07960199004975124,0
6,0.5,1.5,12,aposteriori unimodality (2024),0.0,1.0,0
6,0.5,1.5,12,chi-squared (Akhtar et al. 2019),155.18692695792893,1.5738864887582113e-32,1
6,0.5,1.5,12,GMM clustering (Checco/Mignemi),1.0,0.07960199004975124,0
6,0.5,1.5,13,apunim,-0.19915136979983317,1.3948546556504156e-10,1
6,0.5,1.5,13,Krippendorff delta-alpha,0.030183252224483093,0.10945273631840796,0
6,0.5,1.5,13,aposteriori unimodality (2024),0.0,1.0,0
6,0.5,1.5,13,chi-squared (Akhtar et al. 2019),160.4936234867637,1.1456680375499324e-33,1
6,0.5,1.5,13,GMM clustering (Checco/Mignemi),1.0,0.10945273631840796,0
6,0.5,1.5,14,apunim,-0.1597590578081454,9.336393477118479e-07,1
6,0.5,1.5,14,Krippendorff delta-alpha,0.04080677172381353,0.12437810945273632,0
6,0.5,1.5,14,aposteriori unimodality (2024),0.01020408163265306,0.07920792079207921,0
6,0.5,1.5,14,chi-squared (Akhtar et al. 2019),179.8026660949526,8.220862679142004e-38,1
6,0.5,1.5,14,GMM clustering (Checco/Mignemi),1.0,0.12437810945273632,0
6,0.5,1.5,15,apunim,-0.189138576779026,1.0093118036363843e-08,1
6,0.5,1.5,15,Krippendorff delta-alpha,0.03616165807061911,0.09950248756218906,0
6,0.5,1.5,15,aposteriori unimodality (2024),0.010416666666666666,0.10891089108910891,0
6,0.5,1.5,15,chi-squared (Akhtar et al. 2019),117.95301702962475,1.4615341589845168e-24,1
6,0.5,1.5,15,GMM clustering (Checco/Mignemi),1.0,0.09950248756218906,0
6,0.5,1.5,16,apunim,-0.19319876702794053,1.1358437333585513e-09,1
6,0.5,1.5,16,Krippendorff delta-alpha,0.010635626214898886,0.11442786069651742,0
6,0.5,1.5,16,aposteriori unimodality (2024),0.005128205128205128,0.5247524752475248,0
6,0.5,1.5,16,chi-squared (Akhtar et al. 2019),158.27414267345222,3.427994143417044e-33,1
6,0.5,1.5,16,GMM clustering (Checco/Mignemi),1.0,0.11442786069651742,0
6,0.5,1.5,17,apunim,-0.15250603055481113,1.2783970376383989e-05,1
6,0.5,1.5,17,Krippendorff delta-alpha,0.011256912001817776,0.12935323383084577,0
6,0.5,1.5,17,aposteriori unimodality (2024),0.0,1.0,0
6,0.5,1.5,17,chi-squared (Akhtar et al. 2019),176.4121242800937,4.395297850820115e-37,1
6,0.5,1.5,17,GMM clustering (Checco/Mignemi),1.0,0.12935323383084577,0
6,0.5,1.5,18,apunim,-0.10531435140153815,0.0029924563914156444,1
6,0.5,1.5,18,Krippendorff delta-alpha,-0.0021242146790298455,0.08955223880597014,0
6,0.5,1.5,18,aposteriori unimodality (2024),0.00510204081632653,0.2871287128712871,0
6,0.5,1.5,18,chi-squared (Akhtar et al. 2019),150.4289042467854,1.6474635530069576e-31,1
6,0.5,1.5,18,GMM clustering (Checco/Mignemi),1.0,0.08955223880597014,0
6,0.5,1.5,19,apunim,-0.13190730837789677,9.981126551445448e-06,1
6,0.5,1.5,19,Krippendorff delta-alpha,0.023910717077519017,0.13432835820895522,0
6,0.5,1.5,19,aposteriori unimodality (2024),0.00510204081632653,0.40594059405940597,0
6,0.5,1.5,19,chi-squared (Akhtar et al. 2019),142.10275452343961,1.000970343209437e-29,1
6,0.5,1.5,19,GMM clustering (Checco/Mignemi),1.0,0.13432835820895522,0
6,0.5,1.5,20,apunim,-0.27324356508198117,7.52212204876269e-17,1
6,0.5,1.5,20,Krippendorff delta-alpha,0.03479626674389236,0.09950248756218906,0
6,0.5,1.5,20,aposteriori unimodality (2024),0.005,0.27722772277227725,0
6,0.5,1.5,20,chi-squared (Akhtar et al. 2019),158.7455436268441,2.7161398924725986e-33,1
6,0.5,1.5,20,GMM clustering (Checco/Mignemi),1.0,0.09950248756218906,0
6,0.5,1.5,21,apunim,-0.17315814171750316,3.0459393806923154e-07,1
6,0.5,1.5,21,Krippendorff delta-alpha,0.006322586974173872,0.12935323383084577,0
6,0.5,1.5,21,aposteriori unimodality (2024),0.005208333333333333,0.26732673267326734,0
6,0.5,1.5,21,chi-squared (Akhtar et al. 2019),192.96498041412406,1.2221190606240984e-40,1
6,0.5,1.5,21,GMM clustering (Checco/Mignemi),1.0,0.12935323383084577,0
6,0.5,1.5,22,apunim,-0.12640801001251586,7.348602977104658e-05,1
6,0.5,1.5,22,Krippendorff delta-alpha,0.04014724123265834,0.09950248756218906,0
6,0.5,1.5,22,aposteriori unimodality (2024),0.01020408163265306,0.0891089108910891,0
6,0.5,1.5,22,chi-squared (Akhtar et al. 2019),158.47000566494864,3.1119984252244246e-33,1
6,0.5,1.5,22,GMM clustering (Checco/Mignemi),1.0,0.09950248756218906,0
6,0.5,1.5,23,apunim,-0.2342366514623023,4.639934088599787e-13,1
6,0.5,1.5,23,Krippendorff delta-alpha,0.013886422213994665,0.0845771144278607,0
6,0.5,1.5,23,aposteriori unimodality (2024),0.0,1.0,0
6,0.5,1.5,23,chi-squared (Akhtar et al. 2019),145.3531393070897,2.015098282770091e-30,1
6,0.5,1.5,23,GMM clustering (Checco/Mignemi),1.0,0.0845771144278607,0
6,0.5,1.5,24,apunim,-0.21690664189502998,1.548059642956548e-11,1
6,0.5,1.5,24,Krippendorff delta-alpha,0.0395004896904077,0.1044776119402985,0
6,0.5,1.5,24,aposteriori unimodality (2024),0.005076142131979695,0.21782178217821782,0
6,0.5,1.5,24,chi-squared (Akhtar et al. 2019),202.734027213097,9.705666790716712e-43,1
6,0.5,1.5,24,GMM clustering (Checco/Mignemi),1.0,0.1044776119402985,0
6,0.5,1.5,25,apunim,-0.1657662780779071,1.4638550263195732e-06,1
6,0.5,1.5,25,Krippendorff delta-alpha,0.035838093964317475,0.12437810945273632,0
6,0.5,1.5,25,aposteriori unimodality (2024),0.005076142131979695,0.594059405940594,0
6,0.5,1.5,25,chi-squared (Akhtar et al. 2019),200.20976708281825,3.3866756067595405e-42,1
6,0.5,1.5,25,GMM clustering (Checco/Mignemi),1.0,0.12437810945273632,0
6,0.5,1.5,26,apunim,-0.16222287332747315,2.485810648731503e-07,1
6,0.5,1.5,26,Krippendorff delta-alpha,-0.01605980594655615,0.2835820895522388,0
6,0.5,1.5,26,aposteriori unimodality (2024),0.0,1.0,0
6,0.5,1.5,26,chi-squared (Akhtar et al. 2019),159.76257383924627,1.6437884942668724e-33,1
6,0.5,1.5,26,GMM clustering (Checco/Mignemi),1.0,0.1044776119402985,0
6,0.5,1.5,27,apunim,-0.14321721127014111,9.081581003698486e-06,1
6,0.5,1.5,27,Krippendorff delta-alpha,0.03682531871576572,0.1044776119402985,0
6,0.5,1.5,27,aposteriori unimodality (2024),0.005050505050505051,0.43564356435643564,0
6,0.5,1.5,27,chi-squared (Akhtar et al. 2019),164.13109907196917,1.900227613096593e-34,1
6,0.5,1.5,27,GMM clustering (Checco/Mignemi),1.0,0.1044776119402985,0
6,0.5,1.5,28,apunim,-0.16387337057728105,3.561239330724296e-10,1
6,0.5,1.5,28,Krippendorff delta-alpha,0.061375902334198096,0.0845771144278607,0
6,0.5,1.5,28,aposteriori unimodality (2024),0.0,1.0,0
6,0.5,1.5,28,chi-squared (Akhtar et al. 2019),159.72224620337357,1.676851823223185e-33,1
6,0.5,1.5,28,GMM clustering (Checco/Mignemi),1.0,0.0845771144278607,0
6,0.5,1.5,29,apunim,-0.23959121877365563,5.676045409110474e-14,1
6,0.5,1.5,29,Krippendorff delta-alpha,0.01830112713944343,0.13930348258706468,0
6,0.5,1.5,29,aposteriori unimodality (2024),0.0,1.0,0
6,0.5,1.5,29,chi-squared (Akhtar et al. 2019),155.9662114367435,1.0712768291914244e-32,1
6,0.5,1.5,29,GMM clustering (Checco/Mignemi),1.0,0.13930348258706468,0
6,0.5,1.5,30,apunim,-0.2561645110263331,4.84678115467845e-15,1
6,0.5,1.5,30,Krippendorff delta-alpha,0.022766460989798676,0.07462686567164178,0
6,0.5,1.5,30,aposteriori unimodality (2024),0.005076142131979695,0.16831683168316833,0
6,0.5,1.5,30,chi-squared (Akhtar et al. 2019),160.86065355284072,9.55738499752236e-34,1
6,0.5,1.5,30,GMM clustering (Checco/Mignemi),1.0,0.07462686567164178,0
6,0.5,1.5,31,apunim,-0.1475557965121532,1.9332257705196205e-06,1
6,0.5,1.5,31,Krippendorff delta-alpha,0.020422436635926633,0.0945273631840796,0
6,0.5,1.5,31,aposteriori unimodality (2024),0.0,1.0,0
6,0.5,1.5,31,chi-squared (Akhtar et al. 2019),159.22046692598303,2.148350231296302e-33,1
6,0.5,1.5,31,GMM clustering (Checco/Mignemi),1.0,0.0945273631840796,0
6,0.5,1.5,32,apunim,-0.1479707131881039,2.0726405664704527e-05,1
6,0.5,1.5,32,Krippendorff delta-alpha,0.04956056952901411,0.07960199004975124,0
6,0.5,1.5,32,aposteriori unimodality (2024),0.010309278350515464,0.09900990099009901,0
6,0.5,1.5,32,chi-squared (Akhtar et al. 2019),195.05491083101273,4.3443173804946997e-41,1
6,0.5,1.5,32,GMM clustering (Checco/Mignemi),1.0,0.07960199004975124,0
6,0.5,1.5,33,apunim,-0.22292103424178852,3.921825331465587e-11,1
6,0.5,1.5,33,Krippendorff delta-alpha,0.04971041266772075,0.07960199004975124,0
6,0.5,1.5,33,aposteriori unimodality (2024),0.010256410256410256,0.0891089108910891,0
6,0.5,1.5,33,chi-squared (Akhtar et al. 2019),142.68873961894047,7.497882231953579e-30,1
6,0.5,1.5,33,GMM clustering (Checco/Mignemi),1.0,0.07960199004975124,0
6,0.5,1.5,34,apunim,-0.1317629738682367,6.006193518517897e-05,1
6,0.5,1.5,34,Krippendorff delta-alpha,0.020516873850320694,0.13930348258706468,0
6,0.5,1.5,34,aposteriori unimodality (2024),0.00510204081632653,0.4158415841584158,0
6,0.5,1.5,34,chi-squared (Akhtar et al. 2019),163.09496701257498,3.1701640613938355e-34,1
6,0.5,1.5,34,GMM clustering (Checco/Mignemi),1.0,0.13930348258706468,0
6,0.5,1.5,35,apunim,-0.10055915505458383,0.0034431672017517204,1
6,0.5,1.5,35,Krippendorff delta-alpha,-0.004257283864237349,0.10945273631840796,0
6,0.5,1.5,35,aposteriori unimodality (2024),0.005128205128205128,0.39603960396039606,0
6,0.5,1.5,35,chi-squared (Akhtar et al. 2019),180.18189262800473,6.81513338520758e-38,1
6,0.5,1.5,35,GMM clustering (Checco/Mignemi),1.0,0.10945273631840796,0
6,0.5,1.5,36,apunim,-0.18659420289855033,3.090125462209461e-09,1
6,0.5,1.5,36,Krippendorff delta-alpha,0.010770490805806887,0.12935323383084577,0
6,0.5,1.5,36,aposteriori unimodality (2024),0.0,1.0,0
6,0.5,1.5,36,chi-squared (Akhtar et al. 2019),161.0519621413233,8.695745184022779e-34,1
6,0.5,1.5,36,GMM clustering (Checco/Mignemi),1.0,0.12935323383084577,0
6,0.5,1.5,37,apunim,-0.12245836783512723,1.4967900719459229e-05,1
6,0.5,1.5,37,Krippendorff delta-alpha,0.03397323623395809,0.09950248756218906,0
6,0.5,1.5,37,aposteriori unimodality (2024),0.00510204081632653,0.40594059405940597,0
6,0.5,1.5,37,chi-squared (Akhtar et al. 2019),175.2364487374552,7.85980346095238e-37,1
6,0.5,1.5,37,GMM clustering (Checco/Mignemi),1.0,0.09950248756218906,0
6,0.5,1.5,38,apunim,-0.18061506236313407,3.8358103164314527e-08,1
6,0.5,1.5,38,Krippendorff delta-alpha,-0.01418062227718453,0.19402985074626866,0
6,0.5,1.5,38,aposteriori unimodality (2024),0.005208333333333333,0.2871287128712871,0
6,0.5,1.5,38,chi-squared (Akhtar et al. 2019),163.29464554034132,2.872414091281648e-34,1
6,0.5,1.5,38,GMM clustering (Checco/Mignemi),1.0,0.10945273631840796,0
6,0.5,1.5,39,apunim,-0.12816719067874988,0.00011508089795699903,1
6,0.5,1.5,39,Krippendorff delta-alpha,0.016184653194608267,0.09950248756218906,0
6,0.5,1.5,39,aposteriori unimodality (2024),0.005050505050505051,0.45544554455445546,0
6,0.5,1.5,39,chi-squared (Akhtar et al. 2019),165.7008311053841,8.750380159818826e-35,1
6,0.5,1.5,39,GMM clustering (Checco/Mignemi),1.0,0.09950248756218906,0
6,0.5,2.0,0,apunim,-0.26373092252357255,2.116491652136705e-15,1
6,0.5,2.0,0,Krippendorff delta-alpha,0.03802236564030653,0.09950248756218906,0
6,0.5,2.0,0,aposteriori unimodality (2024),0.0,1.0,0
6,0.5,2.0,0,chi-squared (Akhtar et al. 2019),266.9948958190155,1.4174543086876337e-56,1
6,0.5,2.0,0,GMM clustering (Checco/Mignemi),1.0,0.09950248756218906,0
6,0.5,2.0,1,apunim,-0.29579565582175793,1.0860466974359062e-17,1
6,0.5,2.0,1,Krippendorff delta-alpha,0.07676676155553291,0.1044776119402985,0
6,0.5,2.0,1,aposteriori unimodality (2024),0.015306122448979591,0.0594059405940594,0
6,0.5,2.0,1,chi-squared (Akhtar et al. 2019),261.14410119623494,2.584893043847678e-55,1
6,0.5,2.0,1,GMM clustering (Checco/Mignemi),1.0,0.1044776119402985,0
6,0.5,2.0,2,apunim,-0.24627976190476192,1.6852910722031618e-16,1
6,0.5,2.0,2,Krippendorff delta-alpha,0.08430939785965352,0.07960199004975124,0
6,0.5,2.0,2,aposteriori unimodality (2024),0.00510204081632653,0.27722772277227725,0
6,0.5,2.0,2,chi-squared (Akhtar et al. 2019),235.7616307729303,7.58794423609864e-50,1
6,0.5,2.0,2,GMM clustering (Checco/Mignemi),1.0,0.07960199004975124,0
6,0.5,2.0,3,apunim,-0.31129374826853806,6.589745616394242e-19,1
6,0.5,2.0,3,Krippendorff delta-alpha,0.047179042975532715,0.15422885572139303,0
6,0.5,2.0,3,aposteriori unimodality (2024),0.005128205128205128,0.42574257425742573,0
6,0.5,2.0,3,chi-squared (Akhtar et al. 2019),259.23958150416803,6.650420628693276e-55,1
6,0.5,2.0,3,GMM clustering (Checco/Mignemi),1.0,0.15422885572139303,0
6,0.5,2.0,4,apunim,-0.3251978262942127,3.182600193795023e-24,1
6,0.5,2.0,4,Krippendorff delta-alpha,0.056663204206371054,0.0845771144278607,0
6,0.5,2.0,4,aposteriori unimodality (2024),0.0,1.0,0
6,0.5,2.0,4,chi-squared (Akhtar et al. 2019),285.452638804762,1.486905491214809e-60,1
6,0.5,2.0,4,GMM clustering (Checco/Mignemi),1.0,0.0845771144278607,0
6,0.5,2.0,5,apunim,-0.38319183439855065,3.464053487385423e-27,1
6,0.5,2.0,5,Krippendorff delta-alpha,0.06263494160623911,0.09950248756218906,0
6,0.5,2.0,5,aposteriori unimodality (2024),0.010309278350515464,0.2376237623762376,0
6,0.5,2.0,5,chi-squared (Akhtar et al. 2019),265.02042571655704,3.776245738106374e-56,1
6,0.5,2.0,5,GMM clustering (Checco/Mignemi),1.0,0.09950248756218906,0
6,0.5,2.0,6,apunim,-0.3277360148394033,7.787394915049846e-23,1
6,0.5,2.0,6,Krippendorff delta-alpha,0.04139471373692438,0.09950248756218906,0
6,0.5,2.0,6,aposteriori unimodality (2024),0.00510204081632653,0.36633663366336633,0
6,0.5,2.0,6,chi-squared (Akhtar et al. 2019),307.0587833003999,3.2511985399324256e-65,1
6,0.5,2.0,6,GMM clustering (Checco/Mignemi),1.0,0.09950248756218906,0
6,0.5,2.0,7,apunim,-0.20881088825214913,8.588873961075911e-11,1
6,0.5,2.0,7,Krippendorff delta-alpha,0.07880960847216145,0.0845771144278607,0
6,0.5,2.0,7,aposteriori unimodality (2024),0.00510204081632653,0.1485148514851485,0
6,0.5,2.0,7,chi-squared (Akhtar et al. 2019),286.0837586667383,1.0869007876594238e-60,1
6,0.5,2.0,7,GMM clustering (Checco/Mignemi),1.0,0.0845771144278607,0
6,0.5,2.0,8,apunim,-0.26227208976157074,2.730047550503093e-15,1
6,0.5,2.0,8,Krippendorff delta-alpha,0.07389772923663729,0.07960199004975124,0
6,0.5,2.0,8,aposteriori unimodality (2024),0.005076142131979695,0.18811881188118812,0
6,0.5,2.0,8,chi-squared (Akhtar et al. 2019),271.92874818955124,1.2247013946243653e-57,1
6,0.5,2.0,8,GMM clustering (Checco/Mignemi),1.0,0.07960199004975124,0
6,0.5,2.0,9,apunim,-0.24300218237024337,5.039421086300315e-16,1
6,0.5,2.0,9,Krippendorff delta-alpha,0.026654408131797203,0.08955223880597014,0
6,0.5,2.0,9,aposteriori unimodality (2024),0.0,1.0,0
6,0.5,2.0,9,chi-squared (Akhtar et al. 2019),268.87459516695986,5.576500906100227e-57,1
6,0.5,2.0,9,GMM clustering (Checco/Mignemi),1.0,0.08955223880597014,0
6,0.5,2.0,10,apunim,-0.29193983802545304,5.986632658475073e-19,1
6,0.5,2.0,10,Krippendorff delta-alpha,0.05394331417275838,0.07960199004975124,0
6,0.5,2.0,10,aposteriori unimodality (2024),0.00510204081632653,0.2376237623762376,0
6,0.5,2.0,10,chi-squared (Akhtar et al. 2019),285.6637038500486,1.3389672086039648e-60,1
6,0.5,2.0,10,GMM clustering (Checco/Mignemi),1.0,0.07960199004975124,0
6,0.5,2.0,11,apunim,-0.31804004427004734,2.091935829451919e-24,1
6,0.5,2.0,11,Krippendorff delta-alpha,0.031181055023466298,0.06467661691542288,0
6,0.5,2.0,11,aposteriori unimodality (2024),0.0,1.0,0
6,0.5,2.0,11,chi-squared (Akhtar et al. 2019),266.54271518064576,1.7740595051945561e-56,1
6,0.5,2.0,11,GMM clustering (Checco/Mignemi),1.0,0.06467661691542288,0
6,0.5,2.0,12,apunim,-0.2458953061618691,3.399470548757787e-15,1
6,0.5,2.0,12,Krippendorff delta-alpha,-0.009358707880253392,0.1890547263681592,0
6,0.5,2.0,12,aposteriori unimodality (2024),0.01015228426395939,0.15841584158415842,0
6,0.5,2.0,12,chi-squared (Akhtar et al. 2019),259.84634547175693,4.9215231321063624e-55,1
6,0.5,2.0,12,GMM clustering (Checco/Mignemi),1.0,0.07960199004975124,0
6,0.5,2.0,13,apunim,-0.16425992779783363,7.166727579141955e-07,1
6,0.5,2.0,13,Krippendorff delta-alpha,0.03691416856766344,0.10945273631840796,0
6,0.5,2.0,13,aposteriori unimodality (2024),0.0,1.0,0
6,0.5,2.0,13,chi-squared (Akhtar et al. 2019),259.3306238070431,6.356687409711975e-55,1
6,0.5,2.0,13,GMM clustering (Checco/Mignemi),1.0,0.10945273631840796,0
6,0.5,2.0,14,apunim,-0.3665031534688155,6.390256846101079e-26,1
6,0.5,2.0,14,Krippendorff delta-alpha,0.0949618163564549,0.12437810945273632,0
6,0.5,2.0,14,aposteriori unimodality (2024),0.005076142131979695,0.22772277227722773,0
6,0.5,2.0,14,chi-squared (Akhtar et al. 2019),272.7240215163635,8.2527335970063e-58,1
6,0.5,2.0,14,GMM clustering (Checco/Mignemi),1.0,0.12437810945273632,0
6,0.5,2.0,15,apunim,-0.3802950975725846,7.334274634532185e-25,1
6,0.5,2.0,15,Krippendorff delta-alpha,0.028425740400374322,0.09950248756218906,0
6,0.5,2.0,15,aposteriori unimodality (2024),0.0051813471502590676,0.21782178217821782,0
6,0.5,2.0,15,chi-squared (Akhtar et al. 2019),228.2056474734785,3.2126192665336115e-48,1
6,0.5,2.0,15,GMM clustering (Checco/Mignemi),1.0,0.09950248756218906,0
6,0.5,2.0,16,apunim,-0.36542935167391494,1.0216837115888156e-26,1
6,0.5,2.0,16,Krippendorff delta-alpha,0.05049789648127234,0.11442786069651742,0
6,0.5,2.0,16,aposteriori unimodality (2024),0.0,1.0,0
6,0.5,2.0,16,chi-squared (Akhtar et al. 2019),275.20064114803586,2.413816776287005e-58,1
6,0.5,2.0,16,GMM clustering (Checco/Mignemi),1.0,0.11442786069651742,0
6,0.5,2.0,17,apunim,-0.2385364470076582,1.6933817048279623e-15,1
6,0.5,2.0,17,Krippendorff delta-alpha,0.025912857798872146,0.12935323383084577,0
6,0.5,2.0,17,aposteriori unimodality (2024),0.015306122448979591,0.15841584158415842,0
6,0.5,2.0,17,chi-squared (Akhtar et al. 2019),253.1844281374484,1.341294524573925e-53,1
6,0.5,2.0,17,GMM clustering (Checco/Mignemi),1.0,0.12935323383084577,0
6,0.5,2.0,18,apunim,-0.18288418020983319,4.2829829809964875e-08,1
6,0.5,2.0,18,Krippendorff delta-alpha,0.03563000434842234,0.08955223880597014,0
6,0.5,2.0,18,aposteriori unimodality (2024),0.005208333333333333,0.1485148514851485,0
6,0.5,2.0,18,chi-squared (Akhtar et al. 2019),190.1605842566516,4.895399123684969e-40,1
6,0.5,2.0,18,GMM clustering (Checco/Mignemi),1.0,0.08955223880597014,0
6,0.5,2.0,19,apunim,-0.3892826764956058,5.499349185679965e-33,1
6,0.5,2.0,19,Krippendorff delta-alpha,0.06598601349032635,0.13432835820895522,0
6,0.5,2.0,19,aposteriori unimodality (2024),0.010256410256410256,0.1188118811881188,0
6,0.5,2.0,19,chi-squared (Akhtar et al. 2019),309.7865016686484,8.385774738522238e-66,1
6,0.5,2.0,19,GMM clustering (Checco/Mignemi),1.0,0.13432835820895522,0
6,0.5,2.0,20,apunim,-0.32820019249278154,7.672718237249608e-22,1
6,0.5,2.0,20,Krippendorff delta-alpha,0.030529950237926984,0.09950248756218906,0
6,0.5,2.0,20,aposteriori unimodality (2024),0.010256410256410256,0.12871287128712872,0
6,0.5,2.0,20,chi-squared (Akhtar et al. 2019),275.5718222554329,2.007633778589335e-58,1
6,0.5,2.0,20,GMM clustering (Checco/Mignemi),1.0,0.09950248756218906,0
6,0.5,2.0,21,apunim,-0.22798667301285108,4.445184182197198e-14,1
6,0.5,2.0,21,Krippendorff delta-alpha,0.04048516611380304,0.12935323383084577,0
6,0.5,2.0,21,aposteriori unimodality (2024),0.005050505050505051,0.44554455445544555,0
6,0.5,2.0,21,chi-squared (Akhtar et al. 2019),260.42247968187274,3.697839817688135e-55,1
6,0.5,2.0,21,GMM clustering (Checco/Mignemi),1.0,0.12935323383084577,0
6,0.5,2.0,22,apunim,-0.37654983891438043,1.07560352041465e-23,1
6,0.5,2.0,22,Krippendorff delta-alpha,0.043170506873570436,0.09950248756218906,0
6,0.5,2.0,22,aposteriori unimodality (2024),0.005154639175257732,0.3069306930693069,0
6,0.5,2.0,22,chi-squared (Akhtar et al. 2019),268.35675846388654,7.210701937167832e-57,1
6,0.5,2.0,22,GMM clustering (Checco/Mignemi),1.0,0.09950248756218906,0
6,0.5,2.0,23,apunim,-0.2858367463567962,7.67586831867486e-18,1
6,0.5,2.0,23,Krippendorff delta-alpha,0.048763759309917554,0.0845771144278607,0
6,0.5,2.0,23,aposteriori unimodality (2024),0.0,1.0,0
6,0.5,2.0,23,chi-squared (Akhtar et al. 2019),276.2975496249724,1.4003248764452874e-58,1
6,0.5,2.0,23,GMM clustering (Checco/Mignemi),1.0,0.0845771144278607,0
6,0.5,2.0,24,apunim,-0.3354065672733919,2.539206407306873e-22,1
6,0.5,2.0,24,Krippendorff delta-alpha,0.1275842246091367,0.1044776119402985,0
6,0.5,2.0,24,aposteriori unimodality (2024),0.0,1.0,0
6,0.5,2.0,24,chi-squared (Akhtar et al. 2019),279.98560740674833,2.2443717429368462e-59,1
6,0.5,2.0,24,GMM clustering (Checco/Mignemi),1.0,0.1044776119402985,0
6,0.5,2.0,25,apunim,-0.22775292662034793,1.7346818442302182e-13,1
6,0.5,2.0,25,Krippendorff delta-alpha,0.026854536253851147,0.12437810945273632,0
6,0.5,2.0,25,aposteriori unimodality (2024),0.005154639175257732,0.3069306930693069,0
6,0.5,2.0,25,chi-squared (Akhtar et al. 2019),266.01642623457565,2.3035540752456175e-56,1
6,0.5,2.0,25,GMM clustering (Checco/Mignemi),1.0,0.12437810945273632,0
6,0.5,2.0,26,apunim,-0.2749147064104866,2.4104107361035978e-14,1
6,0.5,2.0,26,Krippendorff delta-alpha,0.03895264421315242,0.1044776119402985,0
6,0.5,2.0,26,aposteriori unimodality (2024),0.015384615384615385,0.10891089108910891,0
6,0.5,2.0,26,chi-squared (Akhtar et al. 2019),275.5392962942253,2.040311714503692e-58,1
6,0.5,2.0,26,GMM clustering (Checco/Mignemi),1.0,0.1044776119402985,0
6,0.5,2.0,27,apunim,-0.3409222458035885,4.7784643433693616e-23,1
6,0.5,2.0,27,Krippendorff delta-alpha,0.03455904108605706,0.1044776119402985,0
6,0.5,2.0,27,aposteriori unimodality (2024),0.010362694300518135,0.13861386138613863,0
6,0.5,2.0,27,chi-squared (Akhtar et al. 2019),278.1693283539566,5.52953261354978e-59,1
6,0.5,2.0,27,GMM clustering (Checco/Mignemi),1.0,0.1044776119402985,0
6,0.5,2.0,28,apunim,-0.33456051541647486,2.106713843449742e-23,1
6,0.5,2.0,28,Krippendorff delta-alpha,0.07713520862361134,0.0845771144278607,0
6,0.5,2.0,28,aposteriori unimodality (2024),0.0,1.0,0
6,0.5,2.0,28,chi-squared (Akhtar et al. 2019),304.6432480911378,1.0793507889297335e-64,1
6,0.5,2.0,28,GMM clustering (Checco/Mignemi),1.0,0.0845771144278607,0
6,0.5,2.0,29,apunim,-0.3401232913428035,2.733363462849741e-24,1
6,0.5,2.0,29,Krippendorff delta-alpha,0.029330610279650726,0.13930348258706468,0
6,0.5,2.0,29,aposteriori unimodality (2024),0.0,1.0,0
6,0.5,2.0,29,chi-squared (Akhtar et al. 2019),290.5091810038921,1.2073755588219165e-61,1
6,0.5,2.0,29,GMM clustering (Checco/Mignemi),1.0,0.13930348258706468,0
6,0.5,2.0,30,apunim,-0.2713088702687088,6.413313615923622e-15,1
6,0.5,2.0,30,Krippendorff delta-alpha,0.05348398970756879,0.07462686567164178,0
6,0.5,2.0,30,aposteriori unimodality (2024),0.0,1.0,0
6,0.5,2.0,30,chi-squared (Akhtar et al. 2019),281.2512020067241,1.1973448092042391e-59,1
6,0.5,2.0,30,GMM clustering (Checco/Mignemi),1.0,0.07462686567164178,0
6,0.5,2.0,31,apunim,-0.28965452320436785,1.3191996149219887e-17,1
6,0.5,2.0,31,Krippendorff delta-alpha,0.06745710664215954,0.0945273631840796,0
6,0.5,2.0,31,aposteriori unimodality (2024),0.0,1.0,0
6,0.5,2.0,31,chi-squared (Akhtar et al. 2019),278.06475930486073,5.824158429066611e-59,1
6,0.5,2.0,31,GMM clustering (Checco/Mignemi),1.0,0.0945273631840796,0
6,0.5,2.0,32,apunim,-0.2745776109080131,1.7136826886225048e-17,1
6,0.5,2.0,32,Krippendorff delta-alpha,0.01903728958254025,0.07960199004975124,0
6,0.5,2.0,32,aposteriori unimodality (2024),0.005050505050505051,0.2079207920792079,0
6,0.5,2.0,32,chi-squared (Akhtar et al. 2019),257.1329836378849,1.8913623744611476e-54,1
6,0.5,2.0,32,GMM clustering (Checco/Mignemi),1.0,0.07960199004975124,0
6,0.5,2.0,33,apunim,-0.24855078926246343,6.906562490098349e-14,1
6,0.5,2.0,33,Krippendorff delta-alpha,0.029692831978617773,0.07960199004975124,0
6,0.5,2.0,33,aposteriori unimodality (2024),0.015228426395939087,0.0891089108910891,0
6,0.5,2.0,33,chi-squared (Akhtar et al. 2019),270.8884562593962,2.0524580362844745e-57,1
6,0.5,2.0,33,GMM clustering (Checco/Mignemi),1.0,0.07960199004975124,0
6,0.5,2.0,34,apunim,-0.33381398702235004,3.6130715932185614e-22,1
6,0.5,2.0,34,Krippendorff delta-alpha,0.04015886664699686,0.13930348258706468,0
6,0.5,2.0,34,aposteriori unimodality (2024),0.0,1.0,0
6,0.5,2.0,34,chi-squared (Akhtar et al. 2019),265.85497953385334,2.4957117850071484e-56,1
6,0.5,2.0,34,GMM clustering (Checco/Mignemi),1.0,0.13930348258706468,0
6,0.5,2.0,35,apunim,-0.30781805942879076,4.1859968379893854e-21,1
6,0.5,2.0,35,Krippendorff delta-alpha,0.039137877908289376,0.10945273631840796,0
6,0.5,2.0,35,aposteriori unimodality (2024),0.010471204188481676,0.13861386138613863,0
6,0.5,2.0,35,chi-squared (Akhtar et al. 2019),270.4058520792291,2.607964776251426e-57,1
6,0.5,2.0,35,GMM clustering (Checco/Mignemi),1.0,0.10945273631840796,0
6,0.5,2.0,36,apunim,-0.2457979038955901,3.442794450558609e-15,1
6,0.5,2.0,36,Krippendorff delta-alpha,0.007757140742958468,0.12935323383084577,0
6,0.5,2.0,36,aposteriori unimodality (2024),0.0,1.0,0
6,0.5,2.0,36,chi-squared (Akhtar et al. 2019),253.46676667612323,1.1659914317977059e-53,1
6,0.5,2.0,36,GMM clustering (Checco/Mignemi),1.0,0.12935323383084577,0
6,0.5,2.0,37,apunim,-0.2824035907300545,2.8358064653677778e-18,1
6,0.5,2.0,37,Krippendorff delta-alpha,0.04727124149218842,0.09950248756218906,0
6,0.5,2.0,37,aposteriori unimodality (2024),0.005208333333333333,0.24752475247524752,0
6,0.5,2.0,37,chi-squared (Akhtar et al. 2019),269.65596560827055,3.783905772662419e-57,1
6,0.5,2.0,37,GMM clustering (Checco/Mignemi),1.0,0.09950248756218906,0
6,0.5,2.0,38,apunim,-0.29978646365239986,1.3092300219169905e-21,1
6,0.5,2.0,38,Krippendorff delta-alpha,0.09443078540294109,0.10945273631840796,0
6,0.5,2.0,38,aposteriori unimodality (2024),0.01507537688442211,0.12871287128712872,0
6,0.5,2.0,38,chi-squared (Akhtar et al. 2019),273.30929767228633,6.172071761663458e-58,1
6,0.5,2.0,38,GMM clustering (Checco/Mignemi),1.0,0.10945273631840796,0
6,0.5,2.0,39,apunim,-0.33580343213728475,3.152463771985317e-26,1
6,0.5,2.0,39,Krippendorff delta-alpha,0.06933658627560046,0.09950248756218906,0
6,0.5,2.0,39,aposteriori unimodality (2024),0.0,1.0,0
6,0.5,2.0,39,chi-squared (Akhtar et al. 2019),279.5536334194661,2.781191833823941e-59,1
6,0.5,2.0,39,GMM clustering (Checco/Mignemi),1.0,0.09950248756218906,0
6,0.5,2.5,0,apunim,-0.35221562357240693,4.328310924213628e-28,1
6,0.5,2.5,0,Krippendorff delta-alpha,0.09111743532982575,0.09950248756218906,0
6,0.5,2.5,0,aposteriori unimodality (2024),0.015463917525773196,0.09900990099009901,0
6,0.5,2.5,0,chi-squared (Akhtar et al. 2019),376.0161632754888,4.22287246716091e-80,1
6,0.5,2.5,0,GMM clustering (Checco/Mignemi),1.0,0.09950248756218906,0
6,0.5,2.5,1,apunim,-0.43959352653368416,2.033462604955406e-35,1
6,0.5,2.5,1,Krippendorff delta-alpha,0.08460208364721156,0.1044776119402985,0
6,0.5,2.5,1,aposteriori unimodality (2024),0.015306122448979591,0.0594059405940594,0
6,0.5,2.5,1,chi-squared (Akhtar et al. 2019),390.46614392838796,3.1924666092491318e-83,1
6,0.5,2.5,1,GMM clustering (Checco/Mignemi),1.0,0.1044776119402985,0
6,0.5,2.5,2,apunim,-0.4250703458291734,2.3801156718910684e-37,1
6,0.5,2.5,2,Krippendorff delta-alpha,0.0863753409890034,0.07960199004975124,0
6,0.5,2.5,2,aposteriori unimodality (2024),0.020202020202020204,0.10891089108910891,0
6,0.5,2.5,2,chi-squared (Akhtar et al. 2019),409.1325180248869,2.957701623847009e-87,1
6,0.5,2.5,2,GMM clustering (Checco/Mignemi),1.0,0.07960199004975124,0
6,0.5,2.5,3,apunim,-0.4553199041618596,1.0046485187382069e-37,1
6,0.5,2.5,3,Krippendorff delta-alpha,0.10356577725749078,0.15422885572139303,0
6,0.5,2.5,3,aposteriori unimodality (2024),0.010256410256410256,0.15841584158415842,0
6,0.5,2.5,3,chi-squared (Akhtar et al. 2019),389.83355442094694,4.373114567945108e-83,1
6,0.5,2.5,3,GMM clustering (Checco/Mignemi),1.0,0.15422885572139303,0
6,0.5,2.5,4,apunim,-0.5044247787610614,5.261025596833638e-47,1
6,0.5,2.5,4,Krippendorff delta-alpha,0.04975742471457095,0.0845771144278607,0
6,0.5,2.5,4,aposteriori unimodality (2024),0.01015228426395939,0.12871287128712872,0
6,0.5,2.5,4,chi-squared (Akhtar et al. 2019),434.85970912128806,8.141903672211877e-93,1
6,0.5,2.5,4,GMM clustering (Checco/Mignemi),1.0,0.0845771144278607,0
6,0.5,2.5,5,apunim,-0.4200641319285383,5.976030934577588e-32,1
6,0.5,2.5,5,Krippendorff delta-alpha,0.1087049310444323,0.09950248756218906,0
6,0.5,2.5,5,aposteriori unimodality (2024),0.03553299492385787,0.1188118811881188,0
6,0.5,2.5,5,chi-squared (Akhtar et al. 2019),370.9118749225229,5.346701539914284e-79,1
6,0.5,2.5,5,GMM clustering (Checco/Mignemi),1.0,0.09950248756218906,0
6,0.5,2.5,6,apunim,-0.32811789320476614,1.939969236547537e-23,1
6,0.5,2.5,6,Krippendorff delta-alpha,0.06524611532019009,0.09950248756218906,0
6,0.5,2.5,6,aposteriori unimodality (2024),0.005128205128205128,0.39603960396039606,0
6,0.5,2.5,6,chi-squared (Akhtar et al. 2019),363.19578463930407,2.4804655550638594e-77,1
6,0.5,2.5,6,GMM clustering (Checco/Mignemi),1.0,0.09950248756218906,0
6,0.5,2.5,7,apunim,-0.41157670454545514,1.6667149925847356e-32,1
6,0.5,2.5,7,Krippendorff delta-alpha,0.05384882441101857,0.0845771144278607,0
6,0.5,2.5,7,aposteriori unimodality (2024),0.01020408163265306,0.019801980198019802,1
6,0.5,2.5,7,chi-squared (Akhtar et al. 2019),374.53184201057775,8.83518346333238e-80,1
6,0.5,2.5,7,GMM clustering (Checco/Mignemi),1.0,0.0845771144278607,0
6,0.5,2.5,8,apunim,-0.36146425029302987,4.000336567152197e-27,1
6,0.5,2.5,8,Krippendorff delta-alpha,0.08565077622106493,0.07960199004975124,0
6,0.5,2.5,8,aposteriori unimodality (2024),0.015306122448979591,0.06930693069306931,0
6,0.5,2.5,8,chi-squared (Akhtar et al. 2019),395.98338166629105,2.0518053160734985e-84,1
6,0.5,2.5,8,GMM clustering (Checco/Mignemi),1.0,0.07960199004975124,0
6,0.5,2.5,9,apunim,-0.4175854720652278,1.5105716755426122e-32,1
6,0.5,2.5,9,Krippendorff delta-alpha,0.07325761442138318,0.08955223880597014,0
6,0.5,2.5,9,aposteriori unimodality (2024),0.02040816326530612,0.07920792079207921,0
6,0.5,2.5,9,chi-squared (Akhtar et al. 2019),386.02560917141216,2.9069290065002576e-82,1
6,0.5,2.5,9,GMM clustering (Checco/Mignemi),1.0,0.08955223880597014,0
6,0.5,2.5,10,apunim,-0.42630744849445296,5.416996924205381e-33,1
6,0.5,2.5,10,Krippendorff delta-alpha,0.060000144369619535,0.07960199004975124,0
6,0.5,2.5,10,aposteriori unimodality (2024),0.005076142131979695,0.07920792079207921,0
6,0.5,2.5,10,chi-squared (Akhtar et al. 2019),373.72510069856503,1.3196711509844099e-79,1
6,0.5,2.5,10,GMM clustering (Checco/Mignemi),1.0,0.07960199004975124,0
6,0.5,2.5,11,apunim,-0.4967523298503246,3.6447247796588627e-41,1
6,0.5,2.5,11,Krippendorff delta-alpha,0.07595815391848243,0.06467661691542288,0
6,0.5,2.5,11,aposteriori unimodality (2024),0.015544041450777202,0.0594059405940594,0
6,0.5,2.5,11,chi-squared (Akhtar et al. 2019),426.7187207282263,4.6811179473146176e-91,1
6,0.5,2.5,11,GMM clustering (Checco/Mignemi),1.0,0.06467661691542288,0
6,0.5,2.5,12,apunim,-0.3268884465927399,7.287652885894301e-21,1
6,0.5,2.5,12,Krippendorff delta-alpha,0.06257628238052598,0.07960199004975124,0
6,0.5,2.5,12,aposteriori unimodality (2024),0.005154639175257732,0.36633663366336633,0
6,0.5,2.5,12,chi-squared (Akhtar et al. 2019),385.78418698801397,3.2778440902144335e-82,1
6,0.5,2.5,12,GMM clustering (Checco/Mignemi),1.0,0.07960199004975124,0
6,0.5,2.5,13,apunim,-0.3830483132417531,6.062323555628806e-28,1
6,0.5,2.5,13,Krippendorff delta-alpha,0.07788280493871541,0.10945273631840796,0
6,0.5,2.5,13,aposteriori unimodality (2024),0.015306122448979591,0.0891089108910891,0
6,0.5,2.5,13,chi-squared (Akhtar et al. 2019),382.76318926475335,1.4729670557252578e-81,1
6,0.5,2.5,13,GMM clustering (Checco/Mignemi),1.0,0.10945273631840796,0
6,0.5,2.5,14,apunim,-0.31591403957209047,2.259830251364038e-20,1
6,0.5,2.5,14,Krippendorff delta-alpha,0.017318186847449124,0.12437810945273632,0
6,0.5,2.5,14,aposteriori unimodality (2024),0.020512820512820513,0.07920792079207921,0
6,0.5,2.5,14,chi-squared (Akhtar et al. 2019),373.08402361667015,1.8152322509466028e-79,1
6,0.5,2.5,14,GMM clustering (Checco/Mignemi),1.0,0.12437810945273632,0
6,0.5,2.5,15,apunim,-0.44603041328482135,5.7285974940195306e-34,1
6,0.5,2.5,15,Krippendorff delta-alpha,0.09268921035254996,0.09950248756218906,0
6,0.5,2.5,15,aposteriori unimodality (2024),0.010050251256281407,0.10891089108910891,0
6,0.5,2.5,15,chi-squared (Akhtar et al. 2019),408.5000200970419,4.051640412563779e-87,1
6,0.5,2.5,15,GMM clustering (Checco/Mignemi),1.0,0.09950248756218906,0
6,0.5,2.5,16,apunim,-0.4502831032085033,2.2330074601165903e-35,1
6,0.5,2.5,16,Krippendorff delta-alpha,0.0695335329909979,0.11442786069651742,0
6,0.5,2.5,16,aposteriori unimodality (2024),0.00510204081632653,0.16831683168316833,0
6,0.5,2.5,16,chi-squared (Akhtar et al. 2019),426.42562205938066,5.416242978647407e-91,1
6,0.5,2.5,16,GMM clustering (Checco/Mignemi),1.0,0.11442786069651742,0
6,0.5,2.5,17,apunim,-0.49892933618843605,3.7186601673685707e-50,1
6,0.5,2.5,17,Krippendorff delta-alpha,0.08891512805264196,0.12935323383084577,0
6,0.5,2.5,17,aposteriori unimodality (2024),0.005076142131979695,0.24752475247524752,0
6,0.5,2.5,17,chi-squared (Akhtar et al. 2019),439.75936723616906,7.105955665858788e-94,1
6,0.5,2.5,17,GMM clustering (Checco/Mignemi),1.0,0.12935323383084577,0
6,0.5,2.5,18,apunim,-0.4016644765659215,1.5351799496821915e-28,1
6,0.5,2.5,18,Krippendorff delta-alpha,0.09391725887580393,0.08955223880597014,0
6,0.5,2.5,18,aposteriori unimodality (2024),0.02512562814070352,0.07920792079207921,0
6,0.5,2.5,18,chi-squared (Akhtar et al. 2019),379.44245347873266,7.682758091267173e-81,1
6,0.5,2.5,18,GMM clustering (Checco/Mignemi),1.0,0.08955223880597014,0
6,0.5,2.5,19,apunim,-0.4008993427879622,6.584338498507382e-33,1
6,0.5,2.5,19,Krippendorff delta-alpha,0.0933969037457475,0.13432835820895522,0
6,0.5,2.5,19,aposteriori unimodality (2024),0.015228426395939087,0.1188118811881188,0
6,0.5,2.5,19,chi-squared (Akhtar et al. 2019),388.2032390795083,9.840078881270864e-83,1
6,0.5,2.5,19,GMM clustering (Checco/Mignemi),1.0,0.13432835820895522,0
6,0.5,2.5,20,apunim,-0.44165205532826823,2.4911820212786995e-33,1
6,0.5,2.5,20,Krippendorff delta-alpha,0.05336879218622925,0.09950248756218906,0
6,0.5,2.5,20,aposteriori unimodality (2024),0.015151515151515152,0.12871287128712872,0
6,0.5,2.5,20,chi-squared (Akhtar et al. 2019),431.80004660742105,3.7331104128797474e-92,1
6,0.5,2.5,20,GMM clustering (Checco/Mignemi),1.0,0.09950248756218906,0
6,0.5,2.5,21,apunim,-0.40003733432891586,3.795089668068269e-33,1
6,0.5,2.5,21,Krippendorff delta-alpha,0.0673091791694923,0.12935323383084577,0
6,0.5,2.5,21,aposteriori unimodality (2024),0.0,1.0,0
6,0.5,2.5,21,chi-squared (Akhtar et al. 2019),412.4201138138345,5.761306794159137e-88,1
6,0.5,2.5,21,GMM clustering (Checco/Mignemi),1.0,0.12935323383084577,0
6,0.5,2.5,22,apunim,-0.3351008427232269,1.8497063278111324e-22,1
6,0.5,2.5,22,Krippendorff delta-alpha,0.056442976029739855,0.09950248756218906,0
6,0.5,2.5,22,aposteriori unimodality (2024),0.010309278350515464,0.19801980198019803,0
6,0.5,2.5,22,chi-squared (Akhtar et al. 2019),345.1809482852383,1.9250204175761e-73,1
6,0.5,2.5,22,GMM clustering (Checco/Mignemi),1.0,0.09950248756218906,0
6,0.5,2.5,23,apunim,-0.4479215319943954,2.5420404513035094e-36,1
6,0.5,2.5,23,Krippendorff delta-alpha,0.04803875604403429,0.0845771144278607,0
6,0.5,2.5,23,aposteriori unimodality (2024),0.010256410256410256,0.1188118811881188,0
6,0.5,2.5,23,chi-squared (Akhtar et al. 2019),356.71808301534156,6.214064403828533e-76,1
6,0.5,2.5,23,GMM clustering (Checco/Mignemi),1.0,0.0845771144278607,0
6,0.5,2.5,24,apunim,-0.42290883219839426,2.5242517994754694e-30,1
6,0.5,2.5,24,Krippendorff delta-alpha,0.013474669771726844,0.1044776119402985,0
6,0.5,2.5,24,aposteriori unimodality (2024),0.0051813471502590676,0.19801980198019803,0
6,0.5,2.5,24,chi-squared (Akhtar et al. 2019),379.5207483804331,7.389325045554757e-81,1
6,0.5,2.5,24,GMM clustering (Checco/Mignemi),1.0,0.1044776119402985,0
6,0.5,2.5,25,apunim,-0.3333333333333339,3.019154700273801e-22,1
6,0.5,2.5,25,Krippendorff delta-alpha,0.051813831192644155,0.12437810945273632,0
6,0.5,2.5,25,aposteriori unimodality (2024),0.015151515151515152,0.1188118811881188,0
6,0.5,2.5,25,chi-squared (Akhtar et al. 2019),361.9143609173323,4.69098737991278e-77,1
6,0.5,2.5,25,GMM clustering (Checco/Mignemi),1.0,0.12437810945273632,0
6,0.5,2.5,26,apunim,-0.41006097560975546,9.253222324285336e-31,1
6,0.5,2.5,26,Krippendorff delta-alpha,0.04131204135999933,0.1044776119402985,0
6,0.5,2.5,26,aposteriori unimodality (2024),0.01020408163265306,0.10891089108910891,0
6,0.5,2.5,26,chi-squared (Akhtar et al. 2019),358.9615603645891,2.0366599290921e-76,1
6,0.5,2.5,26,GMM clustering (Checco/Mignemi),1.0,0.1044776119402985,0
6,0.5,2.5,27,apunim,-0.33560670645069607,6.349771449182541e-25,1
6,0.5,2.5,27,Krippendorff delta-alpha,0.08403312782067851,0.1044776119402985,0
6,0.5,2.5,27,aposteriori unimodality (2024),0.0,1.0,0
6,0.5,2.5,27,chi-squared (Akhtar et al. 2019),374.14477542673853,1.0710736567492092e-79,1
6,0.5,2.5,27,GMM clustering (Checco/Mignemi),1.0,0.1044776119402985,0
6,0.5,2.5,28,apunim,-0.44811656005685846,3.806512911521806e-37,1
6,0.5,2.5,28,Krippendorff delta-alpha,0.09944990917088486,0.0845771144278607,0
6,0.5,2.5,28,aposteriori unimodality (2024),0.015384615384615385,0.07920792079207921,0
6,0.5,2.5,28,chi-squared (Akhtar et al. 2019),387.14612880314496,1.6648265917481198e-82,1
6,0.5,2.5,28,GMM clustering (Checco/Mignemi),1.0,0.0845771144278607,0
6,0.5,2.5,29,apunim,-0.503465781509323,6.401328259464374e-38,1
6,0.5,2.5,29,Krippendorff delta-alpha,0.04230109765263834,0.13930348258706468,0
6,0.5,2.5,29,aposteriori unimodality (2024),0.010362694300518135,0.1485148514851485,0
6,0.5,2.5,29,chi-squared (Akhtar et al. 2019),402.65204254289705,7.434840217427887e-86,1
6,0.5,2.5,29,GMM clustering (Checco/Mignemi),1.0,0.13930348258706468,0
6,0.5,2.5,30,apunim,-0.5723873441994246,3.510893768869551e-49,1
6,0.5,2.5,30,Krippendorff delta-alpha,0.1038622249824101,0.07462686567164178,0
6,0.5,2.5,30,aposteriori unimodality (2024),0.025510204081632654,0.06930693069306931,0
6,0.5,2.5,30,chi-squared (Akhtar et al. 2019),421.06818307453875,7.790873674978551e-90,1
6,0.5,2.5,30,GMM clustering (Checco/Mignemi),1.0,0.07462686567164178,0
6,0.5,2.5,31,apunim,-0.34444234046582106,6.547007068639525e-24,1
6,0.5,2.5,31,Krippendorff delta-alpha,0.05090609595768569,0.0945273631840796,0
6,0.5,2.5,31,aposteriori unimodality (2024),0.00510204081632653,0.2079207920792079,0
6,0.5,2.5,31,chi-squared (Akhtar et al. 2019),331.0119897523968,2.2033808866802582e-70,1
6,0.5,2.5,31,GMM clustering (Checco/Mignemi),1.0,0.0945273631840796,0
6,0.5,2.5,32,apunim,-0.44189991518235766,1.2401087242966853e-41,1
6,0.5,2.5,32,Krippendorff delta-alpha,0.0766766374364497,0.07960199004975124,0
6,0.5,2.5,32,aposteriori unimodality (2024),0.010256410256410256,0.09900990099009901,0
6,0.5,2.5,32,chi-squared (Akhtar et al. 2019),416.7408971210545,6.710878591668377e-89,1
6,0.5,2.5,32,GMM clustering (Checco/Mignemi),1.0,0.07960199004975124,0
6,0.5,2.5,33,apunim,-0.4235881964740262,1.61285841719748e-30,1
6,0.5,2.5,33,Krippendorff delta-alpha,0.06980617616134488,0.07960199004975124,0
6,0.5,2.5,33,aposteriori unimodality (2024),0.01015228426395939,0.0891089108910891,0
6,0.5,2.5,33,chi-squared (Akhtar et al. 2019),383.1613904204161,1.2082977900762897e-81,1
6,0.5,2.5,33,GMM clustering (Checco/Mignemi),1.0,0.07960199004975124,0
6,0.5,2.5,34,apunim,-0.44857556735876386,1.9112632851574144e-34,1
6,0.5,2.5,34,Krippendorff delta-alpha,0.063263262722976,0.13930348258706468,0
6,0.5,2.5,34,aposteriori unimodality (2024),0.010256410256410256,0.16831683168316833,0
6,0.5,2.5,34,chi-squared (Akhtar et al. 2019),423.7871886085014,2.0134638530384217e-90,1
6,0.5,2.5,34,GMM clustering (Checco/Mignemi),1.0,0.13930348258706468,0
6,0.5,2.5,35,apunim,-0.40239341810022405,5.475540973645983e-29,1
6,0.5,2.5,35,Krippendorff delta-alpha,0.04061313527920479,0.10945273631840796,0
6,0.5,2.5,35,aposteriori unimodality (2024),0.010101010101010102,0.13861386138613863,0
6,0.5,2.5,35,chi-squared (Akhtar et al. 2019),357.944142764327,3.377707973923944e-76,1
6,0.5,2.5,35,GMM clustering (Checco/Mignemi),1.0,0.10945273631840796,0
6,0.5,2.5,36,apunim,-0.48285449490268734,2.4001539054928157e-35,1
6,0.5,2.5,36,Krippendorff delta-alpha,0.07720905193780098,0.12935323383084577,0
6,0.5,2.5,36,aposteriori unimodality (2024),0.010309278350515464,0.13861386138613863,0
6,0.5,2.5,36,chi-squared (Akhtar et al. 2019),404.1880866286787,3.462337096531034e-86,1
6,0.5,2.5,36,GMM clustering (Checco/Mignemi),1.0,0.12935323383084577,0
6,0.5,2.5,37,apunim,-0.3544018058690738,2.7483222025076984e-24,1
6,0.5,2.5,37,Krippendorff delta-alpha,0.09647076078537142,0.09950248756218906,0
6,0.5,2.5,37,aposteriori unimodality (2024),0.01507537688442211,0.1188118811881188,0
6,0.5,2.5,37,chi-squared (Akhtar et al. 2019),373.8937797410546,1.2134795551827557e-79,1
6,0.5,2.5,37,GMM clustering (Checco/Mignemi),1.0,0.09950248756218906,0
6,0.5,2.5,38,apunim,-0.4314007922218219,1.0818134688486186e-32,1
6,0.5,2.5,38,Krippendorff delta-alpha,0.05842684057824954,0.10945273631840796,0
6,0.5,2.5,38,aposteriori unimodality (2024),0.015306122448979591,0.12871287128712872,0
6,0.5,2.5,38,chi-squared (Akhtar et al. 2019),400.30576954531057,2.3890919858872767e-85,1
6,0.5,2.5,38,GMM clustering (Checco/Mignemi),1.0,0.10945273631840796,0
6,0.5,2.5,39,apunim,-0.46509341199606674,1.025707935712125e-33,1
6,0.5,2.5,39,Krippendorff delta-alpha,0.0640346005041072,0.09950248756218906,0
6,0.5,2.5,39,aposteriori unimodality (2024),0.0,1.0,0
6,0.5,2.5,39,chi-squared (Akhtar et al. 2019),381.179967546898,3.2373864287334713e-81,1
6,0.5,2.5,39,GMM clustering (Checco/Mignemi),1.0,0.09950248756218906,0
6,0.5,3.0,0,apunim,-0.5907176943950594,4.00613703217077e-48,1
6,0.5,3.0,0,Krippendorff delta-alpha,0.08691346039336129,0.09950248756218906,0
6,0.5,3.0,0,aposteriori unimodality (2024),0.020100502512562814,0.09900990099009901,0
6,0.5,3.0,0,chi-squared (Akhtar et al. 2019),526.2296349086893,1.4206249553383554e-112,1
6,0.5,3.0,0,GMM clustering (Checco/Mignemi),1.0,0.09950248756218906,0
6,0.5,3.0,1,apunim,-0.5375632541845072,1.8342690097125247e-44,1
6,0.5,3.0,1,Krippendorff delta-alpha,0.0801704978568078,0.1044776119402985,0
6,0.5,3.0,1,aposteriori unimodality (2024),0.010050251256281407,0.0594059405940594,0
6,0.5,3.0,1,chi-squared (Akhtar et al. 2019),490.8148530621264,6.4947528994149985e-105,1
6,0.5,3.0,1,GMM clustering (Checco/Mignemi),1.0,0.1044776119402985,0
6,0.5,3.0,2,apunim,-0.5720930232558131,2.2541328426570825e-47,1
6,0.5,3.0,2,Krippendorff delta-alpha,0.0680855371428038,0.07960199004975124,0
6,0.5,3.0,2,aposteriori unimodality (2024),0.020512820512820513,0.10891089108910891,0
6,0.5,3.0,2,chi-squared (Akhtar et al. 2019),466.2886010944539,1.3067736718252615e-99,1
6,0.5,3.0,2,GMM clustering (Checco/Mignemi),1.0,0.07960199004975124,0
6,0.5,3.0,3,apunim,-0.49107318030213837,8.54275038250196e-44,1
6,0.5,3.0,3,Krippendorff delta-alpha,0.07323325893278487,0.15422885572139303,0
6,0.5,3.0,3,aposteriori unimodality (2024),0.01020408163265306,0.15841584158415842,0
6,0.5,3.0,3,chi-squared (Akhtar et al. 2019),496.9045526779588,3.1299315587117687e-106,1
6,0.5,3.0,3,GMM clustering (Checco/Mignemi),1.0,0.15422885572139303,0
6,0.5,3.0,4,apunim,-0.5490383778609345,3.0505521165688463e-50,1
6,0.5,3.0,4,Krippendorff delta-alpha,0.11576493973942098,0.0845771144278607,0
6,0.5,3.0,4,aposteriori unimodality (2024),0.03015075376884422,0.12871287128712872,0
6,0.5,3.0,4,chi-squared (Akhtar et al. 2019),516.3329627710522,1.9647194946022597e-110,1
6,0.5,3.0,4,GMM clustering (Checco/Mignemi),1.0,0.0845771144278607,0
6,0.5,3.0,5,apunim,-0.5495769559844089,5.112358450069632e-46,1
6,0.5,3.0,5,Krippendorff delta-alpha,0.10998921104219533,0.09950248756218906,0
6,0.5,3.0,5,aposteriori unimodality (2024),0.03125,0.1188118811881188,0
6,0.5,3.0,5,chi-squared (Akhtar et al. 2019),516.3679730509847,1.930756482648864e-110,1
6,0.5,3.0,5,GMM clustering (Checco/Mignemi),1.0,0.09950248756218906,0
6,0.5,3.0,6,apunim,-0.5287200361827221,3.255090988915302e-42,1
6,0.5,3.0,6,Krippendorff delta-alpha,0.10793997775410663,0.09950248756218906,0
6,0.5,3.0,6,aposteriori unimodality (2024),0.030927835051546393,0.10891089108910891,0
6,0.5,3.0,6,chi-squared (Akhtar et al. 2019),495.79338491598446,5.443190184854619e-106,1
6,0.5,3.0,6,GMM clustering (Checco/Mignemi),1.0,0.09950248756218906,0
6,0.5,3.0,7,apunim,-0.6173031956352298,4.6255304414620305e-56,1
6,0.5,3.0,7,Krippendorff delta-alpha,0.08222351994106458,0.0845771144278607,0
6,0.5,3.0,7,aposteriori unimodality (2024),0.020618556701030927,0.019801980198019802,1
6,0.5,3.0,7,chi-squared (Akhtar et al. 2019),560.7704164133369,4.781371982310959e-120,1
6,0.5,3.0,7,GMM clustering (Checco/Mignemi),1.0,0.0845771144278607,0
6,0.5,3.0,8,apunim,-0.5592821418064142,2.1998576192235516e-43,1
6,0.5,3.0,8,Krippendorff delta-alpha,0.06498579989156272,0.07960199004975124,0
6,0.5,3.0,8,aposteriori unimodality (2024),0.02030456852791878,0.06930693069306931,0
6,0.5,3.0,8,chi-squared (Akhtar et al. 2019),517.6184626518454,1.0356989776063358e-110,1
6,0.5,3.0,8,GMM clustering (Checco/Mignemi),1.0,0.07960199004975124,0
6,0.5,3.0,9,apunim,-0.5546918378678511,3.1371507782133326e-49,1
6,0.5,3.0,9,Krippendorff delta-alpha,0.05304352353825348,0.08955223880597014,0
6,0.5,3.0,9,aposteriori unimodality (2024),0.01020408163265306,0.07920792079207921,0
6,0.5,3.0,9,chi-squared (Akhtar et al. 2019),482.4105777270372,4.2663616119820256e-103,1
6,0.5,3.0,9,GMM clustering (Checco/Mignemi),1.0,0.08955223880597014,0
6,0.5,3.0,10,apunim,-0.5425380902810635,2.3352635295394945e-48,1
6,0.5,3.0,10,Krippendorff delta-alpha,0.0557875174722402,0.07960199004975124,0
6,0.5,3.0,10,aposteriori unimodality (2024),0.025380710659898477,0.07920792079207921,0
6,0.5,3.0,10,chi-squared (Akhtar et al. 2019),467.1434659249866,8.538093809052875e-100,1
6,0.5,3.0,10,GMM clustering (Checco/Mignemi),1.0,0.07960199004975124,0
6,0.5,3.0,11,apunim,-0.5894641235240684,9.925315330413138e-50,1
6,0.5,3.0,11,Krippendorff delta-alpha,0.10698021835729798,0.06467661691542288,0
6,0.5,3.0,11,aposteriori unimodality (2024),0.03626943005181347,0.0594059405940594,0
6,0.5,3.0,11,chi-squared (Akhtar et al. 2019),517.2100068434108,1.2693666380357256e-110,1
6,0.5,3.0,11,GMM clustering (Checco/Mignemi),1.0,0.06467661691542288,0
6,0.5,3.0,12,apunim,-0.6282491417361448,7.084830416748604e-48,1
6,0.5,3.0,12,Krippendorff delta-alpha,0.0645329592478831,0.07960199004975124,0
6,0.5,3.0,12,aposteriori unimodality (2024),0.02030456852791878,0.0891089108910891,0
6,0.5,3.0,12,chi-squared (Akhtar et al. 2019),523.845079519732,4.659229628206028e-112,1
6,0.5,3.0,12,GMM clustering (Checco/Mignemi),1.0,0.07960199004975124,0
6,0.5,3.0,13,apunim,-0.5614711692220854,1.6067463325600216e-53,1
6,0.5,3.0,13,Krippendorff delta-alpha,0.09775696809561246,0.10945273631840796,0
6,0.5,3.0,13,aposteriori unimodality (2024),0.01015228426395939,0.0891089108910891,0
6,0.5,3.0,13,chi-squared (Akhtar et al. 2019),503.9527836712058,9.356716046785004e-108,1
6,0.5,3.0,13,GMM clustering (Checco/Mignemi),1.0,0.10945273631840796,0
6,0.5,3.0,14,apunim,-0.4677792299185684,7.594766075795866e-39,1
6,0.5,3.0,14,Krippendorff delta-alpha,0.04593226573137965,0.12437810945273632,0
6,0.5,3.0,14,aposteriori unimodality (2024),0.010309278350515464,0.07920792079207921,0
6,0.5,3.0,14,chi-squared (Akhtar et al. 2019),457.704683698072,9.378636361188972e-98,1
6,0.5,3.0,14,GMM clustering (Checco/Mignemi),1.0,0.12437810945273632,0
6,0.5,3.0,15,apunim,-0.426765396424056,4.091907116455915e-33,1
6,0.5,3.0,15,Krippendorff delta-alpha,0.07064968622835943,0.09950248756218906,0
6,0.5,3.0,15,aposteriori unimodality (2024),0.010050251256281407,0.10891089108910891,0
6,0.5,3.0,15,chi-squared (Akhtar et al. 2019),444.1782465912705,7.877667727963376e-95,1
6,0.5,3.0,15,GMM clustering (Checco/Mignemi),1.0,0.09950248756218906,0
6,0.5,3.0,16,apunim,-0.5914886133825729,3.807226500880919e-53,1
6,0.5,3.0,16,Krippendorff delta-alpha,0.07660547627427244,0.11442786069651742,0
6,0.5,3.0,16,aposteriori unimodality (2024),0.030303030303030304,0.16831683168316833,0
6,0.5,3.0,16,chi-squared (Akhtar et al. 2019),532.7903109444346,5.410127588738506e-114,1
6,0.5,3.0,16,GMM clustering (Checco/Mignemi),1.0,0.11442786069651742,0
6,0.5,3.0,17,apunim,-0.5086206896551718,4.0825038954610855e-45,1
6,0.5,3.0,17,Krippendorff delta-alpha,0.10614730111816001,0.12935323383084577,0
6,0.5,3.0,17,aposteriori unimodality (2024),0.030927835051546393,0.15841584158415842,0
6,0.5,3.0,17,chi-squared (Akhtar et al. 2019),502.29355901596864,2.1379273222538466e-107,1
6,0.5,3.0,17,GMM clustering (Checco/Mignemi),1.0,0.12935323383084577,0
6,0.5,3.0,18,apunim,-0.4707295972315679,1.6584130505340967e-38,1
6,0.5,3.0,18,Krippendorff delta-alpha,0.06380988539362242,0.08955223880597014,0
6,0.5,3.0,18,aposteriori unimodality (2024),0.0,1.0,0
6,0.5,3.0,18,chi-squared (Akhtar et al. 2019),491.3755233135715,4.9125665377937765e-105,1
6,0.5,3.0,18,GMM clustering (Checco/Mignemi),1.0,0.08955223880597014,0
6,0.5,3.0,19,apunim,-0.49612610205717356,3.0015969885726617e-37,1
6,0.5,3.0,19,Krippendorff delta-alpha,0.076040247967258,0.13432835820895522,0
6,0.5,3.0,19,aposteriori unimodality (2024),0.035175879396984924,0.1188118811881188,0
6,0.5,3.0,19,chi-squared (Akhtar et al. 2019),488.07538423016496,2.5410302280165787e-104,1
6,0.5,3.0,19,GMM clustering (Checco/Mignemi),1.0,0.13432835820895522,0
6,0.5,3.0,20,apunim,-0.5942425070602163,2.320250825183751e-49,1
6,0.5,3.0,20,Krippendorff delta-alpha,0.12155369770621305,0.09950248756218906,0
6,0.5,3.0,20,aposteriori unimodality (2024),0.025380710659898477,0.12871287128712872,0
6,0.5,3.0,20,chi-squared (Akhtar et al. 2019),540.8362190984157,9.829830684944583e-116,1
6,0.5,3.0,20,GMM clustering (Checco/Mignemi),1.0,0.09950248756218906,0
6,0.5,3.0,21,apunim,-0.47503435639028885,5.6223295997755e-37,1
6,0.5,3.0,21,Krippendorff delta-alpha,0.05595595302975276,0.12935323383084577,0
6,0.5,3.0,21,aposteriori unimodality (2024),0.010256410256410256,0.1188118811881188,0
6,0.5,3.0,21,chi-squared (Akhtar et al. 2019),477.3364636021225,5.337211277196861e-102,1
6,0.5,3.0,21,GMM clustering (Checco/Mignemi),1.0,0.12935323383084577,0
6,0.5,3.0,22,apunim,-0.49969482954049965,1.4022251389829113e-41,1
6,0.5,3.0,22,Krippendorff delta-alpha,0.06306787849759171,0.09950248756218906,0
6,0.5,3.0,22,aposteriori unimodality (2024),0.010050251256281407,0.0891089108910891,0
6,0.5,3.0,22,chi-squared (Akhtar et al. 2019),484.07285384311183,1.8646045516493396e-103,1
6,0.5,3.0,22,GMM clustering (Checco/Mignemi),1.0,0.09950248756218906,0
6,0.5,3.0,23,apunim,-0.5289058767319635,1.378566079647188e-43,1
6,0.5,3.0,23,Krippendorff delta-alpha,0.06117396655368379,0.0845771144278607,0
6,0.5,3.0,23,aposteriori unimodality (2024),0.02040816326530612,0.1188118811881188,0
6,0.5,3.0,23,chi-squared (Akhtar et al. 2019),501.75539387612935,2.795054630992336e-107,1
6,0.5,3.0,23,GMM clustering (Checco/Mignemi),1.0,0.0845771144278607,0
6,0.5,3.0,24,apunim,-0.5906078394243517,5.785936793247708e-48,1
6,0.5,3.0,24,Krippendorff delta-alpha,0.10459662871880337,0.1044776119402985,0
6,0.5,3.0,24,aposteriori unimodality (2024),0.02564102564102564,0.09900990099009901,0
6,0.5,3.0,24,chi-squared (Akhtar et al. 2019),551.4973679171638,4.852367988989817e-118,1
6,0.5,3.0,24,GMM clustering (Checco/Mignemi),1.0,0.1044776119402985,0
6,0.5,3.0,25,apunim,-0.5832527047233708,1.397353357741585e-51,1
6,0.5,3.0,25,Krippendorff delta-alpha,0.1145830551555127,0.12437810945273632,0
6,0.5,3.0,25,aposteriori unimodality (2024),0.04040404040404041,0.1188118811881188,0
6,0.5,3.0,25,chi-squared (Akhtar et al. 2019),490.260144689404,8.561047594796176e-105,1
6,0.5,3.0,25,GMM clustering (Checco/Mignemi),1.0,0.12437810945273632,0
6,0.5,3.0,26,apunim,-0.49741355839912965,4.2025371859477996e-44,1
6,0.5,3.0,26,Krippendorff delta-alpha,0.11301033967648133,0.1044776119402985,0
6,0.5,3.0,26,aposteriori unimodality (2024),0.04020100502512563,0.10891089108910891,0
6,0.5,3.0,26,chi-squared (Akhtar et al. 2019),500.1988638915252,6.067957202619584e-107,1
6,0.5,3.0,26,GMM clustering (Checco/Mignemi),1.0,0.1044776119402985,0
6,0.5,3.0,27,apunim,-0.5795109762627164,1.264935393077129e-50,1
6,0.5,3.0,27,Krippendorff delta-alpha,0.13387573284008358,0.1044776119402985,0
6,0.5,3.0,27,aposteriori unimodality (2024),0.025510204081632654,0.13861386138613863,0
6,0.5,3.0,27,chi-squared (Akhtar et al. 2019),542.5175708314505,4.253909330195046e-116,1
6,0.5,3.0,27,GMM clustering (Checco/Mignemi),1.0,0.1044776119402985,0
6,0.5,3.0,28,apunim,-0.5690098395532304,2.642544511819013e-49,1
6,0.5,3.0,28,Krippendorff delta-alpha,0.135539174794641,0.0845771144278607,0
6,0.5,3.0,28,aposteriori unimodality (2024),0.020100502512562814,0.07920792079207921,0
6,0.5,3.0,28,chi-squared (Akhtar et al. 2019),488.5503180542889,2.0058568431239076e-104,1
6,0.5,3.0,28,GMM clustering (Checco/Mignemi),1.0,0.0845771144278607,0
6,0.5,3.0,29,apunim,-0.5792635825251058,1.227121003239624e-54,1
6,0.5,3.0,29,Krippendorff delta-alpha,0.11653224240059828,0.13930348258706468,0
6,0.5,3.0,29,aposteriori unimodality (2024),0.03,0.1485148514851485,0
6,0.5,3.0,29,chi-squared (Akhtar et al. 2019),500.6948932096831,4.7397982754754736e-107,1
6,0.5,3.0,29,GMM clustering (Checco/Mignemi),1.0,0.13930348258706468,0
6,0.5,3.0,30,apunim,-0.5144805597378441,1.2832062729004544e-39,1
6,0.5,3.0,30,Krippendorff delta-alpha,0.12372495416870183,0.07462686567164178,0
6,0.5,3.0,30,aposteriori unimodality (2024),0.02564102564102564,0.06930693069306931,0
6,0.5,3.0,30,chi-squared (Akhtar et al. 2019),487.7241637156074,3.026669785584108e-104,1
6,0.5,3.0,30,GMM clustering (Checco/Mignemi),1.0,0.07462686567164178,0
6,0.5,3.0,31,apunim,-0.5091690795823454,1.0258377030320234e-48,1
6,0.5,3.0,31,Krippendorff delta-alpha,0.09452383019050753,0.0945273631840796,0
6,0.5,3.0,31,aposteriori unimodality (2024),0.025252525252525252,0.1485148514851485,0
6,0.5,3.0,31,chi-squared (Akhtar et al. 2019),491.7755477472807,4.025281182047128e-105,1
6,0.5,3.0,31,GMM clustering (Checco/Mignemi),1.0,0.0945273631840796,0
6,0.5,3.0,32,apunim,-0.5924153166421201,1.8088821434731573e-50,1
6,0.5,3.0,32,Krippendorff delta-alpha,0.08773985403496515,0.07960199004975124,0
6,0.5,3.0,32,aposteriori unimodality (2024),0.03553299492385787,0.09900990099009901,0
6,0.5,3.0,32,chi-squared (Akhtar et al. 2019),497.7175325397566,2.0878804461632216e-106,1
6,0.5,3.0,32,GMM clustering (Checco/Mignemi),1.0,0.07960199004975124,0
6,0.5,3.0,33,apunim,-0.5345730276223141,9.625636005270308e-45,1
6,0.5,3.0,33,Krippendorff delta-alpha,0.08470124467253598,0.07960199004975124,0
6,0.5,3.0,33,aposteriori unimodality (2024),0.02512562814070352,0.0891089108910891,0
6,0.5,3.0,33,chi-squared (Akhtar et al. 2019),487.4803009143005,3.417455442703585e-104,1
6,0.5,3.0,33,GMM clustering (Checco/Mignemi),1.0,0.07960199004975124,0
6,0.5,3.0,34,apunim,-0.5555964653902796,1.8922932738093432e-50,1
6,0.5,3.0,34,Krippendorff delta-alpha,0.10165219509918028,0.13930348258706468,0
6,0.5,3.0,34,aposteriori unimodality (2024),0.01015228426395939,0.16831683168316833,0
6,0.5,3.0,34,chi-squared (Akhtar et al. 2019),528.617036207826,4.325340097198728e-113,1
6,0.5,3.0,34,GMM clustering (Checco/Mignemi),1.0,0.13930348258706468,0
6,0.5,3.0,35,apunim,-0.5450483991064782,3.6956783993861e-49,1
6,0.5,3.0,35,Krippendorff delta-alpha,0.06700228965346433,0.10945273631840796,0
6,0.5,3.0,35,aposteriori unimodality (2024),0.020202020202020204,0.13861386138613863,0
6,0.5,3.0,35,chi-squared (Akhtar et al. 2019),496.09658431861095,4.680357613438805e-106,1
6,0.5,3.0,35,GMM clustering (Checco/Mignemi),1.0,0.10945273631840796,0
6,0.5,3.0,36,apunim,-0.5357243187564383,4.826046712091218e-45,1
6,0.5,3.0,36,Krippendorff delta-alpha,0.10498675928535162,0.12935323383084577,0
6,0.5,3.0,36,aposteriori unimodality (2024),0.005076142131979695,0.13861386138613863,0
6,0.5,3.0,36,chi-squared (Akhtar et al. 2019),521.3447245317984,1.618785621751083e-111,1
6,0.5,3.0,36,GMM clustering (Checco/Mignemi),1.0,0.12935323383084577,0
6,0.5,3.0,37,apunim,-0.5667051134179164,1.9352393117637194e-51,1
6,0.5,3.0,37,Krippendorff delta-alpha,0.08373687041232358,0.09950248756218906,0
6,0.5,3.0,37,aposteriori unimodality (2024),0.010309278350515464,0.1188118811881188,0
6,0.5,3.0,37,chi-squared (Akhtar et al. 2019),507.8286388523078,1.357708162551663e-108,1
6,0.5,3.0,37,GMM clustering (Checco/Mignemi),1.0,0.09950248756218906,0
6,0.5,3.0,38,apunim,-0.5276831760241313,1.2497775234443006e-44,1
6,0.5,3.0,38,Krippendorff delta-alpha,0.08883772515644617,0.10945273631840796,0
6,0.5,3.0,38,aposteriori unimodality (2024),0.005076142131979695,0.2079207920792079,0
6,0.5,3.0,38,chi-squared (Akhtar et al. 2019),465.55193503877587,1.885739289463844e-99,1
6,0.5,3.0,38,GMM clustering (Checco/Mignemi),1.0,0.10945273631840796,0
6,0.5,3.0,39,apunim,-0.5822784810126579,6.933190712049146e-48,1
6,0.5,3.0,39,Krippendorff delta-alpha,0.058523269868995864,0.09950248756218906,0
6,0.5,3.0,39,aposteriori unimodality (2024),0.01015228426395939,0.12871287128712872,0
6,0.5,3.0,39,chi-squared (Akhtar et al. 2019),548.7081146740819,1.947324334266949e-117,1
6,0.5,3.0,39,GMM clustering (Checco/Mignemi),1.0,0.09950248756218906,0
