sample_size,standard_deviation
3,0.3868478425880859
3,0.3884908388961282
3,0.3880217652539844
3,0.3870662493492562
3,0.39091192725670293
3,0.38508204192081985
3,0.3839629330373447
3,0.38211712523419733
3,0.390697581004998
3,0.37833917052072535
3,0.3879374598889804
3,0.39059716141617057
3,0.38802449464904654
3,0.3953629950689776
3,0.38891325347940253
3,0.39171443180890797
3,0.3773461620062828
3,0.38729902166805186
3,0.3827889047052349
3,0.3868961818854481
3,0.38796536072059606
3,0.3834891254842138
3,0.3821554695879764
3,0.38468716114622026
3,0.39572931263308614
3,0.38741351929831475
3,0.3931572682949055
3,0.38555477859917336
3,0.38013382766646936
3,0.3925773244607966
3,0.3827946500065106
3,0.39476751318902886
3,0.3964788086550974
3,0.38425044030783834
3,0.3863993907605455
3,0.3851937829325147
3,0.3881250029202775
3,0.3855079502238283
3,0.37738083012710893
3,0.38431478630703264
3,0.3854343698503649
3,0.3914802204679009
3,0.3850851141363952
3,0.38329777919904645
3,0.3879304872569661
3,0.38828872449872326
3,0.3860945575000782
3,0.3831873461432868
3,0.3867901326655864
3,0.38453484961955675
3,0.38667190867137646
3,0.38841261106900077
3,0.3862937233275045
3,0.3889433089268345
3,0.3822905507884134
3,0.3897265757874463
3,0.3770585064579857
3,0.39022987823085187
3,0.39083292907656236
3,0.38507687038320126
3,0.38582670687576226
3,0.38662669520601933
3,0.38559156151171886
3,0.38319270225628826
3,0.3907410326037561
3,0.3862529070699363
3,0.3801880015260214
3,0.38879035933676187
3,0.38732448891777216
3,0.3804581475634561
3,0.3915821981382547
3,0.38738107161215296
3,0.39179260733267735
3,0.38914552375184264
3,0.3845944620679484
3,0.3871878366936203
3,0.3847022173161317
3,0.38802507924930657
3,0.38441636997294387
3,0.3853994284926452
3,0.38734024146773643
3,0.3816860699181154
3,0.38349943512321794
3,0.38613539791948115
3,0.3888588465843439
3,0.38448398006882295
3,0.3864640110069419
3,0.3884631237362262
3,0.3894304033357067
3,0.3818961891470605
3,0.37961692228595634
3,0.38318226394751886
3,0.3879561917475569
3,0.3912404421597362
3,0.3809208817364123
3,0.378822684568131
3,0.3894952090265317
3,0.38626587793866723
3,0.3920422558657067
3,0.3873841913426564
3,0.3901341974370965
3,0.38196793972425147
3,0.3884112387382648
3,0.3905190214575703
3,0.3801183018576083
3,0.38223098805781763
3,0.3909185462521206
3,0.3832051194906316
3,0.3878225232403763
3,0.3868391054459584
3,0.3868250541294935
3,0.386785143551759
3,0.3862428584302887
3,0.38562389662780405
3,0.38186999104731384
3,0.3847564449364678
3,0.38710791924393734
3,0.38616924116400814
3,0.3815775383709839
3,0.3916602362514777
3,0.38402563777193316
3,0.3818013852956987
3,0.38616101911438405
3,0.38375630848942877
3,0.385686807816554
3,0.38733623829225855
3,0.3905846466269984
3,0.386696785271999
3,0.38449004227130185
3,0.3833739585834428
3,0.37950203707744096
3,0.38189708550191037
3,0.3773343329929507
3,0.3896539130664929
3,0.3919348764846504
3,0.38497072846162356
3,0.3861037284984922
3,0.38787589510592324
3,0.38896057651499094
3,0.3885214826146861
3,0.3921587639016922
3,0.38795163390670045
3,0.38509887143174804
3,0.38874394900075604
3,0.3856649285363822
3,0.3932222732639748
3,0.3869711784300575
3,0.3895064819040521
3,0.3852863615477735
3,0.3893100318841984
3,0.3819028424919856
3,0.3812959591712664
3,0.38505349597751903
3,0.3923909557716056
3,0.38892712395361695
3,0.39217980227179783
3,0.39822982360158493
3,0.3831700861547189
3,0.38910496338517686
3,0.3823657707733291
3,0.3878214099845652
3,0.3806411318260067
3,0.3914057365789534
3,0.3935110355254775
3,0.3847432888586013
3,0.38804444633862123
3,0.37995332161286915
3,0.3862699329022594
3,0.3883751097754256
3,0.39344130668923755
3,0.38227474945917067
3,0.38290017532450393
3,0.38619753085191033
3,0.39016751501328406
3,0.3848048545024624
3,0.39388853961308823
3,0.39113939308435836
3,0.3924955403020988
3,0.37815309430401106
3,0.3882025916584558
3,0.3890739508419092
3,0.38848602411527045
3,0.3836728028137669
3,0.3833265266768474
3,0.3851654806325624
3,0.3887103015807569
3,0.3852524839569383
3,0.3847752249082603
3,0.3776638560957813
3,0.38414936865240107
3,0.39262826782204635
3,0.3837147854929194
3,0.3868568205633417
3,0.3867293367636655
3,0.3864665592935753
3,0.3890688341585367
3,0.38917572866840544
3,0.3861126948419285
3,0.38299670700627536
3,0.386659835238086
3,0.384440233380772
3,0.38987905654293514
3,0.38978467542874734
3,0.38755604573650054
3,0.3883613141782228
3,0.38762337191466234
3,0.3788170355928563
3,0.387874366385143
3,0.387819635152334
3,0.3868084725521633
3,0.3846849213742471
3,0.3867469629764651
3,0.3830176770308449
3,0.3851076657340259
3,0.3840409092613359
3,0.39171402422431545
3,0.38711178415290437
3,0.38244312847505035
3,0.3879792526390151
3,0.37725920542298885
3,0.385590802206476
3,0.3864355715885842
3,0.37789063971267367
3,0.382317527430081
3,0.38949401994735366
3,0.38447537110177354
3,0.38806743347685546
3,0.3862204279653305
3,0.39459040087675284
3,0.38660042429555813
3,0.3753836666448306
3,0.38866903166972067
3,0.3873311336145971
3,0.3866573397500334
3,0.3875123187670344
3,0.39205120651210584
3,0.39255655205230505
3,0.39302745397523275
3,0.3898265260800576
3,0.38053536029565616
3,0.39029226543752893
3,0.38509300953645026
3,0.3859137637973181
3,0.385317640462835
3,0.3880642212535713
3,0.39011043922627037
3,0.3877027477345157
3,0.3838740424472817
3,0.3925143699484547
3,0.3861127753356581
3,0.384820836618838
3,0.3888779323864404
3,0.38928286129958556
3,0.38754801383394893
3,0.38488184662228475
3,0.3838163539597687
3,0.38389137428531184
3,0.3857877882336728
3,0.38263163865612193
3,0.38880627863491396
3,0.38293267318396873
3,0.38364120458752216
3,0.3808357650242164
3,0.3859092016344984
3,0.3831828403126394
3,0.3877296840135556
3,0.3925557131476497
3,0.38243027245591676
3,0.3864676069009481
3,0.3893516265124327
3,0.38999073028477277
3,0.383872690503338
3,0.3877117815358916
3,0.3906739174138196
3,0.3827336916810381
3,0.3867059224816167
3,0.3853790199232012
3,0.3873488886702771
3,0.38649843689801583
3,0.38695055801006994
3,0.3864820522060571
3,0.3827123100929004
3,0.3834078448461371
3,0.38900504204772035
3,0.3840678623809322
3,0.3890435270824206
3,0.39235060810373473
3,0.38541101593617344
3,0.3840841369947095
3,0.3824141194451075
3,0.3855640653730188
3,0.3908654504575552
3,0.3836073230214987
3,0.3885520277784151
3,0.3911859439481021
3,0.38286254498172023
3,0.3828579976278101
3,0.37805554960507454
3,0.39333217414028054
3,0.3850655387532049
3,0.38437052678858696
3,0.3923512985787911
3,0.3794434086793672
3,0.3882621599143485
3,0.37900283637217486
3,0.3806799094382429
3,0.3887219222932281
3,0.3935931769444846
3,0.386233112074151
3,0.392689242685829
3,0.39150175657589215
3,0.39469807732135875
3,0.38848422962048884
3,0.3895786718869623
3,0.3815356247496585
3,0.3899270178575269
3,0.37805135204540335
3,0.38655766857463486
3,0.38386309137092217
3,0.39082083010081925
3,0.38397040312963
3,0.38081708668653425
3,0.38572237733949455
3,0.38863580794674996
3,0.3879588788413786
3,0.38489059950089677
3,0.3904095558648511
3,0.3963005800172756
3,0.3891622518222633
3,0.3898463651994372
3,0.3827208036110869
3,0.3812984976387277
3,0.3920704722011564
3,0.3892348837035974
3,0.3780131547342301
3,0.3872791666309528
3,0.3904756431195108
3,0.37819990219660765
3,0.37966786154370086
3,0.39277379016941194
3,0.3866251530714702
3,0.3817779420109092
3,0.3884982426769315
3,0.3905245061191834
3,0.38696015409316414
3,0.374509460072522
3,0.3861298253749992
3,0.38291508087451814
3,0.376190093538258
3,0.3859533568947621
3,0.3866660493452077
3,0.3901188352590108
3,0.3855031960265631
3,0.38802862689238593
3,0.3946805572880006
3,0.39456219365301126
3,0.38376173595834623
3,0.39004970566679414
3,0.3878225232403763
3,0.3826794307439568
3,0.3870611489555813
3,0.39219417451606775
3,0.38395969542111796
3,0.39049674460202777
3,0.3862625801433838
3,0.3905891301247494
3,0.3886506247379313
3,0.3906709510470335
3,0.38642404822609017
3,0.3851272207974904
3,0.38486634126222186
3,0.37859411087016603
3,0.3766098408032988
3,0.3855736074636633
3,0.3791572699063485
3,0.38812770419183157
3,0.3840963002760038
3,0.38596372425333664
3,0.394169377665252
3,0.39019039551116225
3,0.3810026219550476
3,0.38268797425973666
3,0.3854931106797659
3,0.3854323695838239
3,0.3878214099845652
3,0.3858808756165179
3,0.38806545934425013
3,0.38493974994519636
3,0.3881081153289655
3,0.3811508526275243
3,0.3854915730891166
3,0.3915897156067769
3,0.39072645043780113
3,0.3948514614641816
3,0.3840370544387364
3,0.3886284739269652
3,0.3876692916882964
3,0.3929434288648092
3,0.38893183552038313
3,0.39070087642144596
3,0.38978592530845757
3,0.3801288342405265
3,0.39342780473493477
3,0.3816152245851154
3,0.39578326399077907
3,0.387314801139078
3,0.3761758038683355
3,0.3810818243948071
3,0.3856358911420009
3,0.39248230640635356
3,0.3863276852408138
3,0.38660082800284495
3,0.3883068229174435
3,0.37996283670246367
3,0.38143167601713124
3,0.38796720399462353
3,0.3877887123871436
3,0.38244585022401684
3,0.3891160458956252
3,0.3819882833942436
3,0.389482312683103
3,0.3892339199447692
3,0.3840367990200837
3,0.3926033529298058
3,0.3878988077643114
3,0.385480233486085
3,0.3825120096399086
3,0.3878024798569754
3,0.38387995335453456
3,0.38795926178975926
3,0.378652348648984
3,0.3818081399668556
3,0.37667663013871233
3,0.3854302187363123
3,0.38803871482352564
3,0.38648159498016593
3,0.3834255354918256
3,0.386515534427086
3,0.38281992669404674
3,0.3783181199528724
3,0.38870710110283685
3,0.3822264643945114
3,0.3788228044315598
3,0.3880737471023845
3,0.3878138816438493
3,0.3857068041599901
3,0.38151180553334674
3,0.39551931822960446
3,0.3859080592479767
3,0.3933165381154937
3,0.38581631293555824
3,0.38521918056522814
3,0.38375482646507636
3,0.3900459654190916
3,0.3851837490269028
3,0.3859128701498082
3,0.39336747107058767
3,0.385098226452996
3,0.3814361055686857
3,0.3807961250519723
3,0.3814722316691668
3,0.38688341295791734
3,0.3888516677738853
3,0.37700631481966546
3,0.3876851128677101
3,0.3905646468323435
3,0.39027190886392493
3,0.3808405016903782
3,0.38915086736047383
3,0.38622733099870876
3,0.37694510344486176
3,0.38870581863262316
3,0.38448492818394747
3,0.3838668944399963
3,0.38914552375184264
3,0.3833553514322307
3,0.3859538248611174
3,0.3832966278655946
3,0.3838642416758896
3,0.3852091193709599
3,0.3867110756975674
3,0.38830644702303835
3,0.38848033022841605
3,0.3790320764126166
3,0.3810586782345964
3,0.3962495852982825
3,0.3879858334693918
3,0.3913802737283673
3,0.3887127785019016
3,0.3842682788826629
3,0.37769488981361776
3,0.3863955062819581
3,0.3867164547053113
3,0.3926398212935438
3,0.39063246035038857
3,0.3927490360284549
3,0.38752046962323317
3,0.3836261103104334
3,0.3886932874659638
3,0.3834071847330795
3,0.3797832043658824
3,0.3755110329635596
3,0.3881253687974786
3,0.38965162011158344
3,0.37819031962657657
3,0.38687224008124105
3,0.3954754855088547
3,0.38915871244024797
3,0.383203363315937
3,0.3869292127283018
3,0.38781481019009006
3,0.38580385588878746
3,0.38799253392947003
3,0.3902275288657463
3,0.3853569695900845
3,0.38554971100050633
3,0.3911959806304523
3,0.38776633594408244
3,0.39021139604814215
3,0.38802155935943416
3,0.3869869880750341
3,0.38892682659418304
3,0.3847658897210957
3,0.39112199073771375
3,0.39048097320266645
3,0.3958907780736416
3,0.38430904623351736
3,0.38277987074300857
3,0.38450304630178034
3,0.3924348629161169
3,0.381051064487583
3,0.3836631249090053
3,0.3841745345132455
3,0.3846936765996311
3,0.3871048298922165
3,0.39274998115826937
3,0.395535776501419
3,0.38770475839253266
3,0.38388526507081305
3,0.38778588020475585
3,0.3841396225798233
3,0.384916120100913
3,0.3860903480350916
3,0.3903492046697346
3,0.38968441169235396
3,0.38098901913003536
3,0.38136546183730796
3,0.3889137570752617
3,0.3855725935960046
3,0.3876731744201224
3,0.39229124135212784
3,0.3779110512064908
3,0.38030497282679043
3,0.38480102289913626
3,0.39186137427833256
3,0.3827639780441593
3,0.3841356476481054
3,0.3868920395841161
3,0.3907073170926425
3,0.38545864437915867
3,0.38662280117367304
3,0.3839732012370822
3,0.3813055118300565
3,0.38791539808286885
3,0.3788254355184388
3,0.38702933044550525
3,0.3774592393021476
3,0.3798341889251273
3,0.38762225738420364
3,0.37969624005973124
3,0.37984080630897993
3,0.3854138773581471
3,0.38678814382438026
3,0.3879969508408078
3,0.39089952397952
3,0.39066413865431665
3,0.38852999894702295
3,0.38749020110656923
3,0.384804256954588
3,0.3803875776015003
3,0.38477502863062923
3,0.3837701847400233
3,0.389300416107133
3,0.38877794884066336
3,0.3875134904223986
3,0.3898188102460261
3,0.3864177931201188
3,0.3809447947511501
3,0.38804911401809444
3,0.3875903567557775
3,0.38788876075821527
3,0.3867267380577245
3,0.3844471366601502
3,0.38506389076859293
3,0.37779654422437187
3,0.3935714669011127
3,0.3821791550130225
3,0.39113865124992614
3,0.378553963759872
3,0.3864512971672347
3,0.39216715264119434
3,0.3882347530832116
3,0.3815812334726678
3,0.38626944307297667
3,0.37853623127565356
3,0.38058539172245776
3,0.38617345477668485
3,0.38553738454114317
3,0.386392277015824
3,0.3851824382840681
3,0.3914166061488528
3,0.3835946714867189
3,0.3875635586007596
3,0.3887469565131237
3,0.38541863856316266
3,0.3845503674649314
3,0.3881034015356316
3,0.38683500891660166
3,0.389341624997773
3,0.39020984919215057
3,0.3911527496193793
3,0.3931422627195462
3,0.39167230295559585
3,0.3852467409976942
3,0.3863596009463878
3,0.3906568198141616
3,0.38294993863415644
3,0.3820500296840033
3,0.3845144446310197
3,0.3902917685755671
3,0.38939049792475083
3,0.3796560126010511
3,0.38932162247549
3,0.3839631966138746
3,0.3918649454848993
3,0.3881946124572315
3,0.3789655233313563
3,0.3858817493756455
3,0.383322729477294
3,0.39443333858507357
3,0.3842360186236209
3,0.37600330369892304
3,0.38316927928046024
3,0.3803039371878637
3,0.3820943275604161
3,0.3798131837323199
3,0.38740644365303895
3,0.38409668630102195
3,0.38298125997788024
3,0.38673242882536984
3,0.3853944157628914
3,0.38206263902474047
3,0.3933940449034643
3,0.39307327742448284
3,0.39150531731531263
3,0.38843954232860256
3,0.3960500183458889
3,0.38152848506017745
3,0.38702735761116003
3,0.3883174832379027
3,0.3888958443175562
3,0.3803784618928005
3,0.38623311207415106
3,0.38852558184607566
3,0.38778462885960774
3,0.38651608517928376
3,0.3871021956697413
3,0.38933837142089894
3,0.3832129862901943
3,0.3890560568007164
3,0.3866669103624287
3,0.3828779188014083
3,0.38988213951038836
3,0.3880257672632998
3,0.381143406937651
3,0.388806547716481
3,0.38223262665410335
3,0.38407651479536886
3,0.3935813523829719
3,0.3836259021976948
3,0.3843317691292058
3,0.38626958943111583
3,0.3866441878122983
3,0.38537037307403144
3,0.38593601286367385
3,0.38138215053864805
3,0.38699863570856974
3,0.39107473622287625
3,0.3891774679389875
3,0.39077856968682556
3,0.39033117145476964
3,0.3901964047851502
3,0.3860998807492157
3,0.3776088140092547
3,0.3824157806935768
3,0.38435312712909486
3,0.3915504299326625
3,0.3790144125140982
3,0.3838360025346205
3,0.3777088692101166
3,0.38528496346034036
3,0.38652177629853685
3,0.38989263619910597
3,0.3896860899245184
3,0.3860346672623045
3,0.3920785260415087
3,0.3759827059179755
3,0.3862334442002278
3,0.3847456734494738
3,0.3894601382406596
3,0.38449510798161246
3,0.3872560851878959
3,0.39413776744467777
3,0.3939064723266653
3,0.38893265327961885
3,0.38698678172664863
3,0.3850008911647431
3,0.3853562319641081
3,0.3869896626161864
3,0.38503118655030777
3,0.38855067546158795
3,0.3901649322663219
3,0.38870864931505633
3,0.38910892304228895
3,0.38099606439778727
3,0.3917386856689765
3,0.3868667623027522
3,0.38969114717142067
3,0.38788588997263285
3,0.38976415051966795
3,0.3850278715025233
3,0.38972443509750576
3,0.3819802198582797
3,0.38414796947985447
3,0.3895150749989484
3,0.3792311917576468
3,0.3889126089277418
3,0.3890093244052316
3,0.39212571742386804
3,0.3794360251583383
3,0.3869353479115377
3,0.38724292795212795
3,0.3807349390667372
3,0.3872560297883468
3,0.3856231412970319
3,0.3875388930778586
3,0.386416020504614
3,0.3879040618939675
3,0.3869507679054059
3,0.38549157308911663
3,0.37939447470169235
3,0.38260332257504925
3,0.3901706895395791
3,0.3895140258599907
3,0.39439440364730005
3,0.3912261769226065
3,0.378983163073516
3,0.3903640263152219
3,0.386600380282564
3,0.3846185342465821
3,0.37715752398879643
3,0.3897941462586517
3,0.38237084053479625
3,0.38309610404163935
3,0.3894961480752822
3,0.3863244055227576
3,0.3833064188614212
3,0.38326569360188384
3,0.38486532855335237
3,0.3841372486266551
3,0.37528867582054876
3,0.38442438808765467
3,0.37839049329196395
3,0.39136863854162784
3,0.3899268733096277
3,0.3767925987224374
3,0.3852412288189117
3,0.39462572670856927
3,0.3892629547514901
3,0.38490220248169305
3,0.38994509944110023
3,0.39453475780261604
3,0.3879114994243326
3,0.3907441882260336
3,0.3859938676347537
3,0.3850864094742043
3,0.38480759524525854
3,0.387291943166216
3,0.38824391913725587
3,0.3808625980237132
3,0.3783184553377177
3,0.38171246448430374
3,0.39132162205653426
3,0.3828315976201625
3,0.38124226550029516
3,0.37800865287382324
3,0.38224746653900676
3,0.3898251140151197
3,0.3869852524058717
3,0.3874529043830845
3,0.39238395982223134
3,0.3874539305206337
3,0.3863136044528449
3,0.38780396627864155
3,0.3830354063325811
3,0.38708347175347574
3,0.3865422998475339
3,0.38998492515712163
3,0.3876253671908758
3,0.38642992944862875
3,0.38879512863264465
3,0.3922905732738617
3,0.3820779397201518
3,0.39139762579466886
3,0.38559694592674426
3,0.39038495650689187
3,0.37948216720303235
3,0.38422277925499515
3,0.38424904541559457
3,0.3898467858726158
3,0.3905981771831692
3,0.3853925600945601
3,0.37912945851311264
3,0.38525207160554137
3,0.3818432134986399
3,0.3847792720767529
3,0.3866855704261721
3,0.38101905449375023
3,0.3859845981915786
3,0.3936316710453349
3,0.3798097283400274
3,0.38377022263805805
3,0.38709572114286867
3,0.3879989696683784
3,0.39075844177725383
3,0.3845005103952885
3,0.39260953504749724
3,0.38138140424388106
3,0.38875077474919684
3,0.38551038148827094
3,0.3894833341296463
3,0.3862926286977331
3,0.3939752076583598
3,0.3955348842693466
3,0.3879094389258989
3,0.3930194147164663
3,0.38465451248969845
3,0.3883347230884667
3,0.38657857309940435
3,0.38845533726914966
3,0.3851517208635653
3,0.3845194308309511
3,0.3771812687298116
3,0.383661611543748
3,0.39337220271530304
3,0.3880818511805478
3,0.3917813970387645
3,0.39142807377134214
3,0.38588930363515317
3,0.38528819618244553
3,0.37322850220975046
3,0.3866622192565927
3,0.3907185562884999
3,0.38676425034100737
3,0.3796581545905536
3,0.3810360024128544
3,0.3873647176427513
3,0.3901708600022484
3,0.3883502487157215
3,0.3858578542735292
3,0.39272031125525103
3,0.39262883023177214
3,0.3865194730620662
3,0.3846143935010415
3,0.38788380897737545
3,0.39366924379398366
3,0.3906073828736304
3,0.38513050372470337
3,0.3810690519897536
3,0.3877111565526042
3,0.39170911253043583
3,0.390075425223847
3,0.38079375255849146
3,0.38790126847360595
3,0.391765566408679
3,0.3861387184366722
3,0.38231301786243316
3,0.38728213395213934
3,0.387884281726413
3,0.3872255503861033
3,0.38428069129078507
3,0.38634555093626755
3,0.3850250569910505
3,0.3875275761356241
3,0.3964852702594691
3,0.3865590699251783
3,0.3899837701130355
3,0.3884852327061675
3,0.381402879355313
3,0.39351247461040156
3,0.3836445813698366
3,0.3835751752668065
3,0.38448170631640044
3,0.3789825986444985
3,0.38604893007505353
3,0.38979966051741
3,0.3868116971151832
3,0.3841286365308024
3,0.3827889047052349
3,0.38808885927500447
3,0.38947873072484446
3,0.392543416037054
3,0.38159365232922743
3,0.3895119188617751
3,0.38771955451252366
3,0.391422962846999
3,0.3939920248846121
3,0.3863746228460621
3,0.3822159699686077
3,0.3911832877993171
3,0.38203332082351865
3,0.37645105292664316
3,0.38726378673791306
3,0.38514978312273523
3,0.38612402443298566
3,0.384558975434897
3,0.3845861752002889
3,0.3904416410855766
3,0.3784010082797894
3,0.38983364921543073
3,0.3873283373270549
3,0.3911173718242486
3,0.3837794647737228
3,0.3904662536909127
3,0.3954967717692257
3,0.3788063666578867
3,0.3876182139609022
3,0.3829505776526113
3,0.3949376885330983
3,0.3907720025356837
3,0.38999008075338343
3,0.37550234048238845
3,0.3909765419750487
3,0.3783960140738667
3,0.3827469159859665
3,0.38311977866073543
3,0.3777872498437953
3,0.38764612385644126
3,0.383573956486807
3,0.3842815517354135
3,0.38969525785508763
3,0.3869532842136769
3,0.3828961363449825
3,0.3921786276749254
3,0.3894923149879279
3,0.38966563123965814
3,0.3840180159337616
3,0.3795835208668795
3,0.38816673383483247
3,0.3850079481520343
3,0.3879156967783959
3,0.3819089696042291
3,0.38347458275587765
3,0.38120058917531197
3,0.39356854128561436
3,0.3903168002355615
3,0.3905202916872071
3,0.37947368217565125
3,0.38824048697357705
3,0.39304187359678733
3,0.3841622546388603
3,0.38101043649175614
3,0.38481891545788893
3,0.39052199561234435
3,0.39011240935674507
3,0.37439680504527556
3,0.3820439635491318
3,0.38882496739293554
3,0.3868569546941963
3,0.3922981888821353
3,0.38763278825384595
3,0.388638967262966
3,0.392769329025562
3,0.3899754703298662
3,0.3765949441729036
3,0.38760505372227744
3,0.38758054164162314
3,0.38976270659075124
3,0.38134124727248747
3,0.38730401872671394
3,0.3947007126909394
3,0.3847591371208976
3,0.38573498258023486
3,0.3850479046043605
3,0.3868139261417203
3,0.3855558211292848
3,0.39094670803358383
3,0.3911024824464333
3,0.38460546186825845
3,0.3852859405585128
4,0.38360905212245017
4,0.3809177576824508
4,0.385132242967209
4,0.3797796240578215
4,0.38391745014096146
4,0.38274833159477584
4,0.3832791563781364
4,0.3817143895994301
4,0.377477790274318
4,0.3813160415595
4,0.39081870888457276
4,0.3816498618645069
4,0.38305635927168613
4,0.3841956557142302
4,0.39039440409762616
4,0.38940633630921784
4,0.38744991419385344
4,0.385334884685324
4,0.38146613198121665
4,0.3891535775968547
4,0.383567296069513
4,0.3866808819670129
4,0.3871708776699869
4,0.3802562095338613
4,0.3813320009221067
4,0.3833355187956369
4,0.38297199853161157
4,0.38731604179611867
4,0.3870932003789187
4,0.3895359917954404
4,0.38909616044064027
4,0.3806948391283242
4,0.38046844905471167
4,0.3849542265330183
4,0.38359856128178577
4,0.38512477547381413
4,0.3856981994370596
4,0.3875338598532652
4,0.38356807313699676
4,0.38555967031233257
4,0.38139752566980123
4,0.37648096448478213
4,0.3804321230728693
4,0.3851596488971212
4,0.385779824581056
4,0.3841867082995856
4,0.3862850028497336
4,0.38505219034014676
4,0.3816762898336813
4,0.38948882560642145
4,0.3849556241327172
4,0.38907070850591435
4,0.3788195518468934
4,0.3889900516658062
4,0.3870242429649516
4,0.3798919220253763
4,0.3860141584957959
4,0.3901712850581752
4,0.3859847955038021
4,0.38027569477149464
4,0.3743309463185744
4,0.38199603230454005
4,0.3831126108391864
4,0.3786856146532037
4,0.3918418067433786
4,0.3803465517125209
4,0.38130425127367074
4,0.38802195510302334
4,0.37571799577931103
4,0.3829928229411106
4,0.38712434110557564
4,0.3875242870924984
4,0.37734651683353987
4,0.3844359852576554
4,0.3847690718510009
4,0.3857949952132021
4,0.38644224077734035
4,0.38205607913405215
4,0.3834443372591367
4,0.38483828820641863
4,0.38799281688323783
4,0.38587981120750803
4,0.3887823408440845
4,0.3805395031415414
4,0.3828962119448916
4,0.37944478504005524
4,0.3898082656257018
4,0.37987075011076854
4,0.3879941972716686
4,0.386398779682733
4,0.38702167645696106
4,0.38028563412293326
4,0.3855106065916227
4,0.3880096645939024
4,0.383386958707217
4,0.3778089018036187
4,0.3792170309823893
4,0.38826794382103974
4,0.382593756061244
4,0.3903369754220809
4,0.38446954111921744
4,0.38000707349977364
4,0.38118357929447616
4,0.38675506442654395
4,0.3850319112065512
4,0.3706789899604949
4,0.3913823598702043
4,0.3823456546504541
4,0.3892030123221987
4,0.38253113501887337
4,0.3834535786198008
4,0.3778788281295529
4,0.3824034320218577
4,0.38155968781934513
4,0.3853808091783328
4,0.38390375078735367
4,0.38398220354973656
4,0.38784020250385925
4,0.3797350345417846
4,0.3908594233944634
4,0.38332712328497176
4,0.3858359116975144
4,0.37857483551059545
4,0.3801180587682904
4,0.38944048474001886
4,0.385929090539895
4,0.38376069173760036
4,0.3811592953364226
4,0.3868365355317982
4,0.3822454904645904
4,0.3771969918425766
4,0.38179202503962556
4,0.38579954271904043
4,0.3762877391203219
4,0.382117168914348
4,0.38640091574597313
4,0.3817604611464905
4,0.3819051568918885
4,0.38559181470475956
4,0.3835679963851933
4,0.3854662765473041
4,0.3804942054552725
4,0.3824506553493795
4,0.3899848877956402
4,0.38737386424566916
4,0.3899234703019026
4,0.37895756378609285
4,0.37870495662253584
4,0.3853667090866703
4,0.38147594621762876
4,0.37928138209343554
4,0.37902972686961334
4,0.38234279665195947
4,0.3866334705530086
4,0.38494280056530894
4,0.38409196518266825
4,0.38605102277165504
4,0.39041263445530117
4,0.3802781625310421
4,0.38259464813998395
4,0.3721070944464153
4,0.3832788269753317
4,0.3836255832382918
4,0.38607153799753696
4,0.3794145242884484
4,0.38531652691450186
4,0.39236480926969697
4,0.3819104553428924
4,0.37926703394919764
4,0.3938314454367554
4,0.38298051739176736
4,0.3830614855237813
4,0.3850945663501749
4,0.379734964066612
4,0.3919778763124883
4,0.3893684032826065
4,0.38263047076318923
4,0.3776052788477589
4,0.3751432756296469
4,0.39107298713041055
4,0.3754531701942995
4,0.3917674940147849
4,0.38995527207178254
4,0.38025758335301835
4,0.3843317898214546
4,0.3810583536381224
4,0.3836184626698442
4,0.3842144914202272
4,0.3844213608152247
4,0.3876428261205138
4,0.38586069892909025
4,0.37938589644498516
4,0.3883100330375159
4,0.3750522673667664
4,0.3804119176242121
4,0.3864822700909367
4,0.380711886233945
4,0.38245345667427216
4,0.3824890241234789
4,0.38600585529814657
4,0.38052119097675663
4,0.38810371728865967
4,0.38034668601261246
4,0.38195981883559066
4,0.3766159429442667
4,0.38834857164565373
4,0.3824128746009871
4,0.3802205587822878
4,0.3874996110510739
4,0.37914704941865573
4,0.3821558116843408
4,0.3927531413641395
4,0.3849095466326278
4,0.3873324601116822
4,0.380591808811242
4,0.3795938369442689
4,0.3800701060813188
4,0.37750125865614503
4,0.38017820765908444
4,0.38558677895171134
4,0.3809608583622789
4,0.377655492923837
4,0.38795959501618676
4,0.38567896892531345
4,0.3777210125647917
4,0.3836981049535844
4,0.3837538121831201
4,0.387970719269672
4,0.38185743296137037
4,0.3871301177573524
4,0.38501909054291367
4,0.3839270606765976
4,0.38224504159169287
4,0.3800490129472171
4,0.3742141270119899
4,0.38026695840454083
4,0.3737917823829054
4,0.3847605242718363
4,0.3851447079114539
4,0.383077403608143
4,0.3917320251899326
4,0.3871218807773817
4,0.377912291021533
4,0.38006316924435013
4,0.38269118743743824
4,0.3835272603174468
4,0.3874643594439436
4,0.3888273899481058
4,0.3860915625453545
4,0.38340988822119476
4,0.38458027181596766
4,0.38909132916143047
4,0.38465555277975066
4,0.3826039245099753
4,0.38119245007173275
4,0.38083600558249214
4,0.3837341518715914
4,0.3934858657357853
4,0.3935297744060291
4,0.3746231232390488
4,0.3829959675467731
4,0.38210392463935416
4,0.38351121526056536
4,0.3836659112139795
4,0.38256274188285094
4,0.37503394520589234
4,0.3858131556844012
4,0.381624473237474
4,0.3818973654612723
4,0.38294294311840626
4,0.3871135271490999
4,0.38128120969907464
4,0.3830672007846477
4,0.3859205666579039
4,0.38330601624984934
4,0.3793682254173055
4,0.38341341053406713
4,0.382119779142702
4,0.3799295634236942
4,0.3831644231975388
4,0.37714063640431594
4,0.38744254094234887
4,0.3850115563259873
4,0.3835788656329742
4,0.39001784962466
4,0.3869955292879103
4,0.3808175051446135
4,0.3782639834088047
4,0.38479057944577255
4,0.3889790698339918
4,0.37515619368641084
4,0.38572339327132227
4,0.38460046417828236
4,0.3891442435432684
4,0.38273290926879167
4,0.3825365257176536
4,0.3904234460575377
4,0.3821075052083645
4,0.37836824166090877
4,0.38617768592977436
4,0.3828562565861439
4,0.3839901889614172
4,0.3857687477520216
4,0.38085686959305926
4,0.39299935294822563
4,0.3883086383228332
4,0.38502466648478817
4,0.38754380209408895
4,0.38776329564259204
4,0.3830909780857404
4,0.3891680037081739
4,0.3888114208231863
4,0.3747652608481215
4,0.3798385654767178
4,0.37996037347628464
4,0.38536405019933184
4,0.3799276896060278
4,0.3862373486637533
4,0.392203748774648
4,0.38230402470644476
4,0.3993833374780197
4,0.3883789788086792
4,0.38190675051849643
4,0.3867225716868512
4,0.3948497356343084
4,0.38819639464503586
4,0.3807057960202393
4,0.38074482196704645
4,0.3831721777136283
4,0.38580789316070024
4,0.38377771648460046
4,0.38977698303114167
4,0.38227252858629823
4,0.379394241996307
4,0.38163473421393423
4,0.38263851246294917
4,0.38182866436342033
4,0.383964295148573
4,0.37433637607988673
4,0.3888470032226376
4,0.38993097676553146
4,0.37937307834757283
4,0.3784844486462081
4,0.38583172060025633
4,0.39171432261461486
4,0.3816827600434168
4,0.3780091198846273
4,0.3901030207488586
4,0.3905489965757244
4,0.3725217307943537
4,0.38070046949861663
4,0.3815940054456667
4,0.3832081094350105
4,0.3819796553992436
4,0.38541723412715184
4,0.38559756440593396
4,0.38328707898269
4,0.38521234861941783
4,0.3837509192564828
4,0.3823632865381264
4,0.37791840201409227
4,0.37772570325803945
4,0.3849446234944451
4,0.3784855393271249
4,0.3750976498368113
4,0.39623100124934907
4,0.38642591743717064
4,0.3852064112253988
4,0.38163725465059006
4,0.38083991378186954
4,0.3817179750819979
4,0.3833365117176972
4,0.37944170411849776
4,0.3758420026245729
4,0.3839914956269553
4,0.3796194289728227
4,0.3911377181267527
4,0.38012075149732255
4,0.38647542357672265
4,0.38686391843962575
4,0.3749422825918566
4,0.38145121400047044
4,0.38319565494039315
4,0.37320598385346465
4,0.39564342481889153
4,0.37270896995577574
4,0.37988170893058265
4,0.37999764412385095
4,0.37971018024580566
4,0.3851865174631219
4,0.3833008411274905
4,0.38410845113031294
4,0.3888354652518618
4,0.3792656179294171
4,0.3884373343456667
4,0.38034991019948655
4,0.38534615675945916
4,0.3753804740808246
4,0.37628187896264925
4,0.3866612463521312
4,0.37908679161717923
4,0.39030024373168953
4,0.38957266525338274
4,0.3819675379340994
4,0.384263873105881
4,0.38544521774089746
4,0.38607902862228743
4,0.38391062826425015
4,0.3906633356899388
4,0.3860932259387566
4,0.3848957038536786
4,0.3742572133199373
4,0.38696575350437185
4,0.3851537617381335
4,0.3826403002808031
4,0.3896416618628472
4,0.37960819173953636
4,0.3841873214432435
4,0.37768574900127055
4,0.38203781433179473
4,0.38275480868130995
4,0.38206591722808503
4,0.37777941930251246
4,0.3830974814401831
4,0.3846197089609512
4,0.39115072527843425
4,0.38172771979220116
4,0.38544576259406976
4,0.3878344713816588
4,0.3862096606242282
4,0.3865942366611189
4,0.3790237631044251
4,0.3826889847312183
4,0.39097168338735344
4,0.3813180545401859
4,0.3785565888981359
4,0.38060289941729064
4,0.3897483445270536
4,0.38195208791502105
4,0.3740826683216155
4,0.3763607873618888
4,0.3816087126232638
4,0.387883204653701
4,0.38606757573233574
4,0.39598433981850767
4,0.3792457607423505
4,0.3854492043738417
4,0.38213666201036584
4,0.38327061333101897
4,0.3833662408140257
4,0.3929516396359669
4,0.38276475156193307
4,0.3786376133813561
4,0.3778498687269263
4,0.38830148855138535
4,0.38135747724085234
4,0.3807010970311731
4,0.38678943673980565
4,0.3764732485159191
4,0.38063065391967454
4,0.38647490844542726
4,0.3866036895625106
4,0.3790156563936462
4,0.38498454408715993
4,0.3790759550997598
4,0.3856835835370698
4,0.3811364606715209
4,0.3848240653281029
4,0.3799303993745114
4,0.3821363835450513
4,0.3827129949996327
4,0.3879556454518203
4,0.39232910921458997
4,0.38366089256166364
4,0.37582285711228686
4,0.3821024889895498
4,0.38135839486136586
4,0.3857196649810422
4,0.38385447563077635
4,0.372604553503866
4,0.3732958127299258
4,0.3797225429727633
4,0.38607023431802817
4,0.38525692051212906
4,0.3788163257983193
4,0.3869300877144285
4,0.38245080024250705
4,0.3825551996748281
4,0.38538698336341437
4,0.38285697762958415
4,0.3774558910116799
4,0.37991041469284426
4,0.38526320423533417
4,0.38093242179995
4,0.37326304868180604
4,0.3802063303236129
4,0.38455070511606154
4,0.3900157824805602
4,0.3919125506155729
4,0.381780872823745
4,0.38174651551177863
4,0.38134322737598947
4,0.3961906978025861
4,0.38854055095517037
4,0.38971890840518797
4,0.3828792487760933
4,0.38474391635326877
4,0.3867056527295712
4,0.37684321992972203
4,0.3755697968573427
4,0.3694399694047208
4,0.3880623626263462
4,0.3859820043946038
4,0.38008253627618527
4,0.38575296079774285
4,0.3860238566152218
4,0.38183801210138485
4,0.38744965464365394
4,0.38663804721706013
4,0.38272933055669917
4,0.37929656509786297
4,0.3804148011579448
4,0.3873927652639809
4,0.37652501950578676
4,0.3857612653959054
4,0.3825358481901035
4,0.39398486912888936
4,0.3837851626876161
4,0.3810299794080027
4,0.37796483449945834
4,0.3820739129605103
4,0.3838671873468249
4,0.38287765211053126
4,0.3806417147680308
4,0.3872243096837397
4,0.38779490879177303
4,0.38391635949883984
4,0.37875813618825677
4,0.38952903087373586
4,0.38538816086362215
4,0.3840376689890865
4,0.3849088638516196
4,0.3935059422588839
4,0.3792376829559502
4,0.38748443609526156
4,0.37624906086533566
4,0.38244717597880945
4,0.38239252761436965
4,0.37807283327997643
4,0.37699413024424727
4,0.3933193112196844
4,0.39034433012689645
4,0.39016122032282563
4,0.380858386090196
4,0.3849480094060642
4,0.3761312067500736
4,0.38266713958724297
4,0.384458875628564
4,0.3808560896014124
4,0.381476551329322
4,0.39029310823786983
4,0.38553365248125365
4,0.3831482407353048
4,0.3828019917122221
4,0.38498754263195173
4,0.3876761739371278
4,0.3800323377359469
4,0.38099255284239536
4,0.3858683143175802
4,0.38678029744341935
4,0.38228710745979194
4,0.38949276314097425
4,0.3870015893072003
4,0.38252847734435363
4,0.38258314716022024
4,0.38292630263758
4,0.38420830077252216
4,0.38494313715614376
4,0.3800545674906182
4,0.38962493973786533
4,0.3891208144271621
4,0.3804271017237062
4,0.3835107073725304
4,0.38427441142502816
4,0.3901559230109424
4,0.3866434616779087
4,0.3939462436103407
4,0.38661041522958556
4,0.38333989437739235
4,0.37868599726630475
4,0.38656979557767013
4,0.38749283836659154
4,0.3822497141825573
4,0.38395268220025885
4,0.38254833533725857
4,0.3686140079670493
4,0.3775408421284904
4,0.3880041643733841
4,0.39324412464234126
4,0.3780837282830421
4,0.3864908586373925
4,0.39174279540479445
4,0.3868951938081577
4,0.3846143245855338
4,0.38812599037065154
4,0.37564554319766497
4,0.38277376660276957
4,0.38239469789412006
4,0.38445036340191446
4,0.38435726862903247
4,0.3848615708861919
4,0.38357200210113596
4,0.386476151776834
4,0.3796856692345405
4,0.38402557351769384
4,0.38205138955660134
4,0.3830074636718874
4,0.37803881608501844
4,0.3726717265802796
4,0.37650796031633865
4,0.3819948019668166
4,0.38635774752848034
4,0.3881663510624217
4,0.3928100037177071
4,0.378754082921392
4,0.3928361640155725
4,0.38230101213260353
4,0.38612166999158937
4,0.381233482549613
4,0.3773919242130005
4,0.38909775631903676
4,0.3804595134103781
4,0.3874310051240474
4,0.37905826769415274
4,0.3877668181864619
4,0.39650667989643235
4,0.37823429052547425
4,0.39059263544383127
4,0.37619596338858746
4,0.38164120745880414
4,0.3823654745368936
4,0.39102803414615633
4,0.3786424503734738
4,0.38455578798022255
4,0.3866040256479687
4,0.3921578735718659
4,0.38440609846585816
4,0.38709612985712166
4,0.3814061837190558
4,0.38798365339211927
4,0.38195862283567034
4,0.3879512648797569
4,0.38267714518477647
4,0.38240612615892955
4,0.3954817141027482
4,0.38291017448209996
4,0.3886421112679646
4,0.3826108706885894
4,0.3877657792378703
4,0.38092163838316245
4,0.3871196069403141
4,0.38357161000202583
4,0.38773414050238036
4,0.38703011320902747
4,0.3776594367408962
4,0.3864112311521091
4,0.3865884942397365
4,0.3840223470550477
4,0.3864059178453675
4,0.3845055671119877
4,0.37955453083411955
4,0.3852858539915719
4,0.3763551042332866
4,0.3814753951713587
4,0.3852972550783552
4,0.3816060352085008
4,0.3831729583120073
4,0.3775854842930055
4,0.3823122039968101
4,0.3837212999369294
4,0.37889412633632413
4,0.3819900917788854
4,0.38140790455059626
4,0.3888601926869661
4,0.38771438367703537
4,0.38821590059515587
4,0.3905457659879081
4,0.386595021994752
4,0.3847593303447451
4,0.38206541336428324
4,0.38821088834412526
4,0.3840629283142222
4,0.38028810256704876
4,0.3849969301451659
4,0.38173192069002204
4,0.3873398098168859
4,0.39117376246888524
4,0.3834059541792324
4,0.38619472485648
4,0.3882028668379433
4,0.383365166408564
4,0.38592030800784005
4,0.3840542830471163
4,0.3816405936361152
4,0.3834989481618337
4,0.3776271840448985
4,0.38370723690195707
4,0.3832552566554411
4,0.3851491812446821
4,0.38487363176680267
4,0.37803933478766205
4,0.38865978076991325
4,0.3921854563834313
4,0.38449988014455205
4,0.38418800914054113
4,0.38500113524580415
4,0.38652845808492636
4,0.3862190404950301
4,0.379159131148445
4,0.3780587710341101
4,0.37970906927958564
4,0.3857132134427875
4,0.38296447688446367
4,0.3792516065900223
4,0.38658571929254115
4,0.3867208602322978
4,0.3794409036692389
4,0.38082126934490895
4,0.38016602140399053
4,0.38473169326774687
4,0.3798183283981773
4,0.38592479152450854
4,0.3829012789078201
4,0.38285241743840914
4,0.3813540345259773
4,0.38018988210742394
4,0.37887439615346785
4,0.3795301418337897
4,0.3889532921225668
4,0.3850965503898785
4,0.386609063818325
4,0.38234451089987126
4,0.3816493719985788
4,0.3789872785748074
4,0.3918354325207584
4,0.3843404723973809
4,0.3877116693274617
4,0.3934053440204928
4,0.3826462085320416
4,0.3828764173384203
4,0.38613176494119944
4,0.39845997746002365
4,0.3850064254499507
4,0.3864954824373862
4,0.3780392608825267
4,0.38597549801997705
4,0.38016071582988126
4,0.3853288902407746
4,0.38442833038041196
4,0.3851978035970136
4,0.3925520644891927
4,0.38554113623024533
4,0.3837976664546274
4,0.3871107612781732
4,0.3818157456707892
4,0.38454186951190134
4,0.38754129080226973
4,0.3867464570537794
4,0.39247335045811643
4,0.39261735746355486
4,0.38757878130271295
4,0.3838696438738195
4,0.3828046332796506
4,0.38196031132879305
4,0.3843116177580123
4,0.37735721804386085
4,0.3867854802788631
4,0.38135300034423486
4,0.3814938426278377
4,0.37791708512777805
4,0.3857482848697499
4,0.38231507090236627
4,0.3836480001457754
4,0.37921231376824305
4,0.38096699569276116
4,0.38811921060742194
4,0.37747987209692485
4,0.38922700414214817
4,0.3913507328598004
4,0.38799439559686116
4,0.38368334425000744
4,0.3783448825826509
4,0.38380223177376743
4,0.3786621087505375
4,0.3727253647813793
4,0.3863541935867804
4,0.3815861064816562
4,0.38813232562488614
4,0.3774936305161298
4,0.3815362340710114
4,0.3818872096906398
4,0.3829658172263862
4,0.37739492919998546
4,0.39490633039572187
4,0.3843068389436669
4,0.38072944320961644
4,0.39061707271085055
4,0.3789833604209973
4,0.38897387052048715
4,0.3814058554273431
4,0.3820459621655007
4,0.3802288085595706
4,0.38060402648011177
4,0.38600369586194033
4,0.38373891079895883
4,0.37931564493785247
4,0.3877443670268551
4,0.3884602945201476
4,0.37166950231792795
4,0.38153464063730563
4,0.37854543681273195
4,0.38840269982212594
4,0.379884549204058
4,0.3785614396882958
4,0.3896655923765445
4,0.3777891260633793
4,0.38406298268222727
4,0.38083522061593017
4,0.37941867536793716
4,0.3817661429018589
4,0.37954751653786034
4,0.38025061014608386
4,0.3864789887876039
4,0.3821291610635128
4,0.3931488363002673
4,0.38052979799957565
4,0.3860667961243354
4,0.3961236766642867
4,0.3812838882317851
4,0.387633846585336
4,0.3824446658663221
4,0.3766442926152425
4,0.381536933910313
4,0.388489400723038
4,0.38493375099459026
4,0.38848505811424483
4,0.37587191179921203
4,0.37774562614193724
4,0.3861951654964658
4,0.37992672355487206
4,0.38523820756058486
4,0.3822293941736037
4,0.3851905716455017
4,0.38577039217698467
4,0.3798361830191482
4,0.37833161050222663
4,0.3873218147962175
4,0.37816385279894776
4,0.3835677590365421
4,0.3843199591080811
4,0.3814917254402285
4,0.3881583700174666
4,0.39439961663048145
4,0.386004078732149
4,0.37973325626717674
4,0.3831846965024747
4,0.38475161261684915
4,0.37464943872525525
4,0.3888651939895975
4,0.38548201136519467
4,0.39142544776246957
4,0.37826557421426565
4,0.38304080628421305
4,0.3837267887023016
4,0.3789932175081215
4,0.3783347909502241
4,0.37565549476449145
4,0.3770436287139319
4,0.38639629891415833
4,0.37773137104970994
4,0.3879805874888692
4,0.3821007497405511
4,0.3861054766107811
4,0.3910229776597931
4,0.3928340261617988
4,0.3774476112566531
4,0.3794159213476377
4,0.38845914146547966
4,0.39006516500272564
4,0.3730187404696014
4,0.3885255673188919
4,0.38565738261044114
4,0.39122091174777823
4,0.38642548469552407
4,0.38323689137114403
4,0.38661369580169824
4,0.38942333730108636
4,0.3824587563162264
4,0.38582054699339363
4,0.3855444766020198
4,0.388801928729662
4,0.38504882284650643
4,0.3833638978563512
4,0.37671994350669424
4,0.38538248372223943
4,0.3888506147095287
4,0.3859867698952667
4,0.3820835703058679
4,0.3794502509207137
4,0.3872610577386883
4,0.3888854128808571
4,0.3838576807381444
4,0.38362436037823683
4,0.3830634405158016
4,0.37346790618486164
4,0.3901732521154141
4,0.384245119765994
4,0.3811616419955612
4,0.39058102828438795
4,0.38378515040610384
4,0.3790291097824308
4,0.3850423470021731
4,0.3847240201913184
4,0.37680427172745984
4,0.3857328683637382
4,0.3836735113008576
4,0.3803112764130665
4,0.3828540751009989
4,0.37958226045815907
4,0.38444973483545686
4,0.38793244133142557
4,0.38719510563322246
4,0.3804218824477073
4,0.3893937723661406
4,0.3793824036510118
4,0.38438328499869967
4,0.38867273940865654
4,0.38072773200341214
4,0.38375874896736484
4,0.388904822345355
4,0.38196638220060847
4,0.383110536222279
4,0.38612876819121167
4,0.3840585774699429
4,0.39164113811192325
4,0.3889577007487996
4,0.38043298178166157
4,0.38133054354318524
4,0.3786395022405142
4,0.380843398646812
4,0.38737382405420306
4,0.38794557572575133
4,0.3868423656185074
4,0.38244731028262013
4,0.39130784664912543
4,0.38563998574811104
4,0.38797968985049036
4,0.38897311546681534
4,0.39358920813837334
4,0.3805359803498932
4,0.3835528689866872
4,0.384463000130215
4,0.37377996443042083
4,0.3773923153809686
4,0.3837161184608242
4,0.38992156019361707
4,0.3804776983968887
4,0.3893500999084467
4,0.38036428705089226
4,0.39423755362894286
4,0.3807102977455692
4,0.3827101873293587
4,0.3753230789418658
4,0.38805997113905744
4,0.3807896558135827
4,0.39209263706531033
4,0.3798705176343529
4,0.3851570355371719
4,0.3818657050311945
4,0.376832596944905
4,0.3837182019428425
4,0.3863966117218945
4,0.38811892404421655
4,0.38919742743309077
4,0.3892782471237788
4,0.37955413783785663
4,0.3806495620412629
4,0.3806943407287627
4,0.3773713968196137
4,0.3820906803676614
4,0.3854095329254839
4,0.37996775499909285
4,0.38429867579706917
4,0.3797255099903661
4,0.3795621289693187
4,0.38483903400616826
4,0.38472337511810883
4,0.37554286995484226
4,0.3841374556426378
4,0.37446966803105636
5,0.38601396339688576
5,0.3721864659065235
5,0.37234531375741636
5,0.3756013925748915
5,0.376682854323377
5,0.3711200638282357
5,0.3731585417318501
5,0.3720488274988765
5,0.37328945551067816
5,0.3767689726097744
5,0.376123836697271
5,0.37329127882287455
5,0.37284049947796066
5,0.3691209651335413
5,0.36603751324313927
5,0.37365426815913677
5,0.3727954652986335
5,0.3763567773445247
5,0.3760436633790361
5,0.37148251684995004
5,0.3755450510957779
5,0.3706507467121483
5,0.37069804947063134
5,0.3792612878888796
5,0.37844907951319184
5,0.37758152283725643
5,0.3770413287878333
5,0.38056393080848744
5,0.3681043200036295
5,0.3794808103630405
5,0.37725498685188086
5,0.3699768723160779
5,0.37484027471420445
5,0.3767569737653026
5,0.3732448612352186
5,0.38301876973662025
5,0.37724586815815797
5,0.3679917964507544
5,0.38230885551498456
5,0.3669982954394535
5,0.37718058673057797
5,0.3702843875217791
5,0.3700384559838832
5,0.3777285223835386
5,0.3750582495104042
5,0.37688440431205833
5,0.3761313808011622
5,0.37026924020109586
5,0.3742388813194901
5,0.37133023321698005
5,0.3744119298871189
5,0.3751409732716733
5,0.3809490841151295
5,0.36820465029747407
5,0.37567429599402286
5,0.3728506969922275
5,0.370091204326602
5,0.3772880681645432
5,0.38360046346750304
5,0.3708407079418165
5,0.37866142675401304
5,0.37627098205609544
5,0.3786118028278915
5,0.37311287679376065
5,0.3725594210429589
5,0.3811638260310157
5,0.3731366819936365
5,0.37358283926118085
5,0.37818189075446595
5,0.3720468622789835
5,0.37680520575344284
5,0.37900204175931757
5,0.37752712775189146
5,0.37638301238396493
5,0.379338437190211
5,0.37411336192421
5,0.36641045960665536
5,0.3780681321017559
5,0.37499377816312873
5,0.37845597445169105
5,0.37480433134486485
5,0.36906275958298135
5,0.370247159623173
5,0.38087450761593433
5,0.37679482577323786
5,0.3744432374266979
5,0.37842722495590236
5,0.3771677733158935
5,0.3753854538984018
5,0.37533826376072604
5,0.37615201314338964
5,0.3736724034188004
5,0.38128228093983063
5,0.37019476982482735
5,0.3735370592232652
5,0.3758645130772212
5,0.3739356971691402
5,0.37838446625804334
5,0.36997905294882727
5,0.37158288709334747
5,0.3758658117442404
5,0.3745217835672049
5,0.3714798171606561
5,0.37811588298715443
5,0.37398352034174975
5,0.3766704925406759
5,0.37639769464400147
5,0.3783197396638435
5,0.37386853352114086
5,0.369905751141644
5,0.3698916780970851
5,0.3709754893882273
5,0.3841007769525254
5,0.3715635264621153
5,0.3748168990520311
5,0.37578589960766556
5,0.37520534793901483
5,0.3722673484762507
5,0.37796662915309215
5,0.3673281514497024
5,0.3716682469036261
5,0.3743590113602048
5,0.3725425703933201
5,0.3703034936679877
5,0.3727748182526614
5,0.3781178062962326
5,0.38207812072139025
5,0.3666469569966421
5,0.3697661621654807
5,0.38213807185658494
5,0.3828879028735135
5,0.37230422670727004
5,0.37050565511843625
5,0.3750320948240663
5,0.36850216468474123
5,0.37191987748533256
5,0.3680427492337092
5,0.3800179071632489
5,0.3709946820454256
5,0.3674093703321205
5,0.37729320813633793
5,0.3824803790672215
5,0.3805468156096867
5,0.3759270617812856
5,0.3772179178225179
5,0.37595649203491277
5,0.3769641309516188
5,0.3762409852597755
5,0.3679250750014266
5,0.37793721963690385
5,0.3761088584037532
5,0.3732046963086921
5,0.3770158383301678
5,0.3726515447375328
5,0.37548144651033194
5,0.37785224435426573
5,0.3803850400842676
5,0.37731452131818327
5,0.3749417606727975
5,0.3815899847624578
5,0.3851498510273702
5,0.3796925312756482
5,0.37080422890014003
5,0.3754390075772478
5,0.3818704766259078
5,0.380053017929896
5,0.3730035180207864
5,0.3755613116747346
5,0.3759813234407045
5,0.37703492406807354
5,0.3709574606248559
5,0.374459885175718
5,0.3760481215761204
5,0.3795376385025487
5,0.3723391517517138
5,0.3760634156526831
5,0.3652551666557097
5,0.36988456436063205
5,0.3811516936572103
5,0.371305890362228
5,0.3681976244577592
5,0.37465685816720007
5,0.3739382157602361
5,0.37751072126699603
5,0.37899169128415405
5,0.37258906858479396
5,0.374345941256926
5,0.37481565227793834
5,0.37341119619496965
5,0.3756389259793596
5,0.3761454588583236
5,0.3677046547533199
5,0.37175234805538654
5,0.3748431928030692
5,0.37047757579064905
5,0.37173145320991857
5,0.37578517661543376
5,0.38115770950969996
5,0.3773891109386784
5,0.37450228553647946
5,0.3761846900436603
5,0.3730380414152084
5,0.3727796235755187
5,0.37913782477827174
5,0.3721861203666263
5,0.37260169566576656
5,0.37278347615673335
5,0.37465508469942305
5,0.37425551783518723
5,0.3721260877109376
5,0.3791418680714886
5,0.37143589671904126
5,0.3799807793038974
5,0.3729942788546592
5,0.37338065452773117
5,0.3771582673498371
5,0.37821229047534666
5,0.3771199902054839
5,0.37624448658727516
5,0.37419098024950637
5,0.3746460869330205
5,0.3764209461192829
5,0.3760887421562841
5,0.37200329047546143
5,0.3754509822470267
5,0.373720711335868
5,0.37344836130447834
5,0.3755325584229068
5,0.3794875520538913
5,0.37064612063132973
5,0.3811667487993932
5,0.37594277236223556
5,0.37628447484778343
5,0.37580077442558146
5,0.3783031820591655
5,0.3787105607020646
5,0.3725179990239377
5,0.37174688925119576
5,0.38296124918895336
5,0.37850107830321095
5,0.37820848875380225
5,0.37464466460951545
5,0.3809809471642768
5,0.3656496652987151
5,0.3694621736090991
5,0.371407684045752
5,0.3758621335771922
5,0.3735561411029294
5,0.36775508037081095
5,0.37758715719713537
5,0.37451667821756895
5,0.3728802329976757
5,0.3758917615837399
5,0.368320139417105
5,0.36966101946423435
5,0.36504156339439464
5,0.36865412364882966
5,0.37804205278865777
5,0.3766725185122504
5,0.3695264027054437
5,0.37591075292467735
5,0.37320176493383944
5,0.37322449830516974
5,0.37546517687722775
5,0.36756752717211216
5,0.37717190569546377
5,0.37929855972108556
5,0.3723935462322363
5,0.37336576708521685
5,0.36957171776438
5,0.3738121045516164
5,0.3730242370179317
5,0.3802174262344911
5,0.37764190180310997
5,0.371407797317328
5,0.37152283809292874
5,0.3678363162707445
5,0.3741914694452199
5,0.37131993922035533
5,0.3715091993044798
5,0.37291863190412344
5,0.3684144381696123
5,0.37659695795674314
5,0.37296222529102147
5,0.3797247908592825
5,0.37116584732258334
5,0.36835239393617697
5,0.365868092975405
5,0.3725840122459671
5,0.37545950558845304
5,0.37547356642956536
5,0.3752214583006613
5,0.3781992759774403
5,0.3765766301865226
5,0.37338508119190206
5,0.38085072124033376
5,0.367376887430059
5,0.3736165110128616
5,0.3703053409247561
5,0.3765934806587367
5,0.37552589767957456
5,0.3700977273834957
5,0.37635664642767563
5,0.38050409794685147
5,0.3705764236606201
5,0.37512759431815756
5,0.3808906306935403
5,0.3830316913690827
5,0.37882958908092423
5,0.36726949854015534
5,0.3757321861603688
5,0.37976120780385675
5,0.38379089548980777
5,0.3714011352610053
5,0.3674950304664662
5,0.3818225352853059
5,0.37638973176833396
5,0.3710202352507886
5,0.3794070075088356
5,0.3792105689568262
5,0.38045019528772495
5,0.37644652353298774
5,0.3740771362083071
5,0.3784388462647706
5,0.3741226965082413
5,0.3704191134328145
5,0.3801267406645778
5,0.37955691392679775
5,0.3753724079818467
5,0.3804253954081992
5,0.36820164415200046
5,0.37369037454597565
5,0.371687952704645
5,0.37812104894032605
5,0.3710047382001351
5,0.3713874922966455
5,0.3797024067287656
5,0.3685088254490026
5,0.37819131743876905
5,0.3732426881324535
5,0.3757082045453842
5,0.3787901358303986
5,0.376846656867891
5,0.3752149061385555
5,0.3705955711999957
5,0.37117275563960567
5,0.37804177313153053
5,0.37817640509287365
5,0.37576176326559685
5,0.37101515005119545
5,0.3718723941813634
5,0.3647308976478787
5,0.3783128721133482
5,0.37633066715866514
5,0.37806971584316035
5,0.37542742170728
5,0.3748573005116906
5,0.3753281776135338
5,0.3790411297315407
5,0.37565572496593447
5,0.37176972243543865
5,0.37573192022081475
5,0.37476685912985475
5,0.3733253281533375
5,0.3754853190551612
5,0.3712824516255326
5,0.3786673062419867
5,0.3776748888600323
5,0.3807897193180202
5,0.38191523467153105
5,0.37664764233637493
5,0.3785137253279938
5,0.37804143046657823
5,0.371353507186412
5,0.3721119208867991
5,0.37842673939190974
5,0.3762740981093752
5,0.3711945977036642
5,0.3737007675893053
5,0.37654069416678065
5,0.3754879342451518
5,0.3740993006719027
5,0.36875756396717735
5,0.3772938464298872
5,0.3655952035288376
5,0.3779923935116474
5,0.3754855875103902
5,0.3754577769134363
5,0.3798582289930444
5,0.37250283144545127
5,0.3729047859930287
5,0.37732799347005486
5,0.3792638551968847
5,0.3744420925831417
5,0.37479464284658
5,0.3722459741001684
5,0.36934919174050757
5,0.37579106650284155
5,0.37490496086720704
5,0.37355083102379516
5,0.37391811296657396
5,0.36684798959333637
5,0.3812787802932987
5,0.3742430379275654
5,0.36977117491416284
5,0.3761006582038679
5,0.37737326912320884
5,0.372380542781353
5,0.3688654854637715
5,0.37801951260671046
5,0.3727305723528916
5,0.37694408783109246
5,0.37510098609954723
5,0.3748934537724282
5,0.3788015345321684
5,0.3746120350618445
5,0.37511517291735236
5,0.37871540134396015
5,0.37139874561341135
5,0.3807194905363818
5,0.3787231459840938
5,0.37378844947831796
5,0.3687463086394344
5,0.36966852035591713
5,0.3750074053992635
5,0.37833308163269874
5,0.3763123249048689
5,0.3731092478114431
5,0.37692737844886415
5,0.37693037222359144
5,0.3711063745651835
5,0.3706056535081411
5,0.37465007629251434
5,0.3658870250315243
5,0.37485816979902864
5,0.37969471632496743
5,0.368162126284128
5,0.370386571112414
5,0.373193812820002
5,0.37898296119757796
5,0.37062969266593987
5,0.36472643699267276
5,0.3769833657696251
5,0.3761255816299437
5,0.38024153656747733
5,0.3713352380248599
5,0.38153868828664006
5,0.36948710321895517
5,0.37572634026796675
5,0.37022445362462464
5,0.37080027152320233
5,0.3758338127807523
5,0.3794162986408282
5,0.38309849098450915
5,0.3729469189806111
5,0.3702642108695982
5,0.3764271844751987
5,0.3698182074029846
5,0.3729014555702409
5,0.37979869434220126
5,0.37231376498217095
5,0.3771802283383721
5,0.3714443681757384
5,0.3696904016531966
5,0.37382590587709275
5,0.37522104523035693
5,0.37546096837582804
5,0.37839532705922674
5,0.38110400828248636
5,0.37120758029815526
5,0.37043477608073105
5,0.3752531175030093
5,0.37968703944690857
5,0.3694481330370235
5,0.3754484521979015
5,0.36353006267093385
5,0.3722349706943889
5,0.3737932591348764
5,0.3737356066476268
5,0.3751554491833466
5,0.37377118656406927
5,0.3801743373538327
5,0.3702128843376925
5,0.37483094599839634
5,0.372577060211062
5,0.37929268204195443
5,0.373311535987324
5,0.3666999335694076
5,0.374087694533276
5,0.3793596280626696
5,0.37243627993498996
5,0.3771144581751299
5,0.37436137066033415
5,0.3805727044341646
5,0.3742138391405754
5,0.3729540737083017
5,0.3763189287542782
5,0.37582838186171674
5,0.37519902225836144
5,0.37372453884573914
5,0.3732486554998974
5,0.37344632958128776
5,0.37232253535207105
5,0.3663344761053981
5,0.3752951455640474
5,0.37375216373855846
5,0.372332287560509
5,0.3734984889896704
5,0.37127701626516435
5,0.375854491307703
5,0.37257900489697565
5,0.3688123645710419
5,0.38059736746579426
5,0.3759179320782573
5,0.3734232331936012
5,0.3786933673228898
5,0.37498255432349664
5,0.3700394843147056
5,0.3741571887999253
5,0.38170364608723034
5,0.3790615026079752
5,0.36670781983349454
5,0.37348674320826664
5,0.37942406826383707
5,0.37587985980111366
5,0.3745426458443541
5,0.37250067523426433
5,0.37144131424225585
5,0.37174520599552424
5,0.37585079947936684
5,0.3757737926805924
5,0.3684586243342258
5,0.3786305369043036
5,0.37521640249462634
5,0.3748071773506636
5,0.3680526876312278
5,0.37690086452004223
5,0.37521764771262195
5,0.37528612953434315
5,0.37805312037501737
5,0.3731698537385971
5,0.3660551499228359
5,0.3752437593566727
5,0.3736750797789825
5,0.3717285442967254
5,0.3740916692090856
5,0.3781724480308339
5,0.3803757658281909
5,0.37296330103467373
5,0.38027157515599264
5,0.37048446905463456
5,0.3724752422632892
5,0.37379459934682296
5,0.3733606629357364
5,0.37054507935949577
5,0.37435993076962665
5,0.370836188532838
5,0.3731775315682729
5,0.3799064443296441
5,0.37638368679901024
5,0.36650872136806395
5,0.3680555623956103
5,0.3715660603981329
5,0.36858461758656313
5,0.3758207823732003
5,0.37621549663998155
5,0.37010216186234257
5,0.37237539492117794
5,0.3699979447178331
5,0.37064114149600746
5,0.3743880682889634
5,0.3724051538026487
5,0.37798831005092054
5,0.37306645026878904
5,0.3727840564284364
5,0.37080720442104936
5,0.36833705405748635
5,0.3674039654591414
5,0.3737454373806806
5,0.37268317713568555
5,0.37449764573098193
5,0.386483401499152
5,0.3754113318996496
5,0.37615723647312826
5,0.37804725620529184
5,0.3706871147013969
5,0.37922533419475163
5,0.3782385886480445
5,0.37557125276490494
5,0.3812755012205672
5,0.36617336799648476
5,0.37043565549437385
5,0.3735241560674696
5,0.36950778642804466
5,0.3680914513406474
5,0.36794418740610907
5,0.3740944265164904
5,0.37514148223443605
5,0.37558141839257325
5,0.37308317733191754
5,0.38065729264143133
5,0.3724214073743754
5,0.3768855605993461
5,0.3709324174059252
5,0.37109242956878397
5,0.37303826378883076
5,0.3715625233450278
5,0.37442259856082144
5,0.37387151541302605
5,0.37135408383563295
5,0.37510110661776247
5,0.37541599404001785
5,0.3763466042580341
5,0.37295244737784167
5,0.3696849471459816
5,0.37179425411109657
5,0.37710056969002737
5,0.3720053705425535
5,0.3742029630036467
5,0.3721999126733622
5,0.36652514814361226
5,0.3806230953492022
5,0.37554683901612784
5,0.37268991857238404
5,0.3744724353825
5,0.3766550442889185
5,0.3735969030986416
5,0.37862970940707397
5,0.3715722293275261
5,0.37505490065867547
5,0.36883482864796446
5,0.3703346669016618
5,0.37205483741277434
5,0.3776286250704204
5,0.380203586273279
5,0.3732504309621617
5,0.37795674553381686
5,0.3697757605945903
5,0.3747638951798411
5,0.3717165983759683
5,0.37538396755347064
5,0.37925965862322325
5,0.3739617796300739
5,0.385803661793588
5,0.36404715010451166
5,0.3742200053187989
5,0.383576480216194
5,0.3698550772178463
5,0.3686196110796831
5,0.3690772577911314
5,0.38026970304214136
5,0.3806299371640442
5,0.36806664456052557
5,0.37528705266843704
5,0.37778069188758495
5,0.3726977051928879
5,0.3768861283458698
5,0.37310728281479594
5,0.3765985757387907
5,0.37132256480780973
5,0.3691096447248576
5,0.36853042182586304
5,0.37305831249429733
5,0.3719195794186744
5,0.37342341782768
5,0.3705872951435133
5,0.37270089439923626
5,0.3745370263688651
5,0.3834427419205492
5,0.37551056564981444
5,0.37905951879961913
5,0.37218688339076444
5,0.37152747127805014
5,0.3763288900568928
5,0.37557122511597246
5,0.37548799373302716
5,0.3764855008930803
5,0.3774998749043081
5,0.37245756103503097
5,0.3739779854563526
5,0.3706902216483036
5,0.37447709366041176
5,0.36368436045071223
5,0.3728588823698983
5,0.37816362260401565
5,0.3760567064900536
5,0.374147005740783
5,0.36993069142052654
5,0.3711241845385745
5,0.37778617249746826
5,0.38299537766407055
5,0.37568727712202526
5,0.3745796690207687
5,0.37257245101467945
5,0.37133520488856825
5,0.3734201005136694
5,0.3756842457271183
5,0.37203019626427675
5,0.37655584281931515
5,0.3778896634909146
5,0.37388926839567677
5,0.37006659425708827
5,0.3722474484100541
5,0.3769925323500517
5,0.3728589261546481
5,0.37272919326410286
5,0.3745773639901472
5,0.37715395882165614
5,0.3690389382118036
5,0.37099403229375844
5,0.3781650397520871
5,0.36699313848437676
5,0.37531875192574515
5,0.36997561296893705
5,0.37954259757087006
5,0.37508645152481335
5,0.37047684969949857
5,0.36762998306245537
5,0.37687309462529844
5,0.36965516959607764
5,0.3737476057121095
5,0.3740523093391449
5,0.3801711930098381
5,0.37943673741014244
5,0.3696866532965983
5,0.37513748738684816
5,0.37362908965387615
5,0.37512026003936294
5,0.37602229738408605
5,0.3786573124659329
5,0.38073193200587035
5,0.37421479941516356
5,0.3695034273845792
5,0.38071490196570174
5,0.37541859725758436
5,0.37585859436004404
5,0.37884257419750816
5,0.37302646457006633
5,0.37404180896900124
5,0.37567967898197585
5,0.3788238251230887
5,0.3775851619254298
5,0.3780484240746817
5,0.3764065825296702
5,0.3701613309872833
5,0.37875558842522644
5,0.38173371411273327
5,0.36796956714499407
5,0.3785881510579113
5,0.3668923765414106
5,0.37102893026432776
5,0.3700742471563008
5,0.3680162814925043
5,0.3725491492580132
5,0.3723236728044072
5,0.3681600125958855
5,0.37956107617093554
5,0.3739286301269478
5,0.3681514235477904
5,0.37702599638181283
5,0.37835361747699986
5,0.37496505825039145
5,0.3681863374739658
5,0.3748832146872108
5,0.37784572609887557
5,0.37455488279068544
5,0.36738775976391325
5,0.3748467413758808
5,0.36812336396383505
5,0.3754937006969133
5,0.3675110608750478
5,0.37679309405706096
5,0.3716200266980898
5,0.37766090239779654
5,0.38466552247418695
5,0.38146054154275083
5,0.377274052828977
5,0.37796735614876625
5,0.38106473286213827
5,0.37180399776533896
5,0.36724805887565826
5,0.3795534557382791
5,0.37434374115722246
5,0.37428308722297476
5,0.37194479575940853
5,0.3742707197726251
5,0.3722213677320831
5,0.37522138906653574
5,0.37216539926772946
5,0.3811496802730806
5,0.3738693509250031
5,0.3748998714396395
5,0.3685579274877575
5,0.38046832943043135
5,0.36705154847759175
5,0.37778042673990725
5,0.3714493846403414
5,0.3761473829877226
5,0.3746192472139658
5,0.37194190242479436
5,0.3720551334566036
5,0.3777813604838436
5,0.3785476658935521
5,0.3752762373065705
5,0.37639292960634
5,0.37839844383408316
5,0.3776104638786865
5,0.3719044548481863
5,0.36724310480496186
5,0.3809710805025299
5,0.3774502646934432
5,0.3774753944934271
5,0.37505008196411005
5,0.3712658867101634
5,0.3735171992898611
5,0.38068701895378904
5,0.378344223005895
5,0.376976549834305
5,0.3743319301191909
5,0.38097711198675965
5,0.37956989586460865
5,0.3785657543517677
5,0.37342722153007313
5,0.3776180528347813
5,0.3783720619069108
5,0.379778939130135
5,0.3734496320966259
5,0.37960020158540675
5,0.3789491311138706
5,0.37855023811612837
5,0.37834453636975923
5,0.37139706659838934
5,0.37335692708234774
5,0.3810505908230829
5,0.3814683057222169
5,0.37609385472802404
5,0.3770914492688693
5,0.37047697239057925
5,0.37834365054883223
5,0.37331188083560635
5,0.3751771733336514
5,0.37211117398754595
5,0.37998116504531454
5,0.3724513492295815
5,0.3695333837812398
5,0.3722836344848759
5,0.37419564020931345
5,0.36621516125499154
5,0.3829076879519246
5,0.3713102822721047
5,0.3683479441584462
5,0.3661479418408839
5,0.38204682127877226
5,0.37142302347514394
5,0.38076141533898106
5,0.3796527466283297
5,0.37674191886610353
5,0.3820718021230592
5,0.37747833388558766
5,0.36776759714428287
5,0.3737055808426295
5,0.3712768033497702
5,0.3710720746158536
5,0.37445224073537925
5,0.380726274596517
5,0.379516083672425
5,0.37562018860735547
5,0.3716580795628331
5,0.3702889613172391
5,0.3781553233491319
5,0.37392499192282586
5,0.37456001203763895
5,0.3759169779941052
5,0.3771570885795542
5,0.3698977229901537
5,0.3804959661462984
5,0.3705321953199493
5,0.3733129945768638
5,0.37890608746376103
5,0.38181271189516847
5,0.3754094178873402
5,0.3762512988449503
5,0.3771990393155781
5,0.3751700347753102
5,0.37519862407306837
5,0.3829734785186964
5,0.37169167001815373
5,0.3820045321263931
5,0.37695713765749805
5,0.37532449681053165
5,0.3741975659018074
5,0.374021703773085
5,0.37644773794424913
5,0.37899077960804073
5,0.37500518190158666
5,0.3736195551802669
5,0.3779471715874741
5,0.37671314899127334
5,0.37909332097873616
5,0.37904173402147795
5,0.3728725398868554
5,0.3782022926454249
5,0.3683171915985677
5,0.38142962928245855
5,0.3767747760234391
5,0.3765960855279736
5,0.36940170483944235
5,0.37293245252093876
5,0.3784862734743737
5,0.37036114972987805
5,0.368426038832438
5,0.3745972250031911
5,0.37415646684463194
5,0.3688402398189774
5,0.38530522902328085
5,0.3756162087658531
5,0.37582851314511445
5,0.37453143381102005
5,0.3680969127606664
5,0.3686666425896842
5,0.3750081853676297
5,0.3747055711802836
5,0.375525928526051
5,0.37070262559304606
5,0.3745531941770172
5,0.3754486864024168
5,0.3721683261189344
5,0.3763909508895477
5,0.37200243474927125
5,0.3743209654725965
5,0.38602563522216893
5,0.3751124460343894
5,0.3820119520272644
5,0.37699243468945487
5,0.37452873363588896
5,0.3716733384679841
5,0.37168100074000004
5,0.3681691636746861
5,0.3743781249647926
5,0.37602736641607654
5,0.37523226648341634
5,0.36881429602747423
5,0.37515401240188645
5,0.3757575952315883
5,0.3805521195271292
5,0.3765939538201403
5,0.3728850155970857
5,0.37774744913065167
5,0.3669206471200448
5,0.37183379641598835
5,0.37372575862198837
5,0.3695970802355783
5,0.3760070775018471
5,0.37187223476670317
5,0.3764627762167541
5,0.38009347422481293
5,0.37083109851826507
5,0.3674162093156365
5,0.37654754841627375
5,0.3726258653613941
5,0.37807661810680027
5,0.37723987339458565
5,0.37936929624587634
5,0.37656660439069717
5,0.37455482712847105
5,0.3724752781577893
5,0.3786969338529338
5,0.37807858110831327
5,0.374260267936061
5,0.37390724636773903
5,0.3712749373206653
5,0.3702137000023841
5,0.3765464414253844
5,0.3723560950751991
5,0.3772962477113047
5,0.3674713433941309
5,0.37995213771362085
5,0.36907929231016384
5,0.37907690202544586
5,0.3682515499720663
5,0.3716306829684183
5,0.3717187365590601
5,0.37255487384242764
5,0.3791550787141997
5,0.36709338673920616
5,0.3700999849097596
5,0.3731837905252921
5,0.37399473503290853
5,0.3683229993709069
5,0.3718224602851742
5,0.3769816765409574
5,0.36994348693289725
5,0.3736048767553874
5,0.3735180719321382
5,0.37674064976455646
5,0.3812917992808953
5,0.37571582772752865
5,0.3729205071543334
5,0.37002910963605784
5,0.3725712877814997
6,0.36358288799602084
6,0.3630538038072514
6,0.36631625020893843
6,0.36497899849786947
6,0.3699617990486789
6,0.3646630663532455
6,0.3673080115816087
6,0.3642299511828672
6,0.3623337131499838
6,0.36948427931974615
6,0.3659208952199153
6,0.3635497393157307
6,0.3723392485889951
6,0.3655885516870158
6,0.3632040240406523
6,0.3577576982365261
6,0.36720070081779993
6,0.36479209526280004
6,0.36674679064175214
6,0.3681523651476413
6,0.3676068604599083
6,0.3615605934154961
6,0.36394169834976353
6,0.3641017987837731
6,0.3689279181761745
6,0.3644853491803869
6,0.360235277298812
6,0.3557408809769286
6,0.36083739147585847
6,0.3620982997834863
6,0.36446507392107597
6,0.3707816865608812
6,0.35984423203901494
6,0.35775941639976283
6,0.3607115004269881
6,0.36621477570269645
6,0.35823803704351737
6,0.3678492519746629
6,0.3548076532260315
6,0.3721182466002686
6,0.3641689249025489
6,0.36591064792934075
6,0.37069781312678346
6,0.36810946696637764
6,0.36392859696808144
6,0.36385363850830915
6,0.36152555005278386
6,0.36251687874658917
6,0.3582279816576697
6,0.3642157562913466
6,0.36120013084991903
6,0.36317746930769845
6,0.366823751963255
6,0.36603200199909725
6,0.3665809298143505
6,0.3675165542116214
6,0.36521399906114915
6,0.3611079448152966
6,0.36477556552227614
6,0.37421975509733296
6,0.36498324711338226
6,0.3593464897105379
6,0.36219994354133767
6,0.36153901226882973
6,0.3657229513559179
6,0.36599467979813916
6,0.3609069677078209
6,0.36718896860859046
6,0.36009378871100906
6,0.36482285765728034
6,0.36224031367825515
6,0.3631892379139696
6,0.3683782786763708
6,0.3680121560789639
6,0.37265133964614094
6,0.36575044905432447
6,0.36687177076444144
6,0.36438206593806216
6,0.36000645982503127
6,0.36962571189283566
6,0.36696476238450504
6,0.3634915034638777
6,0.36385935193745533
6,0.36081076572120724
6,0.3617987957642359
6,0.3609472824628934
6,0.3627365627948101
6,0.3714610656986797
6,0.3586558806334677
6,0.3590669777689457
6,0.36493815564430904
6,0.36100795937014923
6,0.3694296623385533
6,0.3704573029758991
6,0.36348423231035093
6,0.36581190750095466
6,0.36896659532427184
6,0.36153320652027127
6,0.3615642741864886
6,0.36328110277974124
6,0.37325674704535067
6,0.3590820937023729
6,0.3615389927752043
6,0.3699084389811402
6,0.36435066376223674
6,0.3627669442598134
6,0.3681421491807377
6,0.3605451128428397
6,0.35806336334191585
6,0.362886911774265
6,0.36487356599044235
6,0.3609445600740276
6,0.3651410561025672
6,0.3599368412634842
6,0.3632349322841118
6,0.35744016918418287
6,0.3600033014454331
6,0.36087627068498446
6,0.36270167118516433
6,0.36606702057492985
6,0.3612742385266344
6,0.3650314710950201
6,0.36430193325018895
6,0.3628544813953787
6,0.36107014888051514
6,0.3674749635996126
6,0.3682495580197457
6,0.3666453394535851
6,0.3641012092891054
6,0.3673884722964127
6,0.36418147782030497
6,0.36317896666052024
6,0.36675740145604074
6,0.3649759377018908
6,0.36404379927174535
6,0.363706754244299
6,0.364615220148907
6,0.3611635577619116
6,0.37011772373145807
6,0.35864352643558456
6,0.36747599006427834
6,0.36612091998022506
6,0.36943583188361423
6,0.36169674256986856
6,0.3665871444806605
6,0.37389518392003773
6,0.3741974175564875
6,0.37547215088257613
6,0.37103463989671503
6,0.3650536088097576
6,0.3706709411851952
6,0.3701726275721831
6,0.37257735988341073
6,0.3677277738438197
6,0.36613453387576883
6,0.36638373924570744
6,0.3670051888001668
6,0.3697176325482055
6,0.361827307778917
6,0.36765463132938214
6,0.3705574980543929
6,0.37225866522266626
6,0.36038198154871076
6,0.36541525044279066
6,0.36295012843153157
6,0.3576294925095118
6,0.36663452378727335
6,0.36314674521705476
6,0.3707579616388932
6,0.36922829938655966
6,0.3650651127095956
6,0.3611125011812558
6,0.36969143258384074
6,0.36549427873855866
6,0.3691621559225372
6,0.36751932193346754
6,0.3625388795455548
6,0.36297600979775857
6,0.3628975653983974
6,0.3644065187544494
6,0.35998268196778793
6,0.36460140072566205
6,0.36597668142016687
6,0.365227626693114
6,0.3675916418505027
6,0.3639962018538352
6,0.36147447511848463
6,0.37360930933477254
6,0.36110725664660565
6,0.36738963261423574
6,0.36520568330810643
6,0.3734651500562445
6,0.3624771286639111
6,0.37232058142258445
6,0.36233804921688834
6,0.36566013644182704
6,0.3587845488242068
6,0.3660120951276731
6,0.37014504023602984
6,0.3687594441433347
6,0.3699341332396253
6,0.3759300110356727
6,0.3668562972512668
6,0.3688134558330983
6,0.357769566445129
6,0.36282400725865405
6,0.3644957465731843
6,0.3599279543484748
6,0.3604765759235948
6,0.36690109882367133
6,0.3664273678628517
6,0.3624818146518859
6,0.36977493232333913
6,0.36251105688195423
6,0.3635434024097706
6,0.3607555133985756
6,0.3681590455548794
6,0.3560830696194305
6,0.36666133029990744
6,0.3683769264081574
6,0.3574321905533049
6,0.36462564125671904
6,0.36599191487848676
6,0.3603133394778424
6,0.3725311390613703
6,0.36171872559582063
6,0.3629388379289981
6,0.36521763777493693
6,0.36396202897109176
6,0.3715166999981004
6,0.3652423536202592
6,0.3643410753646261
6,0.36727788267638445
6,0.3665959946306817
6,0.3667804032035804
6,0.37060416097018767
6,0.36551929471347006
6,0.36865393968335364
6,0.3615487185272667
6,0.36106830698409176
6,0.36118759412424295
6,0.36682559460332087
6,0.3580098265246624
6,0.36451130088978767
6,0.3607879894446787
6,0.36547858813120293
6,0.36469672411481807
6,0.35967732651840145
6,0.368950250367225
6,0.3642528639629301
6,0.3689540659472796
6,0.3600245196422182
6,0.3684202359168306
6,0.3681126224209521
6,0.36354413569585553
6,0.36630010859716566
6,0.3579563387163572
6,0.36808951741722806
6,0.36908480867499693
6,0.36732483550810535
6,0.3633403035395926
6,0.3702551716356688
6,0.36319228089962086
6,0.3698290216766683
6,0.3548721702762249
6,0.36292094261535973
6,0.36562047017377286
6,0.36620655069414587
6,0.36233557797837285
6,0.36033457911442823
6,0.3609428734457686
6,0.36808306855501594
6,0.3641671186590989
6,0.3559983470673187
6,0.3657113274311067
6,0.36621176359960633
6,0.37646353879642247
6,0.3618410590919031
6,0.3686016299535193
6,0.3643607668715348
6,0.3602067948402295
6,0.3712958985295706
6,0.3632336191409919
6,0.3713861107776104
6,0.3646355305762047
6,0.36317580614996203
6,0.35767009007168943
6,0.36594377485946344
6,0.36913406737922283
6,0.3642469185501829
6,0.3669225296045437
6,0.3701787587244202
6,0.3640528341042949
6,0.3654326564860109
6,0.36497474036666117
6,0.3660794417137729
6,0.3716162407674007
6,0.36497659628771306
6,0.35532153998935706
6,0.3651079272649289
6,0.36034035305746237
6,0.3681035124478928
6,0.36239814772446705
6,0.36470948394664915
6,0.36565124530488896
6,0.36955698550377664
6,0.36254922815939217
6,0.36627767906949477
6,0.36185579496765535
6,0.3654669827427174
6,0.36218649668748726
6,0.3625519821164981
6,0.3640280536849941
6,0.3618303841237576
6,0.36877340510225176
6,0.36755066471787357
6,0.3593980637319959
6,0.35883316756951766
6,0.3656002374435943
6,0.36307828797095504
6,0.3657960481071148
6,0.36328007576446475
6,0.36833078372477085
6,0.37137095670501924
6,0.3604498913971466
6,0.36282038887464435
6,0.3614693975148092
6,0.3522486127830012
6,0.3655468360697434
6,0.36592683056938796
6,0.36743521834849724
6,0.3674358383286721
6,0.3578817112388756
6,0.36354370983927087
6,0.3629784293491334
6,0.36208426738471006
6,0.3614756820165346
6,0.36739541069079834
6,0.3646896988268158
6,0.367974960096459
6,0.3653897352961589
6,0.3699870729879961
6,0.3608204883240672
6,0.3630272018598881
6,0.3543304081644299
6,0.3635780181031711
6,0.36149347210568555
6,0.36057010687702573
6,0.36708142145201317
6,0.36347969403924063
6,0.3625841659443881
6,0.3566356172315155
6,0.3663220681535173
6,0.36857267483268835
6,0.3610106373342452
6,0.3596770691782449
6,0.3669554771358408
6,0.3699127879484841
6,0.36364384354308793
6,0.3611861475184192
6,0.3668680756219998
6,0.35899896831461403
6,0.36786677304984394
6,0.36863760931927964
6,0.36926953651591454
6,0.371276777131275
6,0.36750934147719116
6,0.36500308666094106
6,0.36812244539339656
6,0.36999746491934304
6,0.36626352262190004
6,0.36381758164772915
6,0.3620849674590435
6,0.35486444045838134
6,0.36651010254873007
6,0.36311586907157084
6,0.3558260079459246
6,0.3650097652252525
6,0.36672297309035645
6,0.3619506228978376
6,0.362829301543056
6,0.36573112294178683
6,0.363849704141578
6,0.36059194240058345
6,0.36061061025604296
6,0.3705669491620871
6,0.36753092387800096
6,0.368258894459622
6,0.3593955266102051
6,0.36448624246242006
6,0.3662118766103013
6,0.36196559138526696
6,0.3585028073803647
6,0.3614022360873482
6,0.35801625605830406
6,0.36447891288315093
6,0.367849574275374
6,0.36996482676836184
6,0.36248563290892516
6,0.3702563379497153
6,0.37201503621927884
6,0.3669177977607995
6,0.3678036168166254
6,0.36406014906892925
6,0.3722273600582314
6,0.3655303917948632
6,0.3625066991273135
6,0.36332937905735524
6,0.36601886273527573
6,0.36517966436323773
6,0.3697259409485214
6,0.3654909573496789
6,0.3669446309409224
6,0.3746847581885287
6,0.36786360469490065
6,0.3629114137719706
6,0.36355802889185096
6,0.3610133989795044
6,0.3631519001104871
6,0.3709724099116719
6,0.36221390316029245
6,0.36735646936176936
6,0.3620359045443078
6,0.36317398888325053
6,0.371923722457749
6,0.3624505980985402
6,0.3627049880964078
6,0.3666784768930815
6,0.3700988265475168
6,0.3670365246938058
6,0.36158378558681264
6,0.3652512461211044
6,0.36921032719793867
6,0.36920640543126027
6,0.3701908389884921
6,0.36461899009140164
6,0.36360924979514275
6,0.36913614609285184
6,0.3723012829983152
6,0.3682119419921658
6,0.37015157340164834
6,0.3645199376627022
6,0.36505482512624793
6,0.3648034637367274
6,0.3707791682731301
6,0.36428077764924865
6,0.36747732627044455
6,0.3608808528581763
6,0.364294377548489
6,0.36460584196642754
6,0.35923533566232113
6,0.3705801675601294
6,0.3644881626225234
6,0.3686203734379768
6,0.36269929527251615
6,0.36761849987306683
6,0.3657063114294259
6,0.36167543306245536
6,0.3702192634992644
6,0.36056839380107275
6,0.3650472148671821
6,0.361214547951224
6,0.3665537755343871
6,0.3655862302036581
6,0.36804529924748275
6,0.36370711899705244
6,0.36069635537583095
6,0.3636401760817079
6,0.36823835236827446
6,0.3675995990748381
6,0.3654982383632988
6,0.3649560792004254
6,0.36397333423916484
6,0.3639115651192805
6,0.36173566562464277
6,0.37030231987239204
6,0.36351922649671453
6,0.3653918350241485
6,0.35906768247765425
6,0.3646814072425255
6,0.3648471955340386
6,0.35949717530849873
6,0.35716205942042056
6,0.3678711412339462
6,0.366429590847918
6,0.36050406205933305
6,0.3614167078946057
6,0.357776246626747
6,0.36231513598789916
6,0.37045345826807496
6,0.3663159827265356
6,0.37028886882027234
6,0.36575555655300884
6,0.37188269619708214
6,0.3608376069436271
6,0.36165248406750317
6,0.3615017318136067
6,0.36230091209816145
6,0.35663749702119224
6,0.35683973326420787
6,0.3665172832535893
6,0.36405059893772557
6,0.3680464813456002
6,0.3687119263275438
6,0.3680073875425964
6,0.36510847347449016
6,0.36630544497787915
6,0.35658436445802494
6,0.36577117441222123
6,0.3615329376172424
6,0.36415601542531506
6,0.3631175604274858
6,0.3661731679296122
6,0.36035151398418647
6,0.35508692471112346
6,0.36530710893634144
6,0.3612859209941958
6,0.3569724836570209
6,0.3710242555144998
6,0.37097334843810076
6,0.3677809988217182
6,0.3680101427907491
6,0.3658276953052183
6,0.3625726564489595
6,0.36869431182575074
6,0.37042830937244514
6,0.36365331177329624
6,0.36655958328782684
6,0.35563696280128343
6,0.3610448616656253
6,0.36638299255113244
6,0.36340282700141247
6,0.3687706553950437
6,0.3696835227817326
6,0.3671777133763584
6,0.36418798936388114
6,0.3617808007644987
6,0.36887269395603695
6,0.3672341636829384
6,0.3681667314082911
6,0.3670051769896117
6,0.36186211800195206
6,0.37173553704316237
6,0.3674678346329634
6,0.3621770340264089
6,0.3682478644669673
6,0.35846451330473644
6,0.35898446412570145
6,0.3700715974358871
6,0.3678331769333399
6,0.36530468460984933
6,0.36876079634266784
6,0.3614428408179983
6,0.3672564538472852
6,0.36923172011609173
6,0.3645970267919807
6,0.3718254240767
6,0.3676621294955499
6,0.35958424148290397
6,0.36379972126067506
6,0.36362232009448936
6,0.3682221960139757
6,0.3662198951142186
6,0.36637529672791797
6,0.36317878371631507
6,0.3663703949691495
6,0.35897964801979154
6,0.35999307823058946
6,0.3588455304822625
6,0.35940235232615414
6,0.36475178421606164
6,0.363139877221568
6,0.36743774181666605
6,0.3665354507791856
6,0.3629367583805425
6,0.36575785018073653
6,0.3593528838372805
6,0.36479184232548434
6,0.35872214408304715
6,0.3606234725976653
6,0.3701166562300108
6,0.36811912204930386
6,0.3662047218490131
6,0.3588490799538456
6,0.3673447667861125
6,0.3659511976198283
6,0.3664864983845317
6,0.3667576059887364
6,0.36564770517557005
6,0.3655662257149669
6,0.35961460806726475
6,0.3725877000075435
6,0.36807128634359787
6,0.3684350218504372
6,0.36420681044196695
6,0.36619587462201286
6,0.36288165018143875
6,0.3657698745993606
6,0.3729127151397558
6,0.3663460511327547
6,0.36089247378450495
6,0.3650658030454603
6,0.3632156500850019
6,0.36393327545564746
6,0.3699808307848655
6,0.367533403296412
6,0.36335793519840853
6,0.36707901432913426
6,0.3645673778717651
6,0.3672515588816446
6,0.3683737627875642
6,0.3601316584654766
6,0.36353647997812677
6,0.3687975093356064
6,0.3721383770260029
6,0.3643424370959796
6,0.366002709115329
6,0.36901256610216737
6,0.3709100750002768
6,0.3700816574636424
6,0.3644997999552329
6,0.3683757286409661
6,0.36109264622393983
6,0.36874141599307686
6,0.3657695829570053
6,0.36437749540795
6,0.3651704045203887
6,0.3679620723613699
6,0.36590966193792207
6,0.37431848399592227
6,0.3667354589429865
6,0.36620748356702765
6,0.36334367441713417
6,0.36658316682624714
6,0.36487076821324893
6,0.3608837899476422
6,0.3624214078784426
6,0.3640454204547396
6,0.36190649492031707
6,0.3644898181371347
6,0.3686940727795505
6,0.36389934229370563
6,0.36735398714205325
6,0.36426614688443804
6,0.3639519817049752
6,0.36383750386887365
6,0.3699917892492877
6,0.3669050590888168
6,0.36516882574731385
6,0.3649951928447441
6,0.3621419505151719
6,0.3657944805367465
6,0.36191763976885366
6,0.3663638189356019
6,0.36453752206005874
6,0.3593447627279508
6,0.3652401850654393
6,0.36411256298755446
6,0.35997977399504927
6,0.3660783017996052
6,0.35922889653169177
6,0.3728465595548659
6,0.3637899842380647
6,0.36836160885788316
6,0.36871735290359353
6,0.3655747742111136
6,0.36198591226562327
6,0.3684127564526723
6,0.3597920716641719
6,0.3588149857831056
6,0.36661004049107077
6,0.362959728768992
6,0.36634168426371827
6,0.3600781669954969
6,0.36222983919613655
6,0.36199922090503617
6,0.36418199767789233
6,0.3641456029469841
6,0.3637970732517843
6,0.36323253835004116
6,0.36782352229826804
6,0.36867379456722577
6,0.36822857705365925
6,0.3705939525899399
6,0.3670413960508517
6,0.3610511792266383
6,0.37319141563829467
6,0.3656536332478317
6,0.35693139538988233
6,0.36721091090492197
6,0.36299952414938486
6,0.367905314050029
6,0.36549395993636397
6,0.36523822220979785
6,0.362705132798589
6,0.373056070919876
6,0.3606183682159762
6,0.36196934503105604
6,0.37030013886386515
6,0.37050317596956395
6,0.37313459193879833
6,0.36892614219485004
6,0.3611868473803679
6,0.36580822128545054
6,0.36329829521317636
6,0.3691371893494327
6,0.36099079486090896
6,0.3623387867523236
6,0.3737008305787591
6,0.36456193611668236
6,0.36767106558151375
6,0.3642566014467258
6,0.3618713282561121
6,0.360130000293788
6,0.3556917005666971
6,0.3608461323128395
6,0.35761604847147904
6,0.3590954215107298
6,0.36274854856494854
6,0.3609295998004483
6,0.3654022148656523
6,0.37318193636316976
6,0.3701740204155427
6,0.3582332976203617
6,0.36545746003080815
6,0.3667814560393528
6,0.3629018205843666
6,0.3654956651523566
6,0.36537481607407296
6,0.36345685686779244
6,0.3607559046232716
6,0.36470818662832805
6,0.3611427262073362
6,0.36434940342776684
6,0.36188389723321873
6,0.36355994135605796
6,0.36520778192326997
6,0.36262657478569227
6,0.3678971583409808
6,0.36961650779075667
6,0.3579279220508939
6,0.36541892546690835
6,0.36887470807236433
6,0.367112717247092
6,0.3695132340653432
6,0.36603118212294616
6,0.3688297068011421
6,0.36104976030636066
6,0.36426545936825677
6,0.36872127870506327
6,0.36679344053270796
6,0.35848116550710996
6,0.3676293359618229
6,0.366440886817544
6,0.35849213852395523
6,0.36767881779995437
6,0.3642526240547642
6,0.36670683904251755
6,0.3643026441743609
6,0.3644417153822936
6,0.3624090811452214
6,0.36917940870811705
6,0.3591601094439766
6,0.3644331229507387
6,0.36458247128305965
6,0.3641060357005458
6,0.35815538021574855
6,0.36837298053159734
6,0.35537259096728385
6,0.36358444307371407
6,0.3598858343302014
6,0.365980237006697
6,0.3603083857054981
6,0.36810608116397064
6,0.3714764609068913
6,0.3628236617164088
6,0.3690563876503754
6,0.3626834727289009
6,0.3613897726621931
6,0.3679697844141878
6,0.36592779851807694
6,0.370302820843994
6,0.3668802407973275
6,0.364183781776257
6,0.3655183647385742
6,0.36258170012976887
6,0.36109775603024025
6,0.36214510964049523
6,0.3692734466331649
6,0.3601863726286604
6,0.36723872421444975
6,0.3601119887131267
6,0.36718516792914074
6,0.35742580925601386
6,0.3655822531801253
6,0.3590749380417827
6,0.3578490653394488
6,0.36131157122537794
6,0.3650479550127078
6,0.36397974276601824
6,0.3623029534674043
6,0.36912600238107734
6,0.36585658374741326
6,0.3616445878448259
6,0.3641377866054313
6,0.36907981430227216
6,0.37130035567730996
6,0.368990781043335
6,0.3689727892777407
6,0.36389348051327436
6,0.35874292350556597
6,0.36384432304131653
6,0.3657031833793298
6,0.3682866436521959
6,0.3655347157167283
6,0.3586230656433312
6,0.3655120566872503
6,0.3622753377650059
6,0.37228565216482923
6,0.37108869034686115
6,0.3609358584335231
6,0.36195658275234716
6,0.37174460241243223
6,0.3662722830882189
6,0.35912727763702484
6,0.3655024856543238
6,0.36468374070233683
6,0.3688700223620694
6,0.37093871815819357
6,0.36365114011218125
6,0.37101868544093336
6,0.35738396514013854
6,0.3639110844525998
6,0.3648870803561295
6,0.36997563628478414
6,0.36793015201346113
6,0.3673668724518814
6,0.3626925657208026
6,0.3624459782962331
6,0.36862546651467704
6,0.3653466787573959
6,0.3661039350470916
6,0.36743778995885684
6,0.36294828786910627
6,0.3652757604513131
6,0.3697178166446003
6,0.3674017790713773
6,0.37107627785906583
6,0.3634526553434582
6,0.3632421087811462
6,0.37206324107818556
6,0.36138690266992896
6,0.3672470792162765
6,0.3642032494973038
6,0.362600489314878
6,0.3653056124461684
6,0.360845840956537
6,0.3604243203564848
6,0.3656472783017814
6,0.3638588243936058
6,0.3699422242055612
6,0.3654756932853616
6,0.36327747556300205
6,0.3705883509967488
6,0.36253766486831057
6,0.36208967443065115
6,0.3666752409063737
6,0.36802650936687786
6,0.3654628665886509
6,0.36156875999211024
6,0.36508158304178107
6,0.36528051912906884
6,0.3647112388860953
6,0.37342810955142175
6,0.37121578332137195
6,0.3667026163212158
6,0.365759187640784
6,0.36525415509986936
6,0.3594444688973618
6,0.36686009913566514
6,0.3741892617066737
6,0.36276494433983636
6,0.3681070300974694
6,0.3627627894997997
6,0.3613790557361047
6,0.369862776539541
6,0.36199515547831074
6,0.36391834742163726
6,0.36454117994460333
6,0.35924540581225023
6,0.3625820944130313
6,0.36225191889362796
6,0.3616743474404493
6,0.35851503311193744
6,0.36600401500073565
6,0.36483746305704334
6,0.36666751141185955
6,0.36865328128389513
6,0.3660361746817528
6,0.36786675317496664
6,0.3632083053693115
6,0.35945890041470985
6,0.365127939300775
6,0.365953573835823
6,0.364386050635982
6,0.3659808737491888
6,0.3627113715160733
6,0.35930648400411347
6,0.35768449737991065
6,0.3648869851790445
6,0.3627666815992149
6,0.3682734787047273
6,0.36706923455824286
6,0.35782909626825693
6,0.3610135074877992
6,0.36157408530121965
6,0.3670295769832323
6,0.35994295266683163
6,0.3604772111751673
6,0.3660147255136712
6,0.3578806809193566
6,0.36768297824438906
6,0.3621383847481282
6,0.3641157110508002
6,0.36543504533970617
6,0.36508090551926614
6,0.3645880494637538
6,0.35970959171790096
6,0.364409463956015
6,0.36405409614896705
6,0.36663039623400334
6,0.3644094774963786
6,0.37100889684962574
6,0.36399501107529375
6,0.3692647327086463
6,0.36064155839302897
6,0.36574932023084006
6,0.36205465715364005
6,0.36518228893638977
6,0.3692803209414336
6,0.3622469690897683
6,0.3624367086223338
6,0.360378680058468
6,0.366811709992109
6,0.3617805897109792
6,0.3689825485273256
6,0.35681458757061335
6,0.3629954398597869
6,0.36688008357191404
6,0.36499406630666953
6,0.36934434303143293
6,0.35360112334929583
6,0.3595207278769062
6,0.37054815201982777
6,0.3659405378653897
6,0.37120678529801376
6,0.3639765908207167
6,0.3695991942006748
6,0.3696677650678698
6,0.3620876523876447
6,0.363925584881137
6,0.3698156069405428
6,0.3674407501489419
6,0.3611075514621041
6,0.3684379177836836
6,0.36734789575536725
6,0.37048255624379534
6,0.35787303581935265
6,0.36300651846468673
6,0.36702466222719515
6,0.36870474603546183
6,0.36926590994932623
6,0.3616286449307727
6,0.367724842718878
6,0.36072467031267463
6,0.3641431918834102
6,0.3617057747692918
6,0.36397371791867367
6,0.3666338790755582
6,0.36928258943003095
6,0.3614340838644306
6,0.36608493339764775
6,0.3627534630601948
6,0.36160129574171673
6,0.3578996780295121
6,0.36793444195468156
6,0.3629872313143205
6,0.3700331426365731
6,0.3739952512260418
6,0.36307107970324404
6,0.3668395130001634
6,0.3693031325120013
6,0.3668078208484443
6,0.3669980943701074
6,0.368989225730961
6,0.36604952410841984
6,0.3597661736216469
6,0.36795740541855154
6,0.3675507666072744
6,0.3681283164816699
7,0.3588385312042835
7,0.3609410415692381
7,0.356411817424215
7,0.34686305969818776
7,0.35921942022452646
7,0.3541441630201862
7,0.34993542254386606
7,0.3553743350671636
7,0.3592821419622405
7,0.3599961459863847
7,0.35361399261869547
7,0.35596079820708165
7,0.3583757608318641
7,0.36294538304449786
7,0.3571183300711468
7,0.3539196360303892
7,0.3560705900467672
7,0.34923823808615756
7,0.35217670102878373
7,0.35597690879989063
7,0.35324852499489556
7,0.3542338586944319
7,0.3556754572808151
7,0.3620471813358765
7,0.3556336863192459
7,0.3513126955214492
7,0.36283160879702664
7,0.3572008766994152
7,0.3610176446308859
7,0.35451877462764286
7,0.3556215723912754
7,0.35501366763400677
7,0.3565454167268484
7,0.3564249812768476
7,0.3532408118795287
7,0.3615678332639746
7,0.358642418846276
7,0.3572687411837405
7,0.35452856944739747
7,0.35090057295118626
7,0.3576757162598505
7,0.362776876355976
7,0.35749482474981836
7,0.35931327945541847
7,0.3561861889206065
7,0.35578573440143585
7,0.3624754494534999
7,0.354625369220452
7,0.3579059473726121
7,0.3530532495573361
7,0.3546720451566589
7,0.3521539851690489
7,0.3592378423128267
7,0.35639245193636987
7,0.34878877822378396
7,0.35656102781378174
7,0.3576146577411113
7,0.35888626739079194
7,0.35890560913738073
7,0.3566014464098209
7,0.3499275470640081
7,0.3586608103846493
7,0.36216571053084695
7,0.357356885433404
7,0.358546285547588
7,0.3528090234448166
7,0.35593018174155544
7,0.35920082991926666
7,0.3577272874665418
7,0.3603456941657336
7,0.35597446086203516
7,0.36245309559557154
7,0.35987650426645706
7,0.3573227382544993
7,0.35382498974605103
7,0.3601015247507146
7,0.36144572663196506
7,0.35605234177740513
7,0.35402213783408193
7,0.35773013205157916
7,0.357103752163176
7,0.3588810400795214
7,0.3552367640698512
7,0.35553189463037127
7,0.3541986064258596
7,0.3559184606988315
7,0.3551791349097282
7,0.3641280880842479
7,0.3564927074499123
7,0.36120985859591564
7,0.35977883038198294
7,0.354284937779781
7,0.3579050852065327
7,0.35802552893792916
7,0.3614940930570928
7,0.3600676611844624
7,0.3567016637639331
7,0.3598168324555769
7,0.3629346607981501
7,0.35452716676872065
7,0.36068040367770254
7,0.3569437042887877
7,0.3499916996255322
7,0.35958514956001575
7,0.3573781669236991
7,0.3605558667119616
7,0.36067007401942625
7,0.358296130151382
7,0.3551244292567599
7,0.36445831790827865
7,0.35545896992197606
7,0.35143776407560345
7,0.3547600894127862
7,0.3563132722118507
7,0.3527729978439527
7,0.36269912648597674
7,0.35088782225470455
7,0.3615937242450915
7,0.36270568735202025
7,0.3510902660402393
7,0.3542213041128852
7,0.35517284455219983
7,0.3505300117550549
7,0.35944135155462054
7,0.3577814960130567
7,0.34995110084679215
7,0.3514493616011181
7,0.3568615977520938
7,0.3555051817873029
7,0.35489951984964374
7,0.3617937565369322
7,0.3534394877579721
7,0.3601292436394246
7,0.34880331099133516
7,0.35748044923677824
7,0.35175272496387033
7,0.3553664800095201
7,0.3589998040945922
7,0.35298555538311904
7,0.35120478247839587
7,0.3520021555253537
7,0.35329942937908526
7,0.3563754903879943
7,0.3620237719991121
7,0.35497531058794757
7,0.34612009752375567
7,0.35876056099418135
7,0.36275797058431625
7,0.3575167520918322
7,0.3579523953341105
7,0.35646069000827424
7,0.35269634287892343
7,0.3544484263724703
7,0.3548796833831086
7,0.35291417638982864
7,0.3605113867658495
7,0.3552606702207335
7,0.35790323681610664
7,0.3550607069802449
7,0.3560552695202354
7,0.3597845970416453
7,0.3532266715156592
7,0.3531940399015481
7,0.36115445489780496
7,0.35778404944662373
7,0.34983753308287274
7,0.36196289366314266
7,0.35233515973190965
7,0.35418799180155186
7,0.3572498022969261
7,0.3561309699594491
7,0.3576807066618031
7,0.3550716074648362
7,0.3590690685135346
7,0.35523386714267935
7,0.36150678084418775
7,0.35951549064192434
7,0.35809305593961643
7,0.3556217171239335
7,0.3643212704250288
7,0.35785729596224247
7,0.3559587473649493
7,0.35870279252994686
7,0.355925628761459
7,0.3569774910242345
7,0.35492426323092613
7,0.3565321619982931
7,0.35742242364619353
7,0.35482817204762196
7,0.3542219931463741
7,0.34873378893997287
7,0.35293059462179605
7,0.35240757015910695
7,0.3627015486651831
7,0.35621880860087635
7,0.35342439970150197
7,0.35345694744561984
7,0.35103891468769166
7,0.3537949458237402
7,0.35787662995451575
7,0.3576216330339512
7,0.3617011703443004
7,0.3585070601025588
7,0.35225832058981216
7,0.35862130635634776
7,0.3568842203732464
7,0.3555131035223801
7,0.35132171828105707
7,0.3565320428948279
7,0.3518844894614035
7,0.36074536105837546
7,0.35738669379396987
7,0.3498943456442775
7,0.35542623010495183
7,0.3566816799594678
7,0.35621914364458107
7,0.35734629832049863
7,0.35789547283864764
7,0.35449923374967646
7,0.3561700366667039
7,0.35297012906076225
7,0.3566343389998893
7,0.35746011749628553
7,0.358880347742577
7,0.35467621242157543
7,0.3549876166670337
7,0.3561751164504967
7,0.3515826986032475
7,0.3561987449632389
7,0.3625184602977777
7,0.3471077766723549
7,0.3578471787877046
7,0.36098462628821865
7,0.35882840596017224
7,0.35613226693177913
7,0.3598798642907119
7,0.35163716499301206
7,0.36103977291986633
7,0.36025338896153575
7,0.3570699790499302
7,0.35279784837147077
7,0.35334526694110463
7,0.3565804474185232
7,0.35760409251517516
7,0.3500465436120958
7,0.3528399464509287
7,0.35730401413755486
7,0.3493008404783982
7,0.35796505694102393
7,0.35090430085584207
7,0.3508888582212789
7,0.3605241432844252
7,0.35580364107887613
7,0.36344577399455896
7,0.3605847362478338
7,0.35827994963451076
7,0.3599548000927611
7,0.35614373901566104
7,0.3613857060103173
7,0.3592680600928779
7,0.35865601589383433
7,0.3557673766592139
7,0.35921857114212374
7,0.35419246698357526
7,0.35944929395108494
7,0.3566576287596442
7,0.3605724366457011
7,0.3553808454343778
7,0.35354012911876065
7,0.3544639772622823
7,0.35071219466507425
7,0.35901994807531595
7,0.35100973994013723
7,0.3549684212061617
7,0.359370410995981
7,0.35136130571413227
7,0.35995208820914415
7,0.35603452518888423
7,0.35591082197657886
7,0.35745430593174615
7,0.3567062456987522
7,0.35323611260933385
7,0.3546655201384958
7,0.3602660349087983
7,0.36185747962562304
7,0.35699292256421467
7,0.3534997677068078
7,0.36273657466726633
7,0.36022850919692084
7,0.35785195933213493
7,0.3521403310018566
7,0.36281790842538314
7,0.3539995560045592
7,0.35544924677672224
7,0.36356382120611025
7,0.3534267544188516
7,0.3538084977446935
7,0.3522586292298679
7,0.35159262940704816
7,0.35486733246920443
7,0.35514583178316556
7,0.36197612368811416
7,0.3575827660482047
7,0.3542236023630656
7,0.3559827544185868
7,0.35552304795489265
7,0.35862650928851575
7,0.35267457703647
7,0.35575453766782306
7,0.3586578937699592
7,0.35535422124937366
7,0.35736916024350224
7,0.3585768964787286
7,0.35897231125190315
7,0.3578455011543726
7,0.36154523887987433
7,0.3539109371768459
7,0.3574067038757611
7,0.3540381610285047
7,0.35648101240820496
7,0.3527125895391111
7,0.3480752659476265
7,0.35825991532903156
7,0.3545207103617362
7,0.3579687048738628
7,0.35790827550795196
7,0.3573887446545125
7,0.3565034355831954
7,0.35746169294009994
7,0.36306301618005105
7,0.3627471706963776
7,0.35346612711255365
7,0.3585130885201061
7,0.3546109442233917
7,0.3552861599908328
7,0.3547388820434271
7,0.3535181906078208
7,0.3595179702056667
7,0.348215327403758
7,0.35845818123277595
7,0.35602105987204846
7,0.3590993715265765
7,0.358482257286995
7,0.3542645023484886
7,0.3562682202980497
7,0.35233048229020564
7,0.35024219816458974
7,0.3534023438342861
7,0.3612915473609606
7,0.3544369312897998
7,0.3560808549580743
7,0.35775268371560237
7,0.35538580649071966
7,0.3590253026305009
7,0.35291492575122724
7,0.36191446642144376
7,0.35615465848576766
7,0.35357853828269
7,0.35955774551558517
7,0.3567958746328833
7,0.35802651892911286
7,0.3539278899192001
7,0.3584164149049106
7,0.3505493491684414
7,0.35258530302604285
7,0.35847869160071827
7,0.3640145348479591
7,0.35437499695361063
7,0.3583510903075304
7,0.36311947368272557
7,0.3560772691053253
7,0.36450850104527716
7,0.36582554998036443
7,0.3613892286452003
7,0.34874784608037024
7,0.3608148399639608
7,0.3597086114883564
7,0.35177976501641145
7,0.3568012334553998
7,0.351859643111044
7,0.3558813231849051
7,0.35339959141498045
7,0.3598657809198477
7,0.3559292719789881
7,0.36361482705901815
7,0.35879624928794757
7,0.35637267351836116
7,0.35518134472521357
7,0.35577912016977475
7,0.3595377988825254
7,0.3577700491785859
7,0.36530572957629026
7,0.35782001483688
7,0.3583152564464299
7,0.35450340909962075
7,0.355647888662813
7,0.35282891376022385
7,0.3568589812483418
7,0.3577026809451527
7,0.3564019414155046
7,0.3590065533830864
7,0.35419823485202784
7,0.349936288428522
7,0.35694608066736566
7,0.3623431512891722
7,0.3485460191808758
7,0.35637284016785453
7,0.3567924057349758
7,0.35775280269131104
7,0.35015785857360204
7,0.3510933802578812
7,0.3591997115943432
7,0.3564597871768047
7,0.35977109917162114
7,0.3537018162933066
7,0.35646800898569264
7,0.356172492663857
7,0.35743204186453903
7,0.35871360912052114
7,0.35188678021558856
7,0.3557681359280443
7,0.3572118227231213
7,0.3595275926930655
7,0.3568921051096017
7,0.35314596212612287
7,0.358671532484211
7,0.3582787864514496
7,0.358248695547865
7,0.3580809199657331
7,0.35369853282188146
7,0.3565749364674542
7,0.35756560137975335
7,0.3555995458281855
7,0.35557089079860976
7,0.3525276797876059
7,0.3583680903524657
7,0.3546272694717908
7,0.3597697072388368
7,0.3532917713623725
7,0.3536327147987182
7,0.3568456828512928
7,0.35363042758832686
7,0.35698022996421636
7,0.35577010338871684
7,0.3601146201529828
7,0.35643105793780894
7,0.35264059874952663
7,0.36045916083906393
7,0.3529174328475204
7,0.36043055433550525
7,0.35545510823456106
7,0.3515498176375961
7,0.35473376400808054
7,0.364061235877884
7,0.3556362961263507
7,0.35546415557612215
7,0.355302527912613
7,0.35407804346659777
7,0.35376322867439264
7,0.3545378540144998
7,0.3535255444335094
7,0.35044083400384934
7,0.3545052695661986
7,0.35614405157519813
7,0.3541758891973455
7,0.35185973099443096
7,0.3533071651512213
7,0.3547887831871022
7,0.357495774347912
7,0.3593602372859773
7,0.3525180523718816
7,0.3560922163641844
7,0.36240418706944966
7,0.35919517375441085
7,0.3547199734657087
7,0.360336399303873
7,0.3568968666715129
7,0.3566984340435318
7,0.3565182694089749
7,0.36373887410603645
7,0.35320253886315717
7,0.35176924343872945
7,0.35363343287726345
7,0.35174110950585047
7,0.35690165747124797
7,0.36000632983988484
7,0.35110619997685427
7,0.3515921409688135
7,0.3542104709002714
7,0.3598461572418111
7,0.3489081453016285
7,0.35634616288101656
7,0.35186589948292346
7,0.35565231964147104
7,0.3590954850753531
7,0.36338802295432515
7,0.35931953739489736
7,0.3595995146548326
7,0.3553001430858845
7,0.3597241250674362
7,0.34621888822279506
7,0.3537765113307401
7,0.35767608678332735
7,0.3559474316121959
7,0.3617128218831515
7,0.3542694250057289
7,0.35652099811071986
7,0.3568182800552808
7,0.3604103148271782
7,0.3522331661367587
7,0.3586808627917376
7,0.3590389239741913
7,0.36195374863006446
7,0.3526723003545133
7,0.35494627239018045
7,0.3579082717678585
7,0.3514091535273833
7,0.35793405887620716
7,0.3510092058724896
7,0.35400701252843103
7,0.35442989768292604
7,0.34894197594278953
7,0.35900315261069216
7,0.36362281111238753
7,0.353984231560081
7,0.36026164742616595
7,0.35919717556983466
7,0.34924748792368343
7,0.3593287077013813
7,0.35337973280706775
7,0.3591942993535129
7,0.3527455301468633
7,0.3547359604251186
7,0.3601175456174564
7,0.35827734352707846
7,0.35928678753297355
7,0.35776750131393337
7,0.354201013377384
7,0.3598355090576417
7,0.35664094280634434
7,0.35491093309125815
7,0.3635735990899719
7,0.3530810894838727
7,0.3599799030813213
7,0.35747675292456355
7,0.3534500721434811
7,0.35660517231434763
7,0.3575443284879304
7,0.3623491536441079
7,0.36297203506638376
7,0.3590019601276657
7,0.35450357271838245
7,0.35515460708933094
7,0.3516602530690051
7,0.35574290521653584
7,0.3627780443980846
7,0.34868724379176524
7,0.3489383004638409
7,0.35991082881468967
7,0.3623554725805261
7,0.3610627473662946
7,0.34925516396357686
7,0.3534004612688084
7,0.35628709460116875
7,0.35684284479398654
7,0.3587000221179717
7,0.35604545772534363
7,0.35411127075343213
7,0.35650305835660967
7,0.35164178377510313
7,0.35297729709271297
7,0.3558569690958113
7,0.3600932132022399
7,0.3554101550777855
7,0.3529410365489303
7,0.3611215715681566
7,0.35487692934109044
7,0.3565602931034555
7,0.3535761845636288
7,0.356753767457583
7,0.3555745792104938
7,0.3614828741094905
7,0.35988825956484083
7,0.3601042255761014
7,0.3533653461983955
7,0.3539581985677927
7,0.355346300824776
7,0.36094284815990474
7,0.35941964996584685
7,0.3564358455478117
7,0.35514149880347273
7,0.36374818228063677
7,0.3545303872215761
7,0.3528225702807211
7,0.35785123166222843
7,0.3612290018449718
7,0.35603693195308234
7,0.356501987322194
7,0.3558812821028672
7,0.3554977817996257
7,0.34361859923022875
7,0.35488969363538736
7,0.35323415860562984
7,0.3594627470975547
7,0.3556143066831176
7,0.35407852713028787
7,0.3567946010915569
7,0.3521135684733183
7,0.3584873194659744
7,0.3524455065183042
7,0.3543543777814745
7,0.35737636144640467
7,0.3571477981893335
7,0.35283794337933727
7,0.35212177165029274
7,0.35772647415223713
7,0.3586826069540536
7,0.3589567550451862
7,0.3461053549090357
7,0.35778807426906106
7,0.35323148532491955
7,0.3588292882175259
7,0.35993569407711234
7,0.3590973742827142
7,0.35673140753771276
7,0.35796704775842525
7,0.36284977728588347
7,0.3626312883656449
7,0.3578009100248597
7,0.3598361520105578
7,0.36276953431863485
7,0.35161684538316057
7,0.36214189277704956
7,0.35927585656153616
7,0.36320388157802663
7,0.35564645899657366
7,0.3565693944963392
7,0.3512828419737025
7,0.356578240399672
7,0.35986306990134936
7,0.35990485503146963
7,0.34780886715450315
7,0.3577524193306331
7,0.35828593023078736
7,0.34707198176511733
7,0.3536341089469304
7,0.3628557029707574
7,0.35160641170837775
7,0.3528007154306796
7,0.35341536407440616
7,0.36241546846304307
7,0.35359280007557764
7,0.3601576200124814
7,0.35451338507832
7,0.36078112168273774
7,0.36199075307364714
7,0.3537920695149686
7,0.3471426151146728
7,0.3528533206689449
7,0.3636299244282329
7,0.35862278419960963
7,0.35590265852243763
7,0.35698329401107015
7,0.3559684795244894
7,0.3520979291569024
7,0.3636339590322679
7,0.3573711304031312
7,0.35410808250989967
7,0.35418259104881894
7,0.36167449177731403
7,0.35496610712779697
7,0.35481658653807774
7,0.3579189796189813
7,0.35946029680227154
7,0.35216420977251345
7,0.35765858986512533
7,0.3591238587307027
7,0.3524266517361234
7,0.35129342772666744
7,0.35439314755066975
7,0.354810364534767
7,0.35437474199396574
7,0.3605507214088434
7,0.3466833083195184
7,0.35358456458738224
7,0.35307134228525006
7,0.3471680537121008
7,0.35755364800195577
7,0.3544076931172569
7,0.36052912823059013
7,0.3529655685563893
7,0.35364129836262165
7,0.36027528555118477
7,0.3514617409032646
7,0.36088741733125657
7,0.36469715343889936
7,0.36104623334745156
7,0.35645661919801863
7,0.35135506179921094
7,0.35747864334379015
7,0.35794786782875815
7,0.35366246534515844
7,0.3549651093426926
7,0.3589799194867229
7,0.3561636544749824
7,0.357173905124583
7,0.3667478019394257
7,0.35496443230744185
7,0.3532162901883976
7,0.35725250919990553
7,0.35861121860803735
7,0.3562577557458488
7,0.35389822336681886
7,0.3584302508941411
7,0.35367956469241557
7,0.3544461523788363
7,0.35859229842455675
7,0.3549870993885183
7,0.3475246968851125
7,0.3556722905483173
7,0.35832154325718935
7,0.3565727577560252
7,0.35853915773398837
7,0.3571978902073858
7,0.3533048362287167
7,0.35168900588995555
7,0.35581066170404413
7,0.35842643176782024
7,0.35350026511735627
7,0.3620357332332123
7,0.35266950850938894
7,0.35581588903186984
7,0.3557167768361985
7,0.3535820407089706
7,0.3539135122000275
7,0.3539802488556344
7,0.36120655575398675
7,0.35629956932303397
7,0.35432100740006134
7,0.36130509503032465
7,0.3557754456013311
7,0.3604750144142755
7,0.3621897696869988
7,0.35676085664805685
7,0.35313332702578953
7,0.3655897214663002
7,0.36178398927287003
7,0.36211013643667916
7,0.35658750593430455
7,0.35752404830731904
7,0.3519196772130402
7,0.3551075013009051
7,0.3539364274134695
7,0.3534051216867644
7,0.3557207125900916
7,0.36295375789868506
7,0.35377916217844796
7,0.3610472518422663
7,0.3607564904728024
7,0.3566356514381532
7,0.35320789580367684
7,0.36076985877520906
7,0.3580389646727608
7,0.3553599564938522
7,0.3583850410960748
7,0.36176578463973463
7,0.3555862978607829
7,0.3557350680137785
7,0.35597433289725056
7,0.35781948547022163
7,0.3509837678640173
7,0.35711111051569683
7,0.3526105523143683
7,0.3585450601416455
7,0.3569202575303659
7,0.358867568421855
7,0.35231188724816404
7,0.36314810771249306
7,0.3571239541763654
7,0.35755677725064533
7,0.360595063870507
7,0.35382973331653994
7,0.3552272554843705
7,0.35948748300591976
7,0.3547607300896781
7,0.3611683188186986
7,0.35461303496544755
7,0.3594723780311954
7,0.3589541618169178
7,0.35820959107339817
7,0.34957442450955184
7,0.3479830859558518
7,0.3508882371788521
7,0.35527897356666216
7,0.3601941135575514
7,0.357726072135296
7,0.35971430708255553
7,0.35420147231339294
7,0.35393839269888344
7,0.3512192096963322
7,0.3587028198086479
7,0.3561351821749809
7,0.3579879711318879
7,0.34701694041285486
7,0.35230057771382756
7,0.36105008799250693
7,0.3513603161743881
7,0.3569595064360638
7,0.3517978451676998
7,0.3599043361398503
7,0.35396442087348917
7,0.3470756276630082
7,0.3570903717132306
7,0.3580593105566149
7,0.3548497791377298
7,0.3516230859561942
7,0.35637147014064297
7,0.3585372111738121
7,0.35228073717277136
7,0.35748718798243706
7,0.34936399488151015
7,0.35455152315224714
7,0.3518519928565276
7,0.3594810255407328
7,0.35352185617392645
7,0.35768212392013315
7,0.3586393604103264
7,0.35621126602552416
7,0.3559499586748203
7,0.35672461743629785
7,0.35124093364904363
7,0.3543977688811026
7,0.3588732972317952
7,0.3541942955723405
7,0.3516407068486589
7,0.35800144568898257
7,0.35993128075045355
7,0.35779591386068477
7,0.3533790082175087
7,0.3544617362562496
7,0.3598181649802696
7,0.35233820517114517
7,0.35438268476839935
7,0.35587651273166915
7,0.3506428876553669
7,0.3511001787770844
7,0.36115048065280636
7,0.3542906454443272
7,0.3648100710373256
7,0.35402626172409296
7,0.3575624826165871
7,0.3567820501292572
7,0.3591214255536866
7,0.3463074345738163
7,0.36086196557748446
7,0.36378481106089416
7,0.35455171911918304
7,0.3520066484490348
7,0.3529967360760256
7,0.35486662805104097
7,0.3582285721094844
7,0.35667155473395606
7,0.3553605645383474
7,0.35603328745163626
7,0.3556171105868249
7,0.35957310958737454
7,0.35633894857125364
7,0.3544132199190404
7,0.34995183678393676
7,0.3509179483401641
7,0.3515597407286086
7,0.3519904915308371
7,0.3583218566738493
7,0.3568594947608416
7,0.35588722122644495
7,0.35532624607458907
7,0.3622841000107268
7,0.35952064289099434
7,0.3551043236363936
7,0.3555598731669333
7,0.35513178516050653
7,0.35309237170623303
7,0.3527739586995512
7,0.3583603717122269
7,0.3569589630765926
7,0.35331766385893476
7,0.3559496883296068
7,0.3600756941415809
7,0.35649776888677126
7,0.36014816443451636
7,0.3593521970978669
7,0.35777022538082726
7,0.3587705539436766
7,0.36249320536761676
7,0.3506689280125669
7,0.359605597741394
7,0.35712829109864924
7,0.3580904980276027
7,0.3553326725191717
7,0.35013627984513424
7,0.35798115081027937
7,0.3532983057290162
7,0.35536937195384144
7,0.36494266086758603
7,0.35237362827273616
7,0.3530490470196957
7,0.3586784421496807
7,0.35966773305707955
7,0.3561020970318758
7,0.35286004981793034
7,0.35515329154629377
7,0.3524784651533304
7,0.3578105037740505
7,0.34875073617542784
7,0.35698298102252657
7,0.35587730536546425
7,0.358284661867299
7,0.35010954774952635
7,0.35827671183122756
7,0.3637647928760822
7,0.3532934500833652
7,0.35230120253686054
7,0.35216694643018176
7,0.3558486291412013
7,0.3500049682373596
7,0.36019527525477946
7,0.3580689514911641
7,0.3545900030721475
7,0.3564300855455967
7,0.35570920120681326
7,0.35349765362887015
7,0.3509450041961199
7,0.36006451405097634
7,0.3579531710246813
7,0.3532681871132301
7,0.3584402880408392
7,0.3534952857532241
7,0.3610500979042739
7,0.36086066190047617
7,0.3525325032520936
7,0.3591910831383157
7,0.3521128293179108
7,0.35969248640710433
7,0.3605365994833582
7,0.35589661289916225
7,0.3466193566522248
7,0.3579020133558848
7,0.35524251278416913
7,0.3554742038113278
7,0.35670502168976476
7,0.35737569379284506
7,0.35212026308377287
7,0.36009762234011283
7,0.35624310234473733
7,0.3532137834023033
7,0.35881741773655085
7,0.35848517709966693
7,0.362579620182022
7,0.35613437715477114
7,0.350160436579461
7,0.35664588050164936
7,0.3554356715378634
7,0.35357699199400633
7,0.35215858815894663
7,0.3543849496411772
7,0.3567647739225934
7,0.34484063276275956
7,0.35228776413677815
7,0.35283405765635284
7,0.3586790012541467
7,0.35684384246233847
7,0.35418565170849725
7,0.35500401456787506
7,0.358435640248181
7,0.36390739663031696
7,0.3611217685415288
7,0.358950453801065
7,0.35440598327692885
7,0.3601556673500409
7,0.35103375230436723
7,0.3497151397432908
7,0.3571613368176584
7,0.3591056308497063
7,0.3527635167666934
7,0.35233705083393496
7,0.35548855307666155
7,0.35283166498663904
7,0.3545388379316465
7,0.3456719269721252
7,0.3563881629437133
7,0.35675336097723964
7,0.35343800470433084
7,0.35247241450430133
7,0.36232664980035967
7,0.3514070500283473
7,0.3505923859525518
7,0.359873472762195
7,0.3573303604068842
7,0.35617615911746786
7,0.35923073656807264
8,0.3549182763915669
8,0.34955856054283463
8,0.3528660414003147
8,0.3434409946834747
8,0.3542360820075396
8,0.3460978838357803
8,0.34955177006913024
8,0.3562397986169938
8,0.34756291945261053
8,0.3536089245513777
8,0.3477986680263947
8,0.3460312811590415
8,0.3497878990795538
8,0.3465096911420031
8,0.35468416464566005
8,0.3495208435248422
8,0.35318041041607345
8,0.3521325370714004
8,0.34787699719937887
8,0.34909794805254857
8,0.3501839088067235
8,0.3487000155559177
8,0.35176385959135553
8,0.3470156775584374
8,0.3524733480369582
8,0.3497241801195871
8,0.3463351759483717
8,0.3495023207221971
8,0.34779987091864456
8,0.3477889157734673
8,0.3454925238408047
8,0.3486552869680275
8,0.35344516761023714
8,0.3481559115392738
8,0.34749544190761206
8,0.34989418573327624
8,0.34721724104705853
8,0.34851858543463493
8,0.3515993095966599
8,0.34570098112609765
8,0.35546861319625705
8,0.34838724733885423
8,0.35529454143403666
8,0.34949018562160694
8,0.35023934003682783
8,0.3451870570993983
8,0.3403485722537177
8,0.3518794968262653
8,0.3500052155163193
8,0.3528679843315942
8,0.34985985334798464
8,0.3512550678374524
8,0.34518241194795496
8,0.351388699120122
8,0.34262373830915166
8,0.3525164862041211
8,0.34854338209513935
8,0.34481742525462833
8,0.3495944668570294
8,0.3613874994335781
8,0.3480759736379058
8,0.34676082169662115
8,0.35274143373140737
8,0.34866542321492344
8,0.34539305956742844
8,0.3514976881699943
8,0.34671627123327486
8,0.34918940484467964
8,0.3467617857330882
8,0.3510695436422784
8,0.3437931713541131
8,0.3498618980555336
8,0.35088141115694016
8,0.35137516961968346
8,0.35161918770026973
8,0.35317374045916944
8,0.35016683787699193
8,0.35382140885969743
8,0.34404317554471375
8,0.35132964260728333
8,0.3554419774598945
8,0.3471671381815888
8,0.35028628744195134
8,0.3491341462177668
8,0.34613832081972823
8,0.34802926515675237
8,0.3481393870626004
8,0.3475471827150066
8,0.3562707599564908
8,0.346216160232876
8,0.3487394639820677
8,0.3451638419163568
8,0.3528762636733916
8,0.3458161111797095
8,0.3510047491111028
8,0.34841480602841957
8,0.3472502659468673
8,0.34929701009434694
8,0.34445533109445775
8,0.34400137649941104
8,0.34825326496324577
8,0.3489191521063761
8,0.357159652794647
8,0.3520535704425836
8,0.3499516555909618
8,0.35752913722132257
8,0.3486076561758801
8,0.351717277613566
8,0.3513389701292717
8,0.35105230352166394
8,0.3465394824288019
8,0.35325122356391464
8,0.34289081329148974
8,0.3508141016639989
8,0.3466331289580689
8,0.35620651480014875
8,0.3411653662904784
8,0.35317909540424197
8,0.34949121332587063
8,0.34670498816472717
8,0.34984252032062746
8,0.348335218243143
8,0.3482376566379464
8,0.3500580281128943
8,0.34499807809085503
8,0.34679717492929496
8,0.3439391649202133
8,0.35284160675789683
8,0.3436318997048017
8,0.34586573437929075
8,0.34770973618116835
8,0.34871854485445325
8,0.34476728653467525
8,0.3483850763303971
8,0.3502578503201988
8,0.3528523057464153
8,0.35204615425122315
8,0.3523707137531515
8,0.347723484035029
8,0.342226625339669
8,0.34728943567462706
8,0.3430737040636651
8,0.355059113015987
8,0.3482697861189692
8,0.34826777201048453
8,0.34890077953968235
8,0.3499129884979753
8,0.3488611189713231
8,0.3494592087894317
8,0.35418426878955356
8,0.3486982004022048
8,0.3520374952034274
8,0.346532821132391
8,0.35466561813837
8,0.33987244507753056
8,0.3513914393190276
8,0.3460875483203142
8,0.34479595036598926
8,0.3442250991759782
8,0.34563199422935803
8,0.34472707888916654
8,0.3531740994091654
8,0.3512856561935022
8,0.34799501314491993
8,0.3466394845654092
8,0.3466875230569199
8,0.3542643513279892
8,0.35542435426822755
8,0.3484730714804271
8,0.34687178601581714
8,0.34662328651426433
8,0.35138686109260103
8,0.34969974198244225
8,0.34936477514158204
8,0.3516295795780865
8,0.34495598075206235
8,0.34923792632418843
8,0.3438218254197928
8,0.35180623455825105
8,0.3490505204922444
8,0.3533175274156973
8,0.3475572261353929
8,0.3493720573834798
8,0.35275396322456104
8,0.34612095473642296
8,0.35299883221288025
8,0.35034446480610776
8,0.34476426194094656
8,0.3496585811867144
8,0.3527427834199414
8,0.3487245496796955
8,0.3500809446504109
8,0.35294230239785995
8,0.35092022884498064
8,0.34893373096359687
8,0.3489267277959654
8,0.3524626659312507
8,0.35346278057113306
8,0.349755373639371
8,0.34597778978539545
8,0.34449671026425205
8,0.3445291073792682
8,0.34676947708730677
8,0.3450118838862332
8,0.3456024788307193
8,0.3486562377308726
8,0.3477927368125017
8,0.35013831472833085
8,0.3549620420934504
8,0.349988063104391
8,0.34931923898111167
8,0.34949572370359155
8,0.3467905539571851
8,0.3468218833177522
8,0.3501587444672931
8,0.3524042434780167
8,0.3492983405570743
8,0.350846244903356
8,0.34740787785409505
8,0.34859081749513904
8,0.35057407390161693
8,0.3478794799804091
8,0.3515573495223103
8,0.34369923754206366
8,0.34881894160566723
8,0.3475645002208587
8,0.34999545384771086
8,0.3485547512277865
8,0.34604270915496355
8,0.3460017871028538
8,0.34799195439691616
8,0.35597959340644364
8,0.34798323949240695
8,0.3515938111243351
8,0.35228533817829616
8,0.341308000534293
8,0.34563531355350796
8,0.34833622575948625
8,0.3522894107822866
8,0.35326592016230557
8,0.34375312973774513
8,0.3509533305089046
8,0.35119043368864605
8,0.3511323540962267
8,0.3519328791389284
8,0.3507069716236139
8,0.3468734788156261
8,0.34974603975232343
8,0.353000379229903
8,0.3482327909870191
8,0.3538470688389527
8,0.35512707360593904
8,0.34771474330859115
8,0.3498185746747304
8,0.3466671399868546
8,0.3511047497516759
8,0.35258645341522843
8,0.34422907854000845
8,0.3513653746912581
8,0.34535215278208714
8,0.34826927265223484
8,0.3494765940653631
8,0.3526317780452067
8,0.34408455104045976
8,0.35290827559118676
8,0.3437480265528553
8,0.3495984645547932
8,0.3500903215026438
8,0.35016947330483755
8,0.35346276386566766
8,0.3458846740776116
8,0.35435056268931403
8,0.3514033248519664
8,0.3488698384978256
8,0.3428585335811622
8,0.3568061673697483
8,0.35173562385421364
8,0.348428334570301
8,0.3474946453169835
8,0.3464025395691246
8,0.3446451173547152
8,0.3523595637299285
8,0.3491870390557761
8,0.3501160452629946
8,0.3508534582471949
8,0.3483316128236412
8,0.353317240828356
8,0.3405845048563521
8,0.3554963974195454
8,0.3485478705292432
8,0.3534502510748289
8,0.35045169544004184
8,0.35214689208073985
8,0.3423079532390487
8,0.3521772320413103
8,0.3570402257307444
8,0.35368901846955925
8,0.3545892784197241
8,0.3544587127700049
8,0.34447083349927565
8,0.3503891339245922
8,0.347307519491829
8,0.34905206644941666
8,0.35689751383969875
8,0.3518836763405587
8,0.346829674290784
8,0.3602696139548538
8,0.35017893439667863
8,0.35451096407040916
8,0.3487731621486166
8,0.3501894351369205
8,0.34916992593089285
8,0.35138002867824625
8,0.3538259755938737
8,0.34316013728385497
8,0.3489892710504181
8,0.3446329003966669
8,0.3540372145603429
8,0.34583128470407515
8,0.34467984381374805
8,0.35044417275230705
8,0.3510808275617973
8,0.3440588350834661
8,0.3436094460320019
8,0.34245077729821866
8,0.34678675024743955
8,0.3496740395861616
8,0.34970740303382203
8,0.3509077573338738
8,0.352048682421965
8,0.34699301498079776
8,0.34775077520336894
8,0.3534285615295461
8,0.347402951469001
8,0.3508684849784576
8,0.3463487052279005
8,0.3443808104573051
8,0.351349177885386
8,0.3504161489334154
8,0.35403123355825256
8,0.35437601078440417
8,0.34436394347739113
8,0.3557843686221881
8,0.3435305451508698
8,0.35030195744376896
8,0.3439751022300285
8,0.35230615171716634
8,0.34578374638899123
8,0.35435371931776866
8,0.3494859028729971
8,0.3502221320074655
8,0.3540321441035793
8,0.3521213603386626
8,0.35042771447882115
8,0.3537229694783617
8,0.33877077926327803
8,0.3447929157640383
8,0.35491459601358977
8,0.3427204165460168
8,0.34778716366696333
8,0.35068973016360283
8,0.3555295590788962
8,0.34882841763743305
8,0.34908682757482573
8,0.3471017204441217
8,0.35103681464495384
8,0.3390401549736464
8,0.34786757437045485
8,0.35072381751887544
8,0.3416071145579383
8,0.35409705456737334
8,0.34897698288462714
8,0.3550824109851103
8,0.3497701170478357
8,0.3519932272352671
8,0.35190236357748106
8,0.3419781656785879
8,0.3549359744622533
8,0.35075213122908966
8,0.34748937517645484
8,0.35344193091743814
8,0.3465987206859495
8,0.3512648607987891
8,0.3569388519082287
8,0.34582505230538874
8,0.3535124350747696
8,0.34630651913957133
8,0.3530665683381753
8,0.3542322685853029
8,0.34581697133567063
8,0.34765968955851917
8,0.3454770594925818
8,0.3456805978350739
8,0.35322427765480857
8,0.352669669459077
8,0.34962834808068527
8,0.354760962551989
8,0.3522017287374869
8,0.3551282779710066
8,0.34807548558082896
8,0.34716930593732825
8,0.3506985630376691
8,0.3474494659492385
8,0.352649068174501
8,0.3494264237711211
8,0.350627432093327
8,0.3498300010091833
8,0.3464959430715159
8,0.3532313516406591
8,0.3446606620793527
8,0.35218498469583936
8,0.3555702393273081
8,0.3530244072863564
8,0.35175509005993905
8,0.3464935766247081
8,0.3490354365723851
8,0.35179129724048
8,0.3493610868973063
8,0.3536698881060717
8,0.347876113557946
8,0.34835869460463137
8,0.34797747472697343
8,0.34869026232490313
8,0.3512467152941101
8,0.34640115483723904
8,0.3534714525290337
8,0.34340183620140047
8,0.3463562552619291
8,0.3535935905952626
8,0.3457959880962603
8,0.3529635871429121
8,0.3492932548324748
8,0.3497061180601687
8,0.34779221134787586
8,0.3466682341310844
8,0.3467424457710177
8,0.3484031785376202
8,0.3548426255871675
8,0.3457983069396417
8,0.3486379824156566
8,0.35511945957772345
8,0.3551569796636123
8,0.34874858320499824
8,0.350108551298224
8,0.3433917112122859
8,0.3528332753076589
8,0.35381265662518546
8,0.34947100884529997
8,0.34905049358158874
8,0.3529598739426329
8,0.35473883426222685
8,0.35296177310928595
8,0.3508494901122148
8,0.3439334282462063
8,0.34953857769766045
8,0.3573160498419211
8,0.35261406052828376
8,0.35401137731014554
8,0.3428786419134543
8,0.3467655518422373
8,0.3448974625002642
8,0.35012982045330066
8,0.34211607247492715
8,0.3560234629140575
8,0.35242043556367614
8,0.35090723631359466
8,0.35171311978766084
8,0.3453489552539682
8,0.34233172679385915
8,0.3448478454804223
8,0.3502989307636966
8,0.34277129549829477
8,0.3512730432214613
8,0.3468121928762997
8,0.34827360887946673
8,0.34534551814648845
8,0.35100684310466046
8,0.3482665015542112
8,0.3596120017402595
8,0.3411403422469098
8,0.35052387283891606
8,0.34669500976596207
8,0.3512477821748817
8,0.3547853521389278
8,0.3479321075109273
8,0.3519843520729581
8,0.349704973171847
8,0.3469981685551204
8,0.3451671137286871
8,0.3450196767022801
8,0.35362198611184975
8,0.35164137797302236
8,0.35048329521357113
8,0.3474512331671819
8,0.34829014141305714
8,0.34992610406423236
8,0.34889702147433777
8,0.3459274661064063
8,0.3519252818477507
8,0.3592871765376871
8,0.3548347526452552
8,0.3428398155754476
8,0.3555833404950423
8,0.35003330968274293
8,0.3484852568098026
8,0.350598935427235
8,0.34154290137966603
8,0.35128836324221996
8,0.34958225907128415
8,0.3456386393481737
8,0.3520961563847846
8,0.35366420823364436
8,0.3420888633817817
8,0.34548636401267574
8,0.35131355378485646
8,0.34529248187003114
8,0.34041663400141503
8,0.3459209611423916
8,0.3445252382813161
8,0.35148648591114245
8,0.34803610811360786
8,0.3530377727159507
8,0.34642657137097266
8,0.3519059576952809
8,0.3489285629097034
8,0.3483822258288976
8,0.3553320105589092
8,0.3529117483835851
8,0.35630450877694964
8,0.34156973784822575
8,0.3502105767367336
8,0.35089085434877487
8,0.3493794747716487
8,0.35400481885111473
8,0.344886365946657
8,0.3506621282764489
8,0.3532216375334833
8,0.35026026121472376
8,0.3496457259692731
8,0.3443712494608632
8,0.3570896573281617
8,0.34811534311745257
8,0.349200696407998
8,0.3487776956176658
8,0.34409310315413427
8,0.34337290619683003
8,0.3494080165077727
8,0.35439234044330614
8,0.3421768276939274
8,0.34631752030806734
8,0.3521503642988116
8,0.35709488343323026
8,0.34887674825667137
8,0.3530772869164996
8,0.3535309378818179
8,0.34905485797024316
8,0.3513117352084014
8,0.35091976585782253
8,0.3462521685024029
8,0.3379438817297068
8,0.35593930294243775
8,0.3522829036860939
8,0.35002089158704197
8,0.3522385129381688
8,0.3512880832558286
8,0.3458948516662204
8,0.353568944115568
8,0.33974597726325356
8,0.34973245976259854
8,0.3432543985670705
8,0.3474153949511911
8,0.34788899707040377
8,0.3512098720063071
8,0.34467095361804573
8,0.34436871324755136
8,0.3432709937672774
8,0.34827578355461913
8,0.355108045814797
8,0.34878875150378186
8,0.3514501616088874
8,0.34966574391324085
8,0.3570258806660941
8,0.34477405238629155
8,0.348299349500641
8,0.3531920695040663
8,0.34229038114898086
8,0.3568099419021189
8,0.34736873678611374
8,0.34395920906461225
8,0.3501781245934483
8,0.3607629122964409
8,0.3527307096327567
8,0.3492633684835762
8,0.35022270374242415
8,0.351308926036323
8,0.35415553444044506
8,0.35304316529118257
8,0.3411461358101598
8,0.35594959295746986
8,0.3451667255916627
8,0.3484003358743533
8,0.3516963240759734
8,0.3522713043579621
8,0.3501017388091204
8,0.35139492020172963
8,0.35030496401890654
8,0.35152004648857044
8,0.348652735812194
8,0.3511073215434376
8,0.34684197697664615
8,0.34941823821332363
8,0.3523391953556463
8,0.3509033891830093
8,0.34937149812454477
8,0.35893327772428857
8,0.35050469020912633
8,0.35196454657579646
8,0.34920802071707996
8,0.34139437714610743
8,0.35222018349190004
8,0.34705065134602636
8,0.3523613484168064
8,0.34987277487749513
8,0.3471091290202481
8,0.35395451595613603
8,0.35236920010223033
8,0.3478094222337211
8,0.3524505571092311
8,0.3514745232284906
8,0.3475258116957038
8,0.3443399447917985
8,0.34669421912524745
8,0.35205846449424705
8,0.3456158351697154
8,0.34610050477149923
8,0.3539461013953961
8,0.34740989668063105
8,0.35285271980470295
8,0.3441372522384946
8,0.35110226351791035
8,0.3441982646997734
8,0.35113221963912017
8,0.3563240954182795
8,0.34741105089378643
8,0.3527886191892756
8,0.34910342020642465
8,0.3517902311434958
8,0.3555355727510785
8,0.34720589233278853
8,0.35240241143490936
8,0.35079618567799836
8,0.35273100414563446
8,0.34815035428510843
8,0.3452554541764469
8,0.34176614982536746
8,0.34969089025569977
8,0.3462641617331619
8,0.34975378603538165
8,0.3510537181080534
8,0.351484868197011
8,0.3489899308531391
8,0.35002194570347445
8,0.3437111944426865
8,0.34947609776967253
8,0.34641906002250117
8,0.34973199124649407
8,0.3510377583623566
8,0.34864280158272204
8,0.3445257644794428
8,0.3497668134136867
8,0.3502789939755904
8,0.34876742132824795
8,0.3523592725673235
8,0.3441972938676744
8,0.343281781646911
8,0.35052740817578865
8,0.3435600108094877
8,0.35158494414909125
8,0.35874981931785355
8,0.3529538498023279
8,0.35013358577740755
8,0.35255166839603413
8,0.35121576996214116
8,0.35389982353595245
8,0.3525239252737504
8,0.3459009445594625
8,0.35226682763106876
8,0.35703479831052065
8,0.35079273050758086
8,0.3470567369584231
8,0.34847663187791855
8,0.34998715458512125
8,0.34186012094398655
8,0.3489867603097022
8,0.35132383394585387
8,0.3469996587836219
8,0.3462302164140731
8,0.35195211616664146
8,0.34135186799403266
8,0.34434394502134424
8,0.3536478257955857
8,0.347820530251113
8,0.34653183847420976
8,0.3489823641479752
8,0.3520699912078322
8,0.3449117487425948
8,0.34698147471710383
8,0.3496327093697194
8,0.34473285985039526
8,0.3496094500051867
8,0.3499427823696943
8,0.35026412823712494
8,0.34626170599283257
8,0.3444574582957433
8,0.350249890162645
8,0.3541514421851994
8,0.3527413265418057
8,0.35323858077525244
8,0.3535491521936541
8,0.35471821298109407
8,0.3426762690030427
8,0.35733923448349075
8,0.3507638435991478
8,0.3461273727993781
8,0.3524735108270846
8,0.34871003141711365
8,0.3469878686228156
8,0.3428884916701703
8,0.3509802114862836
8,0.34554786882005717
8,0.34687915171553624
8,0.35009427773290186
8,0.35017176388655125
8,0.34259001389411736
8,0.35019817504070805
8,0.3445318582661228
8,0.35148740562429426
8,0.34199258245736364
8,0.35309983404785505
8,0.3503382182562402
8,0.3476755255175801
8,0.34955796122557653
8,0.3495289166271631
8,0.35333885071407417
8,0.3456263630442277
8,0.34734979494715995
8,0.3501615832134221
8,0.354751984182029
8,0.34625250817625913
8,0.35048430126253
8,0.3475556843987531
8,0.34796704804675693
8,0.34602157236305603
8,0.3549810278288322
8,0.3450228973910065
8,0.3556383559382667
8,0.3489144791453888
8,0.34710757745673837
8,0.3551653538614593
8,0.3440561964134775
8,0.35122846022667903
8,0.3454564326883107
8,0.347485287010958
8,0.3565875043883998
8,0.34616975781266546
8,0.3497136997404332
8,0.3510474720065404
8,0.3537668135112588
8,0.3515282880503395
8,0.34641906377664905
8,0.350034805084026
8,0.35776017131129473
8,0.3477776293703667
8,0.3456770532034857
8,0.3477121178964954
8,0.35384708579574076
8,0.35039612895193656
8,0.34821546131876885
8,0.3462355256835736
8,0.34504545486753757
8,0.34760535274776916
8,0.3482715022498806
8,0.3497453937803743
8,0.34829777789182015
8,0.3481742933206924
8,0.35053063830954706
8,0.35088387370839513
8,0.3524363165529608
8,0.35364752674643113
8,0.34668288828290034
8,0.34831662587614487
8,0.34623903513034704
8,0.35510798883653316
8,0.3570677493210069
8,0.34834515406672323
8,0.352519239941105
8,0.3482767469496374
8,0.34777640209899
8,0.343670981604239
8,0.3500949866844295
8,0.3424838119173928
8,0.34869039624577913
8,0.3459681737537044
8,0.3507236249269356
8,0.3494051977248577
8,0.347653539178171
8,0.3448926679459432
8,0.353957110044336
8,0.35018322781436617
8,0.3497122299496931
8,0.35528040682142087
8,0.3469727234113971
8,0.35245001492769934
8,0.346579573890545
8,0.35250664119299596
8,0.34621460989325203
8,0.3503736566801303
8,0.348014287552792
8,0.3448715278415167
8,0.35107699108761653
8,0.3529258861964217
8,0.3523256048235823
8,0.3531590958600089
8,0.3463024277426062
8,0.3492408795188272
8,0.3544893348175474
8,0.34834284196274606
8,0.3494475170869583
8,0.3362553478406886
8,0.3477253722175323
8,0.3491332565116153
8,0.3441613809198672
8,0.351303578726505
8,0.35037547654103174
8,0.34374301090185827
8,0.3463175295647497
8,0.34739395609022966
8,0.35173713627918757
8,0.3492466581193703
8,0.3488198427360523
8,0.3498947766950611
8,0.34833917130256864
8,0.3487022772197175
8,0.34614068486262745
8,0.34986978075305536
8,0.34696319475181425
8,0.3477412403062099
8,0.3454058709000894
8,0.3539133300418252
8,0.34794623098565464
8,0.3456974584242643
8,0.34929535268229817
8,0.3495013924959695
8,0.34859906531798873
8,0.34912317867698417
8,0.3412559301917554
8,0.34884341613610975
8,0.34897214499260665
8,0.35086171437701524
8,0.34834616932128926
8,0.3540456557373934
8,0.35014332542702775
8,0.34875986798275793
8,0.3461906364262295
8,0.35118859405321845
8,0.35359047438808494
8,0.3453658142044409
8,0.3487053928549251
8,0.346427517316662
8,0.3484285763571703
8,0.35177616759590213
8,0.3456811841844763
8,0.35223038303315324
8,0.3488885174914178
8,0.35313433642479536
8,0.34723975394532314
8,0.3545851157049805
8,0.34949109798098754
8,0.35154039565452777
8,0.3515082447757938
8,0.34826890867672444
8,0.3471576608297614
8,0.34532977227340145
8,0.347650701836161
8,0.3429639978145432
8,0.3542270287657673
8,0.34240621554342027
8,0.3494698103812822
8,0.3561913510551523
8,0.3464184695553532
8,0.3511685724709461
8,0.35219156473561386
8,0.35461555151842883
8,0.3528593137336819
8,0.3479320367376327
8,0.33933836764541103
8,0.3506932997301943
8,0.3495053652327447
8,0.34361354654475307
8,0.34774812646148834
8,0.3482504039404512
8,0.3587113481696595
8,0.34355475810023567
8,0.3495183608982949
8,0.3490194850914608
8,0.34153229231194654
8,0.3522845131832691
8,0.3460928802159872
8,0.35440554684879916
8,0.34421107439409726
8,0.3482861612400805
8,0.34730282370246096
8,0.3449837099965789
8,0.3451042460071739
8,0.3464329641651588
8,0.3516642314030066
8,0.3526675206151177
8,0.34013544256530437
8,0.34892418331278546
8,0.34776425093530056
8,0.3471788273523967
8,0.34386858191944364
8,0.35305216742437595
8,0.3489704292083435
8,0.34456062921769154
8,0.3503218242445289
8,0.35815442141683085
8,0.35120500160761736
8,0.34877140264272494
8,0.3499944522816132
8,0.35023759439257834
8,0.3563177415784428
8,0.3524002020230037
8,0.34870038306481355
8,0.3457163774383612
8,0.34921583559055946
8,0.34487104378214534
8,0.35498606037588326
8,0.3514314497571966
8,0.35106321442867994
8,0.34315591488845415
8,0.3488790024834686
8,0.3437554670155867
8,0.35047656879176814
8,0.34652477141487925
8,0.35302569232283476
8,0.3472985988246862
8,0.35589218472288103
8,0.35362887653721364
8,0.35169164562562427
8,0.3439945341442841
8,0.34784455762419464
8,0.3414140377512535
8,0.3468169319537069
8,0.3466678361310604
8,0.3535963783126958
8,0.35134769503511776
8,0.34513340621062993
8,0.3482362175577354
8,0.3451115547834095
8,0.35102685200689304
8,0.3460598798168212
8,0.35150245313879985
8,0.35165355029445744
8,0.3523133096395401
8,0.34918209026817615
8,0.3480099965542892
8,0.35242705204082375
8,0.34487531001321886
8,0.34607555032539383
8,0.3514842855794659
8,0.3566035186644041
8,0.34755772659057355
8,0.35538743057246514
8,0.34569287828473655
8,0.3519387895752426
8,0.34790862617373625
8,0.35379484504364545
8,0.35086621523722966
8,0.3519984857290891
8,0.34942286113073234
8,0.34535601537689864
8,0.3531665875764174
8,0.356758980207195
8,0.3502434759232811
8,0.34675761311138475
8,0.35592907066563306
8,0.3435840891229644
8,0.35566449691504093
8,0.3540216308160813
8,0.35964307276778185
8,0.343934943694645
8,0.35232879506919196
8,0.35027741031405896
8,0.34667965444771826
8,0.35475203207875966
8,0.3487354532664822
8,0.3514541065994823
8,0.35261421599000087
8,0.352630151170678
9,0.3411825072303857
9,0.3393344391780469
9,0.3426746399926015
9,0.3380984852285532
9,0.3398597526825943
9,0.34044589220090815
9,0.3419751625632625
9,0.3428409825726977
9,0.3411635738218588
9,0.34777329627776404
9,0.3436162138878267
9,0.3396178897248463
9,0.3398313056861076
9,0.350691723425375
9,0.3464650589376317
9,0.34718918039943986
9,0.3395952021181641
9,0.34063487491020794
9,0.3439846962790733
9,0.3428189457169515
9,0.35015382418897045
9,0.330363084926677
9,0.350353180546121
9,0.3414176695329237
9,0.33918718085838
9,0.3384359053280636
9,0.34133489087669727
9,0.343084007058619
9,0.34207421415238143
9,0.3356856262239117
9,0.3405631468844009
9,0.3393654100534038
9,0.3422001725637535
9,0.3385564783466907
9,0.3556246551280695
9,0.3479927652992263
9,0.35212891781034533
9,0.3417807766406492
9,0.3389823288653331
9,0.3467388487993645
9,0.341295486872889
9,0.34603822552928765
9,0.34384684531361087
9,0.3409575342873885
9,0.3362985415638424
9,0.3553635429926151
9,0.3512922922583449
9,0.3409355684503378
9,0.3390509947866686
9,0.33837692092951416
9,0.3393794488349472
9,0.3425716445336678
9,0.34490400904244234
9,0.35119995968237894
9,0.3430545258264532
9,0.3464130080607446
9,0.34316518196047574
9,0.33370481231681576
9,0.34224480651234435
9,0.347353655161476
9,0.3441604930033444
9,0.34091119323430435
9,0.34092058601266106
9,0.3472912385945801
9,0.3492124956522317
9,0.345540219301473
9,0.34113502665365264
9,0.34357816315472167
9,0.3427577021574754
9,0.35272650502547614
9,0.3336645332874248
9,0.33880170201280735
9,0.34891110790135266
9,0.3384443858876701
9,0.3433391979726574
9,0.3441917588624287
9,0.34533978988374836
9,0.3449172055732862
9,0.3502152359998239
9,0.34220729231747765
9,0.34037936305241845
9,0.33771575054836883
9,0.3479780640671236
9,0.3436590974374684
9,0.3436257346029094
9,0.34483735063943755
9,0.3452106035647737
9,0.3476616037562
9,0.3442870210923522
9,0.3369636795136447
9,0.3453871060930972
9,0.33835416362146914
9,0.3415590617112211
9,0.34046757882167367
9,0.3357477631089653
9,0.3400765199572778
9,0.34298417960935784
9,0.34485836296139155
9,0.3351502781968724
9,0.3444415502465527
9,0.3394292364361589
9,0.3435266737285557
9,0.3426112630383573
9,0.34624023405045135
9,0.3406255445563881
9,0.34162922392841755
9,0.3447409612967778
9,0.3473463821670565
9,0.3470699787853973
9,0.34053259252454265
9,0.34778032623103694
9,0.3471970982946755
9,0.34334461755715434
9,0.33961181680010244
9,0.3459617614036685
9,0.3411460126513926
9,0.3397746529613892
9,0.3380506522153566
9,0.3426257834280307
9,0.3402964287247112
9,0.3395855977547656
9,0.3382781828318346
9,0.3439676339047172
9,0.3412771233566442
9,0.3394994453465853
9,0.34396489394481744
9,0.3445116351651249
9,0.34000476527131085
9,0.3498008676064225
9,0.3451712654666252
9,0.34322111100726027
9,0.35049130038258636
9,0.3446066462465381
9,0.337231033959494
9,0.3403366401668749
9,0.3476272016777837
9,0.35122450222633095
9,0.345183647476686
9,0.3419506107804789
9,0.3430283435884751
9,0.341518822855987
9,0.34078039719388536
9,0.34345512524402794
9,0.34942019778747474
9,0.3429570372724001
9,0.3439908812008432
9,0.3484050225814113
9,0.34618240160338914
9,0.34330459995858503
9,0.34385306363923007
9,0.33996946377312726
9,0.3436146727675358
9,0.34537321911597435
9,0.35129229946778406
9,0.3378803893511025
9,0.33803439560488313
9,0.35331807100969964
9,0.34605933857444277
9,0.3410453911380164
9,0.3493187006172814
9,0.3460762536655902
9,0.3452338558965061
9,0.3462932741170273
9,0.3427695306697433
9,0.3447715478192198
9,0.34576898852094357
9,0.339320244809285
9,0.34264382610125715
9,0.33953946800709356
9,0.33473934715698167
9,0.3404895931359315
9,0.34355565969789825
9,0.34559104877665325
9,0.3491527306328572
9,0.34003361896078277
9,0.338828895064351
9,0.3446587066559275
9,0.3412624125537887
9,0.33906417635727754
9,0.34619041569816084
9,0.3426602690827262
9,0.3378331113906473
9,0.3406454389620306
9,0.34655049327812776
9,0.3391407107312817
9,0.3430279665126766
9,0.33656516774226947
9,0.34550093252742325
9,0.34818249834989584
9,0.3433546614331775
9,0.34428380259503855
9,0.35013330686827854
9,0.3381866190361078
9,0.3467995019142123
9,0.33041101958347513
9,0.34442436412008814
9,0.34362300848304855
9,0.35094137560132815
9,0.33222373766459123
9,0.34150247627912
9,0.3433484415038537
9,0.34393514896775096
9,0.3361884844107068
9,0.34707309452774165
9,0.34554464048752803
9,0.3425216753449473
9,0.3421105927153182
9,0.344128483683515
9,0.3443643024614336
9,0.3458966148129183
9,0.3437502397659402
9,0.3453952212100009
9,0.34301238342086376
9,0.3426414842957349
9,0.34276975466874343
9,0.35408053642431314
9,0.33735082653826026
9,0.3441890823471894
9,0.34592491124140295
9,0.35068562649075496
9,0.33397556233058623
9,0.34395437760992126
9,0.33892281635357635
9,0.33685788564685776
9,0.3529538957104074
9,0.34012256258481227
9,0.3452877069866232
9,0.3440984210101349
9,0.3419375380001801
9,0.3471023239982237
9,0.34394455018262216
9,0.34708644550608725
9,0.34846450756795816
9,0.3497381828702657
9,0.348623504541104
9,0.3348118426062059
9,0.34228810830561024
9,0.3470648620863585
9,0.3507540907998901
9,0.3386724403202797
9,0.3429773660144348
9,0.3365716622228142
9,0.3470754142404007
9,0.34227335002979054
9,0.3405170084647158
9,0.34838762329171596
9,0.3406765599982223
9,0.33964857564032935
9,0.34426973727265253
9,0.3406094732200888
9,0.3449319261272205
9,0.3453075508350207
9,0.3432350520831554
9,0.34348764921084324
9,0.335933783313835
9,0.3395285412223008
9,0.3437635447474477
9,0.3318094144585849
9,0.34375322573250106
9,0.3464085027454889
9,0.3427544924418494
9,0.3409980313573161
9,0.33135072523499964
9,0.3461785721113236
9,0.34516892708907215
9,0.34091615139565085
9,0.34648170863505473
9,0.3331330248553276
9,0.342154162721318
9,0.3460557200729904
9,0.34229805123006546
9,0.34015393311311415
9,0.3448272028476331
9,0.3361043832472356
9,0.34382594049088
9,0.34060029211652565
9,0.3385567785529476
9,0.34288801188523255
9,0.3466647573931385
9,0.3473264651719983
9,0.3410147529788088
9,0.35123510527261526
9,0.3428664815296616
9,0.3417927716682153
9,0.3563984886726218
9,0.33749601720400113
9,0.3539458807180239
9,0.34606513322192084
9,0.34295391747402104
9,0.34207531437277344
9,0.3506043124744059
9,0.3457280734191185
9,0.34864896071873597
9,0.3504474163056342
9,0.35243706197318486
9,0.3455429882871425
9,0.34361428946562667
9,0.3407605788759154
9,0.3370834106539365
9,0.3426090218321848
9,0.3442237473823481
9,0.3475838040902133
9,0.3466749316134384
9,0.34334033857289653
9,0.352324308731265
9,0.34408480395934415
9,0.3352534246987632
9,0.3374903625676889
9,0.34763061745140356
9,0.3498967938216286
9,0.3479782403802599
9,0.33522163390223236
9,0.34705756625168144
9,0.3406437353837895
9,0.34396538636430973
9,0.34881580971635584
9,0.34215810179101064
9,0.34715800120305657
9,0.34296954597923124
9,0.34665466001282486
9,0.34241831600898465
9,0.3361945466168703
9,0.33202843004514826
9,0.34249520285709534
9,0.34943566788906355
9,0.3392962415269788
9,0.3407503895141886
9,0.3429254945440982
9,0.34177006695099843
9,0.3470943749943278
9,0.33409132852019974
9,0.34359944717256413
9,0.3473480452208406
9,0.3471644822521765
9,0.3428036932695947
9,0.3402479452723864
9,0.34218254703777895
9,0.343045085470641
9,0.34613324337602713
9,0.34535047405563
9,0.3453471648223032
9,0.34246556627208163
9,0.3328130081897171
9,0.3483585774049033
9,0.34247891476066233
9,0.3452005966039751
9,0.3457800232544322
9,0.3521445633569799
9,0.34393722053047404
9,0.34029230256172516
9,0.34806208385236553
9,0.3416732040847835
9,0.3505863508522847
9,0.3505776880850291
9,0.3409606543757841
9,0.3360765590789553
9,0.3400291243453065
9,0.350557814266632
9,0.3484795367224954
9,0.33891162913124523
9,0.3414879011242235
9,0.3470102010093662
9,0.3454688772581912
9,0.3401875349934071
9,0.3405920190501075
9,0.3450115205964802
9,0.3519966148619815
9,0.34044439374824936
9,0.33983491273939836
9,0.3457373787863554
9,0.3456190153448854
9,0.3448532019646513
9,0.3437392701595261
9,0.34471171050703353
9,0.3423662139832782
9,0.34343501125842196
9,0.33718258835583764
9,0.34186657838780105
9,0.34838605562304925
9,0.3514596791434337
9,0.3495821111993903
9,0.3476954578040792
9,0.3398519996450226
9,0.347561685387503
9,0.35074955763911575
9,0.33724732916762246
9,0.33579511646731947
9,0.34495405019640524
9,0.34617774231665055
9,0.3465902325069627
9,0.34687662327087215
9,0.3429111628476061
9,0.33760702454434033
9,0.33760997317560104
9,0.3498341203038553
9,0.34364976268631875
9,0.3380311137849662
9,0.3462121900026162
9,0.3390972381379051
9,0.34321305547851727
9,0.34926227978748436
9,0.3421494066996389
9,0.34858278145877025
9,0.3428643491166709
9,0.33318554608584106
9,0.3430814288574518
9,0.3470733615241399
9,0.34050066314920613
9,0.34244002047989014
9,0.34401216769996484
9,0.3395577983631705
9,0.3442777449834509
9,0.34171584850705194
9,0.34924887397439547
9,0.34117835076647696
9,0.34157259661937417
9,0.3505245216407425
9,0.3374693444494618
9,0.3482628078055797
9,0.3402454923947003
9,0.33998374837811857
9,0.34220912824538835
9,0.3404246458428524
9,0.3473112001228592
9,0.3451781586278159
9,0.34587441141411734
9,0.34431122137494363
9,0.34081694038819443
9,0.346360026375957
9,0.3401525672013765
9,0.3490068874043418
9,0.34174416605702657
9,0.343856812136414
9,0.3423902137819716
9,0.3417838307517316
9,0.3335085994146112
9,0.3372413156421152
9,0.35328452163324175
9,0.3472627969476838
9,0.3395607641293927
9,0.3379704761588251
9,0.3395032244646639
9,0.346902509634935
9,0.33787284538998175
9,0.34973147077739586
9,0.3427090371038736
9,0.34502326723861676
9,0.3403218057351364
9,0.34209486497610525
9,0.33885088899085497
9,0.34278941756826714
9,0.34301172011651593
9,0.3366987225008812
9,0.3424768957359487
9,0.34595785268645907
9,0.33961526363737415
9,0.33754529802091576
9,0.3462864104490542
9,0.3407082043576364
9,0.3361985453346022
9,0.33989287808498536
9,0.3442460226135516
9,0.34231932537922805
9,0.3483294674270025
9,0.34299977568045553
9,0.34371835224929725
9,0.3413116041150731
9,0.3468927982063453
9,0.3366805625853734
9,0.33696496931335396
9,0.3429450564421198
9,0.34203549720498505
9,0.35023898975927464
9,0.3395905447438382
9,0.33859212796438404
9,0.3418049281030673
9,0.34309828662616143
9,0.3450487626382681
9,0.3479714772191925
9,0.3414232656488137
9,0.34495564686236
9,0.3405253747730314
9,0.34716246458515576
9,0.33714645271717925
9,0.3388708522922035
9,0.34416200192853386
9,0.3486248362571738
9,0.3386127984117888
9,0.3495982285123132
9,0.34437693942826536
9,0.34472905293270273
9,0.3466595894260257
9,0.35040895376144887
9,0.3461136833238695
9,0.3390509646378796
9,0.34883127059316726
9,0.34841917621203544
9,0.34240552530796153
9,0.33602481788399724
9,0.3383244530679775
9,0.33655578970147054
9,0.33834566376581315
9,0.33199748971658766
9,0.3438791865246022
9,0.341535613754924
9,0.34770575970219914
9,0.34384259607985984
9,0.3369796929456723
9,0.34122866484789793
9,0.34247103318728067
9,0.3493155365776454
9,0.3433474553362676
9,0.342529901882129
9,0.33635477626801963
9,0.3397772098958627
9,0.3461597950462913
9,0.3412167654746932
9,0.3461443543247313
9,0.34478479149125313
9,0.3399109952677736
9,0.34680609439293486
9,0.3376255235793255
9,0.34070584966891
9,0.3480060986915535
9,0.34827885487336224
9,0.341925775864687
9,0.3472973370109207
9,0.34640270120448563
9,0.3434034197842489
9,0.34226970989566946
9,0.34916551674192375
9,0.34682591546828323
9,0.3509636418963474
9,0.34550689408560287
9,0.3472195584841526
9,0.3413178213358956
9,0.35329832211723927
9,0.34823120743092617
9,0.34281897148929447
9,0.34880575145844833
9,0.3493349534715442
9,0.3531919661781677
9,0.3537735207291722
9,0.35221598934343035
9,0.3492491953833512
9,0.34197231800557976
9,0.33969569981419845
9,0.34273524320802046
9,0.34252970729597954
9,0.347145253425754
9,0.351131788989994
9,0.34628806806134205
9,0.341247069307611
9,0.34287593273904304
9,0.34072040681078886
9,0.34419250308546695
9,0.34452997246830136
9,0.34029968413864986
9,0.33917234742848246
9,0.3403245554399276
9,0.3394541172925792
9,0.33472852410248455
9,0.3435757700027093
9,0.346173973696465
9,0.3451705143684309
9,0.3442681234623136
9,0.3449193790449871
9,0.35110970923044293
9,0.3410402674334914
9,0.33805970969792953
9,0.34713502264027724
9,0.34264776498961075
9,0.34489592677887027
9,0.3480549313398283
9,0.3453076662216763
9,0.3461342643908058
9,0.3418725021037003
9,0.345491931105345
9,0.338328555555572
9,0.3538793068270252
9,0.3458975613138549
9,0.34124967469697554
9,0.3432046051907244
9,0.3411176021691786
9,0.34492832982275184
9,0.34123269637504994
9,0.3445114740072133
9,0.34857173812214304
9,0.3359182494071754
9,0.3438072646597484
9,0.35161551272845143
9,0.3410667965389288
9,0.3515122023557365
9,0.3402964800519822
9,0.33802727711008734
9,0.3440916899380021
9,0.34221320581065845
9,0.342996198615869
9,0.3374988821325398
9,0.35135960212866624
9,0.3371740586654747
9,0.34064330535601556
9,0.34373664669047405
9,0.3368317922820647
9,0.347742344073243
9,0.34829268814583103
9,0.3474801988490676
9,0.35123464857168274
9,0.3485114027638304
9,0.34569239560285797
9,0.34991103406247326
9,0.3490414984629074
9,0.3385069108660482
9,0.34481619702262445
9,0.35099200410222864
9,0.3413423154027622
9,0.3421058112252087
9,0.33933869093952895
9,0.3437280469633278
9,0.34916331951469765
9,0.336756042321708
9,0.34592417654928675
9,0.34964400429026904
9,0.34886440397180923
9,0.3493183821622635
9,0.34804615252049714
9,0.34406024812419156
9,0.34347827444935053
9,0.3534258734823009
9,0.34985000871157795
9,0.34439886904540257
9,0.3511921594810743
9,0.35170496606423374
9,0.3424567251542302
9,0.343091196622833
9,0.3353274992230149
9,0.346266879614277
9,0.3370071249883078
9,0.3425437879809799
9,0.3465629589679913
9,0.3448876736338486
9,0.33981271175141287
9,0.3473568742766637
9,0.34352710457119456
9,0.3425401386142492
9,0.34269818425727483
9,0.3441154613268752
9,0.33958191337640986
9,0.33502110251680134
9,0.3528171554440153
9,0.34147294615904056
9,0.3403529684130603
9,0.3466354985710294
9,0.33834714938623395
9,0.34328812368345313
9,0.3540296041526567
9,0.34447978580214167
9,0.34575815259200804
9,0.3428259571001415
9,0.3446209932773435
9,0.34613386851364625
9,0.3462659343020517
9,0.34229635577771983
9,0.3452314110087286
9,0.34227234137873064
9,0.34708644354010154
9,0.3357395779485908
9,0.34462385367414344
9,0.3379650551637523
9,0.3429139219145472
9,0.3410991418366501
9,0.34542358008900603
9,0.3416205473623048
9,0.3371644713400831
9,0.3354010429234364
9,0.3458544382940164
9,0.3399037822893606
9,0.3475893433715698
9,0.3430078968298782
9,0.34059073463483336
9,0.3437454850450156
9,0.3402750722794201
9,0.3427949504076687
9,0.3473866134042744
9,0.33820331756282623
9,0.3485360238858449
9,0.3462109321484348
9,0.3505999146871053
9,0.3459190516135016
9,0.339337770042289
9,0.3456239175412051
9,0.3356267684175332
9,0.3419159977539689
9,0.3468079417300474
9,0.34929220216098344
9,0.34509319983758346
9,0.3416451726194281
9,0.3477831320506909
9,0.345448754490499
9,0.3333255060139861
9,0.3429667650294691
9,0.342474799638152
9,0.35127731709462623
9,0.3459925100334953
9,0.34208917453440063
9,0.3384117859270003
9,0.34229378682843964
9,0.34817682618274276
9,0.34731392782538495
9,0.34172585884385587
9,0.34348907760109393
9,0.33911022043483574
9,0.3363768090965482
9,0.34208061396054396
9,0.34637109877292604
9,0.3428951975010757
9,0.3410227796386142
9,0.3339310755951786
9,0.338120230416002
9,0.33979302312645365
9,0.34650243058901264
9,0.3441953351145978
9,0.34575836008917366
9,0.351094137924701
9,0.3399578252029471
9,0.34018389570510904
9,0.3356445640343671
9,0.3429847786665479
9,0.3529550082234484
9,0.3439115173916687
9,0.34601827264381946
9,0.348991546517587
9,0.3435608737849712
9,0.34563988689213776
9,0.3466324688377584
9,0.34672966369823605
9,0.344907449937786
9,0.3353735469617267
9,0.34970382292421825
9,0.34258740962486917
9,0.3513551799743526
9,0.34467484260688774
9,0.3464884460672454
9,0.33234149142112174
9,0.345528943844671
9,0.3430307991618819
9,0.3455904789155721
9,0.34465045524478705
9,0.3424781309100476
9,0.33718285709280604
9,0.3447510765018547
9,0.347807787693109
9,0.34539509900697324
9,0.3443982696375186
9,0.3511359898272852
9,0.3368646219235144
9,0.34506807451432175
9,0.3544372871736979
9,0.34338784959658797
9,0.3425587482669548
9,0.33938304541589687
9,0.34203331024032063
9,0.3455779256667179
9,0.34332496373143884
9,0.3435599445242381
9,0.34311920373554927
9,0.3418280473661772
9,0.33258681303879206
9,0.34470459473522463
9,0.3413084608374117
9,0.3458074089786212
9,0.33880646851953
9,0.33984583940731444
9,0.34311535928603515
9,0.3397157153554542
9,0.34250764842575127
9,0.35061764772917814
9,0.3441263090630964
9,0.34106804379654876
9,0.34180478985769513
9,0.3398268347241593
9,0.34785385129788776
9,0.34884707124053327
9,0.3439469611589778
9,0.34972247842157134
9,0.3440782262607856
9,0.3407745175526424
9,0.3481638506137008
9,0.33293011726822486
9,0.34033206160901025
9,0.34329961054959446
9,0.34701659112676164
9,0.3441565184157065
9,0.35370817725625864
9,0.34183118292567594
9,0.33927040027057287
9,0.3431355317976765
9,0.34427293536073694
9,0.34515367042979356
9,0.34500625857492745
9,0.3347690385591487
9,0.33937888173862396
9,0.3442286409618745
9,0.35229964802008795
9,0.33992831528953016
9,0.3590202332835723
9,0.34464976332507524
9,0.3412506207865839
9,0.3480536219589328
9,0.3402061639051029
9,0.3463003950920043
9,0.33965345244389494
9,0.3394527114776789
9,0.34388190466641716
9,0.34530619170380267
9,0.3423151991542175
9,0.3441636747443798
9,0.34155732393570987
9,0.347794445612926
9,0.3444119891497197
9,0.3466895749663906
9,0.3445425017420424
9,0.341657532430461
9,0.34008743540890457
9,0.3422147500420829
9,0.34068897554341665
9,0.3450542254255417
9,0.3441008546356944
9,0.33915398105302785
9,0.33280747453444987
9,0.3475967062453862
9,0.34166295273180036
9,0.34959131131405546
9,0.3356796694260717
9,0.3368175153360989
9,0.3477019558341729
9,0.34475394051852304
9,0.34533691978105596
9,0.3406783708938792
9,0.3419962052605365
9,0.3465424886335925
9,0.3503207902090856
9,0.3443532103146853
9,0.3428515454816541
9,0.34872691390368354
9,0.34253706432320635
9,0.3436974586880971
9,0.3459614783755575
9,0.3459765570887686
9,0.34901232979689756
9,0.33976909914914083
9,0.3499434176368203
9,0.34263782552680383
9,0.35119870525870955
9,0.3396463991362209
9,0.34700915447972963
9,0.3394115349897359
9,0.34357512358070036
9,0.3316210909773644
9,0.34077319709076065
9,0.34209240378350586
9,0.3435558962634029
9,0.34444918461223145
9,0.34567910683906017
9,0.34753475040956444
9,0.3463743166043066
9,0.34959910645554504
9,0.3473176431661479
9,0.3459661059093492
9,0.3449500129751512
9,0.34923407856260097
9,0.34283201525955176
9,0.3376993866435484
9,0.3472947393610949
9,0.3410905176237363
9,0.3385171387772611
9,0.34617133635570346
9,0.34979629508142307
9,0.3468530769518616
9,0.3422335133195087
9,0.34290768470356403
9,0.34557654791341447
9,0.34344896328786145
9,0.3371571152193249
9,0.34143506252478056
9,0.3370825629533083
9,0.34099693459326635
9,0.3520011796730058
9,0.35203675967615605
9,0.34876166184988283
9,0.3444783177062135
9,0.34204250522574325
9,0.34690358338923566
9,0.3449024646428769
9,0.3421121745973411
9,0.34752221429746527
9,0.34042396710565526
9,0.3474376198030805
9,0.3352299885534624
9,0.33617754578231085
9,0.3405801367615206
9,0.3405597021292828
9,0.34357905044309767
9,0.3405118176387054
9,0.3494924256580525
9,0.34082724145314547
9,0.3480578207985161
9,0.3402359057804504
9,0.3463052885543515
9,0.3363669332115072
9,0.3375429169705514
9,0.3429543014792838
9,0.3413652945705293
9,0.3473603262272943
9,0.3452799147348478
9,0.3387475984202048
9,0.3376775766474033
9,0.34574842422601404
9,0.34581867915861725
9,0.33019271898831215
9,0.3468832942233892
9,0.34929587594572614
9,0.3480563126943363
9,0.3438014562724985
9,0.34875277730677773
9,0.34358623767959595
9,0.3481370490643929
9,0.34034291032375774
9,0.33885464728649584
9,0.33760779774719923
9,0.3431229346147757
9,0.341825186196688
9,0.3438630823472291
9,0.3390725362337706
9,0.3435496839295871
9,0.33512742253654454
9,0.3443564094539295
9,0.34225686346527356
9,0.3414011773646152
9,0.3451222916256764
9,0.3481032708231273
9,0.34729602097285694
9,0.34283076345818975
9,0.34568920209677095
9,0.34015137039413446
9,0.3396999725136486
9,0.34030419983936694
9,0.3476406088480932
9,0.35003650160811783
9,0.34591204361063027
9,0.3430871711227622
9,0.34421702243962937
9,0.34139678513227056
9,0.3428017458069995
9,0.34254425856394477
9,0.34330639525560264
9,0.3424762134366936
9,0.3492183076784344
9,0.34354054815337737
9,0.34601491841127685
9,0.3359243878548679
9,0.34589506369309936
9,0.33938435379051884
9,0.3452533085014045
9,0.33992004507792745
9,0.34389956364971225
9,0.3438116027991513
9,0.3469809778254724
9,0.3384825980657688
9,0.34399052928974927
9,0.3428618997013701
9,0.3435273489310287
9,0.34813212067313654
9,0.34518597532038553
9,0.33972482810705756
9,0.343543839352757
9,0.3375877914840043
9,0.3480832819922076
9,0.3444652974343589
9,0.34641005761672733
9,0.3467781286538572
9,0.34330340163772183
9,0.3419976027961798
9,0.3507012210427109
9,0.3411925930356301
9,0.3533055252999306
9,0.3443899208905572
9,0.33861428346717487
9,0.34387019762950105
9,0.3502088352110437
9,0.3418367153195156
9,0.3363306666771328
9,0.3554317546575424
9,0.3409893015614405
9,0.3471660090753064
9,0.34155105858370327
9,0.33549202661552435
9,0.34561770400041003
9,0.34950493364376206
9,0.34156747279336397
10,0.34648921906511376
10,0.3308490391524594
10,0.34281210928321293
10,0.3316636609427295
10,0.33216182966919383
10,0.34322405315414733
10,0.3314206162567474
10,0.34905422653073137
10,0.33846299292798654
10,0.34544907784874707
10,0.3427375876012088
10,0.33314227942032726
10,0.33684299501435594
10,0.3320369614011695
10,0.330619450388734
10,0.3330558007147137
10,0.3354853300884214
10,0.3297331329151849
10,0.3325120489516561
10,0.3433412514637224
10,0.34004810823755127
10,0.3445311122083867
10,0.3386837267665814
10,0.3438561372240148
10,0.3481236931987669
10,0.33066894878648195
10,0.33405288552318335
10,0.34350428161502194
10,0.339481685785637
10,0.3314532932782174
10,0.34795526278352734
10,0.3315061955172492
10,0.34510356912065576
10,0.3442610308276821
10,0.3364762626913842
10,0.34059459910625806
10,0.3311380610903539
10,0.33075537975366
10,0.3372066605110437
10,0.3285674441348268
10,0.32667141958195284
10,0.3380704414959752
10,0.34795422334941745
10,0.34378198684388744
10,0.34113158952810824
10,0.3423945213548645
10,0.3213946366953188
10,0.33255239499471745
10,0.3384948231994811
10,0.33156563547367013
10,0.32438119344320626
10,0.3311557518981904
10,0.3250003955980456
10,0.33217417069523725
10,0.35154620163845496
10,0.3436059171729173
10,0.3393834830077108
10,0.3512515760839198
10,0.35747745532144076
10,0.3375977816570466
10,0.3466199543120338
10,0.34234093751862343
10,0.33880393242156515
10,0.3430736331591809
10,0.33290470436889075
10,0.3521717044882201
10,0.3322717813615533
10,0.33209303079669267
10,0.3363767473510641
10,0.3305664376777566
10,0.336497876824027
10,0.33648803473804567
10,0.3240963767198927
10,0.3452122032437466
10,0.3467359469034749
10,0.33428657141573875
10,0.33233371500419795
10,0.34583391189458934
10,0.3394021537832372
10,0.3472937804921247
10,0.34078067352160407
10,0.333598537451359
10,0.3517059235017291
10,0.3381770287050291
10,0.3569778211916567
10,0.3333589601033601
10,0.33980279999608354
10,0.33549966074216925
10,0.32459630352680247
10,0.33701677416099135
10,0.330895150326367
10,0.33675379385640963
10,0.34276591907866016
10,0.33445813653481865
10,0.35451781040843644
10,0.3384058396527146
10,0.34258832430070324
10,0.33940745861653676
10,0.32676130777107465
10,0.3332225936873826
10,0.34361108685320024
10,0.3322224725197655
10,0.3442166579529074
10,0.337545739037291
10,0.34200774971089726
10,0.3514491528021922
10,0.32773009941296904
10,0.3362297159368461
10,0.3618221385617371
10,0.33248522144516446
10,0.3371733203304368
10,0.339042019673538
10,0.3499429761782824
10,0.32899991687093566
10,0.3470134517689208
10,0.34549426623002294
10,0.3338019941298196
10,0.34026569791493844
10,0.3294628294240641
10,0.34177327141461245
10,0.34591915795106803
10,0.3336656193275964
10,0.3438976647357282
10,0.34134673980348557
10,0.3464681229426121
10,0.3409050999978802
10,0.3290600875352495
10,0.3309533009621907
10,0.3424722891305714
10,0.3391122029147545
10,0.33392548893516844
10,0.34010253248160227
10,0.3492749096430309
10,0.33845198005477184
10,0.34407420742679184
10,0.3437719451952142
10,0.3330661117390527
10,0.35339088037157707
10,0.33151607485259704
10,0.35018659536593494
10,0.3454587950574669
10,0.34276431939592844
10,0.33929601535196363
10,0.33006164101215824
10,0.3315829997973068
10,0.3519343066833691
10,0.33639520841713133
10,0.340749295027538
10,0.32289372608917716
10,0.3279544392216789
10,0.34365580750810776
10,0.3416015811856141
10,0.3290452394187297
10,0.323352604899341
10,0.34155925063040704
10,0.3370963751178879
10,0.34065846152228474
10,0.33899502627022327
10,0.3154519371859659
10,0.34588036915892545
10,0.33802089120298695
10,0.32468228968794594
10,0.34021376442108237
10,0.3502724312791363
10,0.3495869343553995
10,0.33733788234509665
10,0.33337099000258247
10,0.34617654933656605
10,0.34313067925075763
10,0.34442432788077504
10,0.31880570355972593
10,0.3357519451712865
10,0.3344091644056318
10,0.3506583315995401
10,0.33271427361280215
10,0.34151246495373344
10,0.35232727498066013
10,0.3456877993500305
10,0.3443249209637278
10,0.3338860476364762
10,0.3422229403849192
10,0.34119540160663614
10,0.33772328094716314
10,0.3381688055632046
10,0.33476514069552576
10,0.3316412480021228
10,0.33305766155921535
10,0.3450064015283518
10,0.3431814321237647
10,0.3298325855275669
10,0.3317754470684017
10,0.33988610977365924
10,0.33634525625115863
10,0.33388965453554903
10,0.3327689385891628
10,0.33108077715183803
10,0.34040876378483703
10,0.34600711997291056
10,0.336537517129088
10,0.3341334171305287
10,0.3273331152965345
10,0.33414907016273643
10,0.3294267294539789
10,0.3301131337749746
10,0.3438992392864101
10,0.330633004875767
10,0.32171032267311744
10,0.3346930882674056
10,0.32183380320416555
10,0.34070164334056346
10,0.33396293104675645
10,0.33831912202410597
10,0.3566828790727776
10,0.3286998892409614
10,0.3375090023616654
10,0.3495174725606647
10,0.32582205556931926
10,0.33480845579710883
10,0.3323223532000409
10,0.33700554829469437
10,0.34726246975256186
10,0.3442526138171893
10,0.3364815776084318
10,0.33380883781212645
10,0.32996015015472163
10,0.333894866256356
10,0.32844688877590716
10,0.3302946994829907
10,0.3409170038039368
10,0.3477434712648937
10,0.3277014620212
10,0.31944733901782335
10,0.3483257682696678
10,0.3267310229973257
10,0.3321925080468595
10,0.33445228290497087
10,0.34186663882470514
10,0.3284278671061764
10,0.3407353068060377
10,0.34132400440237387
10,0.3324582234373169
10,0.34439424922191436
10,0.3554294893419473
10,0.3358684169221207
10,0.33541517031708273
10,0.3343166736775248
10,0.3425705637303194
10,0.33852175040040494
10,0.35611923269973383
10,0.3332554736808248
10,0.35053184760707473
10,0.33959951925408405
10,0.3391905330921028
10,0.33883319142767787
10,0.32380536685761074
10,0.34081357126965667
10,0.3322915779726755
10,0.3404311235084079
10,0.34380998298036586
10,0.3424243230818511
10,0.32856906169032185
10,0.3455964647815228
10,0.3454068405128027
10,0.34216453268786934
10,0.32670038142510355
10,0.3395269626848535
10,0.33152303657534093
10,0.3533192428260368
10,0.3386650178380688
10,0.3258434185340206
10,0.34773036125400064
10,0.33771719836341046
10,0.3391193251568073
10,0.331845286598016
10,0.3244811176595159
10,0.3343922218658728
10,0.328616196801088
10,0.3456926647497873
10,0.33947338751366724
10,0.32781244379480734
10,0.34492596971199957
10,0.33773094282238875
10,0.33336269735227364
10,0.33362221898483424
10,0.33206407907275043
10,0.345578546090564
10,0.3364790800347231
10,0.33906562421404196
10,0.3470156561744164
10,0.3432080051095686
10,0.32550708977661696
10,0.32958327164286827
10,0.3324676883875448
10,0.3388039786252745
10,0.33283485606859936
10,0.3476085197486003
10,0.3281685895961221
10,0.3439048264169791
10,0.3393730870862247
10,0.34484005030684095
10,0.3463570461390397
10,0.3364618576827335
10,0.3355426375476465
10,0.35147621981999905
10,0.3397234401812829
10,0.3375295720640123
10,0.3247451702646568
10,0.3274129124470095
10,0.3405289932675458
10,0.3463733233655615
10,0.33871434749616125
10,0.32629936011242455
10,0.33687187699426047
10,0.3208671056998414
10,0.328328954925831
10,0.34948431585476747
10,0.3354625363792188
10,0.32608321763772974
10,0.3320003888875423
10,0.3314563451939194
10,0.3268989727417464
10,0.3336543699007771
10,0.3405402281046883
10,0.3283917818929012
10,0.3467808274052327
10,0.3468465296425213
10,0.34097973091138817
10,0.32172892413014786
10,0.328596451367021
10,0.32743613761764
10,0.33648073917758065
10,0.3439348104298455
10,0.33128040141266013
10,0.3387951367798958
10,0.3218925159088302
10,0.3384075902271118
10,0.3371133716691479
10,0.3319527456300551
10,0.33811400979975303
10,0.34901858859334883
10,0.3224033479573505
10,0.32980358954050815
10,0.34555431905564976
10,0.3487334480455372
10,0.3325375187174459
10,0.3379547126387725
10,0.3362954751665972
10,0.3460187267093464
10,0.33967494893169875
10,0.33812919408118974
10,0.3519951722283255
10,0.3408950317398484
10,0.3483327219991795
10,0.33089805692378227
10,0.34632093200527186
10,0.3350499046360554
10,0.33094313813221793
10,0.34424599358261226
10,0.33809667717037334
10,0.3380866093423493
10,0.3350489256537288
10,0.33039163765927054
10,0.337599991160735
10,0.34769633064006406
10,0.3466889927566702
10,0.3346513000383124
10,0.34896577277366936
10,0.3359462768250444
10,0.3474817448175104
10,0.340016771653039
10,0.32762809683897065
10,0.3574716856102857
10,0.3347901263690193
10,0.33658462086885615
10,0.3393821917070511
10,0.3312232190387137
10,0.3443535609243279
10,0.3383303258840472
10,0.3508099742925696
10,0.3324791744179204
10,0.32481717493333073
10,0.3421963314884214
10,0.3473600449619847
10,0.3417966524468361
10,0.33877627429738183
10,0.3275614128580921
10,0.3219716988429283
10,0.34009199051646755
10,0.35011477049118667
10,0.33596113966440133
10,0.3279680117046289
10,0.327779821008489
10,0.3506656130478915
10,0.3320630899557077
10,0.34270735423839715
10,0.33510689377019104
10,0.34510487484443547
10,0.33456369210663217
10,0.34659743335471227
10,0.34024123067088896
10,0.3376699825388135
10,0.3352092741179487
10,0.3449913104471393
10,0.33313429052156757
10,0.3362379160217057
10,0.32733548726698847
10,0.35814239759675676
10,0.3431169676605731
10,0.3394016118249837
10,0.34114675496998165
10,0.3327121912393323
10,0.3450041075403404
10,0.3484075479508146
10,0.3249188982936677
10,0.32811855545811347
10,0.334123599090951
10,0.32595295894168924
10,0.3342338257616198
10,0.3403287145745799
10,0.3353710721196297
10,0.3423094944621195
10,0.3472218884189372
10,0.354999011407654
10,0.32854547653590743
10,0.34939446528614965
10,0.32573992325195616
10,0.32099947972495924
10,0.3420439145580844
10,0.3456431071660551
10,0.33524132458885314
10,0.34017040432258916
10,0.33676355204046377
10,0.3384743068376571
10,0.3387592115186838
10,0.3476555740630637
10,0.3265364773092096
10,0.33126303604806007
10,0.33550110358375107
10,0.31608562267991813
10,0.3335299498406623
10,0.3336097240959956
10,0.33462801845361373
10,0.35295109263268387
10,0.33703005353204446
10,0.3304103948160651
10,0.35275137081692215
10,0.3381437321648121
10,0.3403324350158836
10,0.34511692590934895
10,0.3381055215039174
10,0.3337756460091163
10,0.326919218103592
10,0.3336312386525686
10,0.33996034845684114
10,0.3482648200112719
10,0.3528023267964388
10,0.33652237071758645
10,0.3298435397704238
10,0.33461954267335065
10,0.35459623728529516
10,0.3323163203169491
10,0.317777344928488
10,0.3406021907102907
10,0.3233605798023861
10,0.35192309121888
10,0.33702094129916077
10,0.33744458478130734
10,0.3479153928637156
10,0.34076983478609923
10,0.33764711178939383
10,0.3444035472501957
10,0.3329798198551887
10,0.32485463694995925
10,0.3266783181690196
10,0.34889148468684655
10,0.3389628838563053
10,0.34275161075359845
10,0.33927518711379606
10,0.3484472557898035
10,0.3442988017411099
10,0.3388535562346231
10,0.33674005725914274
10,0.31899050701292014
10,0.3480020476174332
10,0.352694843659844
10,0.3289514674251049
10,0.3309564512704234
10,0.34249808201437615
10,0.32822342753297806
10,0.33765323027327876
10,0.33703418103936406
10,0.3302718359421197
10,0.34513384270989994
10,0.34730397152866627
10,0.3443432599376085
10,0.33241361273039544
10,0.30784771501095004
10,0.3269152941903364
10,0.3378658739895521
10,0.3258492514558698
10,0.32889036596201693
10,0.3360318918105495
10,0.3378623515296272
10,0.3391402084282799
10,0.3305642627865368
10,0.3311288603016724
10,0.3320575034650195
10,0.34359778054644047
10,0.3328019963150328
10,0.32433652756192555
10,0.32743170850815106
10,0.3418962045703209
10,0.3415076124488545
10,0.3252126321305891
10,0.3435787565200213
10,0.33985859561685866
10,0.3280008592259777
10,0.3295187678784368
10,0.3296486395553174
10,0.32377441912574106
10,0.32608372726031504
10,0.34537237848832175
10,0.3356702896929613
10,0.3403260398599624
10,0.33866713258607045
10,0.3245640448616406
10,0.3337545108434996
10,0.3470626786635408
10,0.34775064246522497
10,0.3403913803467719
10,0.3374219313017433
10,0.3317397380655078
10,0.33361557614178416
10,0.34330361400135
10,0.34391271793407246
10,0.325731407520213
10,0.33726377159305226
10,0.3518021368920887
10,0.3485697460879897
10,0.330430039174713
10,0.33485683192593546
10,0.3446505958869588
10,0.3339539618133231
10,0.3389066463364654
10,0.3332466682349014
10,0.3299662239514907
10,0.33816860826074363
10,0.34289186841375674
10,0.33857947201808963
10,0.33060412967011443
10,0.35357445533956633
10,0.3381937523535845
10,0.32394512401524367
10,0.33755812321705075
10,0.34041739140552846
10,0.3298750287313206
10,0.3408180439966139
10,0.3372739158702616
10,0.339088851367717
10,0.33866506699339904
10,0.3426204982242471
10,0.3290017587893294
10,0.36745877191524134
10,0.3369324766800789
10,0.33162667364295756
10,0.34692908072483597
10,0.3310847395443324
10,0.3384760732668618
10,0.33501153227471553
10,0.3438097522088662
10,0.3366044200703181
10,0.3247749176105123
10,0.341037090441145
10,0.34164770202950195
10,0.3302474212303076
10,0.33680201034243856
10,0.33776340894756723
10,0.34150040059994713
10,0.3318635057358753
10,0.33673152983489524
10,0.3407292655522849
10,0.3440049349543052
10,0.3322036091515551
10,0.3393536215025812
10,0.3377187464125718
10,0.34620883431974775
10,0.34956197114564086
10,0.34789786713221776
10,0.3537792927415716
10,0.334444729532117
10,0.34853535691961507
10,0.3349732128166792
10,0.34127503825708644
10,0.3349257579369582
10,0.34928402836234745
10,0.3351116125936987
10,0.3344844632043987
10,0.33866062260739144
10,0.3405510688285055
10,0.34098551161390905
10,0.329620344894414
10,0.3321808067919529
10,0.33431382950443356
10,0.35146478974079104
10,0.3324742705670928
10,0.33205820440782396
10,0.33182981327084093
10,0.3127197327243001
10,0.33420536994705413
10,0.3308847887404721
10,0.32835397764358676
10,0.32493434199785615
10,0.3435426220138678
10,0.32514248801230394
10,0.3414179068501872
10,0.3320358569086377
10,0.3435262693752449
10,0.3405950251712829
10,0.3382646439440307
10,0.3468017466072542
10,0.3377110430145619
10,0.3420436993588379
10,0.3399803418430207
10,0.33028965032645163
10,0.3381827921637583
10,0.3347871042907695
10,0.3260972919453194
10,0.34927028337486377
10,0.3408694054661937
10,0.3545811010518843
10,0.3309219646152819
10,0.32814673042866194
10,0.339045839230157
10,0.3365743175331759
10,0.3446379562656294
10,0.32752046633875587
10,0.3255127701253197
10,0.32996314301402435
10,0.3323213700612916
10,0.33075511429857635
10,0.34667775739253615
10,0.326889404561933
10,0.3385050708451417
10,0.325359935223873
10,0.3376674971101379
10,0.34628426991399114
10,0.3464654212829087
10,0.3124140688442403
10,0.326923885423132
10,0.3469376328307286
10,0.3379536351067788
10,0.3251093982313274
10,0.3436424588681423
10,0.325552472905744
10,0.3394198005420107
10,0.3365005527382566
10,0.3476914769379116
10,0.3274786743406445
10,0.33638850997121095
10,0.34207751351777177
10,0.3408578236151861
10,0.3256180661922176
10,0.34081293405440805
10,0.340067992717839
10,0.3411195075012925
10,0.3241430506793909
10,0.34930505025344893
10,0.34642395552011973
10,0.3351572751216273
10,0.32634685553441267
10,0.33443140723593584
10,0.328435221790401
10,0.33443569210291624
10,0.3185584666247881
10,0.3372586137723651
10,0.34860560473731955
10,0.34727835533803236
10,0.33641108833091987
10,0.34367776385670185
10,0.33058036627394777
10,0.3383184148519654
10,0.3304817404950661
10,0.3388025093031082
10,0.3500442711846395
10,0.34210555015900596
10,0.3471529105077119
10,0.35037791934845613
10,0.3366691863038619
10,0.3388395794546652
10,0.3430533298588462
10,0.33851925144736367
10,0.3360213927238747
10,0.33437674221247793
10,0.3152798225292307
10,0.32922398259944924
10,0.3472813396763592
10,0.33581708538179006
10,0.33616319441436016
10,0.32362272013329507
10,0.32383527399363493
10,0.3410961787309368
10,0.34164948154298364
10,0.33594411304068406
10,0.33824277654204826
10,0.3352733907562203
10,0.3427191112787837
10,0.34055070147518784
10,0.3545166887916093
10,0.35628882927839667
10,0.33902396534135754
10,0.32866357136219687
10,0.34983667841122995
10,0.327806589241399
10,0.3494509489541986
10,0.3387899747780064
10,0.33027168415344277
10,0.3263832342117856
10,0.32781850931075757
10,0.3441079623097039
10,0.33268410751561467
10,0.31189403898283447
10,0.3404913397640674
10,0.3380217653337569
10,0.3478188011153746
10,0.3332414945397733
10,0.34251664445632
10,0.33255864324210305
10,0.3414501027769618
10,0.3510279766118751
10,0.344019064755597
10,0.34363879809334713
10,0.33752328198225906
10,0.35737988872080895
10,0.3395730763510535
10,0.3438256390121994
10,0.3397984408068796
10,0.3334431567853195
10,0.3377008506606848
10,0.3392454036650796
10,0.3240926634664451
10,0.33631241379008614
10,0.343122055954796
10,0.3336949544210435
10,0.3347740351284345
10,0.3400216410116424
10,0.33483691188994885
10,0.33488828142632193
10,0.3336475618687835
10,0.32367235105855385
10,0.33873325499583845
10,0.3421147969883991
10,0.34056745745220834
10,0.3394616568262926
10,0.33869643899296786
10,0.34397779084069147
10,0.3304211260880126
10,0.3386470529803069
10,0.34431656354087625
10,0.3377084044934048
10,0.3172957845229244
10,0.3343225398277621
10,0.3367408975216677
10,0.3248035850645621
10,0.33658424595208064
10,0.35149570281151715
10,0.34188056233562014
10,0.34085089349379616
10,0.3402532781211373
10,0.35756231764342794
10,0.33434298060885914
10,0.3302427662200526
10,0.32793300415969046
10,0.3337433277428668
10,0.3478804814188706
10,0.3364138128473312
10,0.33405433533425277
10,0.3364031749190502
10,0.34040136209963207
10,0.34155419069564685
10,0.3349914752573233
10,0.33010645362954333
10,0.34701303830365976
10,0.3363571022594922
10,0.3442610460628738
10,0.32821393791679976
10,0.33084719415333397
10,0.3329555411250908
10,0.33548407844584877
10,0.3327976148990083
10,0.33474602842393186
10,0.34074980527660886
10,0.3397498659438343
10,0.33798263226643477
10,0.3345535182011579
10,0.3223069461039595
10,0.35049130147682883
10,0.33029402900028126
10,0.33113065920320106
10,0.33661632950969844
10,0.34614216425814476
10,0.3271430912520095
10,0.3427096109984934
10,0.32511768849999334
10,0.33133879714618836
10,0.34314184872017084
10,0.32732755835532695
10,0.332332654375362
10,0.3254823296688613
10,0.3304387653760236
10,0.33517091777324487
10,0.348680175515167
10,0.3288626127684569
10,0.3427244918284605
10,0.33494809541354803
10,0.33889962101304905
10,0.31502500614521883
10,0.3320962186519625
10,0.3346246968166019
10,0.33592369563030566
10,0.3395726330729002
10,0.3403395163759776
10,0.34070767205273167
10,0.353529956589834
10,0.34385075382939734
10,0.3386448717870117
10,0.3335311805699292
10,0.33070880845920764
10,0.3310394123535226
10,0.35606554413409974
10,0.3384597719414631
10,0.33945438256539356
10,0.331745273231235
10,0.33375152492203103
10,0.3300612824449184
10,0.34873911042159295
10,0.33796605528482915
10,0.3453800277294949
10,0.328279232807932
10,0.3386325978681559
10,0.33239894347934806
10,0.3369235001435664
10,0.3394279000877422
10,0.3429284851414468
10,0.3211539185788345
10,0.3262984287221686
10,0.34578532121920935
10,0.32406285381233957
10,0.3336513908516178
10,0.32838319619977113
10,0.3384006835243583
10,0.3368666199906344
10,0.34089426001407575
10,0.3441779338822746
10,0.3442027848946014
10,0.3439293586806584
10,0.3413927323307917
10,0.3343096694766423
10,0.3275529669769139
10,0.331387069799801
10,0.3362036173518408
10,0.33738507615792845
10,0.35100454929375735
10,0.3357818986917592
10,0.32965562346062766
10,0.340322874404565
10,0.3408202235132017
10,0.33201324599957777
10,0.33556501587637727
10,0.3177666263117372
10,0.3371075363336496
10,0.3367106912501158
10,0.34321494267690117
10,0.3353828068905365
10,0.3321917941776151
10,0.33212613782415995
10,0.34428758056785774
10,0.32715347323555843
10,0.3306402037076387
10,0.3486468158911952
10,0.35002504967324016
10,0.33291977411195006
10,0.3448543138409853
10,0.33835350106133444
10,0.3342338973164992
10,0.3335786086742542
10,0.3545259881628561
10,0.33637517188336596
10,0.3408681729543256
10,0.33148175887269477
10,0.32295830309122925
10,0.34414108874369764
10,0.3242017646555496
10,0.3543698201562101
10,0.3317731915766218
10,0.3368275182592503
10,0.34434760798602293
10,0.34789952759920456
10,0.34435623336297966
10,0.3320286866119544
10,0.3294131082302431
10,0.3448403296775842
10,0.3573679687241479
10,0.3351694024980059
10,0.3328960478109354
10,0.32854859244922213
10,0.34240502342748647
10,0.34445738144939
10,0.3461498196802944
10,0.3257062466735068
10,0.3212347376221546
10,0.3212000620049083
10,0.32071839224003185
10,0.32763941054638934
10,0.3444756170025811
10,0.3449677625269006
10,0.3279215330843172
10,0.3466882727537672
10,0.3304781782208159
10,0.34269783571940265
10,0.3412766000617307
10,0.33366172056871773
10,0.3403826725419145
10,0.35015492489178657
10,0.36190647465660664
10,0.33733861064894166
10,0.3428167749647488
10,0.3326752297982299
10,0.33738561774454817
10,0.35217805490869686
10,0.34561331674469176
10,0.32942166254379185
10,0.3476344445140764
10,0.32086176746051576
10,0.3322903056115314
10,0.3458095020674435
10,0.34110387115951296
10,0.33719933767332394
10,0.3388833063869137
10,0.3248144739845993
10,0.33373527988548973
10,0.3360946514844059
10,0.34443595746764416
10,0.3299080773190552
10,0.32853631460974286
10,0.33069803959103916
10,0.3281231852586442
10,0.33142550136966853
10,0.3395997143691229
10,0.3466953773842085
10,0.32644887956393076
10,0.3461155727302316
10,0.33098844376190134
10,0.3431763537292239
10,0.3284410425652176
10,0.3326796038295555
10,0.3402899995680944
10,0.35305708777336636
10,0.33643656666115007
10,0.35193811727039076
10,0.3213195996936402
10,0.33407133820497836
10,0.3350203783212564
10,0.3417713670753742
10,0.34597507735222915
10,0.349367773052612
10,0.33075422496987705
10,0.3381874372778867
10,0.3274860175015343
10,0.3387346337902668
10,0.3328890496159884
10,0.3307655873776663
10,0.34076197036681294
10,0.32925568192314497
10,0.3423081017690923
10,0.33620320916384194
10,0.32760064370342434
10,0.34315460055480923
10,0.32673563110915804
10,0.3260421506624728
10,0.33450035670741196
10,0.33437935340305114
10,0.3301479762301206
10,0.3330596549759904
10,0.3511118454237219
10,0.3469472887167957
10,0.34069545471958756
10,0.3470937918731681
10,0.3380142780814469
10,0.3296031435044227
10,0.33151235798802015
10,0.3489375648573997
10,0.3354049882226936
10,0.32972748606287594
10,0.33605551696419717
10,0.3316987299803622
10,0.33585978724157944
10,0.3270599640800363
10,0.3302391331352404
10,0.3450883788040168
10,0.3316447768675626
