sample_size,standard_deviation
3,0.448680047627155
4,0.4370106632846582
5,0.4129102196238863
6,0.38402890020103086
7,0.34796421136776645
8,0.34692385269774273
9,0.33902210079289036
10,0.32383540863897886
11,0.29967024455545244
12,0.2886751345948128
