sample_size,standard_deviation
3,0.4486543865197436
4,0.4370496434352033
5,0.41283693498255697
6,0.38402933940548817
7,0.35736636493823004
8,0.3526107259621197
9,0.3372695658397126
10,0.3236077333990872
11,0.2968527408220338
12,0.2886751345948128
