sample_size,standard_error
3,0.014016102812779423
4,0.013163206874457217
5,0.013166638049175013
6,0.0127558973081565
