sample_size,standard_error
3,0.014016102812779423
4,0.013163206874457217
5,0.013166638049175013
6,0.0127558973081565
7,0.22965868196131353
8,0.21867701034367698
9,0.20656944444444442
10,0.1980972222222222
11,0.1775833333333333
12,0.16666666666666657
