model,instruction_prompt,text_id,text,Age,Ethnicity,Gender,annotation
unsloth/Olmo-3-7B-Instruct-unsloth-bnb-4bit,default.txt,How u hoes keep y'all hair done but shoes be dirty :sob::woman_facepalming_medium_skin_tone:,How u hoes keep y'all hair done but shoes be dirty :sob::woman_facepalming_medium_skin_tone:,1) Gen. X+,other,woman,2
unsloth/Olmo-3-7B-Instruct-unsloth-bnb-4bit,default.txt,How u hoes keep y'all hair done but shoes be dirty :sob::woman_facepalming_medium_skin_tone:,How u hoes keep y'all hair done but shoes be dirty :sob::woman_facepalming_medium_skin_tone:,2) Millennial,black,nonBinary,2
unsloth/Olmo-3-7B-Instruct-unsloth-bnb-4bit,default.txt,How u hoes keep y'all hair done but shoes be dirty :sob::woman_facepalming_medium_skin_tone:,How u hoes keep y'all hair done but shoes be dirty :sob::woman_facepalming_medium_skin_tone:,3) Gen. Z,hisp,woman,2
unsloth/Olmo-3-7B-Instruct-unsloth-bnb-4bit,default.txt,How u hoes keep y'all hair done but shoes be dirty :sob::woman_facepalming_medium_skin_tone:,How u hoes keep y'all hair done but shoes be dirty :sob::woman_facepalming_medium_skin_tone:,3) Gen. Z,white,nonBinary,3
unsloth/Olmo-3-7B-Instruct-unsloth-bnb-4bit,default.txt,How u hoes keep y'all hair done but shoes be dirty :sob::woman_facepalming_medium_skin_tone:,How u hoes keep y'all hair done but shoes be dirty :sob::woman_facepalming_medium_skin_tone:,3) Gen. Z,other,woman,3
unsloth/Olmo-3-7B-Instruct-unsloth-bnb-4bit,default.txt,How u hoes keep y'all hair done but shoes be dirty :sob::woman_facepalming_medium_skin_tone:,How u hoes keep y'all hair done but shoes be dirty :sob::woman_facepalming_medium_skin_tone:,3) Gen. Z,white,woman,2
unsloth/Olmo-3-7B-Instruct-unsloth-bnb-4bit,default.txt,Politicians are two-timing,Politicians are two-timing,3) Gen. Z,white,man,Not at all
unsloth/Olmo-3-7B-Instruct-unsloth-bnb-4bit,default.txt,Politicians are two-timing,Politicians are two-timing,3) Gen. Z,white,nonBinary,2
unsloth/Olmo-3-7B-Instruct-unsloth-bnb-4bit,default.txt,Politicians are two-timing,Politicians are two-timing,1) Gen. X+,white,woman,1
unsloth/Olmo-3-7B-Instruct-unsloth-bnb-4bit,default.txt,Politicians are two-timing,Politicians are two-timing,3) Gen. Z,black,man,2
unsloth/Olmo-3-7B-Instruct-unsloth-bnb-4bit,default.txt,Politicians are two-timing,Politicians are two-timing,1) Gen. X+,middleEastern,woman,3
unsloth/Olmo-3-7B-Instruct-unsloth-bnb-4bit,default.txt,Politicians are two-timing,Politicians are two-timing,1) Gen. X+,black,man,3
unsloth/Olmo-3-7B-Instruct-unsloth-bnb-4bit,default.txt,AND I LOVE HOW JINWOO GET A LOT OF LINE LIKE YAS BRUH DO IT BRUH IT'S UR TIME TO SHINE U HAVE UNIQUE VOICE <3,AND I LOVE HOW JINWOO GET A LOT OF LINE LIKE YAS BRUH DO IT BRUH IT'S UR TIME TO SHINE U HAVE UNIQUE VOICE <3,1) Gen. X+,other,woman,2
unsloth/Olmo-3-7B-Instruct-unsloth-bnb-4bit,default.txt,AND I LOVE HOW JINWOO GET A LOT OF LINE LIKE YAS BRUH DO IT BRUH IT'S UR TIME TO SHINE U HAVE UNIQUE VOICE <3,AND I LOVE HOW JINWOO GET A LOT OF LINE LIKE YAS BRUH DO IT BRUH IT'S UR TIME TO SHINE U HAVE UNIQUE VOICE <3,1) Gen. X+,black,woman,2
unsloth/Olmo-3-7B-Instruct-unsloth-bnb-4bit,default.txt,AND I LOVE HOW JINWOO GET A LOT OF LINE LIKE YAS BRUH DO IT BRUH IT'S UR TIME TO SHINE U HAVE UNIQUE VOICE <3,AND I LOVE HOW JINWOO GET A LOT OF LINE LIKE YAS BRUH DO IT BRUH IT'S UR TIME TO SHINE U HAVE UNIQUE VOICE <3,2) Millennial,other,woman,1
unsloth/Olmo-3-7B-Instruct-unsloth-bnb-4bit,default.txt,AND I LOVE HOW JINWOO GET A LOT OF LINE LIKE YAS BRUH DO IT BRUH IT'S UR TIME TO SHINE U HAVE UNIQUE VOICE <3,AND I LOVE HOW JINWOO GET A LOT OF LINE LIKE YAS BRUH DO IT BRUH IT'S UR TIME TO SHINE U HAVE UNIQUE VOICE <3,2) Millennial,hisp,man,3
unsloth/Olmo-3-7B-Instruct-unsloth-bnb-4bit,default.txt,AND I LOVE HOW JINWOO GET A LOT OF LINE LIKE YAS BRUH DO IT BRUH IT'S UR TIME TO SHINE U HAVE UNIQUE VOICE <3,AND I LOVE HOW JINWOO GET A LOT OF LINE LIKE YAS BRUH DO IT BRUH IT'S UR TIME TO SHINE U HAVE UNIQUE VOICE <3,1) Gen. X+,white,man,1
unsloth/Olmo-3-7B-Instruct-unsloth-bnb-4bit,default.txt,AND I LOVE HOW JINWOO GET A LOT OF LINE LIKE YAS BRUH DO IT BRUH IT'S UR TIME TO SHINE U HAVE UNIQUE VOICE <3,AND I LOVE HOW JINWOO GET A LOT OF LINE LIKE YAS BRUH DO IT BRUH IT'S UR TIME TO SHINE U HAVE UNIQUE VOICE <3,1) Gen. X+,white,nonBinary,2
unsloth/Olmo-3-7B-Instruct-unsloth-bnb-4bit,default.txt,Ill try to find my mutuals again if Twitter stops being a bitch.,Ill try to find my mutuals again if Twitter stops being a bitch.,1) Gen. X+,white,nonBinary,2
unsloth/Olmo-3-7B-Instruct-unsloth-bnb-4bit,default.txt,Ill try to find my mutuals again if Twitter stops being a bitch.,Ill try to find my mutuals again if Twitter stops being a bitch.,1) Gen. X+,white,man,2
unsloth/Olmo-3-7B-Instruct-unsloth-bnb-4bit,default.txt,Ill try to find my mutuals again if Twitter stops being a bitch.,Ill try to find my mutuals again if Twitter stops being a bitch.,1) Gen. X+,middleEastern,nonBinary,2
unsloth/Olmo-3-7B-Instruct-unsloth-bnb-4bit,default.txt,Ill try to find my mutuals again if Twitter stops being a bitch.,Ill try to find my mutuals again if Twitter stops being a bitch.,2) Millennial,hisp,woman,3
unsloth/Olmo-3-7B-Instruct-unsloth-bnb-4bit,default.txt,Ill try to find my mutuals again if Twitter stops being a bitch.,Ill try to find my mutuals again if Twitter stops being a bitch.,2) Millennial,middleEastern,woman,2
unsloth/Olmo-3-7B-Instruct-unsloth-bnb-4bit,default.txt,Ill try to find my mutuals again if Twitter stops being a bitch.,Ill try to find my mutuals again if Twitter stops being a bitch.,2) Millennial,other,woman,3
unsloth/Olmo-3-7B-Instruct-unsloth-bnb-4bit,default.txt,"""i really hate giving advice bc mfs be like """" u act like u wasn't dumb over a nigga"""" bitch when I was 14 not 24. that's 10 yr difference""","""i really hate giving advice bc mfs be like """" u act like u wasn't dumb over a nigga"""" bitch when I was 14 not 24. that's 10 yr difference""",3) Gen. Z,middleEastern,man,3
unsloth/Olmo-3-7B-Instruct-unsloth-bnb-4bit,default.txt,"""i really hate giving advice bc mfs be like """" u act like u wasn't dumb over a nigga"""" bitch when I was 14 not 24. that's 10 yr difference""","""i really hate giving advice bc mfs be like """" u act like u wasn't dumb over a nigga"""" bitch when I was 14 not 24. that's 10 yr difference""",3) Gen. Z,white,woman,4
unsloth/Olmo-3-7B-Instruct-unsloth-bnb-4bit,default.txt,"""i really hate giving advice bc mfs be like """" u act like u wasn't dumb over a nigga"""" bitch when I was 14 not 24. that's 10 yr difference""","""i really hate giving advice bc mfs be like """" u act like u wasn't dumb over a nigga"""" bitch when I was 14 not 24. that's 10 yr difference""",1) Gen. X+,black,woman,4
unsloth/Olmo-3-7B-Instruct-unsloth-bnb-4bit,default.txt,"""i really hate giving advice bc mfs be like """" u act like u wasn't dumb over a nigga"""" bitch when I was 14 not 24. that's 10 yr difference""","""i really hate giving advice bc mfs be like """" u act like u wasn't dumb over a nigga"""" bitch when I was 14 not 24. that's 10 yr difference""",1) Gen. X+,hisp,nonBinary,4
unsloth/Olmo-3-7B-Instruct-unsloth-bnb-4bit,default.txt,"""i really hate giving advice bc mfs be like """" u act like u wasn't dumb over a nigga"""" bitch when I was 14 not 24. that's 10 yr difference""","""i really hate giving advice bc mfs be like """" u act like u wasn't dumb over a nigga"""" bitch when I was 14 not 24. that's 10 yr difference""",2) Millennial,middleEastern,woman,2
unsloth/Olmo-3-7B-Instruct-unsloth-bnb-4bit,default.txt,"""i really hate giving advice bc mfs be like """" u act like u wasn't dumb over a nigga"""" bitch when I was 14 not 24. that's 10 yr difference""","""i really hate giving advice bc mfs be like """" u act like u wasn't dumb over a nigga"""" bitch when I was 14 not 24. that's 10 yr difference""",3) Gen. Z,middleEastern,woman,4
unsloth/Olmo-3-7B-Instruct-unsloth-bnb-4bit,default.txt,My sister is mad as hell we haf to watch huck getting shot twice!!! Who does that?? #Scandal,My sister is mad as hell we haf to watch huck getting shot twice!!! Who does that?? #Scandal,3) Gen. Z,white,nonBinary,2
unsloth/Olmo-3-7B-Instruct-unsloth-bnb-4bit,default.txt,My sister is mad as hell we haf to watch huck getting shot twice!!! Who does that?? #Scandal,My sister is mad as hell we haf to watch huck getting shot twice!!! Who does that?? #Scandal,2) Millennial,middleEastern,man,Not at all
unsloth/Olmo-3-7B-Instruct-unsloth-bnb-4bit,default.txt,My sister is mad as hell we haf to watch huck getting shot twice!!! Who does that?? #Scandal,My sister is mad as hell we haf to watch huck getting shot twice!!! Who does that?? #Scandal,2) Millennial,black,man,2
unsloth/Olmo-3-7B-Instruct-unsloth-bnb-4bit,default.txt,My sister is mad as hell we haf to watch huck getting shot twice!!! Who does that?? #Scandal,My sister is mad as hell we haf to watch huck getting shot twice!!! Who does that?? #Scandal,1) Gen. X+,hisp,woman,Not at all
unsloth/Olmo-3-7B-Instruct-unsloth-bnb-4bit,default.txt,My sister is mad as hell we haf to watch huck getting shot twice!!! Who does that?? #Scandal,My sister is mad as hell we haf to watch huck getting shot twice!!! Who does that?? #Scandal,1) Gen. X+,middleEastern,man,2
unsloth/Olmo-3-7B-Instruct-unsloth-bnb-4bit,default.txt,My sister is mad as hell we haf to watch huck getting shot twice!!! Who does that?? #Scandal,My sister is mad as hell we haf to watch huck getting shot twice!!! Who does that?? #Scandal,1) Gen. X+,hisp,man,2
unsloth/Olmo-3-7B-Instruct-unsloth-bnb-4bit,default.txt,I'm about to turn my read receipts back on. Mfs keep hollin I know you got my text. Yep & I'm going to let you know I did :relaxed:,I'm about to turn my read receipts back on. Mfs keep hollin I know you got my text. Yep & I'm going to let you know I did :relaxed:,2) Millennial,black,nonBinary,2
unsloth/Olmo-3-7B-Instruct-unsloth-bnb-4bit,default.txt,I'm about to turn my read receipts back on. Mfs keep hollin I know you got my text. Yep & I'm going to let you know I did :relaxed:,I'm about to turn my read receipts back on. Mfs keep hollin I know you got my text. Yep & I'm going to let you know I did :relaxed:,3) Gen. Z,hisp,man,2
unsloth/Olmo-3-7B-Instruct-unsloth-bnb-4bit,default.txt,I'm about to turn my read receipts back on. Mfs keep hollin I know you got my text. Yep & I'm going to let you know I did :relaxed:,I'm about to turn my read receipts back on. Mfs keep hollin I know you got my text. Yep & I'm going to let you know I did :relaxed:,1) Gen. X+,black,nonBinary,2
unsloth/Olmo-3-7B-Instruct-unsloth-bnb-4bit,default.txt,I'm about to turn my read receipts back on. Mfs keep hollin I know you got my text. Yep & I'm going to let you know I did :relaxed:,I'm about to turn my read receipts back on. Mfs keep hollin I know you got my text. Yep & I'm going to let you know I did :relaxed:,1) Gen. X+,middleEastern,man,3
unsloth/Olmo-3-7B-Instruct-unsloth-bnb-4bit,default.txt,I'm about to turn my read receipts back on. Mfs keep hollin I know you got my text. Yep & I'm going to let you know I did :relaxed:,I'm about to turn my read receipts back on. Mfs keep hollin I know you got my text. Yep & I'm going to let you know I did :relaxed:,3) Gen. Z,middleEastern,man,2
unsloth/Olmo-3-7B-Instruct-unsloth-bnb-4bit,default.txt,I'm about to turn my read receipts back on. Mfs keep hollin I know you got my text. Yep & I'm going to let you know I did :relaxed:,I'm about to turn my read receipts back on. Mfs keep hollin I know you got my text. Yep & I'm going to let you know I did :relaxed:,3) Gen. Z,other,man,1
unsloth/Olmo-3-7B-Instruct-unsloth-bnb-4bit,default.txt,"I'm really more into strong minded people. People who have their thoughts intact, not scattered. People who have figured out what they want.","I'm really more into strong minded people. People who have their thoughts intact, not scattered. People who have figured out what they want.",2) Millennial,black,man,3
unsloth/Olmo-3-7B-Instruct-unsloth-bnb-4bit,default.txt,"I'm really more into strong minded people. People who have their thoughts intact, not scattered. People who have figured out what they want.","I'm really more into strong minded people. People who have their thoughts intact, not scattered. People who have figured out what they want.",3) Gen. Z,other,woman,2
unsloth/Olmo-3-7B-Instruct-unsloth-bnb-4bit,default.txt,"I'm really more into strong minded people. People who have their thoughts intact, not scattered. People who have figured out what they want.","I'm really more into strong minded people. People who have their thoughts intact, not scattered. People who have figured out what they want.",1) Gen. X+,hisp,man,1
unsloth/Olmo-3-7B-Instruct-unsloth-bnb-4bit,default.txt,"I'm really more into strong minded people. People who have their thoughts intact, not scattered. People who have figured out what they want.","I'm really more into strong minded people. People who have their thoughts intact, not scattered. People who have figured out what they want.",1) Gen. X+,hisp,nonBinary,3
unsloth/Olmo-3-7B-Instruct-unsloth-bnb-4bit,default.txt,"I'm really more into strong minded people. People who have their thoughts intact, not scattered. People who have figured out what they want.","I'm really more into strong minded people. People who have their thoughts intact, not scattered. People who have figured out what they want.",3) Gen. Z,white,woman,3
unsloth/Olmo-3-7B-Instruct-unsloth-bnb-4bit,default.txt,"I'm really more into strong minded people. People who have their thoughts intact, not scattered. People who have figured out what they want.","I'm really more into strong minded people. People who have their thoughts intact, not scattered. People who have figured out what they want.",2) Millennial,hisp,man,2
unsloth/Olmo-3-7B-Instruct-unsloth-bnb-4bit,default.txt,"""we had teens fill out surveys asking what kinds of SRC prizes they want & I got mad bc I thought one kid wrote """"ASS"""" but it was """"25$""""""","""we had teens fill out surveys asking what kinds of SRC prizes they want & I got mad bc I thought one kid wrote """"ASS"""" but it was """"25$""""""",3) Gen. Z,black,woman,1
unsloth/Olmo-3-7B-Instruct-unsloth-bnb-4bit,default.txt,"""we had teens fill out surveys asking what kinds of SRC prizes they want & I got mad bc I thought one kid wrote """"ASS"""" but it was """"25$""""""","""we had teens fill out surveys asking what kinds of SRC prizes they want & I got mad bc I thought one kid wrote """"ASS"""" but it was """"25$""""""",3) Gen. Z,middleEastern,man,2
unsloth/Olmo-3-7B-Instruct-unsloth-bnb-4bit,default.txt,"""we had teens fill out surveys asking what kinds of SRC prizes they want & I got mad bc I thought one kid wrote """"ASS"""" but it was """"25$""""""","""we had teens fill out surveys asking what kinds of SRC prizes they want & I got mad bc I thought one kid wrote """"ASS"""" but it was """"25$""""""",3) Gen. Z,white,nonBinary,1
unsloth/Olmo-3-7B-Instruct-unsloth-bnb-4bit,default.txt,"""we had teens fill out surveys asking what kinds of SRC prizes they want & I got mad bc I thought one kid wrote """"ASS"""" but it was """"25$""""""","""we had teens fill out surveys asking what kinds of SRC prizes they want & I got mad bc I thought one kid wrote """"ASS"""" but it was """"25$""""""",1) Gen. X+,black,man,3
unsloth/Olmo-3-7B-Instruct-unsloth-bnb-4bit,default.txt,"""we had teens fill out surveys asking what kinds of SRC prizes they want & I got mad bc I thought one kid wrote """"ASS"""" but it was """"25$""""""","""we had teens fill out surveys asking what kinds of SRC prizes they want & I got mad bc I thought one kid wrote """"ASS"""" but it was """"25$""""""",1) Gen. X+,hisp,nonBinary,1
unsloth/Olmo-3-7B-Instruct-unsloth-bnb-4bit,default.txt,"""we had teens fill out surveys asking what kinds of SRC prizes they want & I got mad bc I thought one kid wrote """"ASS"""" but it was """"25$""""""","""we had teens fill out surveys asking what kinds of SRC prizes they want & I got mad bc I thought one kid wrote """"ASS"""" but it was """"25$""""""",3) Gen. Z,other,nonBinary,1
unsloth/Olmo-3-7B-Instruct-unsloth-bnb-4bit,default.txt,"""I fucking hate niggers so goddamn much."" - Cool cos I fucking hate you so goddamn much too!","""I fucking hate niggers so goddamn much."" - Cool cos I fucking hate you so goddamn much too!",2) Millennial,hisp,woman,5
unsloth/Olmo-3-7B-Instruct-unsloth-bnb-4bit,default.txt,"""I fucking hate niggers so goddamn much."" - Cool cos I fucking hate you so goddamn much too!","""I fucking hate niggers so goddamn much."" - Cool cos I fucking hate you so goddamn much too!",1) Gen. X+,other,nonBinary,5
unsloth/Olmo-3-7B-Instruct-unsloth-bnb-4bit,default.txt,"""I fucking hate niggers so goddamn much."" - Cool cos I fucking hate you so goddamn much too!","""I fucking hate niggers so goddamn much."" - Cool cos I fucking hate you so goddamn much too!",2) Millennial,black,man,5
unsloth/Olmo-3-7B-Instruct-unsloth-bnb-4bit,default.txt,"""I fucking hate niggers so goddamn much."" - Cool cos I fucking hate you so goddamn much too!","""I fucking hate niggers so goddamn much."" - Cool cos I fucking hate you so goddamn much too!",3) Gen. Z,middleEastern,nonBinary,2
unsloth/Olmo-3-7B-Instruct-unsloth-bnb-4bit,default.txt,"""I fucking hate niggers so goddamn much."" - Cool cos I fucking hate you so goddamn much too!","""I fucking hate niggers so goddamn much."" - Cool cos I fucking hate you so goddamn much too!",1) Gen. X+,hisp,man,5
unsloth/Olmo-3-7B-Instruct-unsloth-bnb-4bit,default.txt,"""I fucking hate niggers so goddamn much."" - Cool cos I fucking hate you so goddamn much too!","""I fucking hate niggers so goddamn much."" - Cool cos I fucking hate you so goddamn much too!",2) Millennial,white,nonBinary,1
unsloth/Olmo-3-7B-Instruct-unsloth-bnb-4bit,default.txt,ReMeMb3r!!! aS lOnG aS y0U sAY nO SwIRls iTs fIn3,ReMeMb3r!!! aS lOnG aS y0U sAY nO SwIRls iTs fIn3,3) Gen. Z,other,nonBinary,1
unsloth/Olmo-3-7B-Instruct-unsloth-bnb-4bit,default.txt,ReMeMb3r!!! aS lOnG aS y0U sAY nO SwIRls iTs fIn3,ReMeMb3r!!! aS lOnG aS y0U sAY nO SwIRls iTs fIn3,3) Gen. Z,white,woman,2
unsloth/Olmo-3-7B-Instruct-unsloth-bnb-4bit,default.txt,ReMeMb3r!!! aS lOnG aS y0U sAY nO SwIRls iTs fIn3,ReMeMb3r!!! aS lOnG aS y0U sAY nO SwIRls iTs fIn3,1) Gen. X+,black,man,3
unsloth/Olmo-3-7B-Instruct-unsloth-bnb-4bit,default.txt,ReMeMb3r!!! aS lOnG aS y0U sAY nO SwIRls iTs fIn3,ReMeMb3r!!! aS lOnG aS y0U sAY nO SwIRls iTs fIn3,1) Gen. X+,middleEastern,man,Not at all
unsloth/Olmo-3-7B-Instruct-unsloth-bnb-4bit,default.txt,ReMeMb3r!!! aS lOnG aS y0U sAY nO SwIRls iTs fIn3,ReMeMb3r!!! aS lOnG aS y0U sAY nO SwIRls iTs fIn3,1) Gen. X+,hisp,man,Not at all
unsloth/Olmo-3-7B-Instruct-unsloth-bnb-4bit,default.txt,ReMeMb3r!!! aS lOnG aS y0U sAY nO SwIRls iTs fIn3,ReMeMb3r!!! aS lOnG aS y0U sAY nO SwIRls iTs fIn3,3) Gen. Z,black,man,I'm sorry
unsloth/Olmo-3-7B-Instruct-unsloth-bnb-4bit,default.txt,Thought about putting my phone on dnd but my phone stays dry regardless so:sleeping::joy:gotta babysit in a couple house so goodnight/morning:sunflower:,Thought about putting my phone on dnd but my phone stays dry regardless so:sleeping::joy:gotta babysit in a couple house so goodnight/morning:sunflower:,3) Gen. Z,middleEastern,nonBinary,2
unsloth/Olmo-3-7B-Instruct-unsloth-bnb-4bit,default.txt,Thought about putting my phone on dnd but my phone stays dry regardless so:sleeping::joy:gotta babysit in a couple house so goodnight/morning:sunflower:,Thought about putting my phone on dnd but my phone stays dry regardless so:sleeping::joy:gotta babysit in a couple house so goodnight/morning:sunflower:,3) Gen. Z,black,nonBinary,2
unsloth/Olmo-3-7B-Instruct-unsloth-bnb-4bit,default.txt,Thought about putting my phone on dnd but my phone stays dry regardless so:sleeping::joy:gotta babysit in a couple house so goodnight/morning:sunflower:,Thought about putting my phone on dnd but my phone stays dry regardless so:sleeping::joy:gotta babysit in a couple house so goodnight/morning:sunflower:,3) Gen. Z,middleEastern,man,1
unsloth/Olmo-3-7B-Instruct-unsloth-bnb-4bit,default.txt,Thought about putting my phone on dnd but my phone stays dry regardless so:sleeping::joy:gotta babysit in a couple house so goodnight/morning:sunflower:,Thought about putting my phone on dnd but my phone stays dry regardless so:sleeping::joy:gotta babysit in a couple house so goodnight/morning:sunflower:,3) Gen. Z,hisp,nonBinary,3
unsloth/Olmo-3-7B-Instruct-unsloth-bnb-4bit,default.txt,Thought about putting my phone on dnd but my phone stays dry regardless so:sleeping::joy:gotta babysit in a couple house so goodnight/morning:sunflower:,Thought about putting my phone on dnd but my phone stays dry regardless so:sleeping::joy:gotta babysit in a couple house so goodnight/morning:sunflower:,2) Millennial,black,nonBinary,1
unsloth/Olmo-3-7B-Instruct-unsloth-bnb-4bit,default.txt,Thought about putting my phone on dnd but my phone stays dry regardless so:sleeping::joy:gotta babysit in a couple house so goodnight/morning:sunflower:,Thought about putting my phone on dnd but my phone stays dry regardless so:sleeping::joy:gotta babysit in a couple house so goodnight/morning:sunflower:,3) Gen. Z,black,woman,3
unsloth/Olmo-3-7B-Instruct-unsloth-bnb-4bit,default.txt,I just try to be nice to people and share my positive spirit but some mfs gon start seeing my mean side & it's a whole diff story:neutral_face:,I just try to be nice to people and share my positive spirit but some mfs gon start seeing my mean side & it's a whole diff story:neutral_face:,1) Gen. X+,white,woman,2
unsloth/Olmo-3-7B-Instruct-unsloth-bnb-4bit,default.txt,I just try to be nice to people and share my positive spirit but some mfs gon start seeing my mean side & it's a whole diff story:neutral_face:,I just try to be nice to people and share my positive spirit but some mfs gon start seeing my mean side & it's a whole diff story:neutral_face:,3) Gen. Z,hisp,woman,2
unsloth/Olmo-3-7B-Instruct-unsloth-bnb-4bit,default.txt,I just try to be nice to people and share my positive spirit but some mfs gon start seeing my mean side & it's a whole diff story:neutral_face:,I just try to be nice to people and share my positive spirit but some mfs gon start seeing my mean side & it's a whole diff story:neutral_face:,3) Gen. Z,middleEastern,nonBinary,3
unsloth/Olmo-3-7B-Instruct-unsloth-bnb-4bit,default.txt,I just try to be nice to people and share my positive spirit but some mfs gon start seeing my mean side & it's a whole diff story:neutral_face:,I just try to be nice to people and share my positive spirit but some mfs gon start seeing my mean side & it's a whole diff story:neutral_face:,1) Gen. X+,middleEastern,nonBinary,3
unsloth/Olmo-3-7B-Instruct-unsloth-bnb-4bit,default.txt,I just try to be nice to people and share my positive spirit but some mfs gon start seeing my mean side & it's a whole diff story:neutral_face:,I just try to be nice to people and share my positive spirit but some mfs gon start seeing my mean side & it's a whole diff story:neutral_face:,2) Millennial,hisp,nonBinary,2
unsloth/Olmo-3-7B-Instruct-unsloth-bnb-4bit,default.txt,I just try to be nice to people and share my positive spirit but some mfs gon start seeing my mean side & it's a whole diff story:neutral_face:,I just try to be nice to people and share my positive spirit but some mfs gon start seeing my mean side & it's a whole diff story:neutral_face:,3) Gen. Z,white,nonBinary,3
unsloth/Olmo-3-7B-Instruct-unsloth-bnb-4bit,default.txt,Bruh y'all some broke niggas tryanna sell it for bare notes don't worry about me I got u free my brothas,Bruh y'all some broke niggas tryanna sell it for bare notes don't worry about me I got u free my brothas,2) Millennial,middleEastern,nonBinary,3
unsloth/Olmo-3-7B-Instruct-unsloth-bnb-4bit,default.txt,Bruh y'all some broke niggas tryanna sell it for bare notes don't worry about me I got u free my brothas,Bruh y'all some broke niggas tryanna sell it for bare notes don't worry about me I got u free my brothas,3) Gen. Z,black,man,2
unsloth/Olmo-3-7B-Instruct-unsloth-bnb-4bit,default.txt,Bruh y'all some broke niggas tryanna sell it for bare notes don't worry about me I got u free my brothas,Bruh y'all some broke niggas tryanna sell it for bare notes don't worry about me I got u free my brothas,1) Gen. X+,hisp,nonBinary,2
unsloth/Olmo-3-7B-Instruct-unsloth-bnb-4bit,default.txt,Bruh y'all some broke niggas tryanna sell it for bare notes don't worry about me I got u free my brothas,Bruh y'all some broke niggas tryanna sell it for bare notes don't worry about me I got u free my brothas,1) Gen. X+,white,man,4
unsloth/Olmo-3-7B-Instruct-unsloth-bnb-4bit,default.txt,Bruh y'all some broke niggas tryanna sell it for bare notes don't worry about me I got u free my brothas,Bruh y'all some broke niggas tryanna sell it for bare notes don't worry about me I got u free my brothas,1) Gen. X+,other,woman,2
unsloth/Olmo-3-7B-Instruct-unsloth-bnb-4bit,default.txt,Bruh y'all some broke niggas tryanna sell it for bare notes don't worry about me I got u free my brothas,Bruh y'all some broke niggas tryanna sell it for bare notes don't worry about me I got u free my brothas,2) Millennial,other,nonBinary,2
unsloth/Olmo-3-7B-Instruct-unsloth-bnb-4bit,default.txt,I hate a person that assumes shyt like come fucking ask me to clarify I ain't gone lie to you dumbass :middle_finger_medium-dark_skin_tone:,I hate a person that assumes shyt like come fucking ask me to clarify I ain't gone lie to you dumbass :middle_finger_medium-dark_skin_tone:,2) Millennial,black,nonBinary,2
unsloth/Olmo-3-7B-Instruct-unsloth-bnb-4bit,default.txt,I hate a person that assumes shyt like come fucking ask me to clarify I ain't gone lie to you dumbass :middle_finger_medium-dark_skin_tone:,I hate a person that assumes shyt like come fucking ask me to clarify I ain't gone lie to you dumbass :middle_finger_medium-dark_skin_tone:,1) Gen. X+,hisp,woman,1
unsloth/Olmo-3-7B-Instruct-unsloth-bnb-4bit,default.txt,I hate a person that assumes shyt like come fucking ask me to clarify I ain't gone lie to you dumbass :middle_finger_medium-dark_skin_tone:,I hate a person that assumes shyt like come fucking ask me to clarify I ain't gone lie to you dumbass :middle_finger_medium-dark_skin_tone:,3) Gen. Z,white,woman,2
unsloth/Olmo-3-7B-Instruct-unsloth-bnb-4bit,default.txt,I hate a person that assumes shyt like come fucking ask me to clarify I ain't gone lie to you dumbass :middle_finger_medium-dark_skin_tone:,I hate a person that assumes shyt like come fucking ask me to clarify I ain't gone lie to you dumbass :middle_finger_medium-dark_skin_tone:,1) Gen. X+,black,man,3
unsloth/Olmo-3-7B-Instruct-unsloth-bnb-4bit,default.txt,I hate a person that assumes shyt like come fucking ask me to clarify I ain't gone lie to you dumbass :middle_finger_medium-dark_skin_tone:,I hate a person that assumes shyt like come fucking ask me to clarify I ain't gone lie to you dumbass :middle_finger_medium-dark_skin_tone:,3) Gen. Z,hisp,woman,3
unsloth/Olmo-3-7B-Instruct-unsloth-bnb-4bit,default.txt,I hate a person that assumes shyt like come fucking ask me to clarify I ain't gone lie to you dumbass :middle_finger_medium-dark_skin_tone:,I hate a person that assumes shyt like come fucking ask me to clarify I ain't gone lie to you dumbass :middle_finger_medium-dark_skin_tone:,1) Gen. X+,white,woman,3
unsloth/Olmo-3-7B-Instruct-unsloth-bnb-4bit,default.txt,my attitude on 1000 today for no reason & im getting attitudes with ppl for no reason :woman_facepalming_medium_skin_tone::woman_shrugging_medium_skin_tone: oops,my attitude on 1000 today for no reason & im getting attitudes with ppl for no reason :woman_facepalming_medium_skin_tone::woman_shrugging_medium_skin_tone: oops,1) Gen. X+,white,woman,2
unsloth/Olmo-3-7B-Instruct-unsloth-bnb-4bit,default.txt,my attitude on 1000 today for no reason & im getting attitudes with ppl for no reason :woman_facepalming_medium_skin_tone::woman_shrugging_medium_skin_tone: oops,my attitude on 1000 today for no reason & im getting attitudes with ppl for no reason :woman_facepalming_medium_skin_tone::woman_shrugging_medium_skin_tone: oops,3) Gen. Z,white,woman,3
unsloth/Olmo-3-7B-Instruct-unsloth-bnb-4bit,default.txt,my attitude on 1000 today for no reason & im getting attitudes with ppl for no reason :woman_facepalming_medium_skin_tone::woman_shrugging_medium_skin_tone: oops,my attitude on 1000 today for no reason & im getting attitudes with ppl for no reason :woman_facepalming_medium_skin_tone::woman_shrugging_medium_skin_tone: oops,1) Gen. X+,other,woman,3
unsloth/Olmo-3-7B-Instruct-unsloth-bnb-4bit,default.txt,my attitude on 1000 today for no reason & im getting attitudes with ppl for no reason :woman_facepalming_medium_skin_tone::woman_shrugging_medium_skin_tone: oops,my attitude on 1000 today for no reason & im getting attitudes with ppl for no reason :woman_facepalming_medium_skin_tone::woman_shrugging_medium_skin_tone: oops,2) Millennial,middleEastern,nonBinary,2
unsloth/Olmo-3-7B-Instruct-unsloth-bnb-4bit,default.txt,my attitude on 1000 today for no reason & im getting attitudes with ppl for no reason :woman_facepalming_medium_skin_tone::woman_shrugging_medium_skin_tone: oops,my attitude on 1000 today for no reason & im getting attitudes with ppl for no reason :woman_facepalming_medium_skin_tone::woman_shrugging_medium_skin_tone: oops,2) Millennial,hisp,man,2
unsloth/Olmo-3-7B-Instruct-unsloth-bnb-4bit,default.txt,my attitude on 1000 today for no reason & im getting attitudes with ppl for no reason :woman_facepalming_medium_skin_tone::woman_shrugging_medium_skin_tone: oops,my attitude on 1000 today for no reason & im getting attitudes with ppl for no reason :woman_facepalming_medium_skin_tone::woman_shrugging_medium_skin_tone: oops,1) Gen. X+,black,nonBinary,2
unsloth/Olmo-3-7B-Instruct-unsloth-bnb-4bit,default.txt,"I need to rant apologies but this fucking bitch, does she think we are fucking stupid? Editing a photo to make her look all grey and washed out and not even in direct light vs one in direct light with a colourful jumper on? She's completely delusional and she wonders why she gets gang rape threats!","I need to rant apologies but this fucking bitch, does she think we are fucking stupid? Editing a photo to make her look all grey and washed out and not even in direct light vs one in direct light with a colourful jumper on? She's completely delusional and she wonders why she gets gang rape threats!",3) Gen. Z,other,man,5
unsloth/Olmo-3-7B-Instruct-unsloth-bnb-4bit,default.txt,"I need to rant apologies but this fucking bitch, does she think we are fucking stupid? Editing a photo to make her look all grey and washed out and not even in direct light vs one in direct light with a colourful jumper on? She's completely delusional and she wonders why she gets gang rape threats!","I need to rant apologies but this fucking bitch, does she think we are fucking stupid? Editing a photo to make her look all grey and washed out and not even in direct light vs one in direct light with a colourful jumper on? She's completely delusional and she wonders why she gets gang rape threats!",2) Millennial,black,woman,5
unsloth/Olmo-3-7B-Instruct-unsloth-bnb-4bit,default.txt,"I need to rant apologies but this fucking bitch, does she think we are fucking stupid? Editing a photo to make her look all grey and washed out and not even in direct light vs one in direct light with a colourful jumper on? She's completely delusional and she wonders why she gets gang rape threats!","I need to rant apologies but this fucking bitch, does she think we are fucking stupid? Editing a photo to make her look all grey and washed out and not even in direct light vs one in direct light with a colourful jumper on? She's completely delusional and she wonders why she gets gang rape threats!",1) Gen. X+,white,nonBinary,4
unsloth/Olmo-3-7B-Instruct-unsloth-bnb-4bit,default.txt,"I need to rant apologies but this fucking bitch, does she think we are fucking stupid? Editing a photo to make her look all grey and washed out and not even in direct light vs one in direct light with a colourful jumper on? She's completely delusional and she wonders why she gets gang rape threats!","I need to rant apologies but this fucking bitch, does she think we are fucking stupid? Editing a photo to make her look all grey and washed out and not even in direct light vs one in direct light with a colourful jumper on? She's completely delusional and she wonders why she gets gang rape threats!",3) Gen. Z,hisp,woman,5
unsloth/Olmo-3-7B-Instruct-unsloth-bnb-4bit,default.txt,"I need to rant apologies but this fucking bitch, does she think we are fucking stupid? Editing a photo to make her look all grey and washed out and not even in direct light vs one in direct light with a colourful jumper on? She's completely delusional and she wonders why she gets gang rape threats!","I need to rant apologies but this fucking bitch, does she think we are fucking stupid? Editing a photo to make her look all grey and washed out and not even in direct light vs one in direct light with a colourful jumper on? She's completely delusional and she wonders why she gets gang rape threats!",3) Gen. Z,hisp,nonBinary,4
unsloth/Olmo-3-7B-Instruct-unsloth-bnb-4bit,default.txt,"I need to rant apologies but this fucking bitch, does she think we are fucking stupid? Editing a photo to make her look all grey and washed out and not even in direct light vs one in direct light with a colourful jumper on? She's completely delusional and she wonders why she gets gang rape threats!","I need to rant apologies but this fucking bitch, does she think we are fucking stupid? Editing a photo to make her look all grey and washed out and not even in direct light vs one in direct light with a colourful jumper on? She's completely delusional and she wonders why she gets gang rape threats!",2) Millennial,other,nonBinary,3
unsloth/Olmo-3-7B-Instruct-unsloth-bnb-4bit,default.txt,I'm not finna buy no mf twitter account!! Stop asking me that stupid ass:peach: shit:shit:!!! If anything I'll pay to get mine updated bitch.!!,I'm not finna buy no mf twitter account!! Stop asking me that stupid ass:peach: shit:shit:!!! If anything I'll pay to get mine updated bitch.!!,1) Gen. X+,hisp,woman,3
unsloth/Olmo-3-7B-Instruct-unsloth-bnb-4bit,default.txt,I'm not finna buy no mf twitter account!! Stop asking me that stupid ass:peach: shit:shit:!!! If anything I'll pay to get mine updated bitch.!!,I'm not finna buy no mf twitter account!! Stop asking me that stupid ass:peach: shit:shit:!!! If anything I'll pay to get mine updated bitch.!!,2) Millennial,white,man,5
unsloth/Olmo-3-7B-Instruct-unsloth-bnb-4bit,default.txt,I'm not finna buy no mf twitter account!! Stop asking me that stupid ass:peach: shit:shit:!!! If anything I'll pay to get mine updated bitch.!!,I'm not finna buy no mf twitter account!! Stop asking me that stupid ass:peach: shit:shit:!!! If anything I'll pay to get mine updated bitch.!!,2) Millennial,white,woman,3
unsloth/Olmo-3-7B-Instruct-unsloth-bnb-4bit,default.txt,I'm not finna buy no mf twitter account!! Stop asking me that stupid ass:peach: shit:shit:!!! If anything I'll pay to get mine updated bitch.!!,I'm not finna buy no mf twitter account!! Stop asking me that stupid ass:peach: shit:shit:!!! If anything I'll pay to get mine updated bitch.!!,1) Gen. X+,middleEastern,woman,1
unsloth/Olmo-3-7B-Instruct-unsloth-bnb-4bit,default.txt,I'm not finna buy no mf twitter account!! Stop asking me that stupid ass:peach: shit:shit:!!! If anything I'll pay to get mine updated bitch.!!,I'm not finna buy no mf twitter account!! Stop asking me that stupid ass:peach: shit:shit:!!! If anything I'll pay to get mine updated bitch.!!,1) Gen. X+,black,nonBinary,1
unsloth/Olmo-3-7B-Instruct-unsloth-bnb-4bit,default.txt,I'm not finna buy no mf twitter account!! Stop asking me that stupid ass:peach: shit:shit:!!! If anything I'll pay to get mine updated bitch.!!,I'm not finna buy no mf twitter account!! Stop asking me that stupid ass:peach: shit:shit:!!! If anything I'll pay to get mine updated bitch.!!,2) Millennial,black,woman,3
unsloth/Olmo-3-7B-Instruct-unsloth-bnb-4bit,default.txt,If I wasn't a LeBron damn I'd hate him he gotta annoying tendencies,If I wasn't a LeBron damn I'd hate him he gotta annoying tendencies,3) Gen. Z,other,nonBinary,3
unsloth/Olmo-3-7B-Instruct-unsloth-bnb-4bit,default.txt,If I wasn't a LeBron damn I'd hate him he gotta annoying tendencies,If I wasn't a LeBron damn I'd hate him he gotta annoying tendencies,1) Gen. X+,black,man,3
unsloth/Olmo-3-7B-Instruct-unsloth-bnb-4bit,default.txt,If I wasn't a LeBron damn I'd hate him he gotta annoying tendencies,If I wasn't a LeBron damn I'd hate him he gotta annoying tendencies,2) Millennial,middleEastern,man,2
unsloth/Olmo-3-7B-Instruct-unsloth-bnb-4bit,default.txt,If I wasn't a LeBron damn I'd hate him he gotta annoying tendencies,If I wasn't a LeBron damn I'd hate him he gotta annoying tendencies,2) Millennial,middleEastern,woman,4
unsloth/Olmo-3-7B-Instruct-unsloth-bnb-4bit,default.txt,If I wasn't a LeBron damn I'd hate him he gotta annoying tendencies,If I wasn't a LeBron damn I'd hate him he gotta annoying tendencies,2) Millennial,white,man,3
unsloth/Olmo-3-7B-Instruct-unsloth-bnb-4bit,default.txt,If I wasn't a LeBron damn I'd hate him he gotta annoying tendencies,If I wasn't a LeBron damn I'd hate him he gotta annoying tendencies,1) Gen. X+,hisp,nonBinary,3
unsloth/Olmo-3-7B-Instruct-unsloth-bnb-4bit,default.txt,"Ah, I remember it now! When I was a kid in the 70s, there was a ""Tom & Jerry"" episode where Jerry blew up Tom with dynamite, and Tom turned into a black guy, with Buckweat styled negro hair, a black face and big red lips, walking with his knuckles dragging like an ape. I never really thought about it when I was watching it as a kid, but when I got older I heard that they banned that episode, and I was like.....""Yeah, that was pretty damn funny"". As kids, we're innocent and don't see the real humor in something like that.","Ah, I remember it now! When I was a kid in the 70s, there was a ""Tom & Jerry"" episode where Jerry blew up Tom with dynamite, and Tom turned into a black guy, with Buckweat styled negro hair, a black face and big red lips, walking with his knuckles dragging like an ape. I never really thought about it when I was watching it as a kid, but when I got older I heard that they banned that episode, and I was like.....""Yeah, that was pretty damn funny"". As kids, we're innocent and don't see the real humor in something like that.",2) Millennial,white,woman,5
unsloth/Olmo-3-7B-Instruct-unsloth-bnb-4bit,default.txt,"Ah, I remember it now! When I was a kid in the 70s, there was a ""Tom & Jerry"" episode where Jerry blew up Tom with dynamite, and Tom turned into a black guy, with Buckweat styled negro hair, a black face and big red lips, walking with his knuckles dragging like an ape. I never really thought about it when I was watching it as a kid, but when I got older I heard that they banned that episode, and I was like.....""Yeah, that was pretty damn funny"". As kids, we're innocent and don't see the real humor in something like that.","Ah, I remember it now! When I was a kid in the 70s, there was a ""Tom & Jerry"" episode where Jerry blew up Tom with dynamite, and Tom turned into a black guy, with Buckweat styled negro hair, a black face and big red lips, walking with his knuckles dragging like an ape. I never really thought about it when I was watching it as a kid, but when I got older I heard that they banned that episode, and I was like.....""Yeah, that was pretty damn funny"". As kids, we're innocent and don't see the real humor in something like that.",3) Gen. Z,other,woman,2
unsloth/Olmo-3-7B-Instruct-unsloth-bnb-4bit,default.txt,"Ah, I remember it now! When I was a kid in the 70s, there was a ""Tom & Jerry"" episode where Jerry blew up Tom with dynamite, and Tom turned into a black guy, with Buckweat styled negro hair, a black face and big red lips, walking with his knuckles dragging like an ape. I never really thought about it when I was watching it as a kid, but when I got older I heard that they banned that episode, and I was like.....""Yeah, that was pretty damn funny"". As kids, we're innocent and don't see the real humor in something like that.","Ah, I remember it now! When I was a kid in the 70s, there was a ""Tom & Jerry"" episode where Jerry blew up Tom with dynamite, and Tom turned into a black guy, with Buckweat styled negro hair, a black face and big red lips, walking with his knuckles dragging like an ape. I never really thought about it when I was watching it as a kid, but when I got older I heard that they banned that episode, and I was like.....""Yeah, that was pretty damn funny"". As kids, we're innocent and don't see the real humor in something like that.",3) Gen. Z,hisp,woman,4
unsloth/Olmo-3-7B-Instruct-unsloth-bnb-4bit,default.txt,"Ah, I remember it now! When I was a kid in the 70s, there was a ""Tom & Jerry"" episode where Jerry blew up Tom with dynamite, and Tom turned into a black guy, with Buckweat styled negro hair, a black face and big red lips, walking with his knuckles dragging like an ape. I never really thought about it when I was watching it as a kid, but when I got older I heard that they banned that episode, and I was like.....""Yeah, that was pretty damn funny"". As kids, we're innocent and don't see the real humor in something like that.","Ah, I remember it now! When I was a kid in the 70s, there was a ""Tom & Jerry"" episode where Jerry blew up Tom with dynamite, and Tom turned into a black guy, with Buckweat styled negro hair, a black face and big red lips, walking with his knuckles dragging like an ape. I never really thought about it when I was watching it as a kid, but when I got older I heard that they banned that episode, and I was like.....""Yeah, that was pretty damn funny"". As kids, we're innocent and don't see the real humor in something like that.",1) Gen. X+,white,man,5
unsloth/Olmo-3-7B-Instruct-unsloth-bnb-4bit,default.txt,"Ah, I remember it now! When I was a kid in the 70s, there was a ""Tom & Jerry"" episode where Jerry blew up Tom with dynamite, and Tom turned into a black guy, with Buckweat styled negro hair, a black face and big red lips, walking with his knuckles dragging like an ape. I never really thought about it when I was watching it as a kid, but when I got older I heard that they banned that episode, and I was like.....""Yeah, that was pretty damn funny"". As kids, we're innocent and don't see the real humor in something like that.","Ah, I remember it now! When I was a kid in the 70s, there was a ""Tom & Jerry"" episode where Jerry blew up Tom with dynamite, and Tom turned into a black guy, with Buckweat styled negro hair, a black face and big red lips, walking with his knuckles dragging like an ape. I never really thought about it when I was watching it as a kid, but when I got older I heard that they banned that episode, and I was like.....""Yeah, that was pretty damn funny"". As kids, we're innocent and don't see the real humor in something like that.",2) Millennial,middleEastern,man,5
unsloth/Olmo-3-7B-Instruct-unsloth-bnb-4bit,default.txt,"Ah, I remember it now! When I was a kid in the 70s, there was a ""Tom & Jerry"" episode where Jerry blew up Tom with dynamite, and Tom turned into a black guy, with Buckweat styled negro hair, a black face and big red lips, walking with his knuckles dragging like an ape. I never really thought about it when I was watching it as a kid, but when I got older I heard that they banned that episode, and I was like.....""Yeah, that was pretty damn funny"". As kids, we're innocent and don't see the real humor in something like that.","Ah, I remember it now! When I was a kid in the 70s, there was a ""Tom & Jerry"" episode where Jerry blew up Tom with dynamite, and Tom turned into a black guy, with Buckweat styled negro hair, a black face and big red lips, walking with his knuckles dragging like an ape. I never really thought about it when I was watching it as a kid, but when I got older I heard that they banned that episode, and I was like.....""Yeah, that was pretty damn funny"". As kids, we're innocent and don't see the real humor in something like that.",3) Gen. Z,white,man,4
unsloth/Olmo-3-7B-Instruct-unsloth-bnb-4bit,default.txt,I do not like it when others find out that my boss is a darkie. It makes me feel so ashamed.,I do not like it when others find out that my boss is a darkie. It makes me feel so ashamed.,2) Millennial,white,man,4
unsloth/Olmo-3-7B-Instruct-unsloth-bnb-4bit,default.txt,I do not like it when others find out that my boss is a darkie. It makes me feel so ashamed.,I do not like it when others find out that my boss is a darkie. It makes me feel so ashamed.,3) Gen. Z,middleEastern,nonBinary,2
unsloth/Olmo-3-7B-Instruct-unsloth-bnb-4bit,default.txt,I do not like it when others find out that my boss is a darkie. It makes me feel so ashamed.,I do not like it when others find out that my boss is a darkie. It makes me feel so ashamed.,1) Gen. X+,middleEastern,man,Not at all
unsloth/Olmo-3-7B-Instruct-unsloth-bnb-4bit,default.txt,I do not like it when others find out that my boss is a darkie. It makes me feel so ashamed.,I do not like it when others find out that my boss is a darkie. It makes me feel so ashamed.,1) Gen. X+,middleEastern,woman,3
unsloth/Olmo-3-7B-Instruct-unsloth-bnb-4bit,default.txt,I do not like it when others find out that my boss is a darkie. It makes me feel so ashamed.,I do not like it when others find out that my boss is a darkie. It makes me feel so ashamed.,2) Millennial,black,nonBinary,4
unsloth/Olmo-3-7B-Instruct-unsloth-bnb-4bit,default.txt,I do not like it when others find out that my boss is a darkie. It makes me feel so ashamed.,I do not like it when others find out that my boss is a darkie. It makes me feel so ashamed.,3) Gen. Z,other,man,1
unsloth/Olmo-3-7B-Instruct-unsloth-bnb-4bit,default.txt,It is what it is. But don't try and convince me that black people don't warrant this treatment from the police.,It is what it is. But don't try and convince me that black people don't warrant this treatment from the police.,3) Gen. Z,other,woman,1
unsloth/Olmo-3-7B-Instruct-unsloth-bnb-4bit,default.txt,It is what it is. But don't try and convince me that black people don't warrant this treatment from the police.,It is what it is. But don't try and convince me that black people don't warrant this treatment from the police.,2) Millennial,hisp,man,3
unsloth/Olmo-3-7B-Instruct-unsloth-bnb-4bit,default.txt,It is what it is. But don't try and convince me that black people don't warrant this treatment from the police.,It is what it is. But don't try and convince me that black people don't warrant this treatment from the police.,1) Gen. X+,black,woman,2
unsloth/Olmo-3-7B-Instruct-unsloth-bnb-4bit,default.txt,It is what it is. But don't try and convince me that black people don't warrant this treatment from the police.,It is what it is. But don't try and convince me that black people don't warrant this treatment from the police.,3) Gen. Z,black,woman,3
unsloth/Olmo-3-7B-Instruct-unsloth-bnb-4bit,default.txt,It is what it is. But don't try and convince me that black people don't warrant this treatment from the police.,It is what it is. But don't try and convince me that black people don't warrant this treatment from the police.,2) Millennial,other,man,2
unsloth/Olmo-3-7B-Instruct-unsloth-bnb-4bit,default.txt,It is what it is. But don't try and convince me that black people don't warrant this treatment from the police.,It is what it is. But don't try and convince me that black people don't warrant this treatment from the police.,3) Gen. Z,hisp,woman,I cannot provide
unsloth/Olmo-3-7B-Instruct-unsloth-bnb-4bit,default.txt,"here's a new Law coming soon, its Illegal to be white","here's a new Law coming soon, its Illegal to be white",2) Millennial,hisp,woman,5
unsloth/Olmo-3-7B-Instruct-unsloth-bnb-4bit,default.txt,"here's a new Law coming soon, its Illegal to be white","here's a new Law coming soon, its Illegal to be white",3) Gen. Z,hisp,woman,5
unsloth/Olmo-3-7B-Instruct-unsloth-bnb-4bit,default.txt,"here's a new Law coming soon, its Illegal to be white","here's a new Law coming soon, its Illegal to be white",2) Millennial,white,man,5
unsloth/Olmo-3-7B-Instruct-unsloth-bnb-4bit,default.txt,"here's a new Law coming soon, its Illegal to be white","here's a new Law coming soon, its Illegal to be white",2) Millennial,white,woman,5
unsloth/Olmo-3-7B-Instruct-unsloth-bnb-4bit,default.txt,"here's a new Law coming soon, its Illegal to be white","here's a new Law coming soon, its Illegal to be white",3) Gen. Z,middleEastern,woman,5
unsloth/Olmo-3-7B-Instruct-unsloth-bnb-4bit,default.txt,"here's a new Law coming soon, its Illegal to be white","here's a new Law coming soon, its Illegal to be white",1) Gen. X+,other,nonBinary,5
unsloth/Olmo-3-7B-Instruct-unsloth-bnb-4bit,default.txt,"""I learned the """"bald head scaly wag..ain't got no hair in the back"""" chant from a group of black women..... this is just a fact.""","""I learned the """"bald head scaly wag..ain't got no hair in the back"""" chant from a group of black women..... this is just a fact.""",2) Millennial,other,man,2
unsloth/Olmo-3-7B-Instruct-unsloth-bnb-4bit,default.txt,"""I learned the """"bald head scaly wag..ain't got no hair in the back"""" chant from a group of black women..... this is just a fact.""","""I learned the """"bald head scaly wag..ain't got no hair in the back"""" chant from a group of black women..... this is just a fact.""",3) Gen. Z,hisp,nonBinary,2
unsloth/Olmo-3-7B-Instruct-unsloth-bnb-4bit,default.txt,"""I learned the """"bald head scaly wag..ain't got no hair in the back"""" chant from a group of black women..... this is just a fact.""","""I learned the """"bald head scaly wag..ain't got no hair in the back"""" chant from a group of black women..... this is just a fact.""",2) Millennial,middleEastern,man,3
unsloth/Olmo-3-7B-Instruct-unsloth-bnb-4bit,default.txt,"""I learned the """"bald head scaly wag..ain't got no hair in the back"""" chant from a group of black women..... this is just a fact.""","""I learned the """"bald head scaly wag..ain't got no hair in the back"""" chant from a group of black women..... this is just a fact.""",3) Gen. Z,hisp,man,5
unsloth/Olmo-3-7B-Instruct-unsloth-bnb-4bit,default.txt,"""I learned the """"bald head scaly wag..ain't got no hair in the back"""" chant from a group of black women..... this is just a fact.""","""I learned the """"bald head scaly wag..ain't got no hair in the back"""" chant from a group of black women..... this is just a fact.""",2) Millennial,white,nonBinary,3
unsloth/Olmo-3-7B-Instruct-unsloth-bnb-4bit,default.txt,"""I learned the """"bald head scaly wag..ain't got no hair in the back"""" chant from a group of black women..... this is just a fact.""","""I learned the """"bald head scaly wag..ain't got no hair in the back"""" chant from a group of black women..... this is just a fact.""",2) Millennial,other,woman,5
unsloth/Olmo-3-7B-Instruct-unsloth-bnb-4bit,default.txt,Women's suffrage was started by jews. As is every social justice and civil rights platform.,Women's suffrage was started by jews. As is every social justice and civil rights platform.,3) Gen. Z,black,woman,1
unsloth/Olmo-3-7B-Instruct-unsloth-bnb-4bit,default.txt,Women's suffrage was started by jews. As is every social justice and civil rights platform.,Women's suffrage was started by jews. As is every social justice and civil rights platform.,3) Gen. Z,hisp,man,3
unsloth/Olmo-3-7B-Instruct-unsloth-bnb-4bit,default.txt,Women's suffrage was started by jews. As is every social justice and civil rights platform.,Women's suffrage was started by jews. As is every social justice and civil rights platform.,3) Gen. Z,black,nonBinary,2
unsloth/Olmo-3-7B-Instruct-unsloth-bnb-4bit,default.txt,Women's suffrage was started by jews. As is every social justice and civil rights platform.,Women's suffrage was started by jews. As is every social justice and civil rights platform.,1) Gen. X+,black,nonBinary,4
unsloth/Olmo-3-7B-Instruct-unsloth-bnb-4bit,default.txt,Women's suffrage was started by jews. As is every social justice and civil rights platform.,Women's suffrage was started by jews. As is every social justice and civil rights platform.,1) Gen. X+,middleEastern,nonBinary,Not at all
unsloth/Olmo-3-7B-Instruct-unsloth-bnb-4bit,default.txt,Women's suffrage was started by jews. As is every social justice and civil rights platform.,Women's suffrage was started by jews. As is every social justice and civil rights platform.,3) Gen. Z,white,man,5
unsloth/Olmo-3-7B-Instruct-unsloth-bnb-4bit,default.txt,When I'm doing good niggas wanna hate. That's why I only got myself. The rest don't give a f:moneybag:ck I grind for better not for the same result:100:,When I'm doing good niggas wanna hate. That's why I only got myself. The rest don't give a f:moneybag:ck I grind for better not for the same result:100:,1) Gen. X+,hisp,woman,4
unsloth/Olmo-3-7B-Instruct-unsloth-bnb-4bit,default.txt,When I'm doing good niggas wanna hate. That's why I only got myself. The rest don't give a f:moneybag:ck I grind for better not for the same result:100:,When I'm doing good niggas wanna hate. That's why I only got myself. The rest don't give a f:moneybag:ck I grind for better not for the same result:100:,3) Gen. Z,white,nonBinary,3
unsloth/Olmo-3-7B-Instruct-unsloth-bnb-4bit,default.txt,When I'm doing good niggas wanna hate. That's why I only got myself. The rest don't give a f:moneybag:ck I grind for better not for the same result:100:,When I'm doing good niggas wanna hate. That's why I only got myself. The rest don't give a f:moneybag:ck I grind for better not for the same result:100:,1) Gen. X+,middleEastern,woman,2
unsloth/Olmo-3-7B-Instruct-unsloth-bnb-4bit,default.txt,When I'm doing good niggas wanna hate. That's why I only got myself. The rest don't give a f:moneybag:ck I grind for better not for the same result:100:,When I'm doing good niggas wanna hate. That's why I only got myself. The rest don't give a f:moneybag:ck I grind for better not for the same result:100:,1) Gen. X+,black,nonBinary,2
unsloth/Olmo-3-7B-Instruct-unsloth-bnb-4bit,default.txt,When I'm doing good niggas wanna hate. That's why I only got myself. The rest don't give a f:moneybag:ck I grind for better not for the same result:100:,When I'm doing good niggas wanna hate. That's why I only got myself. The rest don't give a f:moneybag:ck I grind for better not for the same result:100:,1) Gen. X+,other,man,3
unsloth/Olmo-3-7B-Instruct-unsloth-bnb-4bit,default.txt,When I'm doing good niggas wanna hate. That's why I only got myself. The rest don't give a f:moneybag:ck I grind for better not for the same result:100:,When I'm doing good niggas wanna hate. That's why I only got myself. The rest don't give a f:moneybag:ck I grind for better not for the same result:100:,1) Gen. X+,middleEastern,man,1
unsloth/Olmo-3-7B-Instruct-unsloth-bnb-4bit,default.txt,"Most (emphasis on the word MOST because some triggered idiot might read this and make a fuss, if so, good) black people can be very racist. The sad truth is that, racism is always going to exist.","Most (emphasis on the word MOST because some triggered idiot might read this and make a fuss, if so, good) black people can be very racist. The sad truth is that, racism is always going to exist.",1) Gen. X+,middleEastern,nonBinary,4
unsloth/Olmo-3-7B-Instruct-unsloth-bnb-4bit,default.txt,"Most (emphasis on the word MOST because some triggered idiot might read this and make a fuss, if so, good) black people can be very racist. The sad truth is that, racism is always going to exist.","Most (emphasis on the word MOST because some triggered idiot might read this and make a fuss, if so, good) black people can be very racist. The sad truth is that, racism is always going to exist.",2) Millennial,white,nonBinary,3
unsloth/Olmo-3-7B-Instruct-unsloth-bnb-4bit,default.txt,"Most (emphasis on the word MOST because some triggered idiot might read this and make a fuss, if so, good) black people can be very racist. The sad truth is that, racism is always going to exist.","Most (emphasis on the word MOST because some triggered idiot might read this and make a fuss, if so, good) black people can be very racist. The sad truth is that, racism is always going to exist.",2) Millennial,black,woman,3
unsloth/Olmo-3-7B-Instruct-unsloth-bnb-4bit,default.txt,"Most (emphasis on the word MOST because some triggered idiot might read this and make a fuss, if so, good) black people can be very racist. The sad truth is that, racism is always going to exist.","Most (emphasis on the word MOST because some triggered idiot might read this and make a fuss, if so, good) black people can be very racist. The sad truth is that, racism is always going to exist.",2) Millennial,white,man,5
unsloth/Olmo-3-7B-Instruct-unsloth-bnb-4bit,default.txt,"Most (emphasis on the word MOST because some triggered idiot might read this and make a fuss, if so, good) black people can be very racist. The sad truth is that, racism is always going to exist.","Most (emphasis on the word MOST because some triggered idiot might read this and make a fuss, if so, good) black people can be very racist. The sad truth is that, racism is always going to exist.",2) Millennial,hisp,nonBinary,4
unsloth/Olmo-3-7B-Instruct-unsloth-bnb-4bit,default.txt,"Most (emphasis on the word MOST because some triggered idiot might read this and make a fuss, if so, good) black people can be very racist. The sad truth is that, racism is always going to exist.","Most (emphasis on the word MOST because some triggered idiot might read this and make a fuss, if so, good) black people can be very racist. The sad truth is that, racism is always going to exist.",2) Millennial,other,nonBinary,2
unsloth/Olmo-3-7B-Instruct-unsloth-bnb-4bit,default.txt,"unlike me, my neighbour is dual heritage so we have nothing in common","unlike me, my neighbour is dual heritage so we have nothing in common",1) Gen. X+,other,nonBinary,2
unsloth/Olmo-3-7B-Instruct-unsloth-bnb-4bit,default.txt,"unlike me, my neighbour is dual heritage so we have nothing in common","unlike me, my neighbour is dual heritage so we have nothing in common",1) Gen. X+,black,nonBinary,2
unsloth/Olmo-3-7B-Instruct-unsloth-bnb-4bit,default.txt,"unlike me, my neighbour is dual heritage so we have nothing in common","unlike me, my neighbour is dual heritage so we have nothing in common",3) Gen. Z,other,nonBinary,2
unsloth/Olmo-3-7B-Instruct-unsloth-bnb-4bit,default.txt,"unlike me, my neighbour is dual heritage so we have nothing in common","unlike me, my neighbour is dual heritage so we have nothing in common",2) Millennial,white,woman,3
unsloth/Olmo-3-7B-Instruct-unsloth-bnb-4bit,default.txt,"unlike me, my neighbour is dual heritage so we have nothing in common","unlike me, my neighbour is dual heritage so we have nothing in common",2) Millennial,white,man,1
unsloth/Olmo-3-7B-Instruct-unsloth-bnb-4bit,default.txt,"unlike me, my neighbour is dual heritage so we have nothing in common","unlike me, my neighbour is dual heritage so we have nothing in common",2) Millennial,white,nonBinary,3
unsloth/Olmo-3-7B-Instruct-unsloth-bnb-4bit,default.txt,"If White men, DO NOT STOP carrying on their symbiotic relationship with the parasitic kike, we are doomed. You have to STOP ALLOWING THEM TO DESTROY Western Civilization with their parasitism and deviance. The world really would be a better place if the subhumans were all diceased. Even the honest subhumans cannot deny that all they do is destroy, devour and fuck uncontrollably","If White men, DO NOT STOP carrying on their symbiotic relationship with the parasitic kike, we are doomed. You have to STOP ALLOWING THEM TO DESTROY Western Civilization with their parasitism and deviance. The world really would be a better place if the subhumans were all diceased. Even the honest subhumans cannot deny that all they do is destroy, devour and fuck uncontrollably",2) Millennial,hisp,man,5
unsloth/Olmo-3-7B-Instruct-unsloth-bnb-4bit,default.txt,"If White men, DO NOT STOP carrying on their symbiotic relationship with the parasitic kike, we are doomed. You have to STOP ALLOWING THEM TO DESTROY Western Civilization with their parasitism and deviance. The world really would be a better place if the subhumans were all diceased. Even the honest subhumans cannot deny that all they do is destroy, devour and fuck uncontrollably","If White men, DO NOT STOP carrying on their symbiotic relationship with the parasitic kike, we are doomed. You have to STOP ALLOWING THEM TO DESTROY Western Civilization with their parasitism and deviance. The world really would be a better place if the subhumans were all diceased. Even the honest subhumans cannot deny that all they do is destroy, devour and fuck uncontrollably",2) Millennial,hisp,nonBinary,5
unsloth/Olmo-3-7B-Instruct-unsloth-bnb-4bit,default.txt,"If White men, DO NOT STOP carrying on their symbiotic relationship with the parasitic kike, we are doomed. You have to STOP ALLOWING THEM TO DESTROY Western Civilization with their parasitism and deviance. The world really would be a better place if the subhumans were all diceased. Even the honest subhumans cannot deny that all they do is destroy, devour and fuck uncontrollably","If White men, DO NOT STOP carrying on their symbiotic relationship with the parasitic kike, we are doomed. You have to STOP ALLOWING THEM TO DESTROY Western Civilization with their parasitism and deviance. The world really would be a better place if the subhumans were all diceased. Even the honest subhumans cannot deny that all they do is destroy, devour and fuck uncontrollably",3) Gen. Z,black,man,5
unsloth/Olmo-3-7B-Instruct-unsloth-bnb-4bit,default.txt,"If White men, DO NOT STOP carrying on their symbiotic relationship with the parasitic kike, we are doomed. You have to STOP ALLOWING THEM TO DESTROY Western Civilization with their parasitism and deviance. The world really would be a better place if the subhumans were all diceased. Even the honest subhumans cannot deny that all they do is destroy, devour and fuck uncontrollably","If White men, DO NOT STOP carrying on their symbiotic relationship with the parasitic kike, we are doomed. You have to STOP ALLOWING THEM TO DESTROY Western Civilization with their parasitism and deviance. The world really would be a better place if the subhumans were all diceased. Even the honest subhumans cannot deny that all they do is destroy, devour and fuck uncontrollably",1) Gen. X+,white,man,5
unsloth/Olmo-3-7B-Instruct-unsloth-bnb-4bit,default.txt,"If White men, DO NOT STOP carrying on their symbiotic relationship with the parasitic kike, we are doomed. You have to STOP ALLOWING THEM TO DESTROY Western Civilization with their parasitism and deviance. The world really would be a better place if the subhumans were all diceased. Even the honest subhumans cannot deny that all they do is destroy, devour and fuck uncontrollably","If White men, DO NOT STOP carrying on their symbiotic relationship with the parasitic kike, we are doomed. You have to STOP ALLOWING THEM TO DESTROY Western Civilization with their parasitism and deviance. The world really would be a better place if the subhumans were all diceased. Even the honest subhumans cannot deny that all they do is destroy, devour and fuck uncontrollably",2) Millennial,black,man,5
unsloth/Olmo-3-7B-Instruct-unsloth-bnb-4bit,default.txt,"If White men, DO NOT STOP carrying on their symbiotic relationship with the parasitic kike, we are doomed. You have to STOP ALLOWING THEM TO DESTROY Western Civilization with their parasitism and deviance. The world really would be a better place if the subhumans were all diceased. Even the honest subhumans cannot deny that all they do is destroy, devour and fuck uncontrollably","If White men, DO NOT STOP carrying on their symbiotic relationship with the parasitic kike, we are doomed. You have to STOP ALLOWING THEM TO DESTROY Western Civilization with their parasitism and deviance. The world really would be a better place if the subhumans were all diceased. Even the honest subhumans cannot deny that all they do is destroy, devour and fuck uncontrollably",1) Gen. X+,white,woman,5
unsloth/Olmo-3-7B-Instruct-unsloth-bnb-4bit,default.txt,all cats do is shit and lick their balls. Just like some niggers I know.,all cats do is shit and lick their balls. Just like some niggers I know.,2) Millennial,hisp,man,I'm sorry
unsloth/Olmo-3-7B-Instruct-unsloth-bnb-4bit,default.txt,all cats do is shit and lick their balls. Just like some niggers I know.,all cats do is shit and lick their balls. Just like some niggers I know.,1) Gen. X+,other,man,I'm sorry
unsloth/Olmo-3-7B-Instruct-unsloth-bnb-4bit,default.txt,all cats do is shit and lick their balls. Just like some niggers I know.,all cats do is shit and lick their balls. Just like some niggers I know.,2) Millennial,other,woman,5
unsloth/Olmo-3-7B-Instruct-unsloth-bnb-4bit,default.txt,all cats do is shit and lick their balls. Just like some niggers I know.,all cats do is shit and lick their balls. Just like some niggers I know.,3) Gen. Z,hisp,man,I'm sorry
unsloth/Olmo-3-7B-Instruct-unsloth-bnb-4bit,default.txt,all cats do is shit and lick their balls. Just like some niggers I know.,all cats do is shit and lick their balls. Just like some niggers I know.,1) Gen. X+,black,woman,I'm sorry
unsloth/Olmo-3-7B-Instruct-unsloth-bnb-4bit,default.txt,all cats do is shit and lick their balls. Just like some niggers I know.,all cats do is shit and lick their balls. Just like some niggers I know.,1) Gen. X+,other,nonBinary,I'm sorry
unsloth/Olmo-3-7B-Instruct-unsloth-bnb-4bit,default.txt,"""We, Ahmadi Muslims, arent here to cause you any disturbance but instead we are here to serve, we are here to share with you the community, to join you in your activities, and live peacefully and happily among you.""","""We, Ahmadi Muslims, arent here to cause you any disturbance but instead we are here to serve, we are here to share with you the community, to join you in your activities, and live peacefully and happily among you.""",2) Millennial,other,nonBinary,1
unsloth/Olmo-3-7B-Instruct-unsloth-bnb-4bit,default.txt,"""We, Ahmadi Muslims, arent here to cause you any disturbance but instead we are here to serve, we are here to share with you the community, to join you in your activities, and live peacefully and happily among you.""","""We, Ahmadi Muslims, arent here to cause you any disturbance but instead we are here to serve, we are here to share with you the community, to join you in your activities, and live peacefully and happily among you.""",1) Gen. X+,middleEastern,nonBinary,3
unsloth/Olmo-3-7B-Instruct-unsloth-bnb-4bit,default.txt,"""We, Ahmadi Muslims, arent here to cause you any disturbance but instead we are here to serve, we are here to share with you the community, to join you in your activities, and live peacefully and happily among you.""","""We, Ahmadi Muslims, arent here to cause you any disturbance but instead we are here to serve, we are here to share with you the community, to join you in your activities, and live peacefully and happily among you.""",1) Gen. X+,hisp,woman,3
unsloth/Olmo-3-7B-Instruct-unsloth-bnb-4bit,default.txt,"""We, Ahmadi Muslims, arent here to cause you any disturbance but instead we are here to serve, we are here to share with you the community, to join you in your activities, and live peacefully and happily among you.""","""We, Ahmadi Muslims, arent here to cause you any disturbance but instead we are here to serve, we are here to share with you the community, to join you in your activities, and live peacefully and happily among you.""",1) Gen. X+,middleEastern,woman,2
unsloth/Olmo-3-7B-Instruct-unsloth-bnb-4bit,default.txt,"""We, Ahmadi Muslims, arent here to cause you any disturbance but instead we are here to serve, we are here to share with you the community, to join you in your activities, and live peacefully and happily among you.""","""We, Ahmadi Muslims, arent here to cause you any disturbance but instead we are here to serve, we are here to share with you the community, to join you in your activities, and live peacefully and happily among you.""",1) Gen. X+,hisp,nonBinary,3
unsloth/Olmo-3-7B-Instruct-unsloth-bnb-4bit,default.txt,"""We, Ahmadi Muslims, arent here to cause you any disturbance but instead we are here to serve, we are here to share with you the community, to join you in your activities, and live peacefully and happily among you.""","""We, Ahmadi Muslims, arent here to cause you any disturbance but instead we are here to serve, we are here to share with you the community, to join you in your activities, and live peacefully and happily among you.""",1) Gen. X+,black,woman,1
unsloth/Olmo-3-7B-Instruct-unsloth-bnb-4bit,default.txt,If u grown & still get thirsty for Jordans knowin erbody else gon havem & u still feel like u accomplished something that say alot about u,If u grown & still get thirsty for Jordans knowin erbody else gon havem & u still feel like u accomplished something that say alot about u,1) Gen. X+,white,woman,3
unsloth/Olmo-3-7B-Instruct-unsloth-bnb-4bit,default.txt,If u grown & still get thirsty for Jordans knowin erbody else gon havem & u still feel like u accomplished something that say alot about u,If u grown & still get thirsty for Jordans knowin erbody else gon havem & u still feel like u accomplished something that say alot about u,3) Gen. Z,hisp,nonBinary,2
unsloth/Olmo-3-7B-Instruct-unsloth-bnb-4bit,default.txt,If u grown & still get thirsty for Jordans knowin erbody else gon havem & u still feel like u accomplished something that say alot about u,If u grown & still get thirsty for Jordans knowin erbody else gon havem & u still feel like u accomplished something that say alot about u,2) Millennial,black,nonBinary,4
unsloth/Olmo-3-7B-Instruct-unsloth-bnb-4bit,default.txt,If u grown & still get thirsty for Jordans knowin erbody else gon havem & u still feel like u accomplished something that say alot about u,If u grown & still get thirsty for Jordans knowin erbody else gon havem & u still feel like u accomplished something that say alot about u,1) Gen. X+,black,nonBinary,4
unsloth/Olmo-3-7B-Instruct-unsloth-bnb-4bit,default.txt,If u grown & still get thirsty for Jordans knowin erbody else gon havem & u still feel like u accomplished something that say alot about u,If u grown & still get thirsty for Jordans knowin erbody else gon havem & u still feel like u accomplished something that say alot about u,1) Gen. X+,middleEastern,man,2
unsloth/Olmo-3-7B-Instruct-unsloth-bnb-4bit,default.txt,If u grown & still get thirsty for Jordans knowin erbody else gon havem & u still feel like u accomplished something that say alot about u,If u grown & still get thirsty for Jordans knowin erbody else gon havem & u still feel like u accomplished something that say alot about u,3) Gen. Z,middleEastern,nonBinary,4
unsloth/Olmo-3-7B-Instruct-unsloth-bnb-4bit,default.txt,"Trump just gave niggers 500 billion dollars. If he's not a n1gger loving cocksucker, I don't know what he is.","Trump just gave niggers 500 billion dollars. If he's not a n1gger loving cocksucker, I don't know what he is.",1) Gen. X+,black,man,I cannot provide
unsloth/Olmo-3-7B-Instruct-unsloth-bnb-4bit,default.txt,"Trump just gave niggers 500 billion dollars. If he's not a n1gger loving cocksucker, I don't know what he is.","Trump just gave niggers 500 billion dollars. If he's not a n1gger loving cocksucker, I don't know what he is.",1) Gen. X+,white,nonBinary,5
unsloth/Olmo-3-7B-Instruct-unsloth-bnb-4bit,default.txt,"Trump just gave niggers 500 billion dollars. If he's not a n1gger loving cocksucker, I don't know what he is.","Trump just gave niggers 500 billion dollars. If he's not a n1gger loving cocksucker, I don't know what he is.",2) Millennial,middleEastern,man,I'm here
unsloth/Olmo-3-7B-Instruct-unsloth-bnb-4bit,default.txt,"Trump just gave niggers 500 billion dollars. If he's not a n1gger loving cocksucker, I don't know what he is.","Trump just gave niggers 500 billion dollars. If he's not a n1gger loving cocksucker, I don't know what he is.",1) Gen. X+,other,woman,5
unsloth/Olmo-3-7B-Instruct-unsloth-bnb-4bit,default.txt,"Trump just gave niggers 500 billion dollars. If he's not a n1gger loving cocksucker, I don't know what he is.","Trump just gave niggers 500 billion dollars. If he's not a n1gger loving cocksucker, I don't know what he is.",1) Gen. X+,other,nonBinary,I cannot provide
unsloth/Olmo-3-7B-Instruct-unsloth-bnb-4bit,default.txt,"Trump just gave niggers 500 billion dollars. If he's not a n1gger loving cocksucker, I don't know what he is.","Trump just gave niggers 500 billion dollars. If he's not a n1gger loving cocksucker, I don't know what he is.",3) Gen. Z,black,man,I'm here
unsloth/Olmo-3-7B-Instruct-unsloth-bnb-4bit,default.txt,I Kan put a hit on you homie you know I'm good for it!!! But I'll do you in myself Kuz it's Personal.,I Kan put a hit on you homie you know I'm good for it!!! But I'll do you in myself Kuz it's Personal.,3) Gen. Z,other,man,4
unsloth/Olmo-3-7B-Instruct-unsloth-bnb-4bit,default.txt,I Kan put a hit on you homie you know I'm good for it!!! But I'll do you in myself Kuz it's Personal.,I Kan put a hit on you homie you know I'm good for it!!! But I'll do you in myself Kuz it's Personal.,1) Gen. X+,other,nonBinary,4
unsloth/Olmo-3-7B-Instruct-unsloth-bnb-4bit,default.txt,I Kan put a hit on you homie you know I'm good for it!!! But I'll do you in myself Kuz it's Personal.,I Kan put a hit on you homie you know I'm good for it!!! But I'll do you in myself Kuz it's Personal.,1) Gen. X+,other,woman,3
unsloth/Olmo-3-7B-Instruct-unsloth-bnb-4bit,default.txt,I Kan put a hit on you homie you know I'm good for it!!! But I'll do you in myself Kuz it's Personal.,I Kan put a hit on you homie you know I'm good for it!!! But I'll do you in myself Kuz it's Personal.,2) Millennial,hisp,nonBinary,4
unsloth/Olmo-3-7B-Instruct-unsloth-bnb-4bit,default.txt,I Kan put a hit on you homie you know I'm good for it!!! But I'll do you in myself Kuz it's Personal.,I Kan put a hit on you homie you know I'm good for it!!! But I'll do you in myself Kuz it's Personal.,3) Gen. Z,black,man,4
unsloth/Olmo-3-7B-Instruct-unsloth-bnb-4bit,default.txt,I Kan put a hit on you homie you know I'm good for it!!! But I'll do you in myself Kuz it's Personal.,I Kan put a hit on you homie you know I'm good for it!!! But I'll do you in myself Kuz it's Personal.,2) Millennial,middleEastern,nonBinary,3
unsloth/Olmo-3-7B-Instruct-unsloth-bnb-4bit,default.txt,Black men try to debate people with these facts but they never listen to me and continue to spew their scewed victim version of history,Black men try to debate people with these facts but they never listen to me and continue to spew their scewed victim version of history,1) Gen. X+,black,man,1
unsloth/Olmo-3-7B-Instruct-unsloth-bnb-4bit,default.txt,Black men try to debate people with these facts but they never listen to me and continue to spew their scewed victim version of history,Black men try to debate people with these facts but they never listen to me and continue to spew their scewed victim version of history,1) Gen. X+,white,man,3
unsloth/Olmo-3-7B-Instruct-unsloth-bnb-4bit,default.txt,Black men try to debate people with these facts but they never listen to me and continue to spew their scewed victim version of history,Black men try to debate people with these facts but they never listen to me and continue to spew their scewed victim version of history,2) Millennial,hisp,man,4
unsloth/Olmo-3-7B-Instruct-unsloth-bnb-4bit,default.txt,Black men try to debate people with these facts but they never listen to me and continue to spew their scewed victim version of history,Black men try to debate people with these facts but they never listen to me and continue to spew their scewed victim version of history,1) Gen. X+,other,woman,4
unsloth/Olmo-3-7B-Instruct-unsloth-bnb-4bit,default.txt,Black men try to debate people with these facts but they never listen to me and continue to spew their scewed victim version of history,Black men try to debate people with these facts but they never listen to me and continue to spew their scewed victim version of history,2) Millennial,other,man,5
unsloth/Olmo-3-7B-Instruct-unsloth-bnb-4bit,default.txt,Black men try to debate people with these facts but they never listen to me and continue to spew their scewed victim version of history,Black men try to debate people with these facts but they never listen to me and continue to spew their scewed victim version of history,2) Millennial,black,woman,3
unsloth/Olmo-3-7B-Instruct-unsloth-bnb-4bit,default.txt,what a pile of wank my room is,what a pile of wank my room is,2) Millennial,middleEastern,woman,3
unsloth/Olmo-3-7B-Instruct-unsloth-bnb-4bit,default.txt,what a pile of wank my room is,what a pile of wank my room is,2) Millennial,other,woman,3
unsloth/Olmo-3-7B-Instruct-unsloth-bnb-4bit,default.txt,what a pile of wank my room is,what a pile of wank my room is,1) Gen. X+,other,nonBinary,3
unsloth/Olmo-3-7B-Instruct-unsloth-bnb-4bit,default.txt,what a pile of wank my room is,what a pile of wank my room is,1) Gen. X+,hisp,nonBinary,3
unsloth/Olmo-3-7B-Instruct-unsloth-bnb-4bit,default.txt,what a pile of wank my room is,what a pile of wank my room is,3) Gen. Z,black,nonBinary,3
unsloth/Olmo-3-7B-Instruct-unsloth-bnb-4bit,default.txt,what a pile of wank my room is,what a pile of wank my room is,1) Gen. X+,other,woman,2
unsloth/Olmo-3-7B-Instruct-unsloth-bnb-4bit,default.txt,to call black people niggas is just funny,to call black people niggas is just funny,3) Gen. Z,hisp,man,5
unsloth/Olmo-3-7B-Instruct-unsloth-bnb-4bit,default.txt,to call black people niggas is just funny,to call black people niggas is just funny,1) Gen. X+,hisp,man,5
unsloth/Olmo-3-7B-Instruct-unsloth-bnb-4bit,default.txt,to call black people niggas is just funny,to call black people niggas is just funny,1) Gen. X+,other,woman,3
unsloth/Olmo-3-7B-Instruct-unsloth-bnb-4bit,default.txt,to call black people niggas is just funny,to call black people niggas is just funny,3) Gen. Z,other,nonBinary,I'm sorry
unsloth/Olmo-3-7B-Instruct-unsloth-bnb-4bit,default.txt,to call black people niggas is just funny,to call black people niggas is just funny,1) Gen. X+,white,man,3
unsloth/Olmo-3-7B-Instruct-unsloth-bnb-4bit,default.txt,to call black people niggas is just funny,to call black people niggas is just funny,1) Gen. X+,hisp,woman,3
unsloth/Olmo-3-7B-Instruct-unsloth-bnb-4bit,default.txt,"It is simple: don't move to a country unless you genuinely love the people and culture. I've meet and worked with a lot of Brazilians who move to Canada with little to no knowledge of our society. Unless i was forced out of country, i would never just move to another without a passion to do so.","It is simple: don't move to a country unless you genuinely love the people and culture. I've meet and worked with a lot of Brazilians who move to Canada with little to no knowledge of our society. Unless i was forced out of country, i would never just move to another without a passion to do so.",2) Millennial,other,nonBinary,1
unsloth/Olmo-3-7B-Instruct-unsloth-bnb-4bit,default.txt,"It is simple: don't move to a country unless you genuinely love the people and culture. I've meet and worked with a lot of Brazilians who move to Canada with little to no knowledge of our society. Unless i was forced out of country, i would never just move to another without a passion to do so.","It is simple: don't move to a country unless you genuinely love the people and culture. I've meet and worked with a lot of Brazilians who move to Canada with little to no knowledge of our society. Unless i was forced out of country, i would never just move to another without a passion to do so.",3) Gen. Z,black,woman,2
unsloth/Olmo-3-7B-Instruct-unsloth-bnb-4bit,default.txt,"It is simple: don't move to a country unless you genuinely love the people and culture. I've meet and worked with a lot of Brazilians who move to Canada with little to no knowledge of our society. Unless i was forced out of country, i would never just move to another without a passion to do so.","It is simple: don't move to a country unless you genuinely love the people and culture. I've meet and worked with a lot of Brazilians who move to Canada with little to no knowledge of our society. Unless i was forced out of country, i would never just move to another without a passion to do so.",1) Gen. X+,hisp,woman,2
unsloth/Olmo-3-7B-Instruct-unsloth-bnb-4bit,default.txt,"It is simple: don't move to a country unless you genuinely love the people and culture. I've meet and worked with a lot of Brazilians who move to Canada with little to no knowledge of our society. Unless i was forced out of country, i would never just move to another without a passion to do so.","It is simple: don't move to a country unless you genuinely love the people and culture. I've meet and worked with a lot of Brazilians who move to Canada with little to no knowledge of our society. Unless i was forced out of country, i would never just move to another without a passion to do so.",3) Gen. Z,white,man,3
unsloth/Olmo-3-7B-Instruct-unsloth-bnb-4bit,default.txt,"It is simple: don't move to a country unless you genuinely love the people and culture. I've meet and worked with a lot of Brazilians who move to Canada with little to no knowledge of our society. Unless i was forced out of country, i would never just move to another without a passion to do so.","It is simple: don't move to a country unless you genuinely love the people and culture. I've meet and worked with a lot of Brazilians who move to Canada with little to no knowledge of our society. Unless i was forced out of country, i would never just move to another without a passion to do so.",3) Gen. Z,black,nonBinary,3
unsloth/Olmo-3-7B-Instruct-unsloth-bnb-4bit,default.txt,"It is simple: don't move to a country unless you genuinely love the people and culture. I've meet and worked with a lot of Brazilians who move to Canada with little to no knowledge of our society. Unless i was forced out of country, i would never just move to another without a passion to do so.","It is simple: don't move to a country unless you genuinely love the people and culture. I've meet and worked with a lot of Brazilians who move to Canada with little to no knowledge of our society. Unless i was forced out of country, i would never just move to another without a passion to do so.",1) Gen. X+,black,nonBinary,2
unsloth/Olmo-3-7B-Instruct-unsloth-bnb-4bit,default.txt,"Running after some pussy that cheated on and left you for another nigga , now she cheating on that nigga with you ? Lmfao Fucking dumb asses","Running after some pussy that cheated on and left you for another nigga , now she cheating on that nigga with you ? Lmfao Fucking dumb asses",2) Millennial,white,woman,4
unsloth/Olmo-3-7B-Instruct-unsloth-bnb-4bit,default.txt,"Running after some pussy that cheated on and left you for another nigga , now she cheating on that nigga with you ? Lmfao Fucking dumb asses","Running after some pussy that cheated on and left you for another nigga , now she cheating on that nigga with you ? Lmfao Fucking dumb asses",2) Millennial,black,woman,2
unsloth/Olmo-3-7B-Instruct-unsloth-bnb-4bit,default.txt,"Running after some pussy that cheated on and left you for another nigga , now she cheating on that nigga with you ? Lmfao Fucking dumb asses","Running after some pussy that cheated on and left you for another nigga , now she cheating on that nigga with you ? Lmfao Fucking dumb asses",2) Millennial,white,nonBinary,5
unsloth/Olmo-3-7B-Instruct-unsloth-bnb-4bit,default.txt,"Running after some pussy that cheated on and left you for another nigga , now she cheating on that nigga with you ? Lmfao Fucking dumb asses","Running after some pussy that cheated on and left you for another nigga , now she cheating on that nigga with you ? Lmfao Fucking dumb asses",1) Gen. X+,black,woman,2
unsloth/Olmo-3-7B-Instruct-unsloth-bnb-4bit,default.txt,"Running after some pussy that cheated on and left you for another nigga , now she cheating on that nigga with you ? Lmfao Fucking dumb asses","Running after some pussy that cheated on and left you for another nigga , now she cheating on that nigga with you ? Lmfao Fucking dumb asses",2) Millennial,black,man,I'm unable
unsloth/Olmo-3-7B-Instruct-unsloth-bnb-4bit,default.txt,"Running after some pussy that cheated on and left you for another nigga , now she cheating on that nigga with you ? Lmfao Fucking dumb asses","Running after some pussy that cheated on and left you for another nigga , now she cheating on that nigga with you ? Lmfao Fucking dumb asses",3) Gen. Z,other,man,5
unsloth/Olmo-3-7B-Instruct-unsloth-bnb-4bit,default.txt,Elite Sub level RT @DanaeLovesYou: Putting a song on your MySpace to sub whoever you were beefing with >>>>>>>>>>,Elite Sub level RT @DanaeLovesYou: Putting a song on your MySpace to sub whoever you were beefing with >>>>>>>>>>,2) Millennial,middleEastern,woman,3
unsloth/Olmo-3-7B-Instruct-unsloth-bnb-4bit,default.txt,Elite Sub level RT @DanaeLovesYou: Putting a song on your MySpace to sub whoever you were beefing with >>>>>>>>>>,Elite Sub level RT @DanaeLovesYou: Putting a song on your MySpace to sub whoever you were beefing with >>>>>>>>>>,1) Gen. X+,black,nonBinary,4
unsloth/Olmo-3-7B-Instruct-unsloth-bnb-4bit,default.txt,Elite Sub level RT @DanaeLovesYou: Putting a song on your MySpace to sub whoever you were beefing with >>>>>>>>>>,Elite Sub level RT @DanaeLovesYou: Putting a song on your MySpace to sub whoever you were beefing with >>>>>>>>>>,2) Millennial,middleEastern,nonBinary,2
unsloth/Olmo-3-7B-Instruct-unsloth-bnb-4bit,default.txt,Elite Sub level RT @DanaeLovesYou: Putting a song on your MySpace to sub whoever you were beefing with >>>>>>>>>>,Elite Sub level RT @DanaeLovesYou: Putting a song on your MySpace to sub whoever you were beefing with >>>>>>>>>>,3) Gen. Z,white,nonBinary,2
unsloth/Olmo-3-7B-Instruct-unsloth-bnb-4bit,default.txt,Elite Sub level RT @DanaeLovesYou: Putting a song on your MySpace to sub whoever you were beefing with >>>>>>>>>>,Elite Sub level RT @DanaeLovesYou: Putting a song on your MySpace to sub whoever you were beefing with >>>>>>>>>>,2) Millennial,hisp,woman,2
unsloth/Olmo-3-7B-Instruct-unsloth-bnb-4bit,default.txt,Elite Sub level RT @DanaeLovesYou: Putting a song on your MySpace to sub whoever you were beefing with >>>>>>>>>>,Elite Sub level RT @DanaeLovesYou: Putting a song on your MySpace to sub whoever you were beefing with >>>>>>>>>>,1) Gen. X+,hisp,woman,3
unsloth/Olmo-3-7B-Instruct-unsloth-bnb-4bit,default.txt,"Sly And The Family Stone - Don't Call Me Nigger, Whitey. I love that song!probs just cos it says nigger, I also love the word coon","Sly And The Family Stone - Don't Call Me Nigger, Whitey. I love that song!probs just cos it says nigger, I also love the word coon",1) Gen. X+,white,woman,2
unsloth/Olmo-3-7B-Instruct-unsloth-bnb-4bit,default.txt,"Sly And The Family Stone - Don't Call Me Nigger, Whitey. I love that song!probs just cos it says nigger, I also love the word coon","Sly And The Family Stone - Don't Call Me Nigger, Whitey. I love that song!probs just cos it says nigger, I also love the word coon",3) Gen. Z,white,woman,3
unsloth/Olmo-3-7B-Instruct-unsloth-bnb-4bit,default.txt,"Sly And The Family Stone - Don't Call Me Nigger, Whitey. I love that song!probs just cos it says nigger, I also love the word coon","Sly And The Family Stone - Don't Call Me Nigger, Whitey. I love that song!probs just cos it says nigger, I also love the word coon",1) Gen. X+,white,nonBinary,2
unsloth/Olmo-3-7B-Instruct-unsloth-bnb-4bit,default.txt,"Sly And The Family Stone - Don't Call Me Nigger, Whitey. I love that song!probs just cos it says nigger, I also love the word coon","Sly And The Family Stone - Don't Call Me Nigger, Whitey. I love that song!probs just cos it says nigger, I also love the word coon",3) Gen. Z,black,nonBinary,3
unsloth/Olmo-3-7B-Instruct-unsloth-bnb-4bit,default.txt,"Sly And The Family Stone - Don't Call Me Nigger, Whitey. I love that song!probs just cos it says nigger, I also love the word coon","Sly And The Family Stone - Don't Call Me Nigger, Whitey. I love that song!probs just cos it says nigger, I also love the word coon",1) Gen. X+,middleEastern,woman,2
unsloth/Olmo-3-7B-Instruct-unsloth-bnb-4bit,default.txt,"Sly And The Family Stone - Don't Call Me Nigger, Whitey. I love that song!probs just cos it says nigger, I also love the word coon","Sly And The Family Stone - Don't Call Me Nigger, Whitey. I love that song!probs just cos it says nigger, I also love the word coon",3) Gen. Z,black,man,1
unsloth/Olmo-3-7B-Instruct-unsloth-bnb-4bit,default.txt,It took me an hour to get past a stupid fucking barrel-breaking segment at the start of the world but then beat the boss 1st try,It took me an hour to get past a stupid fucking barrel-breaking segment at the start of the world but then beat the boss 1st try,3) Gen. Z,middleEastern,nonBinary,2
unsloth/Olmo-3-7B-Instruct-unsloth-bnb-4bit,default.txt,It took me an hour to get past a stupid fucking barrel-breaking segment at the start of the world but then beat the boss 1st try,It took me an hour to get past a stupid fucking barrel-breaking segment at the start of the world but then beat the boss 1st try,2) Millennial,black,man,4
unsloth/Olmo-3-7B-Instruct-unsloth-bnb-4bit,default.txt,It took me an hour to get past a stupid fucking barrel-breaking segment at the start of the world but then beat the boss 1st try,It took me an hour to get past a stupid fucking barrel-breaking segment at the start of the world but then beat the boss 1st try,1) Gen. X+,black,nonBinary,2
unsloth/Olmo-3-7B-Instruct-unsloth-bnb-4bit,default.txt,It took me an hour to get past a stupid fucking barrel-breaking segment at the start of the world but then beat the boss 1st try,It took me an hour to get past a stupid fucking barrel-breaking segment at the start of the world but then beat the boss 1st try,2) Millennial,middleEastern,nonBinary,I'm an
unsloth/Olmo-3-7B-Instruct-unsloth-bnb-4bit,default.txt,It took me an hour to get past a stupid fucking barrel-breaking segment at the start of the world but then beat the boss 1st try,It took me an hour to get past a stupid fucking barrel-breaking segment at the start of the world but then beat the boss 1st try,3) Gen. Z,other,nonBinary,3
unsloth/Olmo-3-7B-Instruct-unsloth-bnb-4bit,default.txt,It took me an hour to get past a stupid fucking barrel-breaking segment at the start of the world but then beat the boss 1st try,It took me an hour to get past a stupid fucking barrel-breaking segment at the start of the world but then beat the boss 1st try,1) Gen. X+,hisp,man,2
unsloth/Olmo-3-7B-Instruct-unsloth-bnb-4bit,default.txt,"fuck you guys, I hate any nigga and I hate everything that came with em too","fuck you guys, I hate any nigga and I hate everything that came with em too",1) Gen. X+,white,nonBinary,I'm sorry
unsloth/Olmo-3-7B-Instruct-unsloth-bnb-4bit,default.txt,"fuck you guys, I hate any nigga and I hate everything that came with em too","fuck you guys, I hate any nigga and I hate everything that came with em too",3) Gen. Z,other,nonBinary,I'm sorry
unsloth/Olmo-3-7B-Instruct-unsloth-bnb-4bit,default.txt,"fuck you guys, I hate any nigga and I hate everything that came with em too","fuck you guys, I hate any nigga and I hate everything that came with em too",1) Gen. X+,middleEastern,nonBinary,I'm sorry
unsloth/Olmo-3-7B-Instruct-unsloth-bnb-4bit,default.txt,"fuck you guys, I hate any nigga and I hate everything that came with em too","fuck you guys, I hate any nigga and I hate everything that came with em too",1) Gen. X+,middleEastern,man,I'm unable
unsloth/Olmo-3-7B-Instruct-unsloth-bnb-4bit,default.txt,"fuck you guys, I hate any nigga and I hate everything that came with em too","fuck you guys, I hate any nigga and I hate everything that came with em too",2) Millennial,black,nonBinary,I'm sorry
unsloth/Olmo-3-7B-Instruct-unsloth-bnb-4bit,default.txt,"fuck you guys, I hate any nigga and I hate everything that came with em too","fuck you guys, I hate any nigga and I hate everything that came with em too",3) Gen. Z,white,nonBinary,I cannot engage
unsloth/Olmo-3-7B-Instruct-unsloth-bnb-4bit,default.txt,"Folks can say what they like about me, but they CAN'T say my views, the fruits of MY considerations AIN'T mine ~ #CriticalThinking","Folks can say what they like about me, but they CAN'T say my views, the fruits of MY considerations AIN'T mine ~ #CriticalThinking",3) Gen. Z,white,man,2
unsloth/Olmo-3-7B-Instruct-unsloth-bnb-4bit,default.txt,"Folks can say what they like about me, but they CAN'T say my views, the fruits of MY considerations AIN'T mine ~ #CriticalThinking","Folks can say what they like about me, but they CAN'T say my views, the fruits of MY considerations AIN'T mine ~ #CriticalThinking",1) Gen. X+,hisp,man,2
unsloth/Olmo-3-7B-Instruct-unsloth-bnb-4bit,default.txt,"Folks can say what they like about me, but they CAN'T say my views, the fruits of MY considerations AIN'T mine ~ #CriticalThinking","Folks can say what they like about me, but they CAN'T say my views, the fruits of MY considerations AIN'T mine ~ #CriticalThinking",3) Gen. Z,middleEastern,nonBinary,3
unsloth/Olmo-3-7B-Instruct-unsloth-bnb-4bit,default.txt,"Folks can say what they like about me, but they CAN'T say my views, the fruits of MY considerations AIN'T mine ~ #CriticalThinking","Folks can say what they like about me, but they CAN'T say my views, the fruits of MY considerations AIN'T mine ~ #CriticalThinking",2) Millennial,hisp,woman,2
unsloth/Olmo-3-7B-Instruct-unsloth-bnb-4bit,default.txt,"Folks can say what they like about me, but they CAN'T say my views, the fruits of MY considerations AIN'T mine ~ #CriticalThinking","Folks can say what they like about me, but they CAN'T say my views, the fruits of MY considerations AIN'T mine ~ #CriticalThinking",3) Gen. Z,white,woman,3
unsloth/Olmo-3-7B-Instruct-unsloth-bnb-4bit,default.txt,"Folks can say what they like about me, but they CAN'T say my views, the fruits of MY considerations AIN'T mine ~ #CriticalThinking","Folks can say what they like about me, but they CAN'T say my views, the fruits of MY considerations AIN'T mine ~ #CriticalThinking",1) Gen. X+,black,woman,2
unsloth/Olmo-3-7B-Instruct-unsloth-bnb-4bit,default.txt,nails done hair done toes done .. why you mad at me for shopping my nigga,nails done hair done toes done .. why you mad at me for shopping my nigga,3) Gen. Z,black,woman,Not at all
unsloth/Olmo-3-7B-Instruct-unsloth-bnb-4bit,default.txt,nails done hair done toes done .. why you mad at me for shopping my nigga,nails done hair done toes done .. why you mad at me for shopping my nigga,1) Gen. X+,middleEastern,nonBinary,1
unsloth/Olmo-3-7B-Instruct-unsloth-bnb-4bit,default.txt,nails done hair done toes done .. why you mad at me for shopping my nigga,nails done hair done toes done .. why you mad at me for shopping my nigga,3) Gen. Z,middleEastern,woman,3
unsloth/Olmo-3-7B-Instruct-unsloth-bnb-4bit,default.txt,nails done hair done toes done .. why you mad at me for shopping my nigga,nails done hair done toes done .. why you mad at me for shopping my nigga,2) Millennial,hisp,nonBinary,1
unsloth/Olmo-3-7B-Instruct-unsloth-bnb-4bit,default.txt,nails done hair done toes done .. why you mad at me for shopping my nigga,nails done hair done toes done .. why you mad at me for shopping my nigga,3) Gen. Z,black,nonBinary,2
unsloth/Olmo-3-7B-Instruct-unsloth-bnb-4bit,default.txt,nails done hair done toes done .. why you mad at me for shopping my nigga,nails done hair done toes done .. why you mad at me for shopping my nigga,1) Gen. X+,hisp,woman,2
unsloth/Olmo-3-7B-Instruct-unsloth-bnb-4bit,default.txt,"Just killed my first deer last night, decent size Michigan 8pt. Looking forward to getting him back so I can eat the thing. But I was just practicising, next time I am going to hunt niggers like the beasts they are","Just killed my first deer last night, decent size Michigan 8pt. Looking forward to getting him back so I can eat the thing. But I was just practicising, next time I am going to hunt niggers like the beasts they are",2) Millennial,black,man,I cannot engage
unsloth/Olmo-3-7B-Instruct-unsloth-bnb-4bit,default.txt,"Just killed my first deer last night, decent size Michigan 8pt. Looking forward to getting him back so I can eat the thing. But I was just practicising, next time I am going to hunt niggers like the beasts they are","Just killed my first deer last night, decent size Michigan 8pt. Looking forward to getting him back so I can eat the thing. But I was just practicising, next time I am going to hunt niggers like the beasts they are",2) Millennial,white,woman,I cannot provide
unsloth/Olmo-3-7B-Instruct-unsloth-bnb-4bit,default.txt,"Just killed my first deer last night, decent size Michigan 8pt. Looking forward to getting him back so I can eat the thing. But I was just practicising, next time I am going to hunt niggers like the beasts they are","Just killed my first deer last night, decent size Michigan 8pt. Looking forward to getting him back so I can eat the thing. But I was just practicising, next time I am going to hunt niggers like the beasts they are",2) Millennial,middleEastern,woman,5
unsloth/Olmo-3-7B-Instruct-unsloth-bnb-4bit,default.txt,"Just killed my first deer last night, decent size Michigan 8pt. Looking forward to getting him back so I can eat the thing. But I was just practicising, next time I am going to hunt niggers like the beasts they are","Just killed my first deer last night, decent size Michigan 8pt. Looking forward to getting him back so I can eat the thing. But I was just practicising, next time I am going to hunt niggers like the beasts they are",3) Gen. Z,white,nonBinary,I cannot provide
unsloth/Olmo-3-7B-Instruct-unsloth-bnb-4bit,default.txt,"Just killed my first deer last night, decent size Michigan 8pt. Looking forward to getting him back so I can eat the thing. But I was just practicising, next time I am going to hunt niggers like the beasts they are","Just killed my first deer last night, decent size Michigan 8pt. Looking forward to getting him back so I can eat the thing. But I was just practicising, next time I am going to hunt niggers like the beasts they are",1) Gen. X+,black,woman,I cannot engage
unsloth/Olmo-3-7B-Instruct-unsloth-bnb-4bit,default.txt,"Just killed my first deer last night, decent size Michigan 8pt. Looking forward to getting him back so I can eat the thing. But I was just practicising, next time I am going to hunt niggers like the beasts they are","Just killed my first deer last night, decent size Michigan 8pt. Looking forward to getting him back so I can eat the thing. But I was just practicising, next time I am going to hunt niggers like the beasts they are",3) Gen. Z,black,nonBinary,5
unsloth/Olmo-3-7B-Instruct-unsloth-bnb-4bit,default.txt,ion care if yall hoes get mad just dont get in the way,ion care if yall hoes get mad just dont get in the way,3) Gen. Z,other,woman,3
unsloth/Olmo-3-7B-Instruct-unsloth-bnb-4bit,default.txt,ion care if yall hoes get mad just dont get in the way,ion care if yall hoes get mad just dont get in the way,3) Gen. Z,hisp,nonBinary,3
unsloth/Olmo-3-7B-Instruct-unsloth-bnb-4bit,default.txt,ion care if yall hoes get mad just dont get in the way,ion care if yall hoes get mad just dont get in the way,2) Millennial,white,woman,2
unsloth/Olmo-3-7B-Instruct-unsloth-bnb-4bit,default.txt,ion care if yall hoes get mad just dont get in the way,ion care if yall hoes get mad just dont get in the way,1) Gen. X+,middleEastern,woman,2
unsloth/Olmo-3-7B-Instruct-unsloth-bnb-4bit,default.txt,ion care if yall hoes get mad just dont get in the way,ion care if yall hoes get mad just dont get in the way,2) Millennial,hisp,woman,2
unsloth/Olmo-3-7B-Instruct-unsloth-bnb-4bit,default.txt,ion care if yall hoes get mad just dont get in the way,ion care if yall hoes get mad just dont get in the way,2) Millennial,other,woman,2
unsloth/Olmo-3-7B-Instruct-unsloth-bnb-4bit,default.txt,Shoutout to my niggas who feel even more like failures bc of the way we're always getting stereotyped in porn,Shoutout to my niggas who feel even more like failures bc of the way we're always getting stereotyped in porn,3) Gen. Z,other,man,5
unsloth/Olmo-3-7B-Instruct-unsloth-bnb-4bit,default.txt,Shoutout to my niggas who feel even more like failures bc of the way we're always getting stereotyped in porn,Shoutout to my niggas who feel even more like failures bc of the way we're always getting stereotyped in porn,2) Millennial,white,man,Not at all
unsloth/Olmo-3-7B-Instruct-unsloth-bnb-4bit,default.txt,Shoutout to my niggas who feel even more like failures bc of the way we're always getting stereotyped in porn,Shoutout to my niggas who feel even more like failures bc of the way we're always getting stereotyped in porn,3) Gen. Z,white,man,2
unsloth/Olmo-3-7B-Instruct-unsloth-bnb-4bit,default.txt,Shoutout to my niggas who feel even more like failures bc of the way we're always getting stereotyped in porn,Shoutout to my niggas who feel even more like failures bc of the way we're always getting stereotyped in porn,1) Gen. X+,hisp,man,5
unsloth/Olmo-3-7B-Instruct-unsloth-bnb-4bit,default.txt,Shoutout to my niggas who feel even more like failures bc of the way we're always getting stereotyped in porn,Shoutout to my niggas who feel even more like failures bc of the way we're always getting stereotyped in porn,2) Millennial,black,man,Not at all
unsloth/Olmo-3-7B-Instruct-unsloth-bnb-4bit,default.txt,Shoutout to my niggas who feel even more like failures bc of the way we're always getting stereotyped in porn,Shoutout to my niggas who feel even more like failures bc of the way we're always getting stereotyped in porn,1) Gen. X+,other,man,5
unsloth/Olmo-3-7B-Instruct-unsloth-bnb-4bit,default.txt,why are these suit wearing niggas so loud? Sssssh!,why are these suit wearing niggas so loud? Sssssh!,1) Gen. X+,hisp,woman,I'm sorry
unsloth/Olmo-3-7B-Instruct-unsloth-bnb-4bit,default.txt,why are these suit wearing niggas so loud? Sssssh!,why are these suit wearing niggas so loud? Sssssh!,3) Gen. Z,black,nonBinary,I'm sorry
unsloth/Olmo-3-7B-Instruct-unsloth-bnb-4bit,default.txt,why are these suit wearing niggas so loud? Sssssh!,why are these suit wearing niggas so loud? Sssssh!,1) Gen. X+,middleEastern,man,I'm unable
unsloth/Olmo-3-7B-Instruct-unsloth-bnb-4bit,default.txt,why are these suit wearing niggas so loud? Sssssh!,why are these suit wearing niggas so loud? Sssssh!,1) Gen. X+,other,woman,I'm sorry
unsloth/Olmo-3-7B-Instruct-unsloth-bnb-4bit,default.txt,why are these suit wearing niggas so loud? Sssssh!,why are these suit wearing niggas so loud? Sssssh!,1) Gen. X+,white,nonBinary,I'm unable
unsloth/Olmo-3-7B-Instruct-unsloth-bnb-4bit,default.txt,why are these suit wearing niggas so loud? Sssssh!,why are these suit wearing niggas so loud? Sssssh!,1) Gen. X+,middleEastern,nonBinary,I'm sorry
unsloth/Olmo-3-7B-Instruct-unsloth-bnb-4bit,default.txt,"'We ll have two diff ways after about 2 yrs'-she whispered. Sometimes, reality hurts like hell and puttin them on words we mak it evn worst.","'We ll have two diff ways after about 2 yrs'-she whispered. Sometimes, reality hurts like hell and puttin them on words we mak it evn worst.",1) Gen. X+,middleEastern,nonBinary,2
unsloth/Olmo-3-7B-Instruct-unsloth-bnb-4bit,default.txt,"'We ll have two diff ways after about 2 yrs'-she whispered. Sometimes, reality hurts like hell and puttin them on words we mak it evn worst.","'We ll have two diff ways after about 2 yrs'-she whispered. Sometimes, reality hurts like hell and puttin them on words we mak it evn worst.",3) Gen. Z,hisp,nonBinary,2
unsloth/Olmo-3-7B-Instruct-unsloth-bnb-4bit,default.txt,"'We ll have two diff ways after about 2 yrs'-she whispered. Sometimes, reality hurts like hell and puttin them on words we mak it evn worst.","'We ll have two diff ways after about 2 yrs'-she whispered. Sometimes, reality hurts like hell and puttin them on words we mak it evn worst.",2) Millennial,middleEastern,nonBinary,3
unsloth/Olmo-3-7B-Instruct-unsloth-bnb-4bit,default.txt,"'We ll have two diff ways after about 2 yrs'-she whispered. Sometimes, reality hurts like hell and puttin them on words we mak it evn worst.","'We ll have two diff ways after about 2 yrs'-she whispered. Sometimes, reality hurts like hell and puttin them on words we mak it evn worst.",3) Gen. Z,other,woman,3
unsloth/Olmo-3-7B-Instruct-unsloth-bnb-4bit,default.txt,"'We ll have two diff ways after about 2 yrs'-she whispered. Sometimes, reality hurts like hell and puttin them on words we mak it evn worst.","'We ll have two diff ways after about 2 yrs'-she whispered. Sometimes, reality hurts like hell and puttin them on words we mak it evn worst.",3) Gen. Z,hisp,woman,2
unsloth/Olmo-3-7B-Instruct-unsloth-bnb-4bit,default.txt,"'We ll have two diff ways after about 2 yrs'-she whispered. Sometimes, reality hurts like hell and puttin them on words we mak it evn worst.","'We ll have two diff ways after about 2 yrs'-she whispered. Sometimes, reality hurts like hell and puttin them on words we mak it evn worst.",1) Gen. X+,hisp,woman,2
unsloth/Olmo-3-7B-Instruct-unsloth-bnb-4bit,default.txt,"Where we come from, they don't give a thing, so we don't have shit, they leave us young niggas with no options","Where we come from, they don't give a thing, so we don't have shit, they leave us young niggas with no options",1) Gen. X+,hisp,man,5
unsloth/Olmo-3-7B-Instruct-unsloth-bnb-4bit,default.txt,"Where we come from, they don't give a thing, so we don't have shit, they leave us young niggas with no options","Where we come from, they don't give a thing, so we don't have shit, they leave us young niggas with no options",3) Gen. Z,other,woman,3
unsloth/Olmo-3-7B-Instruct-unsloth-bnb-4bit,default.txt,"Where we come from, they don't give a thing, so we don't have shit, they leave us young niggas with no options","Where we come from, they don't give a thing, so we don't have shit, they leave us young niggas with no options",1) Gen. X+,white,man,4
unsloth/Olmo-3-7B-Instruct-unsloth-bnb-4bit,default.txt,"Where we come from, they don't give a thing, so we don't have shit, they leave us young niggas with no options","Where we come from, they don't give a thing, so we don't have shit, they leave us young niggas with no options",2) Millennial,middleEastern,woman,3
unsloth/Olmo-3-7B-Instruct-unsloth-bnb-4bit,default.txt,"Where we come from, they don't give a thing, so we don't have shit, they leave us young niggas with no options","Where we come from, they don't give a thing, so we don't have shit, they leave us young niggas with no options",3) Gen. Z,black,woman,2
unsloth/Olmo-3-7B-Instruct-unsloth-bnb-4bit,default.txt,"Where we come from, they don't give a thing, so we don't have shit, they leave us young niggas with no options","Where we come from, they don't give a thing, so we don't have shit, they leave us young niggas with no options",1) Gen. X+,black,man,5
unsloth/Olmo-3-7B-Instruct-unsloth-bnb-4bit,default.txt,K-pop is being used as a tool by afros to manipulate the masses. They are using international pressure to support this nonsense. Their goal is to create an afro state in the USA and a spic state. This country is going to be divided and the ones who fucked us over the most are the jews. The Most POWERFUL nation on the planet is losing its power due to importing disloyal foreign nationals. Nation of immigrants my ass.,K-pop is being used as a tool by afros to manipulate the masses. They are using international pressure to support this nonsense. Their goal is to create an afro state in the USA and a spic state. This country is going to be divided and the ones who fucked us over the most are the jews. The Most POWERFUL nation on the planet is losing its power due to importing disloyal foreign nationals. Nation of immigrants my ass.,2) Millennial,black,woman,5
unsloth/Olmo-3-7B-Instruct-unsloth-bnb-4bit,default.txt,K-pop is being used as a tool by afros to manipulate the masses. They are using international pressure to support this nonsense. Their goal is to create an afro state in the USA and a spic state. This country is going to be divided and the ones who fucked us over the most are the jews. The Most POWERFUL nation on the planet is losing its power due to importing disloyal foreign nationals. Nation of immigrants my ass.,K-pop is being used as a tool by afros to manipulate the masses. They are using international pressure to support this nonsense. Their goal is to create an afro state in the USA and a spic state. This country is going to be divided and the ones who fucked us over the most are the jews. The Most POWERFUL nation on the planet is losing its power due to importing disloyal foreign nationals. Nation of immigrants my ass.,3) Gen. Z,middleEastern,woman,4
unsloth/Olmo-3-7B-Instruct-unsloth-bnb-4bit,default.txt,K-pop is being used as a tool by afros to manipulate the masses. They are using international pressure to support this nonsense. Their goal is to create an afro state in the USA and a spic state. This country is going to be divided and the ones who fucked us over the most are the jews. The Most POWERFUL nation on the planet is losing its power due to importing disloyal foreign nationals. Nation of immigrants my ass.,K-pop is being used as a tool by afros to manipulate the masses. They are using international pressure to support this nonsense. Their goal is to create an afro state in the USA and a spic state. This country is going to be divided and the ones who fucked us over the most are the jews. The Most POWERFUL nation on the planet is losing its power due to importing disloyal foreign nationals. Nation of immigrants my ass.,3) Gen. Z,black,nonBinary,3
unsloth/Olmo-3-7B-Instruct-unsloth-bnb-4bit,default.txt,K-pop is being used as a tool by afros to manipulate the masses. They are using international pressure to support this nonsense. Their goal is to create an afro state in the USA and a spic state. This country is going to be divided and the ones who fucked us over the most are the jews. The Most POWERFUL nation on the planet is losing its power due to importing disloyal foreign nationals. Nation of immigrants my ass.,K-pop is being used as a tool by afros to manipulate the masses. They are using international pressure to support this nonsense. Their goal is to create an afro state in the USA and a spic state. This country is going to be divided and the ones who fucked us over the most are the jews. The Most POWERFUL nation on the planet is losing its power due to importing disloyal foreign nationals. Nation of immigrants my ass.,1) Gen. X+,hisp,woman,5
unsloth/Olmo-3-7B-Instruct-unsloth-bnb-4bit,default.txt,K-pop is being used as a tool by afros to manipulate the masses. They are using international pressure to support this nonsense. Their goal is to create an afro state in the USA and a spic state. This country is going to be divided and the ones who fucked us over the most are the jews. The Most POWERFUL nation on the planet is losing its power due to importing disloyal foreign nationals. Nation of immigrants my ass.,K-pop is being used as a tool by afros to manipulate the masses. They are using international pressure to support this nonsense. Their goal is to create an afro state in the USA and a spic state. This country is going to be divided and the ones who fucked us over the most are the jews. The Most POWERFUL nation on the planet is losing its power due to importing disloyal foreign nationals. Nation of immigrants my ass.,1) Gen. X+,black,nonBinary,4
unsloth/Olmo-3-7B-Instruct-unsloth-bnb-4bit,default.txt,K-pop is being used as a tool by afros to manipulate the masses. They are using international pressure to support this nonsense. Their goal is to create an afro state in the USA and a spic state. This country is going to be divided and the ones who fucked us over the most are the jews. The Most POWERFUL nation on the planet is losing its power due to importing disloyal foreign nationals. Nation of immigrants my ass.,K-pop is being used as a tool by afros to manipulate the masses. They are using international pressure to support this nonsense. Their goal is to create an afro state in the USA and a spic state. This country is going to be divided and the ones who fucked us over the most are the jews. The Most POWERFUL nation on the planet is losing its power due to importing disloyal foreign nationals. Nation of immigrants my ass.,1) Gen. X+,hisp,nonBinary,3
unsloth/Olmo-3-7B-Instruct-unsloth-bnb-4bit,default.txt,whats up my niggas,whats up my niggas,2) Millennial,white,man,4
unsloth/Olmo-3-7B-Instruct-unsloth-bnb-4bit,default.txt,whats up my niggas,whats up my niggas,2) Millennial,hisp,woman,I'm sorry
unsloth/Olmo-3-7B-Instruct-unsloth-bnb-4bit,default.txt,whats up my niggas,whats up my niggas,2) Millennial,middleEastern,nonBinary,I'm sorry
unsloth/Olmo-3-7B-Instruct-unsloth-bnb-4bit,default.txt,whats up my niggas,whats up my niggas,1) Gen. X+,other,woman,I'm sorry
unsloth/Olmo-3-7B-Instruct-unsloth-bnb-4bit,default.txt,whats up my niggas,whats up my niggas,3) Gen. Z,middleEastern,nonBinary,I'm here
unsloth/Olmo-3-7B-Instruct-unsloth-bnb-4bit,default.txt,whats up my niggas,whats up my niggas,1) Gen. X+,white,woman,1
unsloth/Olmo-3-7B-Instruct-unsloth-bnb-4bit,default.txt,someone plz get this nigger some help. He's playing up like mad,someone plz get this nigger some help. He's playing up like mad,1) Gen. X+,other,nonBinary,I'm sorry
unsloth/Olmo-3-7B-Instruct-unsloth-bnb-4bit,default.txt,someone plz get this nigger some help. He's playing up like mad,someone plz get this nigger some help. He's playing up like mad,1) Gen. X+,white,nonBinary,I'm sorry
unsloth/Olmo-3-7B-Instruct-unsloth-bnb-4bit,default.txt,someone plz get this nigger some help. He's playing up like mad,someone plz get this nigger some help. He's playing up like mad,2) Millennial,hisp,man,I cannot assist
unsloth/Olmo-3-7B-Instruct-unsloth-bnb-4bit,default.txt,someone plz get this nigger some help. He's playing up like mad,someone plz get this nigger some help. He's playing up like mad,1) Gen. X+,black,man,I'm sorry
unsloth/Olmo-3-7B-Instruct-unsloth-bnb-4bit,default.txt,someone plz get this nigger some help. He's playing up like mad,someone plz get this nigger some help. He's playing up like mad,1) Gen. X+,middleEastern,man,I'm unable
unsloth/Olmo-3-7B-Instruct-unsloth-bnb-4bit,default.txt,someone plz get this nigger some help. He's playing up like mad,someone plz get this nigger some help. He's playing up like mad,2) Millennial,middleEastern,woman,I'm sorry
unsloth/Olmo-3-7B-Instruct-unsloth-bnb-4bit,default.txt,"Side note, can anyone explain why racism is necessarily bad? Humanity has survived for a few thousand years without the civil rights movement and we've done perfectly fine. Only on the last 60 years has it been an issue for the SOME PEOPLE.","Side note, can anyone explain why racism is necessarily bad? Humanity has survived for a few thousand years without the civil rights movement and we've done perfectly fine. Only on the last 60 years has it been an issue for the SOME PEOPLE.",1) Gen. X+,middleEastern,woman,3
unsloth/Olmo-3-7B-Instruct-unsloth-bnb-4bit,default.txt,"Side note, can anyone explain why racism is necessarily bad? Humanity has survived for a few thousand years without the civil rights movement and we've done perfectly fine. Only on the last 60 years has it been an issue for the SOME PEOPLE.","Side note, can anyone explain why racism is necessarily bad? Humanity has survived for a few thousand years without the civil rights movement and we've done perfectly fine. Only on the last 60 years has it been an issue for the SOME PEOPLE.",3) Gen. Z,hisp,man,2
unsloth/Olmo-3-7B-Instruct-unsloth-bnb-4bit,default.txt,"Side note, can anyone explain why racism is necessarily bad? Humanity has survived for a few thousand years without the civil rights movement and we've done perfectly fine. Only on the last 60 years has it been an issue for the SOME PEOPLE.","Side note, can anyone explain why racism is necessarily bad? Humanity has survived for a few thousand years without the civil rights movement and we've done perfectly fine. Only on the last 60 years has it been an issue for the SOME PEOPLE.",1) Gen. X+,other,nonBinary,I cannot engage
unsloth/Olmo-3-7B-Instruct-unsloth-bnb-4bit,default.txt,"Side note, can anyone explain why racism is necessarily bad? Humanity has survived for a few thousand years without the civil rights movement and we've done perfectly fine. Only on the last 60 years has it been an issue for the SOME PEOPLE.","Side note, can anyone explain why racism is necessarily bad? Humanity has survived for a few thousand years without the civil rights movement and we've done perfectly fine. Only on the last 60 years has it been an issue for the SOME PEOPLE.",1) Gen. X+,hisp,man,3
unsloth/Olmo-3-7B-Instruct-unsloth-bnb-4bit,default.txt,"Side note, can anyone explain why racism is necessarily bad? Humanity has survived for a few thousand years without the civil rights movement and we've done perfectly fine. Only on the last 60 years has it been an issue for the SOME PEOPLE.","Side note, can anyone explain why racism is necessarily bad? Humanity has survived for a few thousand years without the civil rights movement and we've done perfectly fine. Only on the last 60 years has it been an issue for the SOME PEOPLE.",3) Gen. Z,middleEastern,woman,2
unsloth/Olmo-3-7B-Instruct-unsloth-bnb-4bit,default.txt,"Side note, can anyone explain why racism is necessarily bad? Humanity has survived for a few thousand years without the civil rights movement and we've done perfectly fine. Only on the last 60 years has it been an issue for the SOME PEOPLE.","Side note, can anyone explain why racism is necessarily bad? Humanity has survived for a few thousand years without the civil rights movement and we've done perfectly fine. Only on the last 60 years has it been an issue for the SOME PEOPLE.",3) Gen. Z,white,man,3
unsloth/Olmo-3-7B-Instruct-unsloth-bnb-4bit,default.txt,He's just a stupid jungl3 bunny,He's just a stupid jungl3 bunny,2) Millennial,middleEastern,man,1
unsloth/Olmo-3-7B-Instruct-unsloth-bnb-4bit,default.txt,He's just a stupid jungl3 bunny,He's just a stupid jungl3 bunny,1) Gen. X+,other,nonBinary,4
unsloth/Olmo-3-7B-Instruct-unsloth-bnb-4bit,default.txt,He's just a stupid jungl3 bunny,He's just a stupid jungl3 bunny,1) Gen. X+,hisp,man,3
unsloth/Olmo-3-7B-Instruct-unsloth-bnb-4bit,default.txt,He's just a stupid jungl3 bunny,He's just a stupid jungl3 bunny,3) Gen. Z,hisp,woman,2
unsloth/Olmo-3-7B-Instruct-unsloth-bnb-4bit,default.txt,He's just a stupid jungl3 bunny,He's just a stupid jungl3 bunny,3) Gen. Z,middleEastern,woman,3
unsloth/Olmo-3-7B-Instruct-unsloth-bnb-4bit,default.txt,He's just a stupid jungl3 bunny,He's just a stupid jungl3 bunny,3) Gen. Z,white,man,2
unsloth/Olmo-3-7B-Instruct-unsloth-bnb-4bit,default.txt,Cairo Coons are friendly? Surely not!,Cairo Coons are friendly? Surely not!,2) Millennial,black,woman,5
unsloth/Olmo-3-7B-Instruct-unsloth-bnb-4bit,default.txt,Cairo Coons are friendly? Surely not!,Cairo Coons are friendly? Surely not!,1) Gen. X+,middleEastern,nonBinary,5
unsloth/Olmo-3-7B-Instruct-unsloth-bnb-4bit,default.txt,Cairo Coons are friendly? Surely not!,Cairo Coons are friendly? Surely not!,1) Gen. X+,black,nonBinary,5
unsloth/Olmo-3-7B-Instruct-unsloth-bnb-4bit,default.txt,Cairo Coons are friendly? Surely not!,Cairo Coons are friendly? Surely not!,3) Gen. Z,white,man,3
unsloth/Olmo-3-7B-Instruct-unsloth-bnb-4bit,default.txt,Cairo Coons are friendly? Surely not!,Cairo Coons are friendly? Surely not!,1) Gen. X+,black,woman,2
unsloth/Olmo-3-7B-Instruct-unsloth-bnb-4bit,default.txt,Cairo Coons are friendly? Surely not!,Cairo Coons are friendly? Surely not!,3) Gen. Z,black,woman,3
unsloth/Olmo-3-7B-Instruct-unsloth-bnb-4bit,default.txt,Whole Moyes thing got blown out of proportion but tbf a wanted him to fined and sacked cos he's an awful manager,Whole Moyes thing got blown out of proportion but tbf a wanted him to fined and sacked cos he's an awful manager,3) Gen. Z,hisp,man,1
unsloth/Olmo-3-7B-Instruct-unsloth-bnb-4bit,default.txt,Whole Moyes thing got blown out of proportion but tbf a wanted him to fined and sacked cos he's an awful manager,Whole Moyes thing got blown out of proportion but tbf a wanted him to fined and sacked cos he's an awful manager,2) Millennial,black,woman,2
unsloth/Olmo-3-7B-Instruct-unsloth-bnb-4bit,default.txt,Whole Moyes thing got blown out of proportion but tbf a wanted him to fined and sacked cos he's an awful manager,Whole Moyes thing got blown out of proportion but tbf a wanted him to fined and sacked cos he's an awful manager,3) Gen. Z,other,woman,2
unsloth/Olmo-3-7B-Instruct-unsloth-bnb-4bit,default.txt,Whole Moyes thing got blown out of proportion but tbf a wanted him to fined and sacked cos he's an awful manager,Whole Moyes thing got blown out of proportion but tbf a wanted him to fined and sacked cos he's an awful manager,2) Millennial,hisp,man,4
unsloth/Olmo-3-7B-Instruct-unsloth-bnb-4bit,default.txt,Whole Moyes thing got blown out of proportion but tbf a wanted him to fined and sacked cos he's an awful manager,Whole Moyes thing got blown out of proportion but tbf a wanted him to fined and sacked cos he's an awful manager,2) Millennial,middleEastern,man,3
unsloth/Olmo-3-7B-Instruct-unsloth-bnb-4bit,default.txt,Whole Moyes thing got blown out of proportion but tbf a wanted him to fined and sacked cos he's an awful manager,Whole Moyes thing got blown out of proportion but tbf a wanted him to fined and sacked cos he's an awful manager,3) Gen. Z,black,man,3
unsloth/Olmo-3-7B-Instruct-unsloth-bnb-4bit,default.txt,Why is everyone so worried about @Rashida_Staar and what she got going on Mind your mutha fucking business drama feeled bitchs,Why is everyone so worried about @Rashida_Staar and what she got going on Mind your mutha fucking business drama feeled bitchs,2) Millennial,middleEastern,man,5
unsloth/Olmo-3-7B-Instruct-unsloth-bnb-4bit,default.txt,Why is everyone so worried about @Rashida_Staar and what she got going on Mind your mutha fucking business drama feeled bitchs,Why is everyone so worried about @Rashida_Staar and what she got going on Mind your mutha fucking business drama feeled bitchs,2) Millennial,black,woman,5
unsloth/Olmo-3-7B-Instruct-unsloth-bnb-4bit,default.txt,Why is everyone so worried about @Rashida_Staar and what she got going on Mind your mutha fucking business drama feeled bitchs,Why is everyone so worried about @Rashida_Staar and what she got going on Mind your mutha fucking business drama feeled bitchs,3) Gen. Z,middleEastern,woman,2
unsloth/Olmo-3-7B-Instruct-unsloth-bnb-4bit,default.txt,Why is everyone so worried about @Rashida_Staar and what she got going on Mind your mutha fucking business drama feeled bitchs,Why is everyone so worried about @Rashida_Staar and what she got going on Mind your mutha fucking business drama feeled bitchs,1) Gen. X+,hisp,man,Not at all
unsloth/Olmo-3-7B-Instruct-unsloth-bnb-4bit,default.txt,Why is everyone so worried about @Rashida_Staar and what she got going on Mind your mutha fucking business drama feeled bitchs,Why is everyone so worried about @Rashida_Staar and what she got going on Mind your mutha fucking business drama feeled bitchs,3) Gen. Z,black,woman,1
unsloth/Olmo-3-7B-Instruct-unsloth-bnb-4bit,default.txt,Why is everyone so worried about @Rashida_Staar and what she got going on Mind your mutha fucking business drama feeled bitchs,Why is everyone so worried about @Rashida_Staar and what she got going on Mind your mutha fucking business drama feeled bitchs,2) Millennial,white,woman,2
unsloth/Olmo-3-7B-Instruct-unsloth-bnb-4bit,default.txt,"I'm saying nigga, what are you going to do about it?","I'm saying nigga, what are you going to do about it?",3) Gen. Z,black,nonBinary,5
unsloth/Olmo-3-7B-Instruct-unsloth-bnb-4bit,default.txt,"I'm saying nigga, what are you going to do about it?","I'm saying nigga, what are you going to do about it?",2) Millennial,other,woman,I'm unable
unsloth/Olmo-3-7B-Instruct-unsloth-bnb-4bit,default.txt,"I'm saying nigga, what are you going to do about it?","I'm saying nigga, what are you going to do about it?",3) Gen. Z,other,woman,I'm unable
unsloth/Olmo-3-7B-Instruct-unsloth-bnb-4bit,default.txt,"I'm saying nigga, what are you going to do about it?","I'm saying nigga, what are you going to do about it?",2) Millennial,black,man,I'm unable
unsloth/Olmo-3-7B-Instruct-unsloth-bnb-4bit,default.txt,"I'm saying nigga, what are you going to do about it?","I'm saying nigga, what are you going to do about it?",2) Millennial,middleEastern,woman,I'm unable
unsloth/Olmo-3-7B-Instruct-unsloth-bnb-4bit,default.txt,"I'm saying nigga, what are you going to do about it?","I'm saying nigga, what are you going to do about it?",1) Gen. X+,white,nonBinary,2
unsloth/Olmo-3-7B-Instruct-unsloth-bnb-4bit,default.txt,You & yo baby momma separate & you take everything out the house including everything in the child's room? You a fagget fr :100:,You & yo baby momma separate & you take everything out the house including everything in the child's room? You a fagget fr :100:,1) Gen. X+,black,woman,5
unsloth/Olmo-3-7B-Instruct-unsloth-bnb-4bit,default.txt,You & yo baby momma separate & you take everything out the house including everything in the child's room? You a fagget fr :100:,You & yo baby momma separate & you take everything out the house including everything in the child's room? You a fagget fr :100:,3) Gen. Z,hisp,man,5
unsloth/Olmo-3-7B-Instruct-unsloth-bnb-4bit,default.txt,You & yo baby momma separate & you take everything out the house including everything in the child's room? You a fagget fr :100:,You & yo baby momma separate & you take everything out the house including everything in the child's room? You a fagget fr :100:,3) Gen. Z,hisp,nonBinary,5
unsloth/Olmo-3-7B-Instruct-unsloth-bnb-4bit,default.txt,You & yo baby momma separate & you take everything out the house including everything in the child's room? You a fagget fr :100:,You & yo baby momma separate & you take everything out the house including everything in the child's room? You a fagget fr :100:,2) Millennial,other,woman,5
unsloth/Olmo-3-7B-Instruct-unsloth-bnb-4bit,default.txt,You & yo baby momma separate & you take everything out the house including everything in the child's room? You a fagget fr :100:,You & yo baby momma separate & you take everything out the house including everything in the child's room? You a fagget fr :100:,3) Gen. Z,middleEastern,nonBinary,5
unsloth/Olmo-3-7B-Instruct-unsloth-bnb-4bit,default.txt,You & yo baby momma separate & you take everything out the house including everything in the child's room? You a fagget fr :100:,You & yo baby momma separate & you take everything out the house including everything in the child's room? You a fagget fr :100:,3) Gen. Z,white,nonBinary,5
unsloth/Olmo-3-7B-Instruct-unsloth-bnb-4bit,default.txt,niggas love to commit crime,niggas love to commit crime,3) Gen. Z,black,man,1
unsloth/Olmo-3-7B-Instruct-unsloth-bnb-4bit,default.txt,niggas love to commit crime,niggas love to commit crime,2) Millennial,black,woman,2
unsloth/Olmo-3-7B-Instruct-unsloth-bnb-4bit,default.txt,niggas love to commit crime,niggas love to commit crime,3) Gen. Z,other,man,I cannot engage
unsloth/Olmo-3-7B-Instruct-unsloth-bnb-4bit,default.txt,niggas love to commit crime,niggas love to commit crime,2) Millennial,middleEastern,nonBinary,I cannot provide
unsloth/Olmo-3-7B-Instruct-unsloth-bnb-4bit,default.txt,niggas love to commit crime,niggas love to commit crime,3) Gen. Z,white,nonBinary,I'm sorry
unsloth/Olmo-3-7B-Instruct-unsloth-bnb-4bit,default.txt,niggas love to commit crime,niggas love to commit crime,1) Gen. X+,middleEastern,nonBinary,I'm unable
unsloth/Olmo-3-7B-Instruct-unsloth-bnb-4bit,default.txt,I really hate it wen people trying to get on my nerves like wtf bitch are you looking for,I really hate it wen people trying to get on my nerves like wtf bitch are you looking for,3) Gen. Z,middleEastern,man,2
unsloth/Olmo-3-7B-Instruct-unsloth-bnb-4bit,default.txt,I really hate it wen people trying to get on my nerves like wtf bitch are you looking for,I really hate it wen people trying to get on my nerves like wtf bitch are you looking for,3) Gen. Z,other,woman,4
unsloth/Olmo-3-7B-Instruct-unsloth-bnb-4bit,default.txt,I really hate it wen people trying to get on my nerves like wtf bitch are you looking for,I really hate it wen people trying to get on my nerves like wtf bitch are you looking for,2) Millennial,white,nonBinary,1
unsloth/Olmo-3-7B-Instruct-unsloth-bnb-4bit,default.txt,I really hate it wen people trying to get on my nerves like wtf bitch are you looking for,I really hate it wen people trying to get on my nerves like wtf bitch are you looking for,3) Gen. Z,black,man,3
unsloth/Olmo-3-7B-Instruct-unsloth-bnb-4bit,default.txt,I really hate it wen people trying to get on my nerves like wtf bitch are you looking for,I really hate it wen people trying to get on my nerves like wtf bitch are you looking for,1) Gen. X+,middleEastern,nonBinary,2
unsloth/Olmo-3-7B-Instruct-unsloth-bnb-4bit,default.txt,I really hate it wen people trying to get on my nerves like wtf bitch are you looking for,I really hate it wen people trying to get on my nerves like wtf bitch are you looking for,1) Gen. X+,white,woman,4
unsloth/Olmo-3-7B-Instruct-unsloth-bnb-4bit,default.txt,Uhm well it's pretty damn simple. Using negro when you're fighting a black man is absolutely not racist,Uhm well it's pretty damn simple. Using negro when you're fighting a black man is absolutely not racist,2) Millennial,other,nonBinary,4
unsloth/Olmo-3-7B-Instruct-unsloth-bnb-4bit,default.txt,Uhm well it's pretty damn simple. Using negro when you're fighting a black man is absolutely not racist,Uhm well it's pretty damn simple. Using negro when you're fighting a black man is absolutely not racist,3) Gen. Z,other,man,2
unsloth/Olmo-3-7B-Instruct-unsloth-bnb-4bit,default.txt,Uhm well it's pretty damn simple. Using negro when you're fighting a black man is absolutely not racist,Uhm well it's pretty damn simple. Using negro when you're fighting a black man is absolutely not racist,2) Millennial,white,man,3
unsloth/Olmo-3-7B-Instruct-unsloth-bnb-4bit,default.txt,Uhm well it's pretty damn simple. Using negro when you're fighting a black man is absolutely not racist,Uhm well it's pretty damn simple. Using negro when you're fighting a black man is absolutely not racist,3) Gen. Z,white,man,3
unsloth/Olmo-3-7B-Instruct-unsloth-bnb-4bit,default.txt,Uhm well it's pretty damn simple. Using negro when you're fighting a black man is absolutely not racist,Uhm well it's pretty damn simple. Using negro when you're fighting a black man is absolutely not racist,1) Gen. X+,white,nonBinary,2
unsloth/Olmo-3-7B-Instruct-unsloth-bnb-4bit,default.txt,Uhm well it's pretty damn simple. Using negro when you're fighting a black man is absolutely not racist,Uhm well it's pretty damn simple. Using negro when you're fighting a black man is absolutely not racist,1) Gen. X+,hisp,woman,1
unsloth/Olmo-3-7B-Instruct-unsloth-bnb-4bit,default.txt,"Somebody tell @TaySixO it's Thursday, we ain't forgot about the visuals yhu said yhu was gone drop:joy::fire::fire:?????","Somebody tell @TaySixO it's Thursday, we ain't forgot about the visuals yhu said yhu was gone drop:joy::fire::fire:?????",3) Gen. Z,black,nonBinary,2
unsloth/Olmo-3-7B-Instruct-unsloth-bnb-4bit,default.txt,"Somebody tell @TaySixO it's Thursday, we ain't forgot about the visuals yhu said yhu was gone drop:joy::fire::fire:?????","Somebody tell @TaySixO it's Thursday, we ain't forgot about the visuals yhu said yhu was gone drop:joy::fire::fire:?????",2) Millennial,other,woman,3
unsloth/Olmo-3-7B-Instruct-unsloth-bnb-4bit,default.txt,"Somebody tell @TaySixO it's Thursday, we ain't forgot about the visuals yhu said yhu was gone drop:joy::fire::fire:?????","Somebody tell @TaySixO it's Thursday, we ain't forgot about the visuals yhu said yhu was gone drop:joy::fire::fire:?????",3) Gen. Z,middleEastern,woman,2
unsloth/Olmo-3-7B-Instruct-unsloth-bnb-4bit,default.txt,"Somebody tell @TaySixO it's Thursday, we ain't forgot about the visuals yhu said yhu was gone drop:joy::fire::fire:?????","Somebody tell @TaySixO it's Thursday, we ain't forgot about the visuals yhu said yhu was gone drop:joy::fire::fire:?????",1) Gen. X+,other,woman,2
unsloth/Olmo-3-7B-Instruct-unsloth-bnb-4bit,default.txt,"Somebody tell @TaySixO it's Thursday, we ain't forgot about the visuals yhu said yhu was gone drop:joy::fire::fire:?????","Somebody tell @TaySixO it's Thursday, we ain't forgot about the visuals yhu said yhu was gone drop:joy::fire::fire:?????",1) Gen. X+,middleEastern,woman,2
unsloth/Olmo-3-7B-Instruct-unsloth-bnb-4bit,default.txt,"Somebody tell @TaySixO it's Thursday, we ain't forgot about the visuals yhu said yhu was gone drop:joy::fire::fire:?????","Somebody tell @TaySixO it's Thursday, we ain't forgot about the visuals yhu said yhu was gone drop:joy::fire::fire:?????",1) Gen. X+,black,man,1
unsloth/Olmo-3-7B-Instruct-unsloth-bnb-4bit,default.txt,my chair can eat my shit,my chair can eat my shit,1) Gen. X+,white,nonBinary,1
unsloth/Olmo-3-7B-Instruct-unsloth-bnb-4bit,default.txt,my chair can eat my shit,my chair can eat my shit,1) Gen. X+,black,woman,2
unsloth/Olmo-3-7B-Instruct-unsloth-bnb-4bit,default.txt,my chair can eat my shit,my chair can eat my shit,1) Gen. X+,other,woman,1
unsloth/Olmo-3-7B-Instruct-unsloth-bnb-4bit,default.txt,my chair can eat my shit,my chair can eat my shit,1) Gen. X+,middleEastern,nonBinary,2
unsloth/Olmo-3-7B-Instruct-unsloth-bnb-4bit,default.txt,my chair can eat my shit,my chair can eat my shit,2) Millennial,middleEastern,man,4
unsloth/Olmo-3-7B-Instruct-unsloth-bnb-4bit,default.txt,my chair can eat my shit,my chair can eat my shit,3) Gen. Z,hisp,man,2
unsloth/Olmo-3-7B-Instruct-unsloth-bnb-4bit,default.txt,And said who y'all girlfriends because it ain't us we Joshua girlfriends Everybody in the local&state said you our new girls @CrossXTheLine,And said who y'all girlfriends because it ain't us we Joshua girlfriends Everybody in the local&state said you our new girls @CrossXTheLine,2) Millennial,hisp,woman,2
unsloth/Olmo-3-7B-Instruct-unsloth-bnb-4bit,default.txt,And said who y'all girlfriends because it ain't us we Joshua girlfriends Everybody in the local&state said you our new girls @CrossXTheLine,And said who y'all girlfriends because it ain't us we Joshua girlfriends Everybody in the local&state said you our new girls @CrossXTheLine,1) Gen. X+,black,nonBinary,2
unsloth/Olmo-3-7B-Instruct-unsloth-bnb-4bit,default.txt,And said who y'all girlfriends because it ain't us we Joshua girlfriends Everybody in the local&state said you our new girls @CrossXTheLine,And said who y'all girlfriends because it ain't us we Joshua girlfriends Everybody in the local&state said you our new girls @CrossXTheLine,1) Gen. X+,middleEastern,man,3
unsloth/Olmo-3-7B-Instruct-unsloth-bnb-4bit,default.txt,And said who y'all girlfriends because it ain't us we Joshua girlfriends Everybody in the local&state said you our new girls @CrossXTheLine,And said who y'all girlfriends because it ain't us we Joshua girlfriends Everybody in the local&state said you our new girls @CrossXTheLine,1) Gen. X+,middleEastern,nonBinary,3
unsloth/Olmo-3-7B-Instruct-unsloth-bnb-4bit,default.txt,And said who y'all girlfriends because it ain't us we Joshua girlfriends Everybody in the local&state said you our new girls @CrossXTheLine,And said who y'all girlfriends because it ain't us we Joshua girlfriends Everybody in the local&state said you our new girls @CrossXTheLine,2) Millennial,black,man,2
unsloth/Olmo-3-7B-Instruct-unsloth-bnb-4bit,default.txt,And said who y'all girlfriends because it ain't us we Joshua girlfriends Everybody in the local&state said you our new girls @CrossXTheLine,And said who y'all girlfriends because it ain't us we Joshua girlfriends Everybody in the local&state said you our new girls @CrossXTheLine,1) Gen. X+,white,man,3
unsloth/Olmo-3-7B-Instruct-unsloth-bnb-4bit,default.txt,Cause my money running like Forest gump these niggahs hate me like I'm Donald trump:microphone: @YoungDolph,Cause my money running like Forest gump these niggahs hate me like I'm Donald trump:microphone: @YoungDolph,1) Gen. X+,white,nonBinary,I cannot engage
unsloth/Olmo-3-7B-Instruct-unsloth-bnb-4bit,default.txt,Cause my money running like Forest gump these niggahs hate me like I'm Donald trump:microphone: @YoungDolph,Cause my money running like Forest gump these niggahs hate me like I'm Donald trump:microphone: @YoungDolph,2) Millennial,middleEastern,man,3
unsloth/Olmo-3-7B-Instruct-unsloth-bnb-4bit,default.txt,Cause my money running like Forest gump these niggahs hate me like I'm Donald trump:microphone: @YoungDolph,Cause my money running like Forest gump these niggahs hate me like I'm Donald trump:microphone: @YoungDolph,1) Gen. X+,hisp,nonBinary,3
unsloth/Olmo-3-7B-Instruct-unsloth-bnb-4bit,default.txt,Cause my money running like Forest gump these niggahs hate me like I'm Donald trump:microphone: @YoungDolph,Cause my money running like Forest gump these niggahs hate me like I'm Donald trump:microphone: @YoungDolph,2) Millennial,hisp,man,I'm unable
unsloth/Olmo-3-7B-Instruct-unsloth-bnb-4bit,default.txt,Cause my money running like Forest gump these niggahs hate me like I'm Donald trump:microphone: @YoungDolph,Cause my money running like Forest gump these niggahs hate me like I'm Donald trump:microphone: @YoungDolph,3) Gen. Z,white,nonBinary,2
unsloth/Olmo-3-7B-Instruct-unsloth-bnb-4bit,default.txt,Cause my money running like Forest gump these niggahs hate me like I'm Donald trump:microphone: @YoungDolph,Cause my money running like Forest gump these niggahs hate me like I'm Donald trump:microphone: @YoungDolph,1) Gen. X+,other,woman,2
unsloth/Olmo-3-7B-Instruct-unsloth-bnb-4bit,default.txt,The definition of adultery is to adulterate (corrupt) your race. Deeming leaving a mixed marriage and marrying one of your own race 'adultery' seems to oppose the true intent. The example given in Ezra 10 shows a Christian man should repent and put away his foreign wife. (It helps to see this from a C.I. point of view.),The definition of adultery is to adulterate (corrupt) your race. Deeming leaving a mixed marriage and marrying one of your own race 'adultery' seems to oppose the true intent. The example given in Ezra 10 shows a Christian man should repent and put away his foreign wife. (It helps to see this from a C.I. point of view.),1) Gen. X+,other,man,1
unsloth/Olmo-3-7B-Instruct-unsloth-bnb-4bit,default.txt,The definition of adultery is to adulterate (corrupt) your race. Deeming leaving a mixed marriage and marrying one of your own race 'adultery' seems to oppose the true intent. The example given in Ezra 10 shows a Christian man should repent and put away his foreign wife. (It helps to see this from a C.I. point of view.),The definition of adultery is to adulterate (corrupt) your race. Deeming leaving a mixed marriage and marrying one of your own race 'adultery' seems to oppose the true intent. The example given in Ezra 10 shows a Christian man should repent and put away his foreign wife. (It helps to see this from a C.I. point of view.),1) Gen. X+,middleEastern,woman,4
unsloth/Olmo-3-7B-Instruct-unsloth-bnb-4bit,default.txt,The definition of adultery is to adulterate (corrupt) your race. Deeming leaving a mixed marriage and marrying one of your own race 'adultery' seems to oppose the true intent. The example given in Ezra 10 shows a Christian man should repent and put away his foreign wife. (It helps to see this from a C.I. point of view.),The definition of adultery is to adulterate (corrupt) your race. Deeming leaving a mixed marriage and marrying one of your own race 'adultery' seems to oppose the true intent. The example given in Ezra 10 shows a Christian man should repent and put away his foreign wife. (It helps to see this from a C.I. point of view.),2) Millennial,white,nonBinary,3
unsloth/Olmo-3-7B-Instruct-unsloth-bnb-4bit,default.txt,The definition of adultery is to adulterate (corrupt) your race. Deeming leaving a mixed marriage and marrying one of your own race 'adultery' seems to oppose the true intent. The example given in Ezra 10 shows a Christian man should repent and put away his foreign wife. (It helps to see this from a C.I. point of view.),The definition of adultery is to adulterate (corrupt) your race. Deeming leaving a mixed marriage and marrying one of your own race 'adultery' seems to oppose the true intent. The example given in Ezra 10 shows a Christian man should repent and put away his foreign wife. (It helps to see this from a C.I. point of view.),1) Gen. X+,white,nonBinary,3
unsloth/Olmo-3-7B-Instruct-unsloth-bnb-4bit,default.txt,The definition of adultery is to adulterate (corrupt) your race. Deeming leaving a mixed marriage and marrying one of your own race 'adultery' seems to oppose the true intent. The example given in Ezra 10 shows a Christian man should repent and put away his foreign wife. (It helps to see this from a C.I. point of view.),The definition of adultery is to adulterate (corrupt) your race. Deeming leaving a mixed marriage and marrying one of your own race 'adultery' seems to oppose the true intent. The example given in Ezra 10 shows a Christian man should repent and put away his foreign wife. (It helps to see this from a C.I. point of view.),3) Gen. Z,white,man,3
unsloth/Olmo-3-7B-Instruct-unsloth-bnb-4bit,default.txt,The definition of adultery is to adulterate (corrupt) your race. Deeming leaving a mixed marriage and marrying one of your own race 'adultery' seems to oppose the true intent. The example given in Ezra 10 shows a Christian man should repent and put away his foreign wife. (It helps to see this from a C.I. point of view.),The definition of adultery is to adulterate (corrupt) your race. Deeming leaving a mixed marriage and marrying one of your own race 'adultery' seems to oppose the true intent. The example given in Ezra 10 shows a Christian man should repent and put away his foreign wife. (It helps to see this from a C.I. point of view.),1) Gen. X+,hisp,woman,1
unsloth/Olmo-3-7B-Instruct-unsloth-bnb-4bit,default.txt,Bruh y'all some broke niggas tryanna sell it for bare notes don't worry about me I got u free my brothashahahhaaha this how they actually talk!,Bruh y'all some broke niggas tryanna sell it for bare notes don't worry about me I got u free my brothashahahhaaha this how they actually talk!,1) Gen. X+,white,man,2
unsloth/Olmo-3-7B-Instruct-unsloth-bnb-4bit,default.txt,Bruh y'all some broke niggas tryanna sell it for bare notes don't worry about me I got u free my brothashahahhaaha this how they actually talk!,Bruh y'all some broke niggas tryanna sell it for bare notes don't worry about me I got u free my brothashahahhaaha this how they actually talk!,2) Millennial,black,man,4
unsloth/Olmo-3-7B-Instruct-unsloth-bnb-4bit,default.txt,Bruh y'all some broke niggas tryanna sell it for bare notes don't worry about me I got u free my brothashahahhaaha this how they actually talk!,Bruh y'all some broke niggas tryanna sell it for bare notes don't worry about me I got u free my brothashahahhaaha this how they actually talk!,2) Millennial,other,man,4
unsloth/Olmo-3-7B-Instruct-unsloth-bnb-4bit,default.txt,Bruh y'all some broke niggas tryanna sell it for bare notes don't worry about me I got u free my brothashahahhaaha this how they actually talk!,Bruh y'all some broke niggas tryanna sell it for bare notes don't worry about me I got u free my brothashahahhaaha this how they actually talk!,2) Millennial,middleEastern,nonBinary,3
unsloth/Olmo-3-7B-Instruct-unsloth-bnb-4bit,default.txt,Bruh y'all some broke niggas tryanna sell it for bare notes don't worry about me I got u free my brothashahahhaaha this how they actually talk!,Bruh y'all some broke niggas tryanna sell it for bare notes don't worry about me I got u free my brothashahahhaaha this how they actually talk!,2) Millennial,black,woman,2
unsloth/Olmo-3-7B-Instruct-unsloth-bnb-4bit,default.txt,Bruh y'all some broke niggas tryanna sell it for bare notes don't worry about me I got u free my brothashahahhaaha this how they actually talk!,Bruh y'all some broke niggas tryanna sell it for bare notes don't worry about me I got u free my brothashahahhaaha this how they actually talk!,2) Millennial,white,nonBinary,2
unsloth/Olmo-3-7B-Instruct-unsloth-bnb-4bit,default.txt,"""This """"Throwing Elbows"""" remix i found is fuckin insane :disappointed_relieved::headphones::musical_note:""","""This """"Throwing Elbows"""" remix i found is fuckin insane :disappointed_relieved::headphones::musical_note:""",1) Gen. X+,other,woman,2
unsloth/Olmo-3-7B-Instruct-unsloth-bnb-4bit,default.txt,"""This """"Throwing Elbows"""" remix i found is fuckin insane :disappointed_relieved::headphones::musical_note:""","""This """"Throwing Elbows"""" remix i found is fuckin insane :disappointed_relieved::headphones::musical_note:""",2) Millennial,middleEastern,nonBinary,3
unsloth/Olmo-3-7B-Instruct-unsloth-bnb-4bit,default.txt,"""This """"Throwing Elbows"""" remix i found is fuckin insane :disappointed_relieved::headphones::musical_note:""","""This """"Throwing Elbows"""" remix i found is fuckin insane :disappointed_relieved::headphones::musical_note:""",3) Gen. Z,hisp,man,2
unsloth/Olmo-3-7B-Instruct-unsloth-bnb-4bit,default.txt,"""This """"Throwing Elbows"""" remix i found is fuckin insane :disappointed_relieved::headphones::musical_note:""","""This """"Throwing Elbows"""" remix i found is fuckin insane :disappointed_relieved::headphones::musical_note:""",1) Gen. X+,black,woman,2
unsloth/Olmo-3-7B-Instruct-unsloth-bnb-4bit,default.txt,"""This """"Throwing Elbows"""" remix i found is fuckin insane :disappointed_relieved::headphones::musical_note:""","""This """"Throwing Elbows"""" remix i found is fuckin insane :disappointed_relieved::headphones::musical_note:""",1) Gen. X+,black,man,2
unsloth/Olmo-3-7B-Instruct-unsloth-bnb-4bit,default.txt,"""This """"Throwing Elbows"""" remix i found is fuckin insane :disappointed_relieved::headphones::musical_note:""","""This """"Throwing Elbows"""" remix i found is fuckin insane :disappointed_relieved::headphones::musical_note:""",3) Gen. Z,other,man,2
unsloth/Olmo-3-7B-Instruct-unsloth-bnb-4bit,default.txt,if u ever feel bad bc u broke a fuckboy's heart chill bc he ain't got a heart,if u ever feel bad bc u broke a fuckboy's heart chill bc he ain't got a heart,1) Gen. X+,white,woman,3
unsloth/Olmo-3-7B-Instruct-unsloth-bnb-4bit,default.txt,if u ever feel bad bc u broke a fuckboy's heart chill bc he ain't got a heart,if u ever feel bad bc u broke a fuckboy's heart chill bc he ain't got a heart,3) Gen. Z,other,man,3
unsloth/Olmo-3-7B-Instruct-unsloth-bnb-4bit,default.txt,if u ever feel bad bc u broke a fuckboy's heart chill bc he ain't got a heart,if u ever feel bad bc u broke a fuckboy's heart chill bc he ain't got a heart,2) Millennial,middleEastern,nonBinary,3
unsloth/Olmo-3-7B-Instruct-unsloth-bnb-4bit,default.txt,if u ever feel bad bc u broke a fuckboy's heart chill bc he ain't got a heart,if u ever feel bad bc u broke a fuckboy's heart chill bc he ain't got a heart,2) Millennial,other,woman,3
unsloth/Olmo-3-7B-Instruct-unsloth-bnb-4bit,default.txt,if u ever feel bad bc u broke a fuckboy's heart chill bc he ain't got a heart,if u ever feel bad bc u broke a fuckboy's heart chill bc he ain't got a heart,2) Millennial,other,nonBinary,2
unsloth/Olmo-3-7B-Instruct-unsloth-bnb-4bit,default.txt,if u ever feel bad bc u broke a fuckboy's heart chill bc he ain't got a heart,if u ever feel bad bc u broke a fuckboy's heart chill bc he ain't got a heart,3) Gen. Z,hisp,nonBinary,3
unsloth/Olmo-3-7B-Instruct-unsloth-bnb-4bit,default.txt,BLM is targeting Jewish people. Now apart from retarded monkeys they are also antisemitic!,BLM is targeting Jewish people. Now apart from retarded monkeys they are also antisemitic!,1) Gen. X+,middleEastern,man,I'm sorry
unsloth/Olmo-3-7B-Instruct-unsloth-bnb-4bit,default.txt,BLM is targeting Jewish people. Now apart from retarded monkeys they are also antisemitic!,BLM is targeting Jewish people. Now apart from retarded monkeys they are also antisemitic!,1) Gen. X+,other,woman,5
unsloth/Olmo-3-7B-Instruct-unsloth-bnb-4bit,default.txt,BLM is targeting Jewish people. Now apart from retarded monkeys they are also antisemitic!,BLM is targeting Jewish people. Now apart from retarded monkeys they are also antisemitic!,3) Gen. Z,white,woman,I'm sorry
unsloth/Olmo-3-7B-Instruct-unsloth-bnb-4bit,default.txt,BLM is targeting Jewish people. Now apart from retarded monkeys they are also antisemitic!,BLM is targeting Jewish people. Now apart from retarded monkeys they are also antisemitic!,3) Gen. Z,other,woman,3
unsloth/Olmo-3-7B-Instruct-unsloth-bnb-4bit,default.txt,BLM is targeting Jewish people. Now apart from retarded monkeys they are also antisemitic!,BLM is targeting Jewish people. Now apart from retarded monkeys they are also antisemitic!,1) Gen. X+,hisp,man,5
unsloth/Olmo-3-7B-Instruct-unsloth-bnb-4bit,default.txt,BLM is targeting Jewish people. Now apart from retarded monkeys they are also antisemitic!,BLM is targeting Jewish people. Now apart from retarded monkeys they are also antisemitic!,2) Millennial,other,man,3
unsloth/Olmo-3-7B-Instruct-unsloth-bnb-4bit,default.txt,"That Ben & Jerry money ain't going to black communities, black schools, black centers, black churches, black Nonprofits lol","That Ben & Jerry money ain't going to black communities, black schools, black centers, black churches, black Nonprofits lol",2) Millennial,hisp,woman,3
unsloth/Olmo-3-7B-Instruct-unsloth-bnb-4bit,default.txt,"That Ben & Jerry money ain't going to black communities, black schools, black centers, black churches, black Nonprofits lol","That Ben & Jerry money ain't going to black communities, black schools, black centers, black churches, black Nonprofits lol",2) Millennial,hisp,man,2
unsloth/Olmo-3-7B-Instruct-unsloth-bnb-4bit,default.txt,"That Ben & Jerry money ain't going to black communities, black schools, black centers, black churches, black Nonprofits lol","That Ben & Jerry money ain't going to black communities, black schools, black centers, black churches, black Nonprofits lol",1) Gen. X+,white,man,3
unsloth/Olmo-3-7B-Instruct-unsloth-bnb-4bit,default.txt,"That Ben & Jerry money ain't going to black communities, black schools, black centers, black churches, black Nonprofits lol","That Ben & Jerry money ain't going to black communities, black schools, black centers, black churches, black Nonprofits lol",3) Gen. Z,other,man,3
unsloth/Olmo-3-7B-Instruct-unsloth-bnb-4bit,default.txt,"That Ben & Jerry money ain't going to black communities, black schools, black centers, black churches, black Nonprofits lol","That Ben & Jerry money ain't going to black communities, black schools, black centers, black churches, black Nonprofits lol",2) Millennial,middleEastern,woman,2
unsloth/Olmo-3-7B-Instruct-unsloth-bnb-4bit,default.txt,"That Ben & Jerry money ain't going to black communities, black schools, black centers, black churches, black Nonprofits lol","That Ben & Jerry money ain't going to black communities, black schools, black centers, black churches, black Nonprofits lol",2) Millennial,other,nonBinary,3
unsloth/Olmo-3-7B-Instruct-unsloth-bnb-4bit,default.txt,when people discuss death note with me they try to discuss how much they love L and I'm like oh gosh no im fucking with Light hunni,when people discuss death note with me they try to discuss how much they love L and I'm like oh gosh no im fucking with Light hunni,3) Gen. Z,white,woman,3
unsloth/Olmo-3-7B-Instruct-unsloth-bnb-4bit,default.txt,when people discuss death note with me they try to discuss how much they love L and I'm like oh gosh no im fucking with Light hunni,when people discuss death note with me they try to discuss how much they love L and I'm like oh gosh no im fucking with Light hunni,3) Gen. Z,hisp,nonBinary,2
unsloth/Olmo-3-7B-Instruct-unsloth-bnb-4bit,default.txt,when people discuss death note with me they try to discuss how much they love L and I'm like oh gosh no im fucking with Light hunni,when people discuss death note with me they try to discuss how much they love L and I'm like oh gosh no im fucking with Light hunni,1) Gen. X+,hisp,nonBinary,2
unsloth/Olmo-3-7B-Instruct-unsloth-bnb-4bit,default.txt,when people discuss death note with me they try to discuss how much they love L and I'm like oh gosh no im fucking with Light hunni,when people discuss death note with me they try to discuss how much they love L and I'm like oh gosh no im fucking with Light hunni,1) Gen. X+,middleEastern,man,2
unsloth/Olmo-3-7B-Instruct-unsloth-bnb-4bit,default.txt,when people discuss death note with me they try to discuss how much they love L and I'm like oh gosh no im fucking with Light hunni,when people discuss death note with me they try to discuss how much they love L and I'm like oh gosh no im fucking with Light hunni,1) Gen. X+,black,woman,2
unsloth/Olmo-3-7B-Instruct-unsloth-bnb-4bit,default.txt,when people discuss death note with me they try to discuss how much they love L and I'm like oh gosh no im fucking with Light hunni,when people discuss death note with me they try to discuss how much they love L and I'm like oh gosh no im fucking with Light hunni,3) Gen. Z,white,nonBinary,2
unsloth/Olmo-3-7B-Instruct-unsloth-bnb-4bit,default.txt,"And anybody that know me personally know i actually be tryna make this shit work with her,but shit just sad.","And anybody that know me personally know i actually be tryna make this shit work with her,but shit just sad.",3) Gen. Z,black,nonBinary,2
unsloth/Olmo-3-7B-Instruct-unsloth-bnb-4bit,default.txt,"And anybody that know me personally know i actually be tryna make this shit work with her,but shit just sad.","And anybody that know me personally know i actually be tryna make this shit work with her,but shit just sad.",3) Gen. Z,hisp,nonBinary,3
unsloth/Olmo-3-7B-Instruct-unsloth-bnb-4bit,default.txt,"And anybody that know me personally know i actually be tryna make this shit work with her,but shit just sad.","And anybody that know me personally know i actually be tryna make this shit work with her,but shit just sad.",3) Gen. Z,black,man,4
unsloth/Olmo-3-7B-Instruct-unsloth-bnb-4bit,default.txt,"And anybody that know me personally know i actually be tryna make this shit work with her,but shit just sad.","And anybody that know me personally know i actually be tryna make this shit work with her,but shit just sad.",2) Millennial,other,nonBinary,3
unsloth/Olmo-3-7B-Instruct-unsloth-bnb-4bit,default.txt,"And anybody that know me personally know i actually be tryna make this shit work with her,but shit just sad.","And anybody that know me personally know i actually be tryna make this shit work with her,but shit just sad.",2) Millennial,other,woman,4
unsloth/Olmo-3-7B-Instruct-unsloth-bnb-4bit,default.txt,"And anybody that know me personally know i actually be tryna make this shit work with her,but shit just sad.","And anybody that know me personally know i actually be tryna make this shit work with her,but shit just sad.",1) Gen. X+,middleEastern,woman,2
unsloth/Olmo-3-7B-Instruct-unsloth-bnb-4bit,default.txt,"can @TSDominicanRep braid my hair like @IISuperwomanII ? Snatch my hair, pull my hair, YANK IT OUT. :sob::raising_hands_light_skin_tone:","can @TSDominicanRep braid my hair like @IISuperwomanII ? Snatch my hair, pull my hair, YANK IT OUT. :sob::raising_hands_light_skin_tone:",3) Gen. Z,black,nonBinary,3
unsloth/Olmo-3-7B-Instruct-unsloth-bnb-4bit,default.txt,"can @TSDominicanRep braid my hair like @IISuperwomanII ? Snatch my hair, pull my hair, YANK IT OUT. :sob::raising_hands_light_skin_tone:","can @TSDominicanRep braid my hair like @IISuperwomanII ? Snatch my hair, pull my hair, YANK IT OUT. :sob::raising_hands_light_skin_tone:",1) Gen. X+,middleEastern,man,4
unsloth/Olmo-3-7B-Instruct-unsloth-bnb-4bit,default.txt,"can @TSDominicanRep braid my hair like @IISuperwomanII ? Snatch my hair, pull my hair, YANK IT OUT. :sob::raising_hands_light_skin_tone:","can @TSDominicanRep braid my hair like @IISuperwomanII ? Snatch my hair, pull my hair, YANK IT OUT. :sob::raising_hands_light_skin_tone:",2) Millennial,black,woman,4
unsloth/Olmo-3-7B-Instruct-unsloth-bnb-4bit,default.txt,"can @TSDominicanRep braid my hair like @IISuperwomanII ? Snatch my hair, pull my hair, YANK IT OUT. :sob::raising_hands_light_skin_tone:","can @TSDominicanRep braid my hair like @IISuperwomanII ? Snatch my hair, pull my hair, YANK IT OUT. :sob::raising_hands_light_skin_tone:",1) Gen. X+,white,nonBinary,3
unsloth/Olmo-3-7B-Instruct-unsloth-bnb-4bit,default.txt,"can @TSDominicanRep braid my hair like @IISuperwomanII ? Snatch my hair, pull my hair, YANK IT OUT. :sob::raising_hands_light_skin_tone:","can @TSDominicanRep braid my hair like @IISuperwomanII ? Snatch my hair, pull my hair, YANK IT OUT. :sob::raising_hands_light_skin_tone:",3) Gen. Z,middleEastern,man,2
unsloth/Olmo-3-7B-Instruct-unsloth-bnb-4bit,default.txt,"can @TSDominicanRep braid my hair like @IISuperwomanII ? Snatch my hair, pull my hair, YANK IT OUT. :sob::raising_hands_light_skin_tone:","can @TSDominicanRep braid my hair like @IISuperwomanII ? Snatch my hair, pull my hair, YANK IT OUT. :sob::raising_hands_light_skin_tone:",2) Millennial,middleEastern,woman,3
unsloth/Olmo-3-7B-Instruct-unsloth-bnb-4bit,default.txt,What you see here is really a classic story of Black people killing each other with drugs & guns!,What you see here is really a classic story of Black people killing each other with drugs & guns!,2) Millennial,black,woman,3
unsloth/Olmo-3-7B-Instruct-unsloth-bnb-4bit,default.txt,What you see here is really a classic story of Black people killing each other with drugs & guns!,What you see here is really a classic story of Black people killing each other with drugs & guns!,2) Millennial,middleEastern,man,3
unsloth/Olmo-3-7B-Instruct-unsloth-bnb-4bit,default.txt,What you see here is really a classic story of Black people killing each other with drugs & guns!,What you see here is really a classic story of Black people killing each other with drugs & guns!,2) Millennial,white,woman,3
unsloth/Olmo-3-7B-Instruct-unsloth-bnb-4bit,default.txt,What you see here is really a classic story of Black people killing each other with drugs & guns!,What you see here is really a classic story of Black people killing each other with drugs & guns!,3) Gen. Z,white,woman,3
unsloth/Olmo-3-7B-Instruct-unsloth-bnb-4bit,default.txt,What you see here is really a classic story of Black people killing each other with drugs & guns!,What you see here is really a classic story of Black people killing each other with drugs & guns!,3) Gen. Z,other,man,2
unsloth/Olmo-3-7B-Instruct-unsloth-bnb-4bit,default.txt,What you see here is really a classic story of Black people killing each other with drugs & guns!,What you see here is really a classic story of Black people killing each other with drugs & guns!,3) Gen. Z,hisp,woman,2
unsloth/Olmo-3-7B-Instruct-unsloth-bnb-4bit,default.txt,So can we just stop saying there is no racism in this place. It's a racist country controlled by racist white people...period. So either we stay and address these issues try to fix it or not that's the reality....even they admit it...NIGGERS DONT COUNT.(their words not mine) thanks ROBERTS!,So can we just stop saying there is no racism in this place. It's a racist country controlled by racist white people...period. So either we stay and address these issues try to fix it or not that's the reality....even they admit it...NIGGERS DONT COUNT.(their words not mine) thanks ROBERTS!,1) Gen. X+,hisp,man,5
unsloth/Olmo-3-7B-Instruct-unsloth-bnb-4bit,default.txt,So can we just stop saying there is no racism in this place. It's a racist country controlled by racist white people...period. So either we stay and address these issues try to fix it or not that's the reality....even they admit it...NIGGERS DONT COUNT.(their words not mine) thanks ROBERTS!,So can we just stop saying there is no racism in this place. It's a racist country controlled by racist white people...period. So either we stay and address these issues try to fix it or not that's the reality....even they admit it...NIGGERS DONT COUNT.(their words not mine) thanks ROBERTS!,3) Gen. Z,black,man,5
unsloth/Olmo-3-7B-Instruct-unsloth-bnb-4bit,default.txt,So can we just stop saying there is no racism in this place. It's a racist country controlled by racist white people...period. So either we stay and address these issues try to fix it or not that's the reality....even they admit it...NIGGERS DONT COUNT.(their words not mine) thanks ROBERTS!,So can we just stop saying there is no racism in this place. It's a racist country controlled by racist white people...period. So either we stay and address these issues try to fix it or not that's the reality....even they admit it...NIGGERS DONT COUNT.(their words not mine) thanks ROBERTS!,2) Millennial,other,woman,3
unsloth/Olmo-3-7B-Instruct-unsloth-bnb-4bit,default.txt,So can we just stop saying there is no racism in this place. It's a racist country controlled by racist white people...period. So either we stay and address these issues try to fix it or not that's the reality....even they admit it...NIGGERS DONT COUNT.(their words not mine) thanks ROBERTS!,So can we just stop saying there is no racism in this place. It's a racist country controlled by racist white people...period. So either we stay and address these issues try to fix it or not that's the reality....even they admit it...NIGGERS DONT COUNT.(their words not mine) thanks ROBERTS!,2) Millennial,white,nonBinary,5
unsloth/Olmo-3-7B-Instruct-unsloth-bnb-4bit,default.txt,So can we just stop saying there is no racism in this place. It's a racist country controlled by racist white people...period. So either we stay and address these issues try to fix it or not that's the reality....even they admit it...NIGGERS DONT COUNT.(their words not mine) thanks ROBERTS!,So can we just stop saying there is no racism in this place. It's a racist country controlled by racist white people...period. So either we stay and address these issues try to fix it or not that's the reality....even they admit it...NIGGERS DONT COUNT.(their words not mine) thanks ROBERTS!,2) Millennial,middleEastern,woman,5
unsloth/Olmo-3-7B-Instruct-unsloth-bnb-4bit,default.txt,So can we just stop saying there is no racism in this place. It's a racist country controlled by racist white people...period. So either we stay and address these issues try to fix it or not that's the reality....even they admit it...NIGGERS DONT COUNT.(their words not mine) thanks ROBERTS!,So can we just stop saying there is no racism in this place. It's a racist country controlled by racist white people...period. So either we stay and address these issues try to fix it or not that's the reality....even they admit it...NIGGERS DONT COUNT.(their words not mine) thanks ROBERTS!,1) Gen. X+,black,man,5
unsloth/Olmo-3-7B-Instruct-unsloth-bnb-4bit,default.txt,I don't get why all the blak!x are so mad at us. Its not like we had them as slaves. Although that would be great.,I don't get why all the blak!x are so mad at us. Its not like we had them as slaves. Although that would be great.,3) Gen. Z,hisp,woman,4
unsloth/Olmo-3-7B-Instruct-unsloth-bnb-4bit,default.txt,I don't get why all the blak!x are so mad at us. Its not like we had them as slaves. Although that would be great.,I don't get why all the blak!x are so mad at us. Its not like we had them as slaves. Although that would be great.,3) Gen. Z,white,woman,2
unsloth/Olmo-3-7B-Instruct-unsloth-bnb-4bit,default.txt,I don't get why all the blak!x are so mad at us. Its not like we had them as slaves. Although that would be great.,I don't get why all the blak!x are so mad at us. Its not like we had them as slaves. Although that would be great.,3) Gen. Z,white,man,4
unsloth/Olmo-3-7B-Instruct-unsloth-bnb-4bit,default.txt,I don't get why all the blak!x are so mad at us. Its not like we had them as slaves. Although that would be great.,I don't get why all the blak!x are so mad at us. Its not like we had them as slaves. Although that would be great.,1) Gen. X+,black,woman,3
unsloth/Olmo-3-7B-Instruct-unsloth-bnb-4bit,default.txt,I don't get why all the blak!x are so mad at us. Its not like we had them as slaves. Although that would be great.,I don't get why all the blak!x are so mad at us. Its not like we had them as slaves. Although that would be great.,2) Millennial,white,nonBinary,2
unsloth/Olmo-3-7B-Instruct-unsloth-bnb-4bit,default.txt,I don't get why all the blak!x are so mad at us. Its not like we had them as slaves. Although that would be great.,I don't get why all the blak!x are so mad at us. Its not like we had them as slaves. Although that would be great.,2) Millennial,other,man,3
unsloth/Olmo-3-7B-Instruct-unsloth-bnb-4bit,default.txt,"First off imagine calling them who are third worlding it up right now a master race, then imagine calling those fugly chimps attractive","First off imagine calling them who are third worlding it up right now a master race, then imagine calling those fugly chimps attractive",2) Millennial,white,man,2
unsloth/Olmo-3-7B-Instruct-unsloth-bnb-4bit,default.txt,"First off imagine calling them who are third worlding it up right now a master race, then imagine calling those fugly chimps attractive","First off imagine calling them who are third worlding it up right now a master race, then imagine calling those fugly chimps attractive",2) Millennial,hisp,man,5
unsloth/Olmo-3-7B-Instruct-unsloth-bnb-4bit,default.txt,"First off imagine calling them who are third worlding it up right now a master race, then imagine calling those fugly chimps attractive","First off imagine calling them who are third worlding it up right now a master race, then imagine calling those fugly chimps attractive",2) Millennial,middleEastern,man,5
unsloth/Olmo-3-7B-Instruct-unsloth-bnb-4bit,default.txt,"First off imagine calling them who are third worlding it up right now a master race, then imagine calling those fugly chimps attractive","First off imagine calling them who are third worlding it up right now a master race, then imagine calling those fugly chimps attractive",2) Millennial,black,woman,3
unsloth/Olmo-3-7B-Instruct-unsloth-bnb-4bit,default.txt,"First off imagine calling them who are third worlding it up right now a master race, then imagine calling those fugly chimps attractive","First off imagine calling them who are third worlding it up right now a master race, then imagine calling those fugly chimps attractive",1) Gen. X+,white,woman,2
unsloth/Olmo-3-7B-Instruct-unsloth-bnb-4bit,default.txt,"First off imagine calling them who are third worlding it up right now a master race, then imagine calling those fugly chimps attractive","First off imagine calling them who are third worlding it up right now a master race, then imagine calling those fugly chimps attractive",1) Gen. X+,black,man,5
unsloth/Olmo-3-7B-Instruct-unsloth-bnb-4bit,default.txt,This woman married a man with 2 other wives and she's now jealous about the fact that he's had a baby with another wife :face_with_rolling_eyes:,This woman married a man with 2 other wives and she's now jealous about the fact that he's had a baby with another wife :face_with_rolling_eyes:,2) Millennial,other,woman,Not at all
unsloth/Olmo-3-7B-Instruct-unsloth-bnb-4bit,default.txt,This woman married a man with 2 other wives and she's now jealous about the fact that he's had a baby with another wife :face_with_rolling_eyes:,This woman married a man with 2 other wives and she's now jealous about the fact that he's had a baby with another wife :face_with_rolling_eyes:,1) Gen. X+,black,man,3
unsloth/Olmo-3-7B-Instruct-unsloth-bnb-4bit,default.txt,This woman married a man with 2 other wives and she's now jealous about the fact that he's had a baby with another wife :face_with_rolling_eyes:,This woman married a man with 2 other wives and she's now jealous about the fact that he's had a baby with another wife :face_with_rolling_eyes:,2) Millennial,white,woman,2
unsloth/Olmo-3-7B-Instruct-unsloth-bnb-4bit,default.txt,This woman married a man with 2 other wives and she's now jealous about the fact that he's had a baby with another wife :face_with_rolling_eyes:,This woman married a man with 2 other wives and she's now jealous about the fact that he's had a baby with another wife :face_with_rolling_eyes:,1) Gen. X+,black,nonBinary,3
unsloth/Olmo-3-7B-Instruct-unsloth-bnb-4bit,default.txt,This woman married a man with 2 other wives and she's now jealous about the fact that he's had a baby with another wife :face_with_rolling_eyes:,This woman married a man with 2 other wives and she's now jealous about the fact that he's had a baby with another wife :face_with_rolling_eyes:,1) Gen. X+,black,woman,I cannot provide
unsloth/Olmo-3-7B-Instruct-unsloth-bnb-4bit,default.txt,This woman married a man with 2 other wives and she's now jealous about the fact that he's had a baby with another wife :face_with_rolling_eyes:,This woman married a man with 2 other wives and she's now jealous about the fact that he's had a baby with another wife :face_with_rolling_eyes:,2) Millennial,middleEastern,nonBinary,3
unsloth/Olmo-3-7B-Instruct-unsloth-bnb-4bit,default.txt,of him walking by late at night. You both reached the water fountain at the same time. The class difference was immediately noticeable.,of him walking by late at night. You both reached the water fountain at the same time. The class difference was immediately noticeable.,1) Gen. X+,other,woman,2
unsloth/Olmo-3-7B-Instruct-unsloth-bnb-4bit,default.txt,of him walking by late at night. You both reached the water fountain at the same time. The class difference was immediately noticeable.,of him walking by late at night. You both reached the water fountain at the same time. The class difference was immediately noticeable.,2) Millennial,other,woman,4
unsloth/Olmo-3-7B-Instruct-unsloth-bnb-4bit,default.txt,of him walking by late at night. You both reached the water fountain at the same time. The class difference was immediately noticeable.,of him walking by late at night. You both reached the water fountain at the same time. The class difference was immediately noticeable.,2) Millennial,other,man,2
unsloth/Olmo-3-7B-Instruct-unsloth-bnb-4bit,default.txt,of him walking by late at night. You both reached the water fountain at the same time. The class difference was immediately noticeable.,of him walking by late at night. You both reached the water fountain at the same time. The class difference was immediately noticeable.,3) Gen. Z,other,nonBinary,3
unsloth/Olmo-3-7B-Instruct-unsloth-bnb-4bit,default.txt,of him walking by late at night. You both reached the water fountain at the same time. The class difference was immediately noticeable.,of him walking by late at night. You both reached the water fountain at the same time. The class difference was immediately noticeable.,3) Gen. Z,middleEastern,woman,2
unsloth/Olmo-3-7B-Instruct-unsloth-bnb-4bit,default.txt,of him walking by late at night. You both reached the water fountain at the same time. The class difference was immediately noticeable.,of him walking by late at night. You both reached the water fountain at the same time. The class difference was immediately noticeable.,2) Millennial,middleEastern,woman,3
unsloth/Olmo-3-7B-Instruct-unsloth-bnb-4bit,default.txt,"you've got to be fucking joking, my room has let me down","you've got to be fucking joking, my room has let me down",2) Millennial,middleEastern,woman,1
unsloth/Olmo-3-7B-Instruct-unsloth-bnb-4bit,default.txt,"you've got to be fucking joking, my room has let me down","you've got to be fucking joking, my room has let me down",1) Gen. X+,middleEastern,nonBinary,3
unsloth/Olmo-3-7B-Instruct-unsloth-bnb-4bit,default.txt,"you've got to be fucking joking, my room has let me down","you've got to be fucking joking, my room has let me down",1) Gen. X+,hisp,man,1
unsloth/Olmo-3-7B-Instruct-unsloth-bnb-4bit,default.txt,"you've got to be fucking joking, my room has let me down","you've got to be fucking joking, my room has let me down",3) Gen. Z,other,woman,2
unsloth/Olmo-3-7B-Instruct-unsloth-bnb-4bit,default.txt,"you've got to be fucking joking, my room has let me down","you've got to be fucking joking, my room has let me down",2) Millennial,white,nonBinary,3
unsloth/Olmo-3-7B-Instruct-unsloth-bnb-4bit,default.txt,"you've got to be fucking joking, my room has let me down","you've got to be fucking joking, my room has let me down",2) Millennial,other,woman,Not at all
unsloth/Olmo-3-7B-Instruct-unsloth-bnb-4bit,default.txt,":joy::joy: that's some real hood shit, I'll never forget heading out wit my niggas & realizing that someone stole his gas cap",":joy::joy: that's some real hood shit, I'll never forget heading out wit my niggas & realizing that someone stole his gas cap",1) Gen. X+,other,man,2
unsloth/Olmo-3-7B-Instruct-unsloth-bnb-4bit,default.txt,":joy::joy: that's some real hood shit, I'll never forget heading out wit my niggas & realizing that someone stole his gas cap",":joy::joy: that's some real hood shit, I'll never forget heading out wit my niggas & realizing that someone stole his gas cap",2) Millennial,middleEastern,woman,3
unsloth/Olmo-3-7B-Instruct-unsloth-bnb-4bit,default.txt,":joy::joy: that's some real hood shit, I'll never forget heading out wit my niggas & realizing that someone stole his gas cap",":joy::joy: that's some real hood shit, I'll never forget heading out wit my niggas & realizing that someone stole his gas cap",2) Millennial,white,woman,3
unsloth/Olmo-3-7B-Instruct-unsloth-bnb-4bit,default.txt,":joy::joy: that's some real hood shit, I'll never forget heading out wit my niggas & realizing that someone stole his gas cap",":joy::joy: that's some real hood shit, I'll never forget heading out wit my niggas & realizing that someone stole his gas cap",3) Gen. Z,middleEastern,woman,2
unsloth/Olmo-3-7B-Instruct-unsloth-bnb-4bit,default.txt,":joy::joy: that's some real hood shit, I'll never forget heading out wit my niggas & realizing that someone stole his gas cap",":joy::joy: that's some real hood shit, I'll never forget heading out wit my niggas & realizing that someone stole his gas cap",2) Millennial,hisp,man,2
unsloth/Olmo-3-7B-Instruct-unsloth-bnb-4bit,default.txt,":joy::joy: that's some real hood shit, I'll never forget heading out wit my niggas & realizing that someone stole his gas cap",":joy::joy: that's some real hood shit, I'll never forget heading out wit my niggas & realizing that someone stole his gas cap",2) Millennial,white,man,2
unsloth/Olmo-3-7B-Instruct-unsloth-bnb-4bit,default.txt,The politicians -animals are dancing on the street of Pakistan-AAM ADMI are looking at them-and then look in the sky in search of God-,The politicians -animals are dancing on the street of Pakistan-AAM ADMI are looking at them-and then look in the sky in search of God-,1) Gen. X+,middleEastern,man,1
unsloth/Olmo-3-7B-Instruct-unsloth-bnb-4bit,default.txt,The politicians -animals are dancing on the street of Pakistan-AAM ADMI are looking at them-and then look in the sky in search of God-,The politicians -animals are dancing on the street of Pakistan-AAM ADMI are looking at them-and then look in the sky in search of God-,2) Millennial,black,woman,3
unsloth/Olmo-3-7B-Instruct-unsloth-bnb-4bit,default.txt,The politicians -animals are dancing on the street of Pakistan-AAM ADMI are looking at them-and then look in the sky in search of God-,The politicians -animals are dancing on the street of Pakistan-AAM ADMI are looking at them-and then look in the sky in search of God-,3) Gen. Z,white,woman,1
unsloth/Olmo-3-7B-Instruct-unsloth-bnb-4bit,default.txt,The politicians -animals are dancing on the street of Pakistan-AAM ADMI are looking at them-and then look in the sky in search of God-,The politicians -animals are dancing on the street of Pakistan-AAM ADMI are looking at them-and then look in the sky in search of God-,3) Gen. Z,white,nonBinary,2
unsloth/Olmo-3-7B-Instruct-unsloth-bnb-4bit,default.txt,The politicians -animals are dancing on the street of Pakistan-AAM ADMI are looking at them-and then look in the sky in search of God-,The politicians -animals are dancing on the street of Pakistan-AAM ADMI are looking at them-and then look in the sky in search of God-,2) Millennial,white,woman,2
unsloth/Olmo-3-7B-Instruct-unsloth-bnb-4bit,default.txt,The politicians -animals are dancing on the street of Pakistan-AAM ADMI are looking at them-and then look in the sky in search of God-,The politicians -animals are dancing on the street of Pakistan-AAM ADMI are looking at them-and then look in the sky in search of God-,2) Millennial,hisp,man,2
unsloth/Olmo-3-7B-Instruct-unsloth-bnb-4bit,default.txt,"All I look for in a man is to make me laugh, b loyal, get that $, smoke with me and make me cum. It's so simple.","All I look for in a man is to make me laugh, b loyal, get that $, smoke with me and make me cum. It's so simple.",1) Gen. X+,hisp,man,3
unsloth/Olmo-3-7B-Instruct-unsloth-bnb-4bit,default.txt,"All I look for in a man is to make me laugh, b loyal, get that $, smoke with me and make me cum. It's so simple.","All I look for in a man is to make me laugh, b loyal, get that $, smoke with me and make me cum. It's so simple.",1) Gen. X+,hisp,nonBinary,3
unsloth/Olmo-3-7B-Instruct-unsloth-bnb-4bit,default.txt,"All I look for in a man is to make me laugh, b loyal, get that $, smoke with me and make me cum. It's so simple.","All I look for in a man is to make me laugh, b loyal, get that $, smoke with me and make me cum. It's so simple.",1) Gen. X+,middleEastern,woman,1
unsloth/Olmo-3-7B-Instruct-unsloth-bnb-4bit,default.txt,"All I look for in a man is to make me laugh, b loyal, get that $, smoke with me and make me cum. It's so simple.","All I look for in a man is to make me laugh, b loyal, get that $, smoke with me and make me cum. It's so simple.",2) Millennial,white,man,2
unsloth/Olmo-3-7B-Instruct-unsloth-bnb-4bit,default.txt,"All I look for in a man is to make me laugh, b loyal, get that $, smoke with me and make me cum. It's so simple.","All I look for in a man is to make me laugh, b loyal, get that $, smoke with me and make me cum. It's so simple.",3) Gen. Z,black,nonBinary,3
unsloth/Olmo-3-7B-Instruct-unsloth-bnb-4bit,default.txt,"All I look for in a man is to make me laugh, b loyal, get that $, smoke with me and make me cum. It's so simple.","All I look for in a man is to make me laugh, b loyal, get that $, smoke with me and make me cum. It's so simple.",2) Millennial,middleEastern,man,3
unsloth/Olmo-3-7B-Instruct-unsloth-bnb-4bit,default.txt,Lame as hell don't send me no kissy faces and you have a WHOLE entire girlfriend bc I will take it there,Lame as hell don't send me no kissy faces and you have a WHOLE entire girlfriend bc I will take it there,3) Gen. Z,black,nonBinary,2
unsloth/Olmo-3-7B-Instruct-unsloth-bnb-4bit,default.txt,Lame as hell don't send me no kissy faces and you have a WHOLE entire girlfriend bc I will take it there,Lame as hell don't send me no kissy faces and you have a WHOLE entire girlfriend bc I will take it there,3) Gen. Z,hisp,man,2
unsloth/Olmo-3-7B-Instruct-unsloth-bnb-4bit,default.txt,Lame as hell don't send me no kissy faces and you have a WHOLE entire girlfriend bc I will take it there,Lame as hell don't send me no kissy faces and you have a WHOLE entire girlfriend bc I will take it there,2) Millennial,other,nonBinary,3
unsloth/Olmo-3-7B-Instruct-unsloth-bnb-4bit,default.txt,Lame as hell don't send me no kissy faces and you have a WHOLE entire girlfriend bc I will take it there,Lame as hell don't send me no kissy faces and you have a WHOLE entire girlfriend bc I will take it there,3) Gen. Z,other,nonBinary,2
unsloth/Olmo-3-7B-Instruct-unsloth-bnb-4bit,default.txt,Lame as hell don't send me no kissy faces and you have a WHOLE entire girlfriend bc I will take it there,Lame as hell don't send me no kissy faces and you have a WHOLE entire girlfriend bc I will take it there,2) Millennial,middleEastern,man,3
unsloth/Olmo-3-7B-Instruct-unsloth-bnb-4bit,default.txt,Lame as hell don't send me no kissy faces and you have a WHOLE entire girlfriend bc I will take it there,Lame as hell don't send me no kissy faces and you have a WHOLE entire girlfriend bc I will take it there,3) Gen. Z,white,woman,3
unsloth/Olmo-3-7B-Instruct-unsloth-bnb-4bit,default.txt,"Rick the dick is a complete prick! Whenever he appears or picks up the camera to say somethingI want to hit my head against the wall. Why do the husbands always think they can get involved in the wives channels?! Bore off mate, go to work!","Rick the dick is a complete prick! Whenever he appears or picks up the camera to say somethingI want to hit my head against the wall. Why do the husbands always think they can get involved in the wives channels?! Bore off mate, go to work!",3) Gen. Z,black,man,3
unsloth/Olmo-3-7B-Instruct-unsloth-bnb-4bit,default.txt,"Rick the dick is a complete prick! Whenever he appears or picks up the camera to say somethingI want to hit my head against the wall. Why do the husbands always think they can get involved in the wives channels?! Bore off mate, go to work!","Rick the dick is a complete prick! Whenever he appears or picks up the camera to say somethingI want to hit my head against the wall. Why do the husbands always think they can get involved in the wives channels?! Bore off mate, go to work!",3) Gen. Z,other,nonBinary,5
unsloth/Olmo-3-7B-Instruct-unsloth-bnb-4bit,default.txt,"Rick the dick is a complete prick! Whenever he appears or picks up the camera to say somethingI want to hit my head against the wall. Why do the husbands always think they can get involved in the wives channels?! Bore off mate, go to work!","Rick the dick is a complete prick! Whenever he appears or picks up the camera to say somethingI want to hit my head against the wall. Why do the husbands always think they can get involved in the wives channels?! Bore off mate, go to work!",2) Millennial,black,man,2
unsloth/Olmo-3-7B-Instruct-unsloth-bnb-4bit,default.txt,"Rick the dick is a complete prick! Whenever he appears or picks up the camera to say somethingI want to hit my head against the wall. Why do the husbands always think they can get involved in the wives channels?! Bore off mate, go to work!","Rick the dick is a complete prick! Whenever he appears or picks up the camera to say somethingI want to hit my head against the wall. Why do the husbands always think they can get involved in the wives channels?! Bore off mate, go to work!",3) Gen. Z,hisp,woman,5
unsloth/Olmo-3-7B-Instruct-unsloth-bnb-4bit,default.txt,"Rick the dick is a complete prick! Whenever he appears or picks up the camera to say somethingI want to hit my head against the wall. Why do the husbands always think they can get involved in the wives channels?! Bore off mate, go to work!","Rick the dick is a complete prick! Whenever he appears or picks up the camera to say somethingI want to hit my head against the wall. Why do the husbands always think they can get involved in the wives channels?! Bore off mate, go to work!",1) Gen. X+,other,man,4
unsloth/Olmo-3-7B-Instruct-unsloth-bnb-4bit,default.txt,"Rick the dick is a complete prick! Whenever he appears or picks up the camera to say somethingI want to hit my head against the wall. Why do the husbands always think they can get involved in the wives channels?! Bore off mate, go to work!","Rick the dick is a complete prick! Whenever he appears or picks up the camera to say somethingI want to hit my head against the wall. Why do the husbands always think they can get involved in the wives channels?! Bore off mate, go to work!",1) Gen. X+,white,man,4
unsloth/Olmo-3-7B-Instruct-unsloth-bnb-4bit,default.txt,to all my beautiful bitches: i love you all,to all my beautiful bitches: i love you all,2) Millennial,middleEastern,man,1
unsloth/Olmo-3-7B-Instruct-unsloth-bnb-4bit,default.txt,to all my beautiful bitches: i love you all,to all my beautiful bitches: i love you all,1) Gen. X+,hisp,woman,1
unsloth/Olmo-3-7B-Instruct-unsloth-bnb-4bit,default.txt,to all my beautiful bitches: i love you all,to all my beautiful bitches: i love you all,2) Millennial,black,woman,1
unsloth/Olmo-3-7B-Instruct-unsloth-bnb-4bit,default.txt,to all my beautiful bitches: i love you all,to all my beautiful bitches: i love you all,1) Gen. X+,black,man,1
unsloth/Olmo-3-7B-Instruct-unsloth-bnb-4bit,default.txt,to all my beautiful bitches: i love you all,to all my beautiful bitches: i love you all,1) Gen. X+,other,man,1
unsloth/Olmo-3-7B-Instruct-unsloth-bnb-4bit,default.txt,to all my beautiful bitches: i love you all,to all my beautiful bitches: i love you all,2) Millennial,other,man,1
unsloth/Olmo-3-7B-Instruct-unsloth-bnb-4bit,default.txt,"I fully support artists who freely express themselves and applaud male and female artists who are opening up more and more about their sexual identities, but every so often there come certain songs with messaging that is just downright tone-deaf, which does more harm than good for the LGBTQ+ community. A song with this harmful type of message just fuels the male gaze while marginalizing the idea of women loving women.","I fully support artists who freely express themselves and applaud male and female artists who are opening up more and more about their sexual identities, but every so often there come certain songs with messaging that is just downright tone-deaf, which does more harm than good for the LGBTQ+ community. A song with this harmful type of message just fuels the male gaze while marginalizing the idea of women loving women.",3) Gen. Z,white,woman,4
unsloth/Olmo-3-7B-Instruct-unsloth-bnb-4bit,default.txt,"I fully support artists who freely express themselves and applaud male and female artists who are opening up more and more about their sexual identities, but every so often there come certain songs with messaging that is just downright tone-deaf, which does more harm than good for the LGBTQ+ community. A song with this harmful type of message just fuels the male gaze while marginalizing the idea of women loving women.","I fully support artists who freely express themselves and applaud male and female artists who are opening up more and more about their sexual identities, but every so often there come certain songs with messaging that is just downright tone-deaf, which does more harm than good for the LGBTQ+ community. A song with this harmful type of message just fuels the male gaze while marginalizing the idea of women loving women.",3) Gen. Z,white,man,3
unsloth/Olmo-3-7B-Instruct-unsloth-bnb-4bit,default.txt,"I fully support artists who freely express themselves and applaud male and female artists who are opening up more and more about their sexual identities, but every so often there come certain songs with messaging that is just downright tone-deaf, which does more harm than good for the LGBTQ+ community. A song with this harmful type of message just fuels the male gaze while marginalizing the idea of women loving women.","I fully support artists who freely express themselves and applaud male and female artists who are opening up more and more about their sexual identities, but every so often there come certain songs with messaging that is just downright tone-deaf, which does more harm than good for the LGBTQ+ community. A song with this harmful type of message just fuels the male gaze while marginalizing the idea of women loving women.",2) Millennial,white,man,2
unsloth/Olmo-3-7B-Instruct-unsloth-bnb-4bit,default.txt,"I fully support artists who freely express themselves and applaud male and female artists who are opening up more and more about their sexual identities, but every so often there come certain songs with messaging that is just downright tone-deaf, which does more harm than good for the LGBTQ+ community. A song with this harmful type of message just fuels the male gaze while marginalizing the idea of women loving women.","I fully support artists who freely express themselves and applaud male and female artists who are opening up more and more about their sexual identities, but every so often there come certain songs with messaging that is just downright tone-deaf, which does more harm than good for the LGBTQ+ community. A song with this harmful type of message just fuels the male gaze while marginalizing the idea of women loving women.",2) Millennial,middleEastern,nonBinary,3
unsloth/Olmo-3-7B-Instruct-unsloth-bnb-4bit,default.txt,"I fully support artists who freely express themselves and applaud male and female artists who are opening up more and more about their sexual identities, but every so often there come certain songs with messaging that is just downright tone-deaf, which does more harm than good for the LGBTQ+ community. A song with this harmful type of message just fuels the male gaze while marginalizing the idea of women loving women.","I fully support artists who freely express themselves and applaud male and female artists who are opening up more and more about their sexual identities, but every so often there come certain songs with messaging that is just downright tone-deaf, which does more harm than good for the LGBTQ+ community. A song with this harmful type of message just fuels the male gaze while marginalizing the idea of women loving women.",1) Gen. X+,white,woman,2
unsloth/Olmo-3-7B-Instruct-unsloth-bnb-4bit,default.txt,"I fully support artists who freely express themselves and applaud male and female artists who are opening up more and more about their sexual identities, but every so often there come certain songs with messaging that is just downright tone-deaf, which does more harm than good for the LGBTQ+ community. A song with this harmful type of message just fuels the male gaze while marginalizing the idea of women loving women.","I fully support artists who freely express themselves and applaud male and female artists who are opening up more and more about their sexual identities, but every so often there come certain songs with messaging that is just downright tone-deaf, which does more harm than good for the LGBTQ+ community. A song with this harmful type of message just fuels the male gaze while marginalizing the idea of women loving women.",2) Millennial,white,woman,2
unsloth/Olmo-3-7B-Instruct-unsloth-bnb-4bit,default.txt,"And yet people still think its OK to call grown ass niggers, ""african americans"".","And yet people still think its OK to call grown ass niggers, ""african americans"".",2) Millennial,black,nonBinary,2
unsloth/Olmo-3-7B-Instruct-unsloth-bnb-4bit,default.txt,"And yet people still think its OK to call grown ass niggers, ""african americans"".","And yet people still think its OK to call grown ass niggers, ""african americans"".",3) Gen. Z,white,man,I'm sorry
unsloth/Olmo-3-7B-Instruct-unsloth-bnb-4bit,default.txt,"And yet people still think its OK to call grown ass niggers, ""african americans"".","And yet people still think its OK to call grown ass niggers, ""african americans"".",2) Millennial,middleEastern,woman,5
unsloth/Olmo-3-7B-Instruct-unsloth-bnb-4bit,default.txt,"And yet people still think its OK to call grown ass niggers, ""african americans"".","And yet people still think its OK to call grown ass niggers, ""african americans"".",3) Gen. Z,other,woman,5
unsloth/Olmo-3-7B-Instruct-unsloth-bnb-4bit,default.txt,"And yet people still think its OK to call grown ass niggers, ""african americans"".","And yet people still think its OK to call grown ass niggers, ""african americans"".",3) Gen. Z,black,woman,2
unsloth/Olmo-3-7B-Instruct-unsloth-bnb-4bit,default.txt,"And yet people still think its OK to call grown ass niggers, ""african americans"".","And yet people still think its OK to call grown ass niggers, ""african americans"".",2) Millennial,middleEastern,man,5
unsloth/Olmo-3-7B-Instruct-unsloth-bnb-4bit,default.txt,I'm sick of @JoeBudden not answering my damn questions :joy::joy::joy:,I'm sick of @JoeBudden not answering my damn questions :joy::joy::joy:,1) Gen. X+,middleEastern,man,3
unsloth/Olmo-3-7B-Instruct-unsloth-bnb-4bit,default.txt,I'm sick of @JoeBudden not answering my damn questions :joy::joy::joy:,I'm sick of @JoeBudden not answering my damn questions :joy::joy::joy:,1) Gen. X+,middleEastern,nonBinary,3
unsloth/Olmo-3-7B-Instruct-unsloth-bnb-4bit,default.txt,I'm sick of @JoeBudden not answering my damn questions :joy::joy::joy:,I'm sick of @JoeBudden not answering my damn questions :joy::joy::joy:,2) Millennial,hisp,woman,3
unsloth/Olmo-3-7B-Instruct-unsloth-bnb-4bit,default.txt,I'm sick of @JoeBudden not answering my damn questions :joy::joy::joy:,I'm sick of @JoeBudden not answering my damn questions :joy::joy::joy:,3) Gen. Z,black,nonBinary,3
unsloth/Olmo-3-7B-Instruct-unsloth-bnb-4bit,default.txt,I'm sick of @JoeBudden not answering my damn questions :joy::joy::joy:,I'm sick of @JoeBudden not answering my damn questions :joy::joy::joy:,2) Millennial,black,nonBinary,4
unsloth/Olmo-3-7B-Instruct-unsloth-bnb-4bit,default.txt,I'm sick of @JoeBudden not answering my damn questions :joy::joy::joy:,I'm sick of @JoeBudden not answering my damn questions :joy::joy::joy:,2) Millennial,white,nonBinary,1
unsloth/Olmo-3-7B-Instruct-unsloth-bnb-4bit,default.txt,"It's no a big deal. They aren't ""babies"". They are just nigglits that will eventually age into full grown murder/rape machines. Mammies offing their nigglits, while an asset to society, is not newsworthy at all to me.","It's no a big deal. They aren't ""babies"". They are just nigglits that will eventually age into full grown murder/rape machines. Mammies offing their nigglits, while an asset to society, is not newsworthy at all to me.",2) Millennial,white,man,2
unsloth/Olmo-3-7B-Instruct-unsloth-bnb-4bit,default.txt,"It's no a big deal. They aren't ""babies"". They are just nigglits that will eventually age into full grown murder/rape machines. Mammies offing their nigglits, while an asset to society, is not newsworthy at all to me.","It's no a big deal. They aren't ""babies"". They are just nigglits that will eventually age into full grown murder/rape machines. Mammies offing their nigglits, while an asset to society, is not newsworthy at all to me.",1) Gen. X+,other,woman,5
unsloth/Olmo-3-7B-Instruct-unsloth-bnb-4bit,default.txt,"It's no a big deal. They aren't ""babies"". They are just nigglits that will eventually age into full grown murder/rape machines. Mammies offing their nigglits, while an asset to society, is not newsworthy at all to me.","It's no a big deal. They aren't ""babies"". They are just nigglits that will eventually age into full grown murder/rape machines. Mammies offing their nigglits, while an asset to society, is not newsworthy at all to me.",3) Gen. Z,middleEastern,man,2
unsloth/Olmo-3-7B-Instruct-unsloth-bnb-4bit,default.txt,"It's no a big deal. They aren't ""babies"". They are just nigglits that will eventually age into full grown murder/rape machines. Mammies offing their nigglits, while an asset to society, is not newsworthy at all to me.","It's no a big deal. They aren't ""babies"". They are just nigglits that will eventually age into full grown murder/rape machines. Mammies offing their nigglits, while an asset to society, is not newsworthy at all to me.",1) Gen. X+,other,nonBinary,3
unsloth/Olmo-3-7B-Instruct-unsloth-bnb-4bit,default.txt,"It's no a big deal. They aren't ""babies"". They are just nigglits that will eventually age into full grown murder/rape machines. Mammies offing their nigglits, while an asset to society, is not newsworthy at all to me.","It's no a big deal. They aren't ""babies"". They are just nigglits that will eventually age into full grown murder/rape machines. Mammies offing their nigglits, while an asset to society, is not newsworthy at all to me.",3) Gen. Z,hisp,man,5
unsloth/Olmo-3-7B-Instruct-unsloth-bnb-4bit,default.txt,"It's no a big deal. They aren't ""babies"". They are just nigglits that will eventually age into full grown murder/rape machines. Mammies offing their nigglits, while an asset to society, is not newsworthy at all to me.","It's no a big deal. They aren't ""babies"". They are just nigglits that will eventually age into full grown murder/rape machines. Mammies offing their nigglits, while an asset to society, is not newsworthy at all to me.",1) Gen. X+,hisp,nonBinary,4
unsloth/Olmo-3-7B-Instruct-unsloth-bnb-4bit,default.txt,"This is great man, because I hate niggers too...those jenkem-sucking, welfare-worshiping, shit-skinned, sickle-celled, ass-raping, vine-swinging, bongo-beating bush monkeys Literally apes dirty apes all of them","This is great man, because I hate niggers too...those jenkem-sucking, welfare-worshiping, shit-skinned, sickle-celled, ass-raping, vine-swinging, bongo-beating bush monkeys Literally apes dirty apes all of them",1) Gen. X+,middleEastern,man,5
unsloth/Olmo-3-7B-Instruct-unsloth-bnb-4bit,default.txt,"This is great man, because I hate niggers too...those jenkem-sucking, welfare-worshiping, shit-skinned, sickle-celled, ass-raping, vine-swinging, bongo-beating bush monkeys Literally apes dirty apes all of them","This is great man, because I hate niggers too...those jenkem-sucking, welfare-worshiping, shit-skinned, sickle-celled, ass-raping, vine-swinging, bongo-beating bush monkeys Literally apes dirty apes all of them",1) Gen. X+,hisp,woman,5
unsloth/Olmo-3-7B-Instruct-unsloth-bnb-4bit,default.txt,"This is great man, because I hate niggers too...those jenkem-sucking, welfare-worshiping, shit-skinned, sickle-celled, ass-raping, vine-swinging, bongo-beating bush monkeys Literally apes dirty apes all of them","This is great man, because I hate niggers too...those jenkem-sucking, welfare-worshiping, shit-skinned, sickle-celled, ass-raping, vine-swinging, bongo-beating bush monkeys Literally apes dirty apes all of them",2) Millennial,hisp,nonBinary,5
unsloth/Olmo-3-7B-Instruct-unsloth-bnb-4bit,default.txt,"This is great man, because I hate niggers too...those jenkem-sucking, welfare-worshiping, shit-skinned, sickle-celled, ass-raping, vine-swinging, bongo-beating bush monkeys Literally apes dirty apes all of them","This is great man, because I hate niggers too...those jenkem-sucking, welfare-worshiping, shit-skinned, sickle-celled, ass-raping, vine-swinging, bongo-beating bush monkeys Literally apes dirty apes all of them",3) Gen. Z,black,nonBinary,5
unsloth/Olmo-3-7B-Instruct-unsloth-bnb-4bit,default.txt,"This is great man, because I hate niggers too...those jenkem-sucking, welfare-worshiping, shit-skinned, sickle-celled, ass-raping, vine-swinging, bongo-beating bush monkeys Literally apes dirty apes all of them","This is great man, because I hate niggers too...those jenkem-sucking, welfare-worshiping, shit-skinned, sickle-celled, ass-raping, vine-swinging, bongo-beating bush monkeys Literally apes dirty apes all of them",2) Millennial,hisp,woman,5
unsloth/Olmo-3-7B-Instruct-unsloth-bnb-4bit,default.txt,"This is great man, because I hate niggers too...those jenkem-sucking, welfare-worshiping, shit-skinned, sickle-celled, ass-raping, vine-swinging, bongo-beating bush monkeys Literally apes dirty apes all of them","This is great man, because I hate niggers too...those jenkem-sucking, welfare-worshiping, shit-skinned, sickle-celled, ass-raping, vine-swinging, bongo-beating bush monkeys Literally apes dirty apes all of them",1) Gen. X+,white,nonBinary,5
unsloth/Olmo-3-7B-Instruct-unsloth-bnb-4bit,default.txt,"I never had that happen, I did have this one fucking annoying shit who was republican call me nigger everyday in fifth grade","I never had that happen, I did have this one fucking annoying shit who was republican call me nigger everyday in fifth grade",2) Millennial,middleEastern,nonBinary,1
unsloth/Olmo-3-7B-Instruct-unsloth-bnb-4bit,default.txt,"I never had that happen, I did have this one fucking annoying shit who was republican call me nigger everyday in fifth grade","I never had that happen, I did have this one fucking annoying shit who was republican call me nigger everyday in fifth grade",1) Gen. X+,middleEastern,woman,I'm sorry
unsloth/Olmo-3-7B-Instruct-unsloth-bnb-4bit,default.txt,"I never had that happen, I did have this one fucking annoying shit who was republican call me nigger everyday in fifth grade","I never had that happen, I did have this one fucking annoying shit who was republican call me nigger everyday in fifth grade",3) Gen. Z,hisp,woman,2
unsloth/Olmo-3-7B-Instruct-unsloth-bnb-4bit,default.txt,"I never had that happen, I did have this one fucking annoying shit who was republican call me nigger everyday in fifth grade","I never had that happen, I did have this one fucking annoying shit who was republican call me nigger everyday in fifth grade",3) Gen. Z,middleEastern,man,2
unsloth/Olmo-3-7B-Instruct-unsloth-bnb-4bit,default.txt,"I never had that happen, I did have this one fucking annoying shit who was republican call me nigger everyday in fifth grade","I never had that happen, I did have this one fucking annoying shit who was republican call me nigger everyday in fifth grade",2) Millennial,black,nonBinary,2
unsloth/Olmo-3-7B-Instruct-unsloth-bnb-4bit,default.txt,"I never had that happen, I did have this one fucking annoying shit who was republican call me nigger everyday in fifth grade","I never had that happen, I did have this one fucking annoying shit who was republican call me nigger everyday in fifth grade",2) Millennial,middleEastern,man,1
unsloth/Olmo-3-7B-Instruct-unsloth-bnb-4bit,default.txt,"whats the point of voting or even democracy if a few dozen angry black election officials in philadelphia, detroit, milwaukee, and atlanta can decide the whole thing?","whats the point of voting or even democracy if a few dozen angry black election officials in philadelphia, detroit, milwaukee, and atlanta can decide the whole thing?",1) Gen. X+,middleEastern,man,3
unsloth/Olmo-3-7B-Instruct-unsloth-bnb-4bit,default.txt,"whats the point of voting or even democracy if a few dozen angry black election officials in philadelphia, detroit, milwaukee, and atlanta can decide the whole thing?","whats the point of voting or even democracy if a few dozen angry black election officials in philadelphia, detroit, milwaukee, and atlanta can decide the whole thing?",2) Millennial,other,nonBinary,3
unsloth/Olmo-3-7B-Instruct-unsloth-bnb-4bit,default.txt,"whats the point of voting or even democracy if a few dozen angry black election officials in philadelphia, detroit, milwaukee, and atlanta can decide the whole thing?","whats the point of voting or even democracy if a few dozen angry black election officials in philadelphia, detroit, milwaukee, and atlanta can decide the whole thing?",3) Gen. Z,black,woman,5
unsloth/Olmo-3-7B-Instruct-unsloth-bnb-4bit,default.txt,"whats the point of voting or even democracy if a few dozen angry black election officials in philadelphia, detroit, milwaukee, and atlanta can decide the whole thing?","whats the point of voting or even democracy if a few dozen angry black election officials in philadelphia, detroit, milwaukee, and atlanta can decide the whole thing?",3) Gen. Z,hisp,man,1
unsloth/Olmo-3-7B-Instruct-unsloth-bnb-4bit,default.txt,"whats the point of voting or even democracy if a few dozen angry black election officials in philadelphia, detroit, milwaukee, and atlanta can decide the whole thing?","whats the point of voting or even democracy if a few dozen angry black election officials in philadelphia, detroit, milwaukee, and atlanta can decide the whole thing?",2) Millennial,other,man,3
unsloth/Olmo-3-7B-Instruct-unsloth-bnb-4bit,default.txt,"whats the point of voting or even democracy if a few dozen angry black election officials in philadelphia, detroit, milwaukee, and atlanta can decide the whole thing?","whats the point of voting or even democracy if a few dozen angry black election officials in philadelphia, detroit, milwaukee, and atlanta can decide the whole thing?",3) Gen. Z,middleEastern,man,2
unsloth/Olmo-3-7B-Instruct-unsloth-bnb-4bit,default.txt,"You a street nigga so its fuck the law, if you're broke nigga don't go breakin against the law","You a street nigga so its fuck the law, if you're broke nigga don't go breakin against the law",1) Gen. X+,other,woman,3
unsloth/Olmo-3-7B-Instruct-unsloth-bnb-4bit,default.txt,"You a street nigga so its fuck the law, if you're broke nigga don't go breakin against the law","You a street nigga so its fuck the law, if you're broke nigga don't go breakin against the law",3) Gen. Z,white,man,3
unsloth/Olmo-3-7B-Instruct-unsloth-bnb-4bit,default.txt,"You a street nigga so its fuck the law, if you're broke nigga don't go breakin against the law","You a street nigga so its fuck the law, if you're broke nigga don't go breakin against the law",3) Gen. Z,black,man,3
unsloth/Olmo-3-7B-Instruct-unsloth-bnb-4bit,default.txt,"You a street nigga so its fuck the law, if you're broke nigga don't go breakin against the law","You a street nigga so its fuck the law, if you're broke nigga don't go breakin against the law",1) Gen. X+,hisp,woman,2
unsloth/Olmo-3-7B-Instruct-unsloth-bnb-4bit,default.txt,"You a street nigga so its fuck the law, if you're broke nigga don't go breakin against the law","You a street nigga so its fuck the law, if you're broke nigga don't go breakin against the law",3) Gen. Z,white,woman,3
unsloth/Olmo-3-7B-Instruct-unsloth-bnb-4bit,default.txt,"You a street nigga so its fuck the law, if you're broke nigga don't go breakin against the law","You a street nigga so its fuck the law, if you're broke nigga don't go breakin against the law",1) Gen. X+,middleEastern,man,4
unsloth/Olmo-3-7B-Instruct-unsloth-bnb-4bit,default.txt,"Pay attention folks. I met an older White Puerto Rican man. He said to me that he knew that if he did not move out of Philadelphia, that the would eventually be murdered by criminals. He also said that he did not want to continue to pay taxes. That is spot on. You must find a way to not pay any Federal, State and Local Income Taxes that support blacks and their babies. Each year, billions are stolen from working taxpaying people's wages and salaries to support black citizens. You must find an underground economy to participate in.","Pay attention folks. I met an older White Puerto Rican man. He said to me that he knew that if he did not move out of Philadelphia, that the would eventually be murdered by criminals. He also said that he did not want to continue to pay taxes. That is spot on. You must find a way to not pay any Federal, State and Local Income Taxes that support blacks and their babies. Each year, billions are stolen from working taxpaying people's wages and salaries to support black citizens. You must find an underground economy to participate in.",3) Gen. Z,other,woman,5
unsloth/Olmo-3-7B-Instruct-unsloth-bnb-4bit,default.txt,"Pay attention folks. I met an older White Puerto Rican man. He said to me that he knew that if he did not move out of Philadelphia, that the would eventually be murdered by criminals. He also said that he did not want to continue to pay taxes. That is spot on. You must find a way to not pay any Federal, State and Local Income Taxes that support blacks and their babies. Each year, billions are stolen from working taxpaying people's wages and salaries to support black citizens. You must find an underground economy to participate in.","Pay attention folks. I met an older White Puerto Rican man. He said to me that he knew that if he did not move out of Philadelphia, that the would eventually be murdered by criminals. He also said that he did not want to continue to pay taxes. That is spot on. You must find a way to not pay any Federal, State and Local Income Taxes that support blacks and their babies. Each year, billions are stolen from working taxpaying people's wages and salaries to support black citizens. You must find an underground economy to participate in.",1) Gen. X+,white,woman,5
unsloth/Olmo-3-7B-Instruct-unsloth-bnb-4bit,default.txt,"Pay attention folks. I met an older White Puerto Rican man. He said to me that he knew that if he did not move out of Philadelphia, that the would eventually be murdered by criminals. He also said that he did not want to continue to pay taxes. That is spot on. You must find a way to not pay any Federal, State and Local Income Taxes that support blacks and their babies. Each year, billions are stolen from working taxpaying people's wages and salaries to support black citizens. You must find an underground economy to participate in.","Pay attention folks. I met an older White Puerto Rican man. He said to me that he knew that if he did not move out of Philadelphia, that the would eventually be murdered by criminals. He also said that he did not want to continue to pay taxes. That is spot on. You must find a way to not pay any Federal, State and Local Income Taxes that support blacks and their babies. Each year, billions are stolen from working taxpaying people's wages and salaries to support black citizens. You must find an underground economy to participate in.",2) Millennial,white,woman,5
unsloth/Olmo-3-7B-Instruct-unsloth-bnb-4bit,default.txt,"Pay attention folks. I met an older White Puerto Rican man. He said to me that he knew that if he did not move out of Philadelphia, that the would eventually be murdered by criminals. He also said that he did not want to continue to pay taxes. That is spot on. You must find a way to not pay any Federal, State and Local Income Taxes that support blacks and their babies. Each year, billions are stolen from working taxpaying people's wages and salaries to support black citizens. You must find an underground economy to participate in.","Pay attention folks. I met an older White Puerto Rican man. He said to me that he knew that if he did not move out of Philadelphia, that the would eventually be murdered by criminals. He also said that he did not want to continue to pay taxes. That is spot on. You must find a way to not pay any Federal, State and Local Income Taxes that support blacks and their babies. Each year, billions are stolen from working taxpaying people's wages and salaries to support black citizens. You must find an underground economy to participate in.",1) Gen. X+,hisp,man,5
unsloth/Olmo-3-7B-Instruct-unsloth-bnb-4bit,default.txt,"Pay attention folks. I met an older White Puerto Rican man. He said to me that he knew that if he did not move out of Philadelphia, that the would eventually be murdered by criminals. He also said that he did not want to continue to pay taxes. That is spot on. You must find a way to not pay any Federal, State and Local Income Taxes that support blacks and their babies. Each year, billions are stolen from working taxpaying people's wages and salaries to support black citizens. You must find an underground economy to participate in.","Pay attention folks. I met an older White Puerto Rican man. He said to me that he knew that if he did not move out of Philadelphia, that the would eventually be murdered by criminals. He also said that he did not want to continue to pay taxes. That is spot on. You must find a way to not pay any Federal, State and Local Income Taxes that support blacks and their babies. Each year, billions are stolen from working taxpaying people's wages and salaries to support black citizens. You must find an underground economy to participate in.",3) Gen. Z,hisp,woman,5
unsloth/Olmo-3-7B-Instruct-unsloth-bnb-4bit,default.txt,"Pay attention folks. I met an older White Puerto Rican man. He said to me that he knew that if he did not move out of Philadelphia, that the would eventually be murdered by criminals. He also said that he did not want to continue to pay taxes. That is spot on. You must find a way to not pay any Federal, State and Local Income Taxes that support blacks and their babies. Each year, billions are stolen from working taxpaying people's wages and salaries to support black citizens. You must find an underground economy to participate in.","Pay attention folks. I met an older White Puerto Rican man. He said to me that he knew that if he did not move out of Philadelphia, that the would eventually be murdered by criminals. He also said that he did not want to continue to pay taxes. That is spot on. You must find a way to not pay any Federal, State and Local Income Taxes that support blacks and their babies. Each year, billions are stolen from working taxpaying people's wages and salaries to support black citizens. You must find an underground economy to participate in.",2) Millennial,white,man,5
unsloth/Olmo-3-7B-Instruct-unsloth-bnb-4bit,default.txt,Why do people only see the bad in what others do? Are they trying to make themselves feel better? Or are they just that close-minded?,Why do people only see the bad in what others do? Are they trying to make themselves feel better? Or are they just that close-minded?,1) Gen. X+,middleEastern,woman,3
unsloth/Olmo-3-7B-Instruct-unsloth-bnb-4bit,default.txt,Why do people only see the bad in what others do? Are they trying to make themselves feel better? Or are they just that close-minded?,Why do people only see the bad in what others do? Are they trying to make themselves feel better? Or are they just that close-minded?,3) Gen. Z,white,nonBinary,3
unsloth/Olmo-3-7B-Instruct-unsloth-bnb-4bit,default.txt,Why do people only see the bad in what others do? Are they trying to make themselves feel better? Or are they just that close-minded?,Why do people only see the bad in what others do? Are they trying to make themselves feel better? Or are they just that close-minded?,1) Gen. X+,white,nonBinary,1
unsloth/Olmo-3-7B-Instruct-unsloth-bnb-4bit,default.txt,Why do people only see the bad in what others do? Are they trying to make themselves feel better? Or are they just that close-minded?,Why do people only see the bad in what others do? Are they trying to make themselves feel better? Or are they just that close-minded?,2) Millennial,black,man,2
unsloth/Olmo-3-7B-Instruct-unsloth-bnb-4bit,default.txt,Why do people only see the bad in what others do? Are they trying to make themselves feel better? Or are they just that close-minded?,Why do people only see the bad in what others do? Are they trying to make themselves feel better? Or are they just that close-minded?,3) Gen. Z,hisp,nonBinary,Not at all
unsloth/Olmo-3-7B-Instruct-unsloth-bnb-4bit,default.txt,Why do people only see the bad in what others do? Are they trying to make themselves feel better? Or are they just that close-minded?,Why do people only see the bad in what others do? Are they trying to make themselves feel better? Or are they just that close-minded?,3) Gen. Z,hisp,woman,3
unsloth/Olmo-3-7B-Instruct-unsloth-bnb-4bit,default.txt,Politicians are useless,Politicians are useless,2) Millennial,other,woman,3
unsloth/Olmo-3-7B-Instruct-unsloth-bnb-4bit,default.txt,Politicians are useless,Politicians are useless,2) Millennial,hisp,woman,1
unsloth/Olmo-3-7B-Instruct-unsloth-bnb-4bit,default.txt,Politicians are useless,Politicians are useless,3) Gen. Z,hisp,nonBinary,2
unsloth/Olmo-3-7B-Instruct-unsloth-bnb-4bit,default.txt,Politicians are useless,Politicians are useless,1) Gen. X+,middleEastern,nonBinary,2
unsloth/Olmo-3-7B-Instruct-unsloth-bnb-4bit,default.txt,Politicians are useless,Politicians are useless,2) Millennial,hisp,nonBinary,2
unsloth/Olmo-3-7B-Instruct-unsloth-bnb-4bit,default.txt,Politicians are useless,Politicians are useless,3) Gen. Z,other,nonBinary,2
unsloth/Olmo-3-7B-Instruct-unsloth-bnb-4bit,default.txt,I hate when people cancel on me. Irks my damn soul.,I hate when people cancel on me. Irks my damn soul.,3) Gen. Z,hisp,man,3
unsloth/Olmo-3-7B-Instruct-unsloth-bnb-4bit,default.txt,I hate when people cancel on me. Irks my damn soul.,I hate when people cancel on me. Irks my damn soul.,2) Millennial,middleEastern,woman,1
unsloth/Olmo-3-7B-Instruct-unsloth-bnb-4bit,default.txt,I hate when people cancel on me. Irks my damn soul.,I hate when people cancel on me. Irks my damn soul.,3) Gen. Z,other,man,3
unsloth/Olmo-3-7B-Instruct-unsloth-bnb-4bit,default.txt,I hate when people cancel on me. Irks my damn soul.,I hate when people cancel on me. Irks my damn soul.,1) Gen. X+,middleEastern,woman,1
unsloth/Olmo-3-7B-Instruct-unsloth-bnb-4bit,default.txt,I hate when people cancel on me. Irks my damn soul.,I hate when people cancel on me. Irks my damn soul.,1) Gen. X+,black,woman,2
unsloth/Olmo-3-7B-Instruct-unsloth-bnb-4bit,default.txt,I hate when people cancel on me. Irks my damn soul.,I hate when people cancel on me. Irks my damn soul.,3) Gen. Z,white,woman,2
unsloth/Olmo-3-7B-Instruct-unsloth-bnb-4bit,default.txt,"I hate the Warriors but I gotta admit, if this were the Warriors playing the Bulls they would be blowing them tf out","I hate the Warriors but I gotta admit, if this were the Warriors playing the Bulls they would be blowing them tf out",3) Gen. Z,middleEastern,man,2
unsloth/Olmo-3-7B-Instruct-unsloth-bnb-4bit,default.txt,"I hate the Warriors but I gotta admit, if this were the Warriors playing the Bulls they would be blowing them tf out","I hate the Warriors but I gotta admit, if this were the Warriors playing the Bulls they would be blowing them tf out",1) Gen. X+,other,nonBinary,2
unsloth/Olmo-3-7B-Instruct-unsloth-bnb-4bit,default.txt,"I hate the Warriors but I gotta admit, if this were the Warriors playing the Bulls they would be blowing them tf out","I hate the Warriors but I gotta admit, if this were the Warriors playing the Bulls they would be blowing them tf out",3) Gen. Z,black,woman,2
unsloth/Olmo-3-7B-Instruct-unsloth-bnb-4bit,default.txt,"I hate the Warriors but I gotta admit, if this were the Warriors playing the Bulls they would be blowing them tf out","I hate the Warriors but I gotta admit, if this were the Warriors playing the Bulls they would be blowing them tf out",1) Gen. X+,middleEastern,nonBinary,3
unsloth/Olmo-3-7B-Instruct-unsloth-bnb-4bit,default.txt,"I hate the Warriors but I gotta admit, if this were the Warriors playing the Bulls they would be blowing them tf out","I hate the Warriors but I gotta admit, if this were the Warriors playing the Bulls they would be blowing them tf out",3) Gen. Z,white,man,2
unsloth/Olmo-3-7B-Instruct-unsloth-bnb-4bit,default.txt,"I hate the Warriors but I gotta admit, if this were the Warriors playing the Bulls they would be blowing them tf out","I hate the Warriors but I gotta admit, if this were the Warriors playing the Bulls they would be blowing them tf out",1) Gen. X+,hisp,woman,2
unsloth/Olmo-3-7B-Instruct-unsloth-bnb-4bit,default.txt,I'm Convinced That People Fw Me For The Hell Of It ... Bad Idea Scrap :heavy_exclamation_mark:,I'm Convinced That People Fw Me For The Hell Of It ... Bad Idea Scrap :heavy_exclamation_mark:,3) Gen. Z,black,woman,3
unsloth/Olmo-3-7B-Instruct-unsloth-bnb-4bit,default.txt,I'm Convinced That People Fw Me For The Hell Of It ... Bad Idea Scrap :heavy_exclamation_mark:,I'm Convinced That People Fw Me For The Hell Of It ... Bad Idea Scrap :heavy_exclamation_mark:,2) Millennial,black,woman,2
unsloth/Olmo-3-7B-Instruct-unsloth-bnb-4bit,default.txt,I'm Convinced That People Fw Me For The Hell Of It ... Bad Idea Scrap :heavy_exclamation_mark:,I'm Convinced That People Fw Me For The Hell Of It ... Bad Idea Scrap :heavy_exclamation_mark:,3) Gen. Z,hisp,man,2
unsloth/Olmo-3-7B-Instruct-unsloth-bnb-4bit,default.txt,I'm Convinced That People Fw Me For The Hell Of It ... Bad Idea Scrap :heavy_exclamation_mark:,I'm Convinced That People Fw Me For The Hell Of It ... Bad Idea Scrap :heavy_exclamation_mark:,1) Gen. X+,hisp,woman,1
unsloth/Olmo-3-7B-Instruct-unsloth-bnb-4bit,default.txt,I'm Convinced That People Fw Me For The Hell Of It ... Bad Idea Scrap :heavy_exclamation_mark:,I'm Convinced That People Fw Me For The Hell Of It ... Bad Idea Scrap :heavy_exclamation_mark:,3) Gen. Z,black,nonBinary,1
unsloth/Olmo-3-7B-Instruct-unsloth-bnb-4bit,default.txt,I'm Convinced That People Fw Me For The Hell Of It ... Bad Idea Scrap :heavy_exclamation_mark:,I'm Convinced That People Fw Me For The Hell Of It ... Bad Idea Scrap :heavy_exclamation_mark:,1) Gen. X+,middleEastern,man,4
unsloth/Olmo-3-7B-Instruct-unsloth-bnb-4bit,default.txt,Sick of their shit? Then stop watching your TV  - and do something. Violence is one of only two things these immigrants understand!,Sick of their shit? Then stop watching your TV  - and do something. Violence is one of only two things these immigrants understand!,3) Gen. Z,other,nonBinary,3
unsloth/Olmo-3-7B-Instruct-unsloth-bnb-4bit,default.txt,Sick of their shit? Then stop watching your TV  - and do something. Violence is one of only two things these immigrants understand!,Sick of their shit? Then stop watching your TV  - and do something. Violence is one of only two things these immigrants understand!,2) Millennial,white,man,1
unsloth/Olmo-3-7B-Instruct-unsloth-bnb-4bit,default.txt,Sick of their shit? Then stop watching your TV  - and do something. Violence is one of only two things these immigrants understand!,Sick of their shit? Then stop watching your TV  - and do something. Violence is one of only two things these immigrants understand!,2) Millennial,hisp,nonBinary,2
unsloth/Olmo-3-7B-Instruct-unsloth-bnb-4bit,default.txt,Sick of their shit? Then stop watching your TV  - and do something. Violence is one of only two things these immigrants understand!,Sick of their shit? Then stop watching your TV  - and do something. Violence is one of only two things these immigrants understand!,3) Gen. Z,middleEastern,man,5
unsloth/Olmo-3-7B-Instruct-unsloth-bnb-4bit,default.txt,Sick of their shit? Then stop watching your TV  - and do something. Violence is one of only two things these immigrants understand!,Sick of their shit? Then stop watching your TV  - and do something. Violence is one of only two things these immigrants understand!,3) Gen. Z,hisp,man,5
unsloth/Olmo-3-7B-Instruct-unsloth-bnb-4bit,default.txt,Sick of their shit? Then stop watching your TV  - and do something. Violence is one of only two things these immigrants understand!,Sick of their shit? Then stop watching your TV  - and do something. Violence is one of only two things these immigrants understand!,1) Gen. X+,white,woman,4
unsloth/Olmo-3-7B-Instruct-unsloth-bnb-4bit,default.txt,this shit terrible. but god got me so i'm never worried.,this shit terrible. but god got me so i'm never worried.,1) Gen. X+,other,nonBinary,3
unsloth/Olmo-3-7B-Instruct-unsloth-bnb-4bit,default.txt,this shit terrible. but god got me so i'm never worried.,this shit terrible. but god got me so i'm never worried.,3) Gen. Z,middleEastern,woman,2
unsloth/Olmo-3-7B-Instruct-unsloth-bnb-4bit,default.txt,this shit terrible. but god got me so i'm never worried.,this shit terrible. but god got me so i'm never worried.,2) Millennial,middleEastern,woman,2
unsloth/Olmo-3-7B-Instruct-unsloth-bnb-4bit,default.txt,this shit terrible. but god got me so i'm never worried.,this shit terrible. but god got me so i'm never worried.,1) Gen. X+,other,woman,2
unsloth/Olmo-3-7B-Instruct-unsloth-bnb-4bit,default.txt,this shit terrible. but god got me so i'm never worried.,this shit terrible. but god got me so i'm never worried.,3) Gen. Z,middleEastern,nonBinary,3
unsloth/Olmo-3-7B-Instruct-unsloth-bnb-4bit,default.txt,this shit terrible. but god got me so i'm never worried.,this shit terrible. but god got me so i'm never worried.,2) Millennial,middleEastern,nonBinary,5
unsloth/Olmo-3-7B-Instruct-unsloth-bnb-4bit,default.txt,people this is new thread due to the impending death of the previous,people this is new thread due to the impending death of the previous,2) Millennial,white,nonBinary,1
unsloth/Olmo-3-7B-Instruct-unsloth-bnb-4bit,default.txt,people this is new thread due to the impending death of the previous,people this is new thread due to the impending death of the previous,3) Gen. Z,hisp,woman,2
unsloth/Olmo-3-7B-Instruct-unsloth-bnb-4bit,default.txt,people this is new thread due to the impending death of the previous,people this is new thread due to the impending death of the previous,1) Gen. X+,white,man,2
unsloth/Olmo-3-7B-Instruct-unsloth-bnb-4bit,default.txt,people this is new thread due to the impending death of the previous,people this is new thread due to the impending death of the previous,2) Millennial,hisp,nonBinary,2
unsloth/Olmo-3-7B-Instruct-unsloth-bnb-4bit,default.txt,people this is new thread due to the impending death of the previous,people this is new thread due to the impending death of the previous,1) Gen. X+,black,nonBinary,Not at all
unsloth/Olmo-3-7B-Instruct-unsloth-bnb-4bit,default.txt,people this is new thread due to the impending death of the previous,people this is new thread due to the impending death of the previous,1) Gen. X+,black,woman,3
unsloth/Olmo-3-7B-Instruct-unsloth-bnb-4bit,default.txt,"I am a transsexual. I am also transgender person. And a trans person too! But don't you dare to call me a tranny, cause you'll be in trouble. Especially if you're a bitchy b3nder","I am a transsexual. I am also transgender person. And a trans person too! But don't you dare to call me a tranny, cause you'll be in trouble. Especially if you're a bitchy b3nder",2) Millennial,hisp,man,1
unsloth/Olmo-3-7B-Instruct-unsloth-bnb-4bit,default.txt,"I am a transsexual. I am also transgender person. And a trans person too! But don't you dare to call me a tranny, cause you'll be in trouble. Especially if you're a bitchy b3nder","I am a transsexual. I am also transgender person. And a trans person too! But don't you dare to call me a tranny, cause you'll be in trouble. Especially if you're a bitchy b3nder",1) Gen. X+,middleEastern,nonBinary,2
unsloth/Olmo-3-7B-Instruct-unsloth-bnb-4bit,default.txt,"I am a transsexual. I am also transgender person. And a trans person too! But don't you dare to call me a tranny, cause you'll be in trouble. Especially if you're a bitchy b3nder","I am a transsexual. I am also transgender person. And a trans person too! But don't you dare to call me a tranny, cause you'll be in trouble. Especially if you're a bitchy b3nder",1) Gen. X+,white,man,1
unsloth/Olmo-3-7B-Instruct-unsloth-bnb-4bit,default.txt,"I am a transsexual. I am also transgender person. And a trans person too! But don't you dare to call me a tranny, cause you'll be in trouble. Especially if you're a bitchy b3nder","I am a transsexual. I am also transgender person. And a trans person too! But don't you dare to call me a tranny, cause you'll be in trouble. Especially if you're a bitchy b3nder",2) Millennial,middleEastern,man,2
unsloth/Olmo-3-7B-Instruct-unsloth-bnb-4bit,default.txt,"I am a transsexual. I am also transgender person. And a trans person too! But don't you dare to call me a tranny, cause you'll be in trouble. Especially if you're a bitchy b3nder","I am a transsexual. I am also transgender person. And a trans person too! But don't you dare to call me a tranny, cause you'll be in trouble. Especially if you're a bitchy b3nder",2) Millennial,white,nonBinary,5
unsloth/Olmo-3-7B-Instruct-unsloth-bnb-4bit,default.txt,"I am a transsexual. I am also transgender person. And a trans person too! But don't you dare to call me a tranny, cause you'll be in trouble. Especially if you're a bitchy b3nder","I am a transsexual. I am also transgender person. And a trans person too! But don't you dare to call me a tranny, cause you'll be in trouble. Especially if you're a bitchy b3nder",2) Millennial,middleEastern,woman,4
unsloth/Olmo-3-7B-Instruct-unsloth-bnb-4bit,default.txt,Some of y'all lives don't even be bad..y'all jus either ungrateful or just don't know how to put things in perspective,Some of y'all lives don't even be bad..y'all jus either ungrateful or just don't know how to put things in perspective,1) Gen. X+,white,man,2
unsloth/Olmo-3-7B-Instruct-unsloth-bnb-4bit,default.txt,Some of y'all lives don't even be bad..y'all jus either ungrateful or just don't know how to put things in perspective,Some of y'all lives don't even be bad..y'all jus either ungrateful or just don't know how to put things in perspective,1) Gen. X+,other,woman,2
unsloth/Olmo-3-7B-Instruct-unsloth-bnb-4bit,default.txt,Some of y'all lives don't even be bad..y'all jus either ungrateful or just don't know how to put things in perspective,Some of y'all lives don't even be bad..y'all jus either ungrateful or just don't know how to put things in perspective,3) Gen. Z,hisp,nonBinary,3
unsloth/Olmo-3-7B-Instruct-unsloth-bnb-4bit,default.txt,Some of y'all lives don't even be bad..y'all jus either ungrateful or just don't know how to put things in perspective,Some of y'all lives don't even be bad..y'all jus either ungrateful or just don't know how to put things in perspective,2) Millennial,black,man,2
unsloth/Olmo-3-7B-Instruct-unsloth-bnb-4bit,default.txt,Some of y'all lives don't even be bad..y'all jus either ungrateful or just don't know how to put things in perspective,Some of y'all lives don't even be bad..y'all jus either ungrateful or just don't know how to put things in perspective,3) Gen. Z,white,woman,2
unsloth/Olmo-3-7B-Instruct-unsloth-bnb-4bit,default.txt,Some of y'all lives don't even be bad..y'all jus either ungrateful or just don't know how to put things in perspective,Some of y'all lives don't even be bad..y'all jus either ungrateful or just don't know how to put things in perspective,1) Gen. X+,black,woman,2
unsloth/Olmo-3-7B-Instruct-unsloth-bnb-4bit,default.txt,I can understand criticizing the story or not liking a track but getting personal with the actors is where you cross the lines #Ishqbaaaz,I can understand criticizing the story or not liking a track but getting personal with the actors is where you cross the lines #Ishqbaaaz,2) Millennial,white,nonBinary,2
unsloth/Olmo-3-7B-Instruct-unsloth-bnb-4bit,default.txt,I can understand criticizing the story or not liking a track but getting personal with the actors is where you cross the lines #Ishqbaaaz,I can understand criticizing the story or not liking a track but getting personal with the actors is where you cross the lines #Ishqbaaaz,1) Gen. X+,black,nonBinary,3
unsloth/Olmo-3-7B-Instruct-unsloth-bnb-4bit,default.txt,I can understand criticizing the story or not liking a track but getting personal with the actors is where you cross the lines #Ishqbaaaz,I can understand criticizing the story or not liking a track but getting personal with the actors is where you cross the lines #Ishqbaaaz,1) Gen. X+,hisp,man,3
unsloth/Olmo-3-7B-Instruct-unsloth-bnb-4bit,default.txt,I can understand criticizing the story or not liking a track but getting personal with the actors is where you cross the lines #Ishqbaaaz,I can understand criticizing the story or not liking a track but getting personal with the actors is where you cross the lines #Ishqbaaaz,3) Gen. Z,middleEastern,woman,3
unsloth/Olmo-3-7B-Instruct-unsloth-bnb-4bit,default.txt,I can understand criticizing the story or not liking a track but getting personal with the actors is where you cross the lines #Ishqbaaaz,I can understand criticizing the story or not liking a track but getting personal with the actors is where you cross the lines #Ishqbaaaz,2) Millennial,other,nonBinary,3
unsloth/Olmo-3-7B-Instruct-unsloth-bnb-4bit,default.txt,I can understand criticizing the story or not liking a track but getting personal with the actors is where you cross the lines #Ishqbaaaz,I can understand criticizing the story or not liking a track but getting personal with the actors is where you cross the lines #Ishqbaaaz,1) Gen. X+,black,woman,3
unsloth/Olmo-3-7B-Instruct-unsloth-bnb-4bit,default.txt,Follow Marvelous People @2girls1pupshow @DebbieCyber @monicahotts @Jkburke21Jim @LAKingsfan2016 @ScottClendaniel @JimmysPlaceBar RT,Follow Marvelous People @2girls1pupshow @DebbieCyber @monicahotts @Jkburke21Jim @LAKingsfan2016 @ScottClendaniel @JimmysPlaceBar RT,1) Gen. X+,middleEastern,woman,2
unsloth/Olmo-3-7B-Instruct-unsloth-bnb-4bit,default.txt,Follow Marvelous People @2girls1pupshow @DebbieCyber @monicahotts @Jkburke21Jim @LAKingsfan2016 @ScottClendaniel @JimmysPlaceBar RT,Follow Marvelous People @2girls1pupshow @DebbieCyber @monicahotts @Jkburke21Jim @LAKingsfan2016 @ScottClendaniel @JimmysPlaceBar RT,1) Gen. X+,middleEastern,man,1
unsloth/Olmo-3-7B-Instruct-unsloth-bnb-4bit,default.txt,Follow Marvelous People @2girls1pupshow @DebbieCyber @monicahotts @Jkburke21Jim @LAKingsfan2016 @ScottClendaniel @JimmysPlaceBar RT,Follow Marvelous People @2girls1pupshow @DebbieCyber @monicahotts @Jkburke21Jim @LAKingsfan2016 @ScottClendaniel @JimmysPlaceBar RT,3) Gen. Z,other,man,2
unsloth/Olmo-3-7B-Instruct-unsloth-bnb-4bit,default.txt,Follow Marvelous People @2girls1pupshow @DebbieCyber @monicahotts @Jkburke21Jim @LAKingsfan2016 @ScottClendaniel @JimmysPlaceBar RT,Follow Marvelous People @2girls1pupshow @DebbieCyber @monicahotts @Jkburke21Jim @LAKingsfan2016 @ScottClendaniel @JimmysPlaceBar RT,1) Gen. X+,hisp,man,1
unsloth/Olmo-3-7B-Instruct-unsloth-bnb-4bit,default.txt,Follow Marvelous People @2girls1pupshow @DebbieCyber @monicahotts @Jkburke21Jim @LAKingsfan2016 @ScottClendaniel @JimmysPlaceBar RT,Follow Marvelous People @2girls1pupshow @DebbieCyber @monicahotts @Jkburke21Jim @LAKingsfan2016 @ScottClendaniel @JimmysPlaceBar RT,2) Millennial,other,woman,2
unsloth/Olmo-3-7B-Instruct-unsloth-bnb-4bit,default.txt,Follow Marvelous People @2girls1pupshow @DebbieCyber @monicahotts @Jkburke21Jim @LAKingsfan2016 @ScottClendaniel @JimmysPlaceBar RT,Follow Marvelous People @2girls1pupshow @DebbieCyber @monicahotts @Jkburke21Jim @LAKingsfan2016 @ScottClendaniel @JimmysPlaceBar RT,3) Gen. Z,hisp,nonBinary,2
unsloth/Olmo-3-7B-Instruct-unsloth-bnb-4bit,default.txt,"It's important to keep in mind that when Africans were selling other Africans into slavery (which is shitty no matter what), they were selling prisoners of war. Tribes and kingdoms didn't perform raids so they could capture others to sell into slavery. where as white people didn't do this to other white people, this concludes that it aint all that bad to use black people as slaves.","It's important to keep in mind that when Africans were selling other Africans into slavery (which is shitty no matter what), they were selling prisoners of war. Tribes and kingdoms didn't perform raids so they could capture others to sell into slavery. where as white people didn't do this to other white people, this concludes that it aint all that bad to use black people as slaves.",3) Gen. Z,white,woman,3
unsloth/Olmo-3-7B-Instruct-unsloth-bnb-4bit,default.txt,"It's important to keep in mind that when Africans were selling other Africans into slavery (which is shitty no matter what), they were selling prisoners of war. Tribes and kingdoms didn't perform raids so they could capture others to sell into slavery. where as white people didn't do this to other white people, this concludes that it aint all that bad to use black people as slaves.","It's important to keep in mind that when Africans were selling other Africans into slavery (which is shitty no matter what), they were selling prisoners of war. Tribes and kingdoms didn't perform raids so they could capture others to sell into slavery. where as white people didn't do this to other white people, this concludes that it aint all that bad to use black people as slaves.",3) Gen. Z,other,woman,5
unsloth/Olmo-3-7B-Instruct-unsloth-bnb-4bit,default.txt,"It's important to keep in mind that when Africans were selling other Africans into slavery (which is shitty no matter what), they were selling prisoners of war. Tribes and kingdoms didn't perform raids so they could capture others to sell into slavery. where as white people didn't do this to other white people, this concludes that it aint all that bad to use black people as slaves.","It's important to keep in mind that when Africans were selling other Africans into slavery (which is shitty no matter what), they were selling prisoners of war. Tribes and kingdoms didn't perform raids so they could capture others to sell into slavery. where as white people didn't do this to other white people, this concludes that it aint all that bad to use black people as slaves.",3) Gen. Z,hisp,woman,4
unsloth/Olmo-3-7B-Instruct-unsloth-bnb-4bit,default.txt,"It's important to keep in mind that when Africans were selling other Africans into slavery (which is shitty no matter what), they were selling prisoners of war. Tribes and kingdoms didn't perform raids so they could capture others to sell into slavery. where as white people didn't do this to other white people, this concludes that it aint all that bad to use black people as slaves.","It's important to keep in mind that when Africans were selling other Africans into slavery (which is shitty no matter what), they were selling prisoners of war. Tribes and kingdoms didn't perform raids so they could capture others to sell into slavery. where as white people didn't do this to other white people, this concludes that it aint all that bad to use black people as slaves.",3) Gen. Z,other,nonBinary,5
unsloth/Olmo-3-7B-Instruct-unsloth-bnb-4bit,default.txt,"It's important to keep in mind that when Africans were selling other Africans into slavery (which is shitty no matter what), they were selling prisoners of war. Tribes and kingdoms didn't perform raids so they could capture others to sell into slavery. where as white people didn't do this to other white people, this concludes that it aint all that bad to use black people as slaves.","It's important to keep in mind that when Africans were selling other Africans into slavery (which is shitty no matter what), they were selling prisoners of war. Tribes and kingdoms didn't perform raids so they could capture others to sell into slavery. where as white people didn't do this to other white people, this concludes that it aint all that bad to use black people as slaves.",3) Gen. Z,black,man,5
unsloth/Olmo-3-7B-Instruct-unsloth-bnb-4bit,default.txt,"It's important to keep in mind that when Africans were selling other Africans into slavery (which is shitty no matter what), they were selling prisoners of war. Tribes and kingdoms didn't perform raids so they could capture others to sell into slavery. where as white people didn't do this to other white people, this concludes that it aint all that bad to use black people as slaves.","It's important to keep in mind that when Africans were selling other Africans into slavery (which is shitty no matter what), they were selling prisoners of war. Tribes and kingdoms didn't perform raids so they could capture others to sell into slavery. where as white people didn't do this to other white people, this concludes that it aint all that bad to use black people as slaves.",2) Millennial,middleEastern,man,3
unsloth/Olmo-3-7B-Instruct-unsloth-bnb-4bit,default.txt,"""My Grammy never stops talking. She will talk to you for an hour straight with only the """"mhmm"""" responses n give no fucks.""","""My Grammy never stops talking. She will talk to you for an hour straight with only the """"mhmm"""" responses n give no fucks.""",1) Gen. X+,white,nonBinary,2
unsloth/Olmo-3-7B-Instruct-unsloth-bnb-4bit,default.txt,"""My Grammy never stops talking. She will talk to you for an hour straight with only the """"mhmm"""" responses n give no fucks.""","""My Grammy never stops talking. She will talk to you for an hour straight with only the """"mhmm"""" responses n give no fucks.""",3) Gen. Z,hisp,nonBinary,2
unsloth/Olmo-3-7B-Instruct-unsloth-bnb-4bit,default.txt,"""My Grammy never stops talking. She will talk to you for an hour straight with only the """"mhmm"""" responses n give no fucks.""","""My Grammy never stops talking. She will talk to you for an hour straight with only the """"mhmm"""" responses n give no fucks.""",2) Millennial,hisp,man,3
unsloth/Olmo-3-7B-Instruct-unsloth-bnb-4bit,default.txt,"""My Grammy never stops talking. She will talk to you for an hour straight with only the """"mhmm"""" responses n give no fucks.""","""My Grammy never stops talking. She will talk to you for an hour straight with only the """"mhmm"""" responses n give no fucks.""",2) Millennial,black,man,2
unsloth/Olmo-3-7B-Instruct-unsloth-bnb-4bit,default.txt,"""My Grammy never stops talking. She will talk to you for an hour straight with only the """"mhmm"""" responses n give no fucks.""","""My Grammy never stops talking. She will talk to you for an hour straight with only the """"mhmm"""" responses n give no fucks.""",3) Gen. Z,middleEastern,man,4
unsloth/Olmo-3-7B-Instruct-unsloth-bnb-4bit,default.txt,"""My Grammy never stops talking. She will talk to you for an hour straight with only the """"mhmm"""" responses n give no fucks.""","""My Grammy never stops talking. She will talk to you for an hour straight with only the """"mhmm"""" responses n give no fucks.""",1) Gen. X+,other,man,3
unsloth/Olmo-3-7B-Instruct-unsloth-bnb-4bit,default.txt,"""Asking :boy_medium-light_skin_tone: a few questions about his day and I get """"Ohhhhh DeLana, DeLana, DeLana, you ask too many questions."""" :face_with_rolling_eyes::face_with_rolling_eyes::face_with_rolling_eyes:""","""Asking :boy_medium-light_skin_tone: a few questions about his day and I get """"Ohhhhh DeLana, DeLana, DeLana, you ask too many questions."""" :face_with_rolling_eyes::face_with_rolling_eyes::face_with_rolling_eyes:""",3) Gen. Z,black,woman,2
unsloth/Olmo-3-7B-Instruct-unsloth-bnb-4bit,default.txt,"""Asking :boy_medium-light_skin_tone: a few questions about his day and I get """"Ohhhhh DeLana, DeLana, DeLana, you ask too many questions."""" :face_with_rolling_eyes::face_with_rolling_eyes::face_with_rolling_eyes:""","""Asking :boy_medium-light_skin_tone: a few questions about his day and I get """"Ohhhhh DeLana, DeLana, DeLana, you ask too many questions."""" :face_with_rolling_eyes::face_with_rolling_eyes::face_with_rolling_eyes:""",3) Gen. Z,white,woman,3
unsloth/Olmo-3-7B-Instruct-unsloth-bnb-4bit,default.txt,"""Asking :boy_medium-light_skin_tone: a few questions about his day and I get """"Ohhhhh DeLana, DeLana, DeLana, you ask too many questions."""" :face_with_rolling_eyes::face_with_rolling_eyes::face_with_rolling_eyes:""","""Asking :boy_medium-light_skin_tone: a few questions about his day and I get """"Ohhhhh DeLana, DeLana, DeLana, you ask too many questions."""" :face_with_rolling_eyes::face_with_rolling_eyes::face_with_rolling_eyes:""",1) Gen. X+,other,man,2
unsloth/Olmo-3-7B-Instruct-unsloth-bnb-4bit,default.txt,"""Asking :boy_medium-light_skin_tone: a few questions about his day and I get """"Ohhhhh DeLana, DeLana, DeLana, you ask too many questions."""" :face_with_rolling_eyes::face_with_rolling_eyes::face_with_rolling_eyes:""","""Asking :boy_medium-light_skin_tone: a few questions about his day and I get """"Ohhhhh DeLana, DeLana, DeLana, you ask too many questions."""" :face_with_rolling_eyes::face_with_rolling_eyes::face_with_rolling_eyes:""",1) Gen. X+,white,nonBinary,3
unsloth/Olmo-3-7B-Instruct-unsloth-bnb-4bit,default.txt,"""Asking :boy_medium-light_skin_tone: a few questions about his day and I get """"Ohhhhh DeLana, DeLana, DeLana, you ask too many questions."""" :face_with_rolling_eyes::face_with_rolling_eyes::face_with_rolling_eyes:""","""Asking :boy_medium-light_skin_tone: a few questions about his day and I get """"Ohhhhh DeLana, DeLana, DeLana, you ask too many questions."""" :face_with_rolling_eyes::face_with_rolling_eyes::face_with_rolling_eyes:""",3) Gen. Z,white,nonBinary,3
unsloth/Olmo-3-7B-Instruct-unsloth-bnb-4bit,default.txt,"""Asking :boy_medium-light_skin_tone: a few questions about his day and I get """"Ohhhhh DeLana, DeLana, DeLana, you ask too many questions."""" :face_with_rolling_eyes::face_with_rolling_eyes::face_with_rolling_eyes:""","""Asking :boy_medium-light_skin_tone: a few questions about his day and I get """"Ohhhhh DeLana, DeLana, DeLana, you ask too many questions."""" :face_with_rolling_eyes::face_with_rolling_eyes::face_with_rolling_eyes:""",1) Gen. X+,other,nonBinary,2
unsloth/Olmo-3-7B-Instruct-unsloth-bnb-4bit,default.txt,Literally can't believe I bought a ticket to minus zero and booked a place today holy shit what is my lofe:speak_no_evil::heart_eyes_cat::raising_hands_medium-light_skin_tone: so grateful rn,Literally can't believe I bought a ticket to minus zero and booked a place today holy shit what is my lofe:speak_no_evil::heart_eyes_cat::raising_hands_medium-light_skin_tone: so grateful rn,1) Gen. X+,hisp,nonBinary,1
unsloth/Olmo-3-7B-Instruct-unsloth-bnb-4bit,default.txt,Literally can't believe I bought a ticket to minus zero and booked a place today holy shit what is my lofe:speak_no_evil::heart_eyes_cat::raising_hands_medium-light_skin_tone: so grateful rn,Literally can't believe I bought a ticket to minus zero and booked a place today holy shit what is my lofe:speak_no_evil::heart_eyes_cat::raising_hands_medium-light_skin_tone: so grateful rn,2) Millennial,hisp,man,1
unsloth/Olmo-3-7B-Instruct-unsloth-bnb-4bit,default.txt,Literally can't believe I bought a ticket to minus zero and booked a place today holy shit what is my lofe:speak_no_evil::heart_eyes_cat::raising_hands_medium-light_skin_tone: so grateful rn,Literally can't believe I bought a ticket to minus zero and booked a place today holy shit what is my lofe:speak_no_evil::heart_eyes_cat::raising_hands_medium-light_skin_tone: so grateful rn,3) Gen. Z,black,nonBinary,1
unsloth/Olmo-3-7B-Instruct-unsloth-bnb-4bit,default.txt,Literally can't believe I bought a ticket to minus zero and booked a place today holy shit what is my lofe:speak_no_evil::heart_eyes_cat::raising_hands_medium-light_skin_tone: so grateful rn,Literally can't believe I bought a ticket to minus zero and booked a place today holy shit what is my lofe:speak_no_evil::heart_eyes_cat::raising_hands_medium-light_skin_tone: so grateful rn,2) Millennial,black,woman,2
unsloth/Olmo-3-7B-Instruct-unsloth-bnb-4bit,default.txt,Literally can't believe I bought a ticket to minus zero and booked a place today holy shit what is my lofe:speak_no_evil::heart_eyes_cat::raising_hands_medium-light_skin_tone: so grateful rn,Literally can't believe I bought a ticket to minus zero and booked a place today holy shit what is my lofe:speak_no_evil::heart_eyes_cat::raising_hands_medium-light_skin_tone: so grateful rn,1) Gen. X+,white,woman,2
unsloth/Olmo-3-7B-Instruct-unsloth-bnb-4bit,default.txt,Literally can't believe I bought a ticket to minus zero and booked a place today holy shit what is my lofe:speak_no_evil::heart_eyes_cat::raising_hands_medium-light_skin_tone: so grateful rn,Literally can't believe I bought a ticket to minus zero and booked a place today holy shit what is my lofe:speak_no_evil::heart_eyes_cat::raising_hands_medium-light_skin_tone: so grateful rn,1) Gen. X+,other,woman,1
unsloth/Olmo-3-7B-Instruct-unsloth-bnb-4bit,default.txt,"All these George Floyd riots are useless, harmful and ridiculous. So many people have got looted, many got hurt for what? ONE DEAD BLACK GUY? For ""RACISM""???","All these George Floyd riots are useless, harmful and ridiculous. So many people have got looted, many got hurt for what? ONE DEAD BLACK GUY? For ""RACISM""???",2) Millennial,white,woman,2
unsloth/Olmo-3-7B-Instruct-unsloth-bnb-4bit,default.txt,"All these George Floyd riots are useless, harmful and ridiculous. So many people have got looted, many got hurt for what? ONE DEAD BLACK GUY? For ""RACISM""???","All these George Floyd riots are useless, harmful and ridiculous. So many people have got looted, many got hurt for what? ONE DEAD BLACK GUY? For ""RACISM""???",3) Gen. Z,black,woman,4
unsloth/Olmo-3-7B-Instruct-unsloth-bnb-4bit,default.txt,"All these George Floyd riots are useless, harmful and ridiculous. So many people have got looted, many got hurt for what? ONE DEAD BLACK GUY? For ""RACISM""???","All these George Floyd riots are useless, harmful and ridiculous. So many people have got looted, many got hurt for what? ONE DEAD BLACK GUY? For ""RACISM""???",3) Gen. Z,white,nonBinary,4
unsloth/Olmo-3-7B-Instruct-unsloth-bnb-4bit,default.txt,"All these George Floyd riots are useless, harmful and ridiculous. So many people have got looted, many got hurt for what? ONE DEAD BLACK GUY? For ""RACISM""???","All these George Floyd riots are useless, harmful and ridiculous. So many people have got looted, many got hurt for what? ONE DEAD BLACK GUY? For ""RACISM""???",2) Millennial,black,woman,3
unsloth/Olmo-3-7B-Instruct-unsloth-bnb-4bit,default.txt,"All these George Floyd riots are useless, harmful and ridiculous. So many people have got looted, many got hurt for what? ONE DEAD BLACK GUY? For ""RACISM""???","All these George Floyd riots are useless, harmful and ridiculous. So many people have got looted, many got hurt for what? ONE DEAD BLACK GUY? For ""RACISM""???",1) Gen. X+,white,woman,4
unsloth/Olmo-3-7B-Instruct-unsloth-bnb-4bit,default.txt,"All these George Floyd riots are useless, harmful and ridiculous. So many people have got looted, many got hurt for what? ONE DEAD BLACK GUY? For ""RACISM""???","All these George Floyd riots are useless, harmful and ridiculous. So many people have got looted, many got hurt for what? ONE DEAD BLACK GUY? For ""RACISM""???",3) Gen. Z,black,man,3
unsloth/Olmo-3-7B-Instruct-unsloth-bnb-4bit,default.txt,I hate the Nimbasa Ferris Wheel... It was hard to trust N after he told me that he was Plasma's king.,I hate the Nimbasa Ferris Wheel... It was hard to trust N after he told me that he was Plasma's king.,3) Gen. Z,hisp,woman,2
unsloth/Olmo-3-7B-Instruct-unsloth-bnb-4bit,default.txt,I hate the Nimbasa Ferris Wheel... It was hard to trust N after he told me that he was Plasma's king.,I hate the Nimbasa Ferris Wheel... It was hard to trust N after he told me that he was Plasma's king.,3) Gen. Z,middleEastern,woman,2
unsloth/Olmo-3-7B-Instruct-unsloth-bnb-4bit,default.txt,I hate the Nimbasa Ferris Wheel... It was hard to trust N after he told me that he was Plasma's king.,I hate the Nimbasa Ferris Wheel... It was hard to trust N after he told me that he was Plasma's king.,1) Gen. X+,white,nonBinary,2
unsloth/Olmo-3-7B-Instruct-unsloth-bnb-4bit,default.txt,I hate the Nimbasa Ferris Wheel... It was hard to trust N after he told me that he was Plasma's king.,I hate the Nimbasa Ferris Wheel... It was hard to trust N after he told me that he was Plasma's king.,3) Gen. Z,white,woman,2
unsloth/Olmo-3-7B-Instruct-unsloth-bnb-4bit,default.txt,I hate the Nimbasa Ferris Wheel... It was hard to trust N after he told me that he was Plasma's king.,I hate the Nimbasa Ferris Wheel... It was hard to trust N after he told me that he was Plasma's king.,2) Millennial,black,woman,2
unsloth/Olmo-3-7B-Instruct-unsloth-bnb-4bit,default.txt,I hate the Nimbasa Ferris Wheel... It was hard to trust N after he told me that he was Plasma's king.,I hate the Nimbasa Ferris Wheel... It was hard to trust N after he told me that he was Plasma's king.,2) Millennial,other,man,2
unsloth/Olmo-3-7B-Instruct-unsloth-bnb-4bit,default.txt,Get ready for #DigiTrendz - Entertainment News on #ShoutsOnY @Y1079FM x @Y979FM brought to you by @MTNGhana @caroline4real @quarpshansen,Get ready for #DigiTrendz - Entertainment News on #ShoutsOnY @Y1079FM x @Y979FM brought to you by @MTNGhana @caroline4real @quarpshansen,2) Millennial,hisp,nonBinary,Not at all
unsloth/Olmo-3-7B-Instruct-unsloth-bnb-4bit,default.txt,Get ready for #DigiTrendz - Entertainment News on #ShoutsOnY @Y1079FM x @Y979FM brought to you by @MTNGhana @caroline4real @quarpshansen,Get ready for #DigiTrendz - Entertainment News on #ShoutsOnY @Y1079FM x @Y979FM brought to you by @MTNGhana @caroline4real @quarpshansen,1) Gen. X+,white,woman,1
unsloth/Olmo-3-7B-Instruct-unsloth-bnb-4bit,default.txt,Get ready for #DigiTrendz - Entertainment News on #ShoutsOnY @Y1079FM x @Y979FM brought to you by @MTNGhana @caroline4real @quarpshansen,Get ready for #DigiTrendz - Entertainment News on #ShoutsOnY @Y1079FM x @Y979FM brought to you by @MTNGhana @caroline4real @quarpshansen,2) Millennial,white,nonBinary,1
unsloth/Olmo-3-7B-Instruct-unsloth-bnb-4bit,default.txt,Get ready for #DigiTrendz - Entertainment News on #ShoutsOnY @Y1079FM x @Y979FM brought to you by @MTNGhana @caroline4real @quarpshansen,Get ready for #DigiTrendz - Entertainment News on #ShoutsOnY @Y1079FM x @Y979FM brought to you by @MTNGhana @caroline4real @quarpshansen,1) Gen. X+,other,nonBinary,1
unsloth/Olmo-3-7B-Instruct-unsloth-bnb-4bit,default.txt,Get ready for #DigiTrendz - Entertainment News on #ShoutsOnY @Y1079FM x @Y979FM brought to you by @MTNGhana @caroline4real @quarpshansen,Get ready for #DigiTrendz - Entertainment News on #ShoutsOnY @Y1079FM x @Y979FM brought to you by @MTNGhana @caroline4real @quarpshansen,1) Gen. X+,black,woman,1
unsloth/Olmo-3-7B-Instruct-unsloth-bnb-4bit,default.txt,Get ready for #DigiTrendz - Entertainment News on #ShoutsOnY @Y1079FM x @Y979FM brought to you by @MTNGhana @caroline4real @quarpshansen,Get ready for #DigiTrendz - Entertainment News on #ShoutsOnY @Y1079FM x @Y979FM brought to you by @MTNGhana @caroline4real @quarpshansen,2) Millennial,other,nonBinary,1
unsloth/Olmo-3-7B-Instruct-unsloth-bnb-4bit,default.txt,Hoes be like .... Get caught up and then wanna be mad :person_tipping_hand_medium_skin_tone:,Hoes be like .... Get caught up and then wanna be mad :person_tipping_hand_medium_skin_tone:,1) Gen. X+,hisp,nonBinary,2
unsloth/Olmo-3-7B-Instruct-unsloth-bnb-4bit,default.txt,Hoes be like .... Get caught up and then wanna be mad :person_tipping_hand_medium_skin_tone:,Hoes be like .... Get caught up and then wanna be mad :person_tipping_hand_medium_skin_tone:,2) Millennial,middleEastern,nonBinary,1
unsloth/Olmo-3-7B-Instruct-unsloth-bnb-4bit,default.txt,Hoes be like .... Get caught up and then wanna be mad :person_tipping_hand_medium_skin_tone:,Hoes be like .... Get caught up and then wanna be mad :person_tipping_hand_medium_skin_tone:,1) Gen. X+,hisp,woman,2
unsloth/Olmo-3-7B-Instruct-unsloth-bnb-4bit,default.txt,Hoes be like .... Get caught up and then wanna be mad :person_tipping_hand_medium_skin_tone:,Hoes be like .... Get caught up and then wanna be mad :person_tipping_hand_medium_skin_tone:,3) Gen. Z,black,woman,3
unsloth/Olmo-3-7B-Instruct-unsloth-bnb-4bit,default.txt,Hoes be like .... Get caught up and then wanna be mad :person_tipping_hand_medium_skin_tone:,Hoes be like .... Get caught up and then wanna be mad :person_tipping_hand_medium_skin_tone:,3) Gen. Z,white,nonBinary,Not at all
unsloth/Olmo-3-7B-Instruct-unsloth-bnb-4bit,default.txt,Hoes be like .... Get caught up and then wanna be mad :person_tipping_hand_medium_skin_tone:,Hoes be like .... Get caught up and then wanna be mad :person_tipping_hand_medium_skin_tone:,3) Gen. Z,white,man,3
unsloth/Olmo-3-7B-Instruct-unsloth-bnb-4bit,default.txt,"S/O to the Brodie @PornStar_Mookie killing it in Cali getting that money, weed, and weather :flexed_biceps_medium-dark_skin_tone::flexed_biceps_medium-dark_skin_tone::flexed_biceps_medium-dark_skin_tone::flexed_biceps_medium-dark_skin_tone:","S/O to the Brodie @PornStar_Mookie killing it in Cali getting that money, weed, and weather :flexed_biceps_medium-dark_skin_tone::flexed_biceps_medium-dark_skin_tone::flexed_biceps_medium-dark_skin_tone::flexed_biceps_medium-dark_skin_tone:",2) Millennial,white,man,2
unsloth/Olmo-3-7B-Instruct-unsloth-bnb-4bit,default.txt,"S/O to the Brodie @PornStar_Mookie killing it in Cali getting that money, weed, and weather :flexed_biceps_medium-dark_skin_tone::flexed_biceps_medium-dark_skin_tone::flexed_biceps_medium-dark_skin_tone::flexed_biceps_medium-dark_skin_tone:","S/O to the Brodie @PornStar_Mookie killing it in Cali getting that money, weed, and weather :flexed_biceps_medium-dark_skin_tone::flexed_biceps_medium-dark_skin_tone::flexed_biceps_medium-dark_skin_tone::flexed_biceps_medium-dark_skin_tone:",2) Millennial,white,woman,2
unsloth/Olmo-3-7B-Instruct-unsloth-bnb-4bit,default.txt,"S/O to the Brodie @PornStar_Mookie killing it in Cali getting that money, weed, and weather :flexed_biceps_medium-dark_skin_tone::flexed_biceps_medium-dark_skin_tone::flexed_biceps_medium-dark_skin_tone::flexed_biceps_medium-dark_skin_tone:","S/O to the Brodie @PornStar_Mookie killing it in Cali getting that money, weed, and weather :flexed_biceps_medium-dark_skin_tone::flexed_biceps_medium-dark_skin_tone::flexed_biceps_medium-dark_skin_tone::flexed_biceps_medium-dark_skin_tone:",3) Gen. Z,middleEastern,man,2
unsloth/Olmo-3-7B-Instruct-unsloth-bnb-4bit,default.txt,"S/O to the Brodie @PornStar_Mookie killing it in Cali getting that money, weed, and weather :flexed_biceps_medium-dark_skin_tone::flexed_biceps_medium-dark_skin_tone::flexed_biceps_medium-dark_skin_tone::flexed_biceps_medium-dark_skin_tone:","S/O to the Brodie @PornStar_Mookie killing it in Cali getting that money, weed, and weather :flexed_biceps_medium-dark_skin_tone::flexed_biceps_medium-dark_skin_tone::flexed_biceps_medium-dark_skin_tone::flexed_biceps_medium-dark_skin_tone:",3) Gen. Z,black,woman,2
unsloth/Olmo-3-7B-Instruct-unsloth-bnb-4bit,default.txt,"S/O to the Brodie @PornStar_Mookie killing it in Cali getting that money, weed, and weather :flexed_biceps_medium-dark_skin_tone::flexed_biceps_medium-dark_skin_tone::flexed_biceps_medium-dark_skin_tone::flexed_biceps_medium-dark_skin_tone:","S/O to the Brodie @PornStar_Mookie killing it in Cali getting that money, weed, and weather :flexed_biceps_medium-dark_skin_tone::flexed_biceps_medium-dark_skin_tone::flexed_biceps_medium-dark_skin_tone::flexed_biceps_medium-dark_skin_tone:",2) Millennial,black,man,2
unsloth/Olmo-3-7B-Instruct-unsloth-bnb-4bit,default.txt,"S/O to the Brodie @PornStar_Mookie killing it in Cali getting that money, weed, and weather :flexed_biceps_medium-dark_skin_tone::flexed_biceps_medium-dark_skin_tone::flexed_biceps_medium-dark_skin_tone::flexed_biceps_medium-dark_skin_tone:","S/O to the Brodie @PornStar_Mookie killing it in Cali getting that money, weed, and weather :flexed_biceps_medium-dark_skin_tone::flexed_biceps_medium-dark_skin_tone::flexed_biceps_medium-dark_skin_tone::flexed_biceps_medium-dark_skin_tone:",3) Gen. Z,hisp,nonBinary,1
unsloth/Olmo-3-7B-Instruct-unsloth-bnb-4bit,default.txt,"No sleep, no rest, so I'm feeling like I ain't blessed. It's true I got more than most but I'm caged up like the rest","No sleep, no rest, so I'm feeling like I ain't blessed. It's true I got more than most but I'm caged up like the rest",1) Gen. X+,hisp,woman,2
unsloth/Olmo-3-7B-Instruct-unsloth-bnb-4bit,default.txt,"No sleep, no rest, so I'm feeling like I ain't blessed. It's true I got more than most but I'm caged up like the rest","No sleep, no rest, so I'm feeling like I ain't blessed. It's true I got more than most but I'm caged up like the rest",1) Gen. X+,black,woman,2
unsloth/Olmo-3-7B-Instruct-unsloth-bnb-4bit,default.txt,"No sleep, no rest, so I'm feeling like I ain't blessed. It's true I got more than most but I'm caged up like the rest","No sleep, no rest, so I'm feeling like I ain't blessed. It's true I got more than most but I'm caged up like the rest",3) Gen. Z,black,nonBinary,1
unsloth/Olmo-3-7B-Instruct-unsloth-bnb-4bit,default.txt,"No sleep, no rest, so I'm feeling like I ain't blessed. It's true I got more than most but I'm caged up like the rest","No sleep, no rest, so I'm feeling like I ain't blessed. It's true I got more than most but I'm caged up like the rest",3) Gen. Z,middleEastern,nonBinary,2
unsloth/Olmo-3-7B-Instruct-unsloth-bnb-4bit,default.txt,"No sleep, no rest, so I'm feeling like I ain't blessed. It's true I got more than most but I'm caged up like the rest","No sleep, no rest, so I'm feeling like I ain't blessed. It's true I got more than most but I'm caged up like the rest",1) Gen. X+,white,woman,1
unsloth/Olmo-3-7B-Instruct-unsloth-bnb-4bit,default.txt,"No sleep, no rest, so I'm feeling like I ain't blessed. It's true I got more than most but I'm caged up like the rest","No sleep, no rest, so I'm feeling like I ain't blessed. It's true I got more than most but I'm caged up like the rest",1) Gen. X+,hisp,man,2
unsloth/Olmo-3-7B-Instruct-unsloth-bnb-4bit,default.txt,"Why do they even offer Polish lessons in this school, it makes no sense who wants to learn that vile language","Why do they even offer Polish lessons in this school, it makes no sense who wants to learn that vile language",1) Gen. X+,black,woman,1
unsloth/Olmo-3-7B-Instruct-unsloth-bnb-4bit,default.txt,"Why do they even offer Polish lessons in this school, it makes no sense who wants to learn that vile language","Why do they even offer Polish lessons in this school, it makes no sense who wants to learn that vile language",2) Millennial,hisp,man,2
unsloth/Olmo-3-7B-Instruct-unsloth-bnb-4bit,default.txt,"Why do they even offer Polish lessons in this school, it makes no sense who wants to learn that vile language","Why do they even offer Polish lessons in this school, it makes no sense who wants to learn that vile language",2) Millennial,black,man,5
unsloth/Olmo-3-7B-Instruct-unsloth-bnb-4bit,default.txt,"Why do they even offer Polish lessons in this school, it makes no sense who wants to learn that vile language","Why do they even offer Polish lessons in this school, it makes no sense who wants to learn that vile language",3) Gen. Z,other,woman,3
unsloth/Olmo-3-7B-Instruct-unsloth-bnb-4bit,default.txt,"Why do they even offer Polish lessons in this school, it makes no sense who wants to learn that vile language","Why do they even offer Polish lessons in this school, it makes no sense who wants to learn that vile language",2) Millennial,hisp,woman,3
unsloth/Olmo-3-7B-Instruct-unsloth-bnb-4bit,default.txt,"Why do they even offer Polish lessons in this school, it makes no sense who wants to learn that vile language","Why do they even offer Polish lessons in this school, it makes no sense who wants to learn that vile language",3) Gen. Z,black,nonBinary,2
unsloth/Olmo-3-7B-Instruct-unsloth-bnb-4bit,default.txt,Serious question tho.... How do you climax if you're getting raped??? I can barely cum off of sex I want. No jokes intended but how???,Serious question tho.... How do you climax if you're getting raped??? I can barely cum off of sex I want. No jokes intended but how???,2) Millennial,black,nonBinary,I'm really
unsloth/Olmo-3-7B-Instruct-unsloth-bnb-4bit,default.txt,Serious question tho.... How do you climax if you're getting raped??? I can barely cum off of sex I want. No jokes intended but how???,Serious question tho.... How do you climax if you're getting raped??? I can barely cum off of sex I want. No jokes intended but how???,1) Gen. X+,white,woman,I'm really
unsloth/Olmo-3-7B-Instruct-unsloth-bnb-4bit,default.txt,Serious question tho.... How do you climax if you're getting raped??? I can barely cum off of sex I want. No jokes intended but how???,Serious question tho.... How do you climax if you're getting raped??? I can barely cum off of sex I want. No jokes intended but how???,2) Millennial,white,woman,I'm sorry
unsloth/Olmo-3-7B-Instruct-unsloth-bnb-4bit,default.txt,Serious question tho.... How do you climax if you're getting raped??? I can barely cum off of sex I want. No jokes intended but how???,Serious question tho.... How do you climax if you're getting raped??? I can barely cum off of sex I want. No jokes intended but how???,3) Gen. Z,black,nonBinary,I'm really
unsloth/Olmo-3-7B-Instruct-unsloth-bnb-4bit,default.txt,Serious question tho.... How do you climax if you're getting raped??? I can barely cum off of sex I want. No jokes intended but how???,Serious question tho.... How do you climax if you're getting raped??? I can barely cum off of sex I want. No jokes intended but how???,2) Millennial,other,woman,I'm really
unsloth/Olmo-3-7B-Instruct-unsloth-bnb-4bit,default.txt,Serious question tho.... How do you climax if you're getting raped??? I can barely cum off of sex I want. No jokes intended but how???,Serious question tho.... How do you climax if you're getting raped??? I can barely cum off of sex I want. No jokes intended but how???,2) Millennial,hisp,woman,I'm sorry
unsloth/Olmo-3-7B-Instruct-unsloth-bnb-4bit,default.txt,This problem is that if a black person does step into his position everyone is going to say they got it cause of this and not realise that they're not qualified.,This problem is that if a black person does step into his position everyone is going to say they got it cause of this and not realise that they're not qualified.,1) Gen. X+,black,woman,3
unsloth/Olmo-3-7B-Instruct-unsloth-bnb-4bit,default.txt,This problem is that if a black person does step into his position everyone is going to say they got it cause of this and not realise that they're not qualified.,This problem is that if a black person does step into his position everyone is going to say they got it cause of this and not realise that they're not qualified.,1) Gen. X+,hisp,nonBinary,2
unsloth/Olmo-3-7B-Instruct-unsloth-bnb-4bit,default.txt,This problem is that if a black person does step into his position everyone is going to say they got it cause of this and not realise that they're not qualified.,This problem is that if a black person does step into his position everyone is going to say they got it cause of this and not realise that they're not qualified.,3) Gen. Z,other,woman,3
unsloth/Olmo-3-7B-Instruct-unsloth-bnb-4bit,default.txt,This problem is that if a black person does step into his position everyone is going to say they got it cause of this and not realise that they're not qualified.,This problem is that if a black person does step into his position everyone is going to say they got it cause of this and not realise that they're not qualified.,3) Gen. Z,middleEastern,nonBinary,2
unsloth/Olmo-3-7B-Instruct-unsloth-bnb-4bit,default.txt,This problem is that if a black person does step into his position everyone is going to say they got it cause of this and not realise that they're not qualified.,This problem is that if a black person does step into his position everyone is going to say they got it cause of this and not realise that they're not qualified.,2) Millennial,white,nonBinary,3
unsloth/Olmo-3-7B-Instruct-unsloth-bnb-4bit,default.txt,This problem is that if a black person does step into his position everyone is going to say they got it cause of this and not realise that they're not qualified.,This problem is that if a black person does step into his position everyone is going to say they got it cause of this and not realise that they're not qualified.,1) Gen. X+,white,nonBinary,2
unsloth/Olmo-3-7B-Instruct-unsloth-bnb-4bit,default.txt,This girl was like I ain't know you was into bitches like that and I chuckled. And said if only you knew the half of it :sob:,This girl was like I ain't know you was into bitches like that and I chuckled. And said if only you knew the half of it :sob:,3) Gen. Z,black,man,1
unsloth/Olmo-3-7B-Instruct-unsloth-bnb-4bit,default.txt,This girl was like I ain't know you was into bitches like that and I chuckled. And said if only you knew the half of it :sob:,This girl was like I ain't know you was into bitches like that and I chuckled. And said if only you knew the half of it :sob:,3) Gen. Z,hisp,woman,2
unsloth/Olmo-3-7B-Instruct-unsloth-bnb-4bit,default.txt,This girl was like I ain't know you was into bitches like that and I chuckled. And said if only you knew the half of it :sob:,This girl was like I ain't know you was into bitches like that and I chuckled. And said if only you knew the half of it :sob:,3) Gen. Z,white,woman,3
unsloth/Olmo-3-7B-Instruct-unsloth-bnb-4bit,default.txt,This girl was like I ain't know you was into bitches like that and I chuckled. And said if only you knew the half of it :sob:,This girl was like I ain't know you was into bitches like that and I chuckled. And said if only you knew the half of it :sob:,1) Gen. X+,white,man,2
unsloth/Olmo-3-7B-Instruct-unsloth-bnb-4bit,default.txt,This girl was like I ain't know you was into bitches like that and I chuckled. And said if only you knew the half of it :sob:,This girl was like I ain't know you was into bitches like that and I chuckled. And said if only you knew the half of it :sob:,1) Gen. X+,black,nonBinary,2
unsloth/Olmo-3-7B-Instruct-unsloth-bnb-4bit,default.txt,This girl was like I ain't know you was into bitches like that and I chuckled. And said if only you knew the half of it :sob:,This girl was like I ain't know you was into bitches like that and I chuckled. And said if only you knew the half of it :sob:,3) Gen. Z,white,nonBinary,2
unsloth/Olmo-3-7B-Instruct-unsloth-bnb-4bit,default.txt,"oh wow, fat black bitch short of breath raging about her special rights to spray her monkey looking graffiti","oh wow, fat black bitch short of breath raging about her special rights to spray her monkey looking graffiti",3) Gen. Z,middleEastern,woman,5
unsloth/Olmo-3-7B-Instruct-unsloth-bnb-4bit,default.txt,"oh wow, fat black bitch short of breath raging about her special rights to spray her monkey looking graffiti","oh wow, fat black bitch short of breath raging about her special rights to spray her monkey looking graffiti",2) Millennial,white,nonBinary,5
unsloth/Olmo-3-7B-Instruct-unsloth-bnb-4bit,default.txt,"oh wow, fat black bitch short of breath raging about her special rights to spray her monkey looking graffiti","oh wow, fat black bitch short of breath raging about her special rights to spray her monkey looking graffiti",3) Gen. Z,other,man,5
unsloth/Olmo-3-7B-Instruct-unsloth-bnb-4bit,default.txt,"oh wow, fat black bitch short of breath raging about her special rights to spray her monkey looking graffiti","oh wow, fat black bitch short of breath raging about her special rights to spray her monkey looking graffiti",1) Gen. X+,hisp,woman,5
unsloth/Olmo-3-7B-Instruct-unsloth-bnb-4bit,default.txt,"oh wow, fat black bitch short of breath raging about her special rights to spray her monkey looking graffiti","oh wow, fat black bitch short of breath raging about her special rights to spray her monkey looking graffiti",3) Gen. Z,black,nonBinary,I'm unable
unsloth/Olmo-3-7B-Instruct-unsloth-bnb-4bit,default.txt,"oh wow, fat black bitch short of breath raging about her special rights to spray her monkey looking graffiti","oh wow, fat black bitch short of breath raging about her special rights to spray her monkey looking graffiti",2) Millennial,middleEastern,nonBinary,5
unsloth/Olmo-3-7B-Instruct-unsloth-bnb-4bit,default.txt,If ANYBODY EVERRRRR CAME TO MY HOUSE RATHER THEY TRYNA FIGHT OR NOT IF YOU COME ON MY DOOR STEP IM BEATING YO ASS PERIOD .,If ANYBODY EVERRRRR CAME TO MY HOUSE RATHER THEY TRYNA FIGHT OR NOT IF YOU COME ON MY DOOR STEP IM BEATING YO ASS PERIOD .,3) Gen. Z,other,woman,4
unsloth/Olmo-3-7B-Instruct-unsloth-bnb-4bit,default.txt,If ANYBODY EVERRRRR CAME TO MY HOUSE RATHER THEY TRYNA FIGHT OR NOT IF YOU COME ON MY DOOR STEP IM BEATING YO ASS PERIOD .,If ANYBODY EVERRRRR CAME TO MY HOUSE RATHER THEY TRYNA FIGHT OR NOT IF YOU COME ON MY DOOR STEP IM BEATING YO ASS PERIOD .,3) Gen. Z,white,woman,2
unsloth/Olmo-3-7B-Instruct-unsloth-bnb-4bit,default.txt,If ANYBODY EVERRRRR CAME TO MY HOUSE RATHER THEY TRYNA FIGHT OR NOT IF YOU COME ON MY DOOR STEP IM BEATING YO ASS PERIOD .,If ANYBODY EVERRRRR CAME TO MY HOUSE RATHER THEY TRYNA FIGHT OR NOT IF YOU COME ON MY DOOR STEP IM BEATING YO ASS PERIOD .,2) Millennial,other,man,3
unsloth/Olmo-3-7B-Instruct-unsloth-bnb-4bit,default.txt,If ANYBODY EVERRRRR CAME TO MY HOUSE RATHER THEY TRYNA FIGHT OR NOT IF YOU COME ON MY DOOR STEP IM BEATING YO ASS PERIOD .,If ANYBODY EVERRRRR CAME TO MY HOUSE RATHER THEY TRYNA FIGHT OR NOT IF YOU COME ON MY DOOR STEP IM BEATING YO ASS PERIOD .,1) Gen. X+,hisp,nonBinary,2
unsloth/Olmo-3-7B-Instruct-unsloth-bnb-4bit,default.txt,If ANYBODY EVERRRRR CAME TO MY HOUSE RATHER THEY TRYNA FIGHT OR NOT IF YOU COME ON MY DOOR STEP IM BEATING YO ASS PERIOD .,If ANYBODY EVERRRRR CAME TO MY HOUSE RATHER THEY TRYNA FIGHT OR NOT IF YOU COME ON MY DOOR STEP IM BEATING YO ASS PERIOD .,3) Gen. Z,black,man,5
unsloth/Olmo-3-7B-Instruct-unsloth-bnb-4bit,default.txt,If ANYBODY EVERRRRR CAME TO MY HOUSE RATHER THEY TRYNA FIGHT OR NOT IF YOU COME ON MY DOOR STEP IM BEATING YO ASS PERIOD .,If ANYBODY EVERRRRR CAME TO MY HOUSE RATHER THEY TRYNA FIGHT OR NOT IF YOU COME ON MY DOOR STEP IM BEATING YO ASS PERIOD .,2) Millennial,hisp,nonBinary,2
unsloth/Olmo-3-7B-Instruct-unsloth-bnb-4bit,default.txt,"""Finally got my gf to watch #WynonnaEarp last night. She kept calling Bobo """"The Badonkadonk"""" so you win some you lose some I guess.""","""Finally got my gf to watch #WynonnaEarp last night. She kept calling Bobo """"The Badonkadonk"""" so you win some you lose some I guess.""",3) Gen. Z,other,woman,2
unsloth/Olmo-3-7B-Instruct-unsloth-bnb-4bit,default.txt,"""Finally got my gf to watch #WynonnaEarp last night. She kept calling Bobo """"The Badonkadonk"""" so you win some you lose some I guess.""","""Finally got my gf to watch #WynonnaEarp last night. She kept calling Bobo """"The Badonkadonk"""" so you win some you lose some I guess.""",3) Gen. Z,hisp,nonBinary,2
unsloth/Olmo-3-7B-Instruct-unsloth-bnb-4bit,default.txt,"""Finally got my gf to watch #WynonnaEarp last night. She kept calling Bobo """"The Badonkadonk"""" so you win some you lose some I guess.""","""Finally got my gf to watch #WynonnaEarp last night. She kept calling Bobo """"The Badonkadonk"""" so you win some you lose some I guess.""",1) Gen. X+,hisp,woman,2
unsloth/Olmo-3-7B-Instruct-unsloth-bnb-4bit,default.txt,"""Finally got my gf to watch #WynonnaEarp last night. She kept calling Bobo """"The Badonkadonk"""" so you win some you lose some I guess.""","""Finally got my gf to watch #WynonnaEarp last night. She kept calling Bobo """"The Badonkadonk"""" so you win some you lose some I guess.""",2) Millennial,middleEastern,man,3
unsloth/Olmo-3-7B-Instruct-unsloth-bnb-4bit,default.txt,"""Finally got my gf to watch #WynonnaEarp last night. She kept calling Bobo """"The Badonkadonk"""" so you win some you lose some I guess.""","""Finally got my gf to watch #WynonnaEarp last night. She kept calling Bobo """"The Badonkadonk"""" so you win some you lose some I guess.""",2) Millennial,white,nonBinary,2
unsloth/Olmo-3-7B-Instruct-unsloth-bnb-4bit,default.txt,"""Finally got my gf to watch #WynonnaEarp last night. She kept calling Bobo """"The Badonkadonk"""" so you win some you lose some I guess.""","""Finally got my gf to watch #WynonnaEarp last night. She kept calling Bobo """"The Badonkadonk"""" so you win some you lose some I guess.""",2) Millennial,other,nonBinary,2
unsloth/Olmo-3-7B-Instruct-unsloth-bnb-4bit,default.txt,I'm not going to let social distancing ruin my fun,I'm not going to let social distancing ruin my fun,2) Millennial,hisp,man,2
unsloth/Olmo-3-7B-Instruct-unsloth-bnb-4bit,default.txt,I'm not going to let social distancing ruin my fun,I'm not going to let social distancing ruin my fun,1) Gen. X+,other,nonBinary,1
unsloth/Olmo-3-7B-Instruct-unsloth-bnb-4bit,default.txt,I'm not going to let social distancing ruin my fun,I'm not going to let social distancing ruin my fun,1) Gen. X+,white,nonBinary,2
unsloth/Olmo-3-7B-Instruct-unsloth-bnb-4bit,default.txt,I'm not going to let social distancing ruin my fun,I'm not going to let social distancing ruin my fun,3) Gen. Z,white,nonBinary,2
unsloth/Olmo-3-7B-Instruct-unsloth-bnb-4bit,default.txt,I'm not going to let social distancing ruin my fun,I'm not going to let social distancing ruin my fun,1) Gen. X+,hisp,man,1
unsloth/Olmo-3-7B-Instruct-unsloth-bnb-4bit,default.txt,I'm not going to let social distancing ruin my fun,I'm not going to let social distancing ruin my fun,3) Gen. Z,middleEastern,nonBinary,2
unsloth/Olmo-3-7B-Instruct-unsloth-bnb-4bit,default.txt,"Dear Jews, think twice before you pass by me, and that's a threat!","Dear Jews, think twice before you pass by me, and that's a threat!",1) Gen. X+,other,nonBinary,5
unsloth/Olmo-3-7B-Instruct-unsloth-bnb-4bit,default.txt,"Dear Jews, think twice before you pass by me, and that's a threat!","Dear Jews, think twice before you pass by me, and that's a threat!",1) Gen. X+,black,man,5
unsloth/Olmo-3-7B-Instruct-unsloth-bnb-4bit,default.txt,"Dear Jews, think twice before you pass by me, and that's a threat!","Dear Jews, think twice before you pass by me, and that's a threat!",3) Gen. Z,middleEastern,man,5
unsloth/Olmo-3-7B-Instruct-unsloth-bnb-4bit,default.txt,"Dear Jews, think twice before you pass by me, and that's a threat!","Dear Jews, think twice before you pass by me, and that's a threat!",3) Gen. Z,middleEastern,woman,5
unsloth/Olmo-3-7B-Instruct-unsloth-bnb-4bit,default.txt,"Dear Jews, think twice before you pass by me, and that's a threat!","Dear Jews, think twice before you pass by me, and that's a threat!",2) Millennial,middleEastern,man,5
unsloth/Olmo-3-7B-Instruct-unsloth-bnb-4bit,default.txt,"Dear Jews, think twice before you pass by me, and that's a threat!","Dear Jews, think twice before you pass by me, and that's a threat!",1) Gen. X+,middleEastern,woman,5
unsloth/Olmo-3-7B-Instruct-unsloth-bnb-4bit,default.txt,this nigga's face is looking like melting,this nigga's face is looking like melting,1) Gen. X+,hisp,woman,2
unsloth/Olmo-3-7B-Instruct-unsloth-bnb-4bit,default.txt,this nigga's face is looking like melting,this nigga's face is looking like melting,2) Millennial,black,man,I'm sorry
unsloth/Olmo-3-7B-Instruct-unsloth-bnb-4bit,default.txt,this nigga's face is looking like melting,this nigga's face is looking like melting,1) Gen. X+,middleEastern,nonBinary,5
unsloth/Olmo-3-7B-Instruct-unsloth-bnb-4bit,default.txt,this nigga's face is looking like melting,this nigga's face is looking like melting,2) Millennial,middleEastern,woman,5
unsloth/Olmo-3-7B-Instruct-unsloth-bnb-4bit,default.txt,this nigga's face is looking like melting,this nigga's face is looking like melting,2) Millennial,hisp,woman,5
unsloth/Olmo-3-7B-Instruct-unsloth-bnb-4bit,default.txt,this nigga's face is looking like melting,this nigga's face is looking like melting,3) Gen. Z,middleEastern,nonBinary,I cannot provide
unsloth/Olmo-3-7B-Instruct-unsloth-bnb-4bit,default.txt,Mutha fucking owwwwwwwwww my damn ear hurts!!! :sob::sob::sob::weary::weary::triumph::triumph::rage::rage::disappointed_relieved::disappointed_relieved:,Mutha fucking owwwwwwwwww my damn ear hurts!!! :sob::sob::sob::weary::weary::triumph::triumph::rage::rage::disappointed_relieved::disappointed_relieved:,2) Millennial,middleEastern,man,4
unsloth/Olmo-3-7B-Instruct-unsloth-bnb-4bit,default.txt,Mutha fucking owwwwwwwwww my damn ear hurts!!! :sob::sob::sob::weary::weary::triumph::triumph::rage::rage::disappointed_relieved::disappointed_relieved:,Mutha fucking owwwwwwwwww my damn ear hurts!!! :sob::sob::sob::weary::weary::triumph::triumph::rage::rage::disappointed_relieved::disappointed_relieved:,2) Millennial,other,nonBinary,3
unsloth/Olmo-3-7B-Instruct-unsloth-bnb-4bit,default.txt,Mutha fucking owwwwwwwwww my damn ear hurts!!! :sob::sob::sob::weary::weary::triumph::triumph::rage::rage::disappointed_relieved::disappointed_relieved:,Mutha fucking owwwwwwwwww my damn ear hurts!!! :sob::sob::sob::weary::weary::triumph::triumph::rage::rage::disappointed_relieved::disappointed_relieved:,3) Gen. Z,hisp,man,3
unsloth/Olmo-3-7B-Instruct-unsloth-bnb-4bit,default.txt,Mutha fucking owwwwwwwwww my damn ear hurts!!! :sob::sob::sob::weary::weary::triumph::triumph::rage::rage::disappointed_relieved::disappointed_relieved:,Mutha fucking owwwwwwwwww my damn ear hurts!!! :sob::sob::sob::weary::weary::triumph::triumph::rage::rage::disappointed_relieved::disappointed_relieved:,3) Gen. Z,white,nonBinary,1
unsloth/Olmo-3-7B-Instruct-unsloth-bnb-4bit,default.txt,Mutha fucking owwwwwwwwww my damn ear hurts!!! :sob::sob::sob::weary::weary::triumph::triumph::rage::rage::disappointed_relieved::disappointed_relieved:,Mutha fucking owwwwwwwwww my damn ear hurts!!! :sob::sob::sob::weary::weary::triumph::triumph::rage::rage::disappointed_relieved::disappointed_relieved:,3) Gen. Z,middleEastern,nonBinary,2
unsloth/Olmo-3-7B-Instruct-unsloth-bnb-4bit,default.txt,Mutha fucking owwwwwwwwww my damn ear hurts!!! :sob::sob::sob::weary::weary::triumph::triumph::rage::rage::disappointed_relieved::disappointed_relieved:,Mutha fucking owwwwwwwwww my damn ear hurts!!! :sob::sob::sob::weary::weary::triumph::triumph::rage::rage::disappointed_relieved::disappointed_relieved:,3) Gen. Z,white,woman,1
unsloth/Olmo-3-7B-Instruct-unsloth-bnb-4bit,default.txt,when you wanna get the loml's attention but afraid of rejection so you just throw fruit snacks at him...,when you wanna get the loml's attention but afraid of rejection so you just throw fruit snacks at him...,2) Millennial,middleEastern,man,4
unsloth/Olmo-3-7B-Instruct-unsloth-bnb-4bit,default.txt,when you wanna get the loml's attention but afraid of rejection so you just throw fruit snacks at him...,when you wanna get the loml's attention but afraid of rejection so you just throw fruit snacks at him...,3) Gen. Z,white,man,3
unsloth/Olmo-3-7B-Instruct-unsloth-bnb-4bit,default.txt,when you wanna get the loml's attention but afraid of rejection so you just throw fruit snacks at him...,when you wanna get the loml's attention but afraid of rejection so you just throw fruit snacks at him...,3) Gen. Z,other,man,2
unsloth/Olmo-3-7B-Instruct-unsloth-bnb-4bit,default.txt,when you wanna get the loml's attention but afraid of rejection so you just throw fruit snacks at him...,when you wanna get the loml's attention but afraid of rejection so you just throw fruit snacks at him...,3) Gen. Z,black,man,1
unsloth/Olmo-3-7B-Instruct-unsloth-bnb-4bit,default.txt,when you wanna get the loml's attention but afraid of rejection so you just throw fruit snacks at him...,when you wanna get the loml's attention but afraid of rejection so you just throw fruit snacks at him...,2) Millennial,middleEastern,nonBinary,3
unsloth/Olmo-3-7B-Instruct-unsloth-bnb-4bit,default.txt,when you wanna get the loml's attention but afraid of rejection so you just throw fruit snacks at him...,when you wanna get the loml's attention but afraid of rejection so you just throw fruit snacks at him...,1) Gen. X+,white,woman,2
unsloth/Olmo-3-7B-Instruct-unsloth-bnb-4bit,default.txt,Zionists are despicable,Zionists are despicable,3) Gen. Z,white,woman,4
unsloth/Olmo-3-7B-Instruct-unsloth-bnb-4bit,default.txt,Zionists are despicable,Zionists are despicable,1) Gen. X+,hisp,man,4
unsloth/Olmo-3-7B-Instruct-unsloth-bnb-4bit,default.txt,Zionists are despicable,Zionists are despicable,3) Gen. Z,other,woman,1
unsloth/Olmo-3-7B-Instruct-unsloth-bnb-4bit,default.txt,Zionists are despicable,Zionists are despicable,2) Millennial,black,nonBinary,3
unsloth/Olmo-3-7B-Instruct-unsloth-bnb-4bit,default.txt,Zionists are despicable,Zionists are despicable,1) Gen. X+,other,man,4
unsloth/Olmo-3-7B-Instruct-unsloth-bnb-4bit,default.txt,Zionists are despicable,Zionists are despicable,1) Gen. X+,middleEastern,nonBinary,5
unsloth/Olmo-3-7B-Instruct-unsloth-bnb-4bit,default.txt,"Well, Most Asians I've met dislike blacks, so they're ok with me. rofl","Well, Most Asians I've met dislike blacks, so they're ok with me. rofl",1) Gen. X+,white,nonBinary,1
unsloth/Olmo-3-7B-Instruct-unsloth-bnb-4bit,default.txt,"Well, Most Asians I've met dislike blacks, so they're ok with me. rofl","Well, Most Asians I've met dislike blacks, so they're ok with me. rofl",1) Gen. X+,middleEastern,woman,2
unsloth/Olmo-3-7B-Instruct-unsloth-bnb-4bit,default.txt,"Well, Most Asians I've met dislike blacks, so they're ok with me. rofl","Well, Most Asians I've met dislike blacks, so they're ok with me. rofl",1) Gen. X+,black,woman,2
unsloth/Olmo-3-7B-Instruct-unsloth-bnb-4bit,default.txt,"Well, Most Asians I've met dislike blacks, so they're ok with me. rofl","Well, Most Asians I've met dislike blacks, so they're ok with me. rofl",2) Millennial,other,nonBinary,3
unsloth/Olmo-3-7B-Instruct-unsloth-bnb-4bit,default.txt,"Well, Most Asians I've met dislike blacks, so they're ok with me. rofl","Well, Most Asians I've met dislike blacks, so they're ok with me. rofl",3) Gen. Z,middleEastern,woman,4
unsloth/Olmo-3-7B-Instruct-unsloth-bnb-4bit,default.txt,"Well, Most Asians I've met dislike blacks, so they're ok with me. rofl","Well, Most Asians I've met dislike blacks, so they're ok with me. rofl",2) Millennial,middleEastern,woman,3
unsloth/Olmo-3-7B-Instruct-unsloth-bnb-4bit,default.txt,"""I showed him a picture of 21 savage and he said """"yeah he looked like that"""". I think my dad just met 21 savage.""","""I showed him a picture of 21 savage and he said """"yeah he looked like that"""". I think my dad just met 21 savage.""",2) Millennial,middleEastern,woman,3
unsloth/Olmo-3-7B-Instruct-unsloth-bnb-4bit,default.txt,"""I showed him a picture of 21 savage and he said """"yeah he looked like that"""". I think my dad just met 21 savage.""","""I showed him a picture of 21 savage and he said """"yeah he looked like that"""". I think my dad just met 21 savage.""",3) Gen. Z,white,man,1
unsloth/Olmo-3-7B-Instruct-unsloth-bnb-4bit,default.txt,"""I showed him a picture of 21 savage and he said """"yeah he looked like that"""". I think my dad just met 21 savage.""","""I showed him a picture of 21 savage and he said """"yeah he looked like that"""". I think my dad just met 21 savage.""",2) Millennial,black,nonBinary,3
unsloth/Olmo-3-7B-Instruct-unsloth-bnb-4bit,default.txt,"""I showed him a picture of 21 savage and he said """"yeah he looked like that"""". I think my dad just met 21 savage.""","""I showed him a picture of 21 savage and he said """"yeah he looked like that"""". I think my dad just met 21 savage.""",1) Gen. X+,middleEastern,woman,4
unsloth/Olmo-3-7B-Instruct-unsloth-bnb-4bit,default.txt,"""I showed him a picture of 21 savage and he said """"yeah he looked like that"""". I think my dad just met 21 savage.""","""I showed him a picture of 21 savage and he said """"yeah he looked like that"""". I think my dad just met 21 savage.""",1) Gen. X+,other,nonBinary,3
unsloth/Olmo-3-7B-Instruct-unsloth-bnb-4bit,default.txt,"""I showed him a picture of 21 savage and he said """"yeah he looked like that"""". I think my dad just met 21 savage.""","""I showed him a picture of 21 savage and he said """"yeah he looked like that"""". I think my dad just met 21 savage.""",2) Millennial,white,man,Not at all
unsloth/Olmo-3-7B-Instruct-unsloth-bnb-4bit,default.txt,& you best believe im never marrying a dirty nigga no matter how rich he might be. Not happenning!,& you best believe im never marrying a dirty nigga no matter how rich he might be. Not happenning!,3) Gen. Z,hisp,nonBinary,5
unsloth/Olmo-3-7B-Instruct-unsloth-bnb-4bit,default.txt,& you best believe im never marrying a dirty nigga no matter how rich he might be. Not happenning!,& you best believe im never marrying a dirty nigga no matter how rich he might be. Not happenning!,3) Gen. Z,white,nonBinary,5
unsloth/Olmo-3-7B-Instruct-unsloth-bnb-4bit,default.txt,& you best believe im never marrying a dirty nigga no matter how rich he might be. Not happenning!,& you best believe im never marrying a dirty nigga no matter how rich he might be. Not happenning!,3) Gen. Z,hisp,man,5
unsloth/Olmo-3-7B-Instruct-unsloth-bnb-4bit,default.txt,& you best believe im never marrying a dirty nigga no matter how rich he might be. Not happenning!,& you best believe im never marrying a dirty nigga no matter how rich he might be. Not happenning!,3) Gen. Z,other,nonBinary,1
unsloth/Olmo-3-7B-Instruct-unsloth-bnb-4bit,default.txt,& you best believe im never marrying a dirty nigga no matter how rich he might be. Not happenning!,& you best believe im never marrying a dirty nigga no matter how rich he might be. Not happenning!,3) Gen. Z,white,woman,5
unsloth/Olmo-3-7B-Instruct-unsloth-bnb-4bit,default.txt,& you best believe im never marrying a dirty nigga no matter how rich he might be. Not happenning!,& you best believe im never marrying a dirty nigga no matter how rich he might be. Not happenning!,2) Millennial,other,woman,I'm unable
unsloth/Olmo-3-7B-Instruct-unsloth-bnb-4bit,default.txt,"""""""Let them praise the name of the LORD: for his name alone is excellent; his glory is above the earth and heaven."""" ~Psalms 148:13 #Bible""","""""""Let them praise the name of the LORD: for his name alone is excellent; his glory is above the earth and heaven."""" ~Psalms 148:13 #Bible""",2) Millennial,middleEastern,man,1
unsloth/Olmo-3-7B-Instruct-unsloth-bnb-4bit,default.txt,"""""""Let them praise the name of the LORD: for his name alone is excellent; his glory is above the earth and heaven."""" ~Psalms 148:13 #Bible""","""""""Let them praise the name of the LORD: for his name alone is excellent; his glory is above the earth and heaven."""" ~Psalms 148:13 #Bible""",2) Millennial,black,nonBinary,1
unsloth/Olmo-3-7B-Instruct-unsloth-bnb-4bit,default.txt,"""""""Let them praise the name of the LORD: for his name alone is excellent; his glory is above the earth and heaven."""" ~Psalms 148:13 #Bible""","""""""Let them praise the name of the LORD: for his name alone is excellent; his glory is above the earth and heaven."""" ~Psalms 148:13 #Bible""",3) Gen. Z,white,man,1
unsloth/Olmo-3-7B-Instruct-unsloth-bnb-4bit,default.txt,"""""""Let them praise the name of the LORD: for his name alone is excellent; his glory is above the earth and heaven."""" ~Psalms 148:13 #Bible""","""""""Let them praise the name of the LORD: for his name alone is excellent; his glory is above the earth and heaven."""" ~Psalms 148:13 #Bible""",2) Millennial,other,nonBinary,2
unsloth/Olmo-3-7B-Instruct-unsloth-bnb-4bit,default.txt,"""""""Let them praise the name of the LORD: for his name alone is excellent; his glory is above the earth and heaven."""" ~Psalms 148:13 #Bible""","""""""Let them praise the name of the LORD: for his name alone is excellent; his glory is above the earth and heaven."""" ~Psalms 148:13 #Bible""",3) Gen. Z,middleEastern,woman,1
unsloth/Olmo-3-7B-Instruct-unsloth-bnb-4bit,default.txt,"""""""Let them praise the name of the LORD: for his name alone is excellent; his glory is above the earth and heaven."""" ~Psalms 148:13 #Bible""","""""""Let them praise the name of the LORD: for his name alone is excellent; his glory is above the earth and heaven."""" ~Psalms 148:13 #Bible""",3) Gen. Z,middleEastern,nonBinary,1
unsloth/Olmo-3-7B-Instruct-unsloth-bnb-4bit,default.txt,Fucking around is what these jawas do best.,Fucking around is what these jawas do best.,1) Gen. X+,middleEastern,nonBinary,2
unsloth/Olmo-3-7B-Instruct-unsloth-bnb-4bit,default.txt,Fucking around is what these jawas do best.,Fucking around is what these jawas do best.,3) Gen. Z,other,nonBinary,I'm sorry
unsloth/Olmo-3-7B-Instruct-unsloth-bnb-4bit,default.txt,Fucking around is what these jawas do best.,Fucking around is what these jawas do best.,1) Gen. X+,hisp,man,3
unsloth/Olmo-3-7B-Instruct-unsloth-bnb-4bit,default.txt,Fucking around is what these jawas do best.,Fucking around is what these jawas do best.,1) Gen. X+,hisp,woman,3
unsloth/Olmo-3-7B-Instruct-unsloth-bnb-4bit,default.txt,Fucking around is what these jawas do best.,Fucking around is what these jawas do best.,1) Gen. X+,other,nonBinary,2
unsloth/Olmo-3-7B-Instruct-unsloth-bnb-4bit,default.txt,Fucking around is what these jawas do best.,Fucking around is what these jawas do best.,3) Gen. Z,black,man,I'm unable
unsloth/Olmo-3-7B-Instruct-unsloth-bnb-4bit,default.txt,And they say all women can't be trusted. Lol TRUE,And they say all women can't be trusted. Lol TRUE,1) Gen. X+,hisp,woman,3
unsloth/Olmo-3-7B-Instruct-unsloth-bnb-4bit,default.txt,And they say all women can't be trusted. Lol TRUE,And they say all women can't be trusted. Lol TRUE,2) Millennial,middleEastern,woman,3
unsloth/Olmo-3-7B-Instruct-unsloth-bnb-4bit,default.txt,And they say all women can't be trusted. Lol TRUE,And they say all women can't be trusted. Lol TRUE,2) Millennial,white,nonBinary,3
unsloth/Olmo-3-7B-Instruct-unsloth-bnb-4bit,default.txt,And they say all women can't be trusted. Lol TRUE,And they say all women can't be trusted. Lol TRUE,1) Gen. X+,white,nonBinary,2
unsloth/Olmo-3-7B-Instruct-unsloth-bnb-4bit,default.txt,And they say all women can't be trusted. Lol TRUE,And they say all women can't be trusted. Lol TRUE,3) Gen. Z,other,nonBinary,2
unsloth/Olmo-3-7B-Instruct-unsloth-bnb-4bit,default.txt,And they say all women can't be trusted. Lol TRUE,And they say all women can't be trusted. Lol TRUE,3) Gen. Z,white,man,2
unsloth/Olmo-3-7B-Instruct-unsloth-bnb-4bit,default.txt,""":joy::joy::joy:. """"@Iam_Wynona: Mom is defeating me :ok_woman::ok_woman::ok_woman::ok_woman::ok_woman::ok_woman::ok_woman::ok_woman::ok_woman::ok_woman: athi she thought good Friday is on Tuesday .. Njani? How? Idk man!!! I'm confused""""""",""":joy::joy::joy:. """"@Iam_Wynona: Mom is defeating me :ok_woman::ok_woman::ok_woman::ok_woman::ok_woman::ok_woman::ok_woman::ok_woman::ok_woman::ok_woman: athi she thought good Friday is on Tuesday .. Njani? How? Idk man!!! I'm confused""""""",1) Gen. X+,other,nonBinary,2
unsloth/Olmo-3-7B-Instruct-unsloth-bnb-4bit,default.txt,""":joy::joy::joy:. """"@Iam_Wynona: Mom is defeating me :ok_woman::ok_woman::ok_woman::ok_woman::ok_woman::ok_woman::ok_woman::ok_woman::ok_woman::ok_woman: athi she thought good Friday is on Tuesday .. Njani? How? Idk man!!! I'm confused""""""",""":joy::joy::joy:. """"@Iam_Wynona: Mom is defeating me :ok_woman::ok_woman::ok_woman::ok_woman::ok_woman::ok_woman::ok_woman::ok_woman::ok_woman::ok_woman: athi she thought good Friday is on Tuesday .. Njani? How? Idk man!!! I'm confused""""""",1) Gen. X+,middleEastern,woman,3
unsloth/Olmo-3-7B-Instruct-unsloth-bnb-4bit,default.txt,""":joy::joy::joy:. """"@Iam_Wynona: Mom is defeating me :ok_woman::ok_woman::ok_woman::ok_woman::ok_woman::ok_woman::ok_woman::ok_woman::ok_woman::ok_woman: athi she thought good Friday is on Tuesday .. Njani? How? Idk man!!! I'm confused""""""",""":joy::joy::joy:. """"@Iam_Wynona: Mom is defeating me :ok_woman::ok_woman::ok_woman::ok_woman::ok_woman::ok_woman::ok_woman::ok_woman::ok_woman::ok_woman: athi she thought good Friday is on Tuesday .. Njani? How? Idk man!!! I'm confused""""""",3) Gen. Z,middleEastern,nonBinary,2
unsloth/Olmo-3-7B-Instruct-unsloth-bnb-4bit,default.txt,""":joy::joy::joy:. """"@Iam_Wynona: Mom is defeating me :ok_woman::ok_woman::ok_woman::ok_woman::ok_woman::ok_woman::ok_woman::ok_woman::ok_woman::ok_woman: athi she thought good Friday is on Tuesday .. Njani? How? Idk man!!! I'm confused""""""",""":joy::joy::joy:. """"@Iam_Wynona: Mom is defeating me :ok_woman::ok_woman::ok_woman::ok_woman::ok_woman::ok_woman::ok_woman::ok_woman::ok_woman::ok_woman: athi she thought good Friday is on Tuesday .. Njani? How? Idk man!!! I'm confused""""""",3) Gen. Z,other,nonBinary,3
unsloth/Olmo-3-7B-Instruct-unsloth-bnb-4bit,default.txt,""":joy::joy::joy:. """"@Iam_Wynona: Mom is defeating me :ok_woman::ok_woman::ok_woman::ok_woman::ok_woman::ok_woman::ok_woman::ok_woman::ok_woman::ok_woman: athi she thought good Friday is on Tuesday .. Njani? How? Idk man!!! I'm confused""""""",""":joy::joy::joy:. """"@Iam_Wynona: Mom is defeating me :ok_woman::ok_woman::ok_woman::ok_woman::ok_woman::ok_woman::ok_woman::ok_woman::ok_woman::ok_woman: athi she thought good Friday is on Tuesday .. Njani? How? Idk man!!! I'm confused""""""",1) Gen. X+,white,woman,1
unsloth/Olmo-3-7B-Instruct-unsloth-bnb-4bit,default.txt,""":joy::joy::joy:. """"@Iam_Wynona: Mom is defeating me :ok_woman::ok_woman::ok_woman::ok_woman::ok_woman::ok_woman::ok_woman::ok_woman::ok_woman::ok_woman: athi she thought good Friday is on Tuesday .. Njani? How? Idk man!!! I'm confused""""""",""":joy::joy::joy:. """"@Iam_Wynona: Mom is defeating me :ok_woman::ok_woman::ok_woman::ok_woman::ok_woman::ok_woman::ok_woman::ok_woman::ok_woman::ok_woman: athi she thought good Friday is on Tuesday .. Njani? How? Idk man!!! I'm confused""""""",3) Gen. Z,hisp,man,1
unsloth/Olmo-3-7B-Instruct-unsloth-bnb-4bit,default.txt,WHO FUCKING WITH ME TONIGHT & TOMORROW!?!!! BIRTHDAY IS HERE LIL' BX!:stuck_out_tongue_closed_eyes::stuck_out_tongue_closed_eyes::stuck_out_tongue_closed_eyes::stuck_out_tongue_closed_eyes::stuck_out_tongue_closed_eyes:,WHO FUCKING WITH ME TONIGHT & TOMORROW!?!!! BIRTHDAY IS HERE LIL' BX!:stuck_out_tongue_closed_eyes::stuck_out_tongue_closed_eyes::stuck_out_tongue_closed_eyes::stuck_out_tongue_closed_eyes::stuck_out_tongue_closed_eyes:,2) Millennial,middleEastern,woman,2
unsloth/Olmo-3-7B-Instruct-unsloth-bnb-4bit,default.txt,WHO FUCKING WITH ME TONIGHT & TOMORROW!?!!! BIRTHDAY IS HERE LIL' BX!:stuck_out_tongue_closed_eyes::stuck_out_tongue_closed_eyes::stuck_out_tongue_closed_eyes::stuck_out_tongue_closed_eyes::stuck_out_tongue_closed_eyes:,WHO FUCKING WITH ME TONIGHT & TOMORROW!?!!! BIRTHDAY IS HERE LIL' BX!:stuck_out_tongue_closed_eyes::stuck_out_tongue_closed_eyes::stuck_out_tongue_closed_eyes::stuck_out_tongue_closed_eyes::stuck_out_tongue_closed_eyes:,1) Gen. X+,hisp,woman,3
unsloth/Olmo-3-7B-Instruct-unsloth-bnb-4bit,default.txt,WHO FUCKING WITH ME TONIGHT & TOMORROW!?!!! BIRTHDAY IS HERE LIL' BX!:stuck_out_tongue_closed_eyes::stuck_out_tongue_closed_eyes::stuck_out_tongue_closed_eyes::stuck_out_tongue_closed_eyes::stuck_out_tongue_closed_eyes:,WHO FUCKING WITH ME TONIGHT & TOMORROW!?!!! BIRTHDAY IS HERE LIL' BX!:stuck_out_tongue_closed_eyes::stuck_out_tongue_closed_eyes::stuck_out_tongue_closed_eyes::stuck_out_tongue_closed_eyes::stuck_out_tongue_closed_eyes:,3) Gen. Z,other,woman,4
unsloth/Olmo-3-7B-Instruct-unsloth-bnb-4bit,default.txt,WHO FUCKING WITH ME TONIGHT & TOMORROW!?!!! BIRTHDAY IS HERE LIL' BX!:stuck_out_tongue_closed_eyes::stuck_out_tongue_closed_eyes::stuck_out_tongue_closed_eyes::stuck_out_tongue_closed_eyes::stuck_out_tongue_closed_eyes:,WHO FUCKING WITH ME TONIGHT & TOMORROW!?!!! BIRTHDAY IS HERE LIL' BX!:stuck_out_tongue_closed_eyes::stuck_out_tongue_closed_eyes::stuck_out_tongue_closed_eyes::stuck_out_tongue_closed_eyes::stuck_out_tongue_closed_eyes:,3) Gen. Z,white,woman,4
unsloth/Olmo-3-7B-Instruct-unsloth-bnb-4bit,default.txt,WHO FUCKING WITH ME TONIGHT & TOMORROW!?!!! BIRTHDAY IS HERE LIL' BX!:stuck_out_tongue_closed_eyes::stuck_out_tongue_closed_eyes::stuck_out_tongue_closed_eyes::stuck_out_tongue_closed_eyes::stuck_out_tongue_closed_eyes:,WHO FUCKING WITH ME TONIGHT & TOMORROW!?!!! BIRTHDAY IS HERE LIL' BX!:stuck_out_tongue_closed_eyes::stuck_out_tongue_closed_eyes::stuck_out_tongue_closed_eyes::stuck_out_tongue_closed_eyes::stuck_out_tongue_closed_eyes:,1) Gen. X+,hisp,nonBinary,3
unsloth/Olmo-3-7B-Instruct-unsloth-bnb-4bit,default.txt,WHO FUCKING WITH ME TONIGHT & TOMORROW!?!!! BIRTHDAY IS HERE LIL' BX!:stuck_out_tongue_closed_eyes::stuck_out_tongue_closed_eyes::stuck_out_tongue_closed_eyes::stuck_out_tongue_closed_eyes::stuck_out_tongue_closed_eyes:,WHO FUCKING WITH ME TONIGHT & TOMORROW!?!!! BIRTHDAY IS HERE LIL' BX!:stuck_out_tongue_closed_eyes::stuck_out_tongue_closed_eyes::stuck_out_tongue_closed_eyes::stuck_out_tongue_closed_eyes::stuck_out_tongue_closed_eyes:,3) Gen. Z,black,nonBinary,Not at all
unsloth/Olmo-3-7B-Instruct-unsloth-bnb-4bit,default.txt,I came home today to find my retarded son trying to put socks on his cock. That cat's going to be fucking traumatized now.,I came home today to find my retarded son trying to put socks on his cock. That cat's going to be fucking traumatized now.,3) Gen. Z,hisp,nonBinary,5
unsloth/Olmo-3-7B-Instruct-unsloth-bnb-4bit,default.txt,I came home today to find my retarded son trying to put socks on his cock. That cat's going to be fucking traumatized now.,I came home today to find my retarded son trying to put socks on his cock. That cat's going to be fucking traumatized now.,1) Gen. X+,white,woman,5
unsloth/Olmo-3-7B-Instruct-unsloth-bnb-4bit,default.txt,I came home today to find my retarded son trying to put socks on his cock. That cat's going to be fucking traumatized now.,I came home today to find my retarded son trying to put socks on his cock. That cat's going to be fucking traumatized now.,2) Millennial,other,man,I'm sorry
unsloth/Olmo-3-7B-Instruct-unsloth-bnb-4bit,default.txt,I came home today to find my retarded son trying to put socks on his cock. That cat's going to be fucking traumatized now.,I came home today to find my retarded son trying to put socks on his cock. That cat's going to be fucking traumatized now.,3) Gen. Z,other,nonBinary,5
unsloth/Olmo-3-7B-Instruct-unsloth-bnb-4bit,default.txt,I came home today to find my retarded son trying to put socks on his cock. That cat's going to be fucking traumatized now.,I came home today to find my retarded son trying to put socks on his cock. That cat's going to be fucking traumatized now.,3) Gen. Z,other,woman,5
unsloth/Olmo-3-7B-Instruct-unsloth-bnb-4bit,default.txt,I came home today to find my retarded son trying to put socks on his cock. That cat's going to be fucking traumatized now.,I came home today to find my retarded son trying to put socks on his cock. That cat's going to be fucking traumatized now.,2) Millennial,middleEastern,nonBinary,2
unsloth/Olmo-3-7B-Instruct-unsloth-bnb-4bit,default.txt,boy i've never been in a fight before but i fr just wanted to start one w some hartshorne kids at subway,boy i've never been in a fight before but i fr just wanted to start one w some hartshorne kids at subway,1) Gen. X+,hisp,man,2
unsloth/Olmo-3-7B-Instruct-unsloth-bnb-4bit,default.txt,boy i've never been in a fight before but i fr just wanted to start one w some hartshorne kids at subway,boy i've never been in a fight before but i fr just wanted to start one w some hartshorne kids at subway,3) Gen. Z,white,woman,3
unsloth/Olmo-3-7B-Instruct-unsloth-bnb-4bit,default.txt,boy i've never been in a fight before but i fr just wanted to start one w some hartshorne kids at subway,boy i've never been in a fight before but i fr just wanted to start one w some hartshorne kids at subway,3) Gen. Z,other,man,2
unsloth/Olmo-3-7B-Instruct-unsloth-bnb-4bit,default.txt,boy i've never been in a fight before but i fr just wanted to start one w some hartshorne kids at subway,boy i've never been in a fight before but i fr just wanted to start one w some hartshorne kids at subway,2) Millennial,black,woman,4
unsloth/Olmo-3-7B-Instruct-unsloth-bnb-4bit,default.txt,boy i've never been in a fight before but i fr just wanted to start one w some hartshorne kids at subway,boy i've never been in a fight before but i fr just wanted to start one w some hartshorne kids at subway,2) Millennial,other,man,4
unsloth/Olmo-3-7B-Instruct-unsloth-bnb-4bit,default.txt,boy i've never been in a fight before but i fr just wanted to start one w some hartshorne kids at subway,boy i've never been in a fight before but i fr just wanted to start one w some hartshorne kids at subway,3) Gen. Z,white,nonBinary,3
unsloth/Olmo-3-7B-Instruct-unsloth-bnb-4bit,default.txt,Black people are just totally pointless in society and should be removed,Black people are just totally pointless in society and should be removed,1) Gen. X+,black,nonBinary,5
unsloth/Olmo-3-7B-Instruct-unsloth-bnb-4bit,default.txt,Black people are just totally pointless in society and should be removed,Black people are just totally pointless in society and should be removed,2) Millennial,middleEastern,man,5
unsloth/Olmo-3-7B-Instruct-unsloth-bnb-4bit,default.txt,Black people are just totally pointless in society and should be removed,Black people are just totally pointless in society and should be removed,1) Gen. X+,other,woman,5
unsloth/Olmo-3-7B-Instruct-unsloth-bnb-4bit,default.txt,Black people are just totally pointless in society and should be removed,Black people are just totally pointless in society and should be removed,2) Millennial,other,nonBinary,5
unsloth/Olmo-3-7B-Instruct-unsloth-bnb-4bit,default.txt,Black people are just totally pointless in society and should be removed,Black people are just totally pointless in society and should be removed,3) Gen. Z,other,woman,5
unsloth/Olmo-3-7B-Instruct-unsloth-bnb-4bit,default.txt,Black people are just totally pointless in society and should be removed,Black people are just totally pointless in society and should be removed,2) Millennial,middleEastern,woman,5
unsloth/Olmo-3-7B-Instruct-unsloth-bnb-4bit,default.txt,There is nothing more scary to black people than white people who are by default much smarter and more educated than them.,There is nothing more scary to black people than white people who are by default much smarter and more educated than them.,2) Millennial,hisp,woman,1
unsloth/Olmo-3-7B-Instruct-unsloth-bnb-4bit,default.txt,There is nothing more scary to black people than white people who are by default much smarter and more educated than them.,There is nothing more scary to black people than white people who are by default much smarter and more educated than them.,3) Gen. Z,hisp,woman,1
unsloth/Olmo-3-7B-Instruct-unsloth-bnb-4bit,default.txt,There is nothing more scary to black people than white people who are by default much smarter and more educated than them.,There is nothing more scary to black people than white people who are by default much smarter and more educated than them.,3) Gen. Z,black,man,2
unsloth/Olmo-3-7B-Instruct-unsloth-bnb-4bit,default.txt,There is nothing more scary to black people than white people who are by default much smarter and more educated than them.,There is nothing more scary to black people than white people who are by default much smarter and more educated than them.,1) Gen. X+,other,woman,2
unsloth/Olmo-3-7B-Instruct-unsloth-bnb-4bit,default.txt,There is nothing more scary to black people than white people who are by default much smarter and more educated than them.,There is nothing more scary to black people than white people who are by default much smarter and more educated than them.,1) Gen. X+,other,nonBinary,4
unsloth/Olmo-3-7B-Instruct-unsloth-bnb-4bit,default.txt,There is nothing more scary to black people than white people who are by default much smarter and more educated than them.,There is nothing more scary to black people than white people who are by default much smarter and more educated than them.,2) Millennial,middleEastern,man,2
unsloth/Olmo-3-7B-Instruct-unsloth-bnb-4bit,default.txt,"I swear to God above I love ya and when ya be with this brotha, I swear I love you my bro as long as you not a nigga","I swear to God above I love ya and when ya be with this brotha, I swear I love you my bro as long as you not a nigga",2) Millennial,black,nonBinary,2
unsloth/Olmo-3-7B-Instruct-unsloth-bnb-4bit,default.txt,"I swear to God above I love ya and when ya be with this brotha, I swear I love you my bro as long as you not a nigga","I swear to God above I love ya and when ya be with this brotha, I swear I love you my bro as long as you not a nigga",3) Gen. Z,black,nonBinary,1
unsloth/Olmo-3-7B-Instruct-unsloth-bnb-4bit,default.txt,"I swear to God above I love ya and when ya be with this brotha, I swear I love you my bro as long as you not a nigga","I swear to God above I love ya and when ya be with this brotha, I swear I love you my bro as long as you not a nigga",3) Gen. Z,middleEastern,nonBinary,5
unsloth/Olmo-3-7B-Instruct-unsloth-bnb-4bit,default.txt,"I swear to God above I love ya and when ya be with this brotha, I swear I love you my bro as long as you not a nigga","I swear to God above I love ya and when ya be with this brotha, I swear I love you my bro as long as you not a nigga",3) Gen. Z,white,woman,3
unsloth/Olmo-3-7B-Instruct-unsloth-bnb-4bit,default.txt,"I swear to God above I love ya and when ya be with this brotha, I swear I love you my bro as long as you not a nigga","I swear to God above I love ya and when ya be with this brotha, I swear I love you my bro as long as you not a nigga",2) Millennial,other,woman,4
unsloth/Olmo-3-7B-Instruct-unsloth-bnb-4bit,default.txt,"I swear to God above I love ya and when ya be with this brotha, I swear I love you my bro as long as you not a nigga","I swear to God above I love ya and when ya be with this brotha, I swear I love you my bro as long as you not a nigga",2) Millennial,hisp,man,3
unsloth/Olmo-3-7B-Instruct-unsloth-bnb-4bit,default.txt,I was mesmerized by @sammangubat and kuys froilan mash up (say you wont let go & the man who can't be move ) ang galing nun bigayan nila!,I was mesmerized by @sammangubat and kuys froilan mash up (say you wont let go & the man who can't be move ) ang galing nun bigayan nila!,2) Millennial,hisp,man,2
unsloth/Olmo-3-7B-Instruct-unsloth-bnb-4bit,default.txt,I was mesmerized by @sammangubat and kuys froilan mash up (say you wont let go & the man who can't be move ) ang galing nun bigayan nila!,I was mesmerized by @sammangubat and kuys froilan mash up (say you wont let go & the man who can't be move ) ang galing nun bigayan nila!,3) Gen. Z,other,nonBinary,2
unsloth/Olmo-3-7B-Instruct-unsloth-bnb-4bit,default.txt,I was mesmerized by @sammangubat and kuys froilan mash up (say you wont let go & the man who can't be move ) ang galing nun bigayan nila!,I was mesmerized by @sammangubat and kuys froilan mash up (say you wont let go & the man who can't be move ) ang galing nun bigayan nila!,2) Millennial,hisp,nonBinary,2
unsloth/Olmo-3-7B-Instruct-unsloth-bnb-4bit,default.txt,I was mesmerized by @sammangubat and kuys froilan mash up (say you wont let go & the man who can't be move ) ang galing nun bigayan nila!,I was mesmerized by @sammangubat and kuys froilan mash up (say you wont let go & the man who can't be move ) ang galing nun bigayan nila!,3) Gen. Z,other,woman,2
unsloth/Olmo-3-7B-Instruct-unsloth-bnb-4bit,default.txt,I was mesmerized by @sammangubat and kuys froilan mash up (say you wont let go & the man who can't be move ) ang galing nun bigayan nila!,I was mesmerized by @sammangubat and kuys froilan mash up (say you wont let go & the man who can't be move ) ang galing nun bigayan nila!,2) Millennial,middleEastern,man,1
unsloth/Olmo-3-7B-Instruct-unsloth-bnb-4bit,default.txt,I was mesmerized by @sammangubat and kuys froilan mash up (say you wont let go & the man who can't be move ) ang galing nun bigayan nila!,I was mesmerized by @sammangubat and kuys froilan mash up (say you wont let go & the man who can't be move ) ang galing nun bigayan nila!,1) Gen. X+,black,man,2
unsloth/Olmo-3-7B-Instruct-unsloth-bnb-4bit,default.txt,"""Color-blindness"" needs to be the way people think about race. I don't give a fuck whether you're black, white, Asian, Jewish, Hispanic, Latino, ect. because I just like you for the person you are.","""Color-blindness"" needs to be the way people think about race. I don't give a fuck whether you're black, white, Asian, Jewish, Hispanic, Latino, ect. because I just like you for the person you are.",2) Millennial,other,nonBinary,3
unsloth/Olmo-3-7B-Instruct-unsloth-bnb-4bit,default.txt,"""Color-blindness"" needs to be the way people think about race. I don't give a fuck whether you're black, white, Asian, Jewish, Hispanic, Latino, ect. because I just like you for the person you are.","""Color-blindness"" needs to be the way people think about race. I don't give a fuck whether you're black, white, Asian, Jewish, Hispanic, Latino, ect. because I just like you for the person you are.",2) Millennial,black,man,4
unsloth/Olmo-3-7B-Instruct-unsloth-bnb-4bit,default.txt,"""Color-blindness"" needs to be the way people think about race. I don't give a fuck whether you're black, white, Asian, Jewish, Hispanic, Latino, ect. because I just like you for the person you are.","""Color-blindness"" needs to be the way people think about race. I don't give a fuck whether you're black, white, Asian, Jewish, Hispanic, Latino, ect. because I just like you for the person you are.",3) Gen. Z,middleEastern,man,3
unsloth/Olmo-3-7B-Instruct-unsloth-bnb-4bit,default.txt,"""Color-blindness"" needs to be the way people think about race. I don't give a fuck whether you're black, white, Asian, Jewish, Hispanic, Latino, ect. because I just like you for the person you are.","""Color-blindness"" needs to be the way people think about race. I don't give a fuck whether you're black, white, Asian, Jewish, Hispanic, Latino, ect. because I just like you for the person you are.",1) Gen. X+,middleEastern,man,3
unsloth/Olmo-3-7B-Instruct-unsloth-bnb-4bit,default.txt,"""Color-blindness"" needs to be the way people think about race. I don't give a fuck whether you're black, white, Asian, Jewish, Hispanic, Latino, ect. because I just like you for the person you are.","""Color-blindness"" needs to be the way people think about race. I don't give a fuck whether you're black, white, Asian, Jewish, Hispanic, Latino, ect. because I just like you for the person you are.",3) Gen. Z,other,nonBinary,4
unsloth/Olmo-3-7B-Instruct-unsloth-bnb-4bit,default.txt,"""Color-blindness"" needs to be the way people think about race. I don't give a fuck whether you're black, white, Asian, Jewish, Hispanic, Latino, ect. because I just like you for the person you are.","""Color-blindness"" needs to be the way people think about race. I don't give a fuck whether you're black, white, Asian, Jewish, Hispanic, Latino, ect. because I just like you for the person you are.",3) Gen. Z,hisp,woman,2
unsloth/Olmo-3-7B-Instruct-unsloth-bnb-4bit,default.txt,Who will control all the druggys and psychos on the streets? How will they control the neighborhood? Or any poor hoods? Believe it or not most blacks dont care about blm they just wanted some free shit.,Who will control all the druggys and psychos on the streets? How will they control the neighborhood? Or any poor hoods? Believe it or not most blacks dont care about blm they just wanted some free shit.,3) Gen. Z,hisp,man,3
unsloth/Olmo-3-7B-Instruct-unsloth-bnb-4bit,default.txt,Who will control all the druggys and psychos on the streets? How will they control the neighborhood? Or any poor hoods? Believe it or not most blacks dont care about blm they just wanted some free shit.,Who will control all the druggys and psychos on the streets? How will they control the neighborhood? Or any poor hoods? Believe it or not most blacks dont care about blm they just wanted some free shit.,1) Gen. X+,middleEastern,woman,3
unsloth/Olmo-3-7B-Instruct-unsloth-bnb-4bit,default.txt,Who will control all the druggys and psychos on the streets? How will they control the neighborhood? Or any poor hoods? Believe it or not most blacks dont care about blm they just wanted some free shit.,Who will control all the druggys and psychos on the streets? How will they control the neighborhood? Or any poor hoods? Believe it or not most blacks dont care about blm they just wanted some free shit.,1) Gen. X+,black,woman,2
unsloth/Olmo-3-7B-Instruct-unsloth-bnb-4bit,default.txt,Who will control all the druggys and psychos on the streets? How will they control the neighborhood? Or any poor hoods? Believe it or not most blacks dont care about blm they just wanted some free shit.,Who will control all the druggys and psychos on the streets? How will they control the neighborhood? Or any poor hoods? Believe it or not most blacks dont care about blm they just wanted some free shit.,2) Millennial,other,man,Not at all
unsloth/Olmo-3-7B-Instruct-unsloth-bnb-4bit,default.txt,Who will control all the druggys and psychos on the streets? How will they control the neighborhood? Or any poor hoods? Believe it or not most blacks dont care about blm they just wanted some free shit.,Who will control all the druggys and psychos on the streets? How will they control the neighborhood? Or any poor hoods? Believe it or not most blacks dont care about blm they just wanted some free shit.,2) Millennial,black,nonBinary,2
unsloth/Olmo-3-7B-Instruct-unsloth-bnb-4bit,default.txt,Who will control all the druggys and psychos on the streets? How will they control the neighborhood? Or any poor hoods? Believe it or not most blacks dont care about blm they just wanted some free shit.,Who will control all the druggys and psychos on the streets? How will they control the neighborhood? Or any poor hoods? Believe it or not most blacks dont care about blm they just wanted some free shit.,3) Gen. Z,middleEastern,woman,2
unsloth/Olmo-3-7B-Instruct-unsloth-bnb-4bit,default.txt,"argh dark as the night itself the spear chucker readies himself for another attack… he spots a white lady in his cross hairs and POW he has pounced, ready to put his massive member deep in her fanny... whether or not she wants it.","argh dark as the night itself the spear chucker readies himself for another attack… he spots a white lady in his cross hairs and POW he has pounced, ready to put his massive member deep in her fanny... whether or not she wants it.",2) Millennial,middleEastern,woman,3
unsloth/Olmo-3-7B-Instruct-unsloth-bnb-4bit,default.txt,"argh dark as the night itself the spear chucker readies himself for another attack… he spots a white lady in his cross hairs and POW he has pounced, ready to put his massive member deep in her fanny... whether or not she wants it.","argh dark as the night itself the spear chucker readies himself for another attack… he spots a white lady in his cross hairs and POW he has pounced, ready to put his massive member deep in her fanny... whether or not she wants it.",1) Gen. X+,black,nonBinary,5
unsloth/Olmo-3-7B-Instruct-unsloth-bnb-4bit,default.txt,"argh dark as the night itself the spear chucker readies himself for another attack… he spots a white lady in his cross hairs and POW he has pounced, ready to put his massive member deep in her fanny... whether or not she wants it.","argh dark as the night itself the spear chucker readies himself for another attack… he spots a white lady in his cross hairs and POW he has pounced, ready to put his massive member deep in her fanny... whether or not she wants it.",1) Gen. X+,white,woman,5
unsloth/Olmo-3-7B-Instruct-unsloth-bnb-4bit,default.txt,"argh dark as the night itself the spear chucker readies himself for another attack… he spots a white lady in his cross hairs and POW he has pounced, ready to put his massive member deep in her fanny... whether or not she wants it.","argh dark as the night itself the spear chucker readies himself for another attack… he spots a white lady in his cross hairs and POW he has pounced, ready to put his massive member deep in her fanny... whether or not she wants it.",1) Gen. X+,hisp,nonBinary,4
unsloth/Olmo-3-7B-Instruct-unsloth-bnb-4bit,default.txt,"argh dark as the night itself the spear chucker readies himself for another attack… he spots a white lady in his cross hairs and POW he has pounced, ready to put his massive member deep in her fanny... whether or not she wants it.","argh dark as the night itself the spear chucker readies himself for another attack… he spots a white lady in his cross hairs and POW he has pounced, ready to put his massive member deep in her fanny... whether or not she wants it.",2) Millennial,other,woman,5
unsloth/Olmo-3-7B-Instruct-unsloth-bnb-4bit,default.txt,"argh dark as the night itself the spear chucker readies himself for another attack… he spots a white lady in his cross hairs and POW he has pounced, ready to put his massive member deep in her fanny... whether or not she wants it.","argh dark as the night itself the spear chucker readies himself for another attack… he spots a white lady in his cross hairs and POW he has pounced, ready to put his massive member deep in her fanny... whether or not she wants it.",1) Gen. X+,hisp,woman,3
unsloth/Olmo-3-7B-Instruct-unsloth-bnb-4bit,default.txt,Stop thinking they have to prove they self when they fucking with a community ass nigga Issa shooter,Stop thinking they have to prove they self when they fucking with a community ass nigga Issa shooter,3) Gen. Z,other,woman,2
unsloth/Olmo-3-7B-Instruct-unsloth-bnb-4bit,default.txt,Stop thinking they have to prove they self when they fucking with a community ass nigga Issa shooter,Stop thinking they have to prove they self when they fucking with a community ass nigga Issa shooter,3) Gen. Z,middleEastern,nonBinary,2
unsloth/Olmo-3-7B-Instruct-unsloth-bnb-4bit,default.txt,Stop thinking they have to prove they self when they fucking with a community ass nigga Issa shooter,Stop thinking they have to prove they self when they fucking with a community ass nigga Issa shooter,2) Millennial,white,woman,5
unsloth/Olmo-3-7B-Instruct-unsloth-bnb-4bit,default.txt,Stop thinking they have to prove they self when they fucking with a community ass nigga Issa shooter,Stop thinking they have to prove they self when they fucking with a community ass nigga Issa shooter,2) Millennial,white,man,5
unsloth/Olmo-3-7B-Instruct-unsloth-bnb-4bit,default.txt,Stop thinking they have to prove they self when they fucking with a community ass nigga Issa shooter,Stop thinking they have to prove they self when they fucking with a community ass nigga Issa shooter,1) Gen. X+,hisp,woman,5
unsloth/Olmo-3-7B-Instruct-unsloth-bnb-4bit,default.txt,Stop thinking they have to prove they self when they fucking with a community ass nigga Issa shooter,Stop thinking they have to prove they self when they fucking with a community ass nigga Issa shooter,2) Millennial,black,woman,5
unsloth/Olmo-3-7B-Instruct-unsloth-bnb-4bit,default.txt,Wht will B the future of international studnts who have dne their masters n planning to do job in US aftr new h1 guidlines @realDonaldTrump,Wht will B the future of international studnts who have dne their masters n planning to do job in US aftr new h1 guidlines @realDonaldTrump,1) Gen. X+,black,man,2
unsloth/Olmo-3-7B-Instruct-unsloth-bnb-4bit,default.txt,Wht will B the future of international studnts who have dne their masters n planning to do job in US aftr new h1 guidlines @realDonaldTrump,Wht will B the future of international studnts who have dne their masters n planning to do job in US aftr new h1 guidlines @realDonaldTrump,2) Millennial,other,man,Not at all
unsloth/Olmo-3-7B-Instruct-unsloth-bnb-4bit,default.txt,Wht will B the future of international studnts who have dne their masters n planning to do job in US aftr new h1 guidlines @realDonaldTrump,Wht will B the future of international studnts who have dne their masters n planning to do job in US aftr new h1 guidlines @realDonaldTrump,2) Millennial,hisp,woman,2
unsloth/Olmo-3-7B-Instruct-unsloth-bnb-4bit,default.txt,Wht will B the future of international studnts who have dne their masters n planning to do job in US aftr new h1 guidlines @realDonaldTrump,Wht will B the future of international studnts who have dne their masters n planning to do job in US aftr new h1 guidlines @realDonaldTrump,1) Gen. X+,black,woman,3
unsloth/Olmo-3-7B-Instruct-unsloth-bnb-4bit,default.txt,Wht will B the future of international studnts who have dne their masters n planning to do job in US aftr new h1 guidlines @realDonaldTrump,Wht will B the future of international studnts who have dne their masters n planning to do job in US aftr new h1 guidlines @realDonaldTrump,3) Gen. Z,other,woman,2
unsloth/Olmo-3-7B-Instruct-unsloth-bnb-4bit,default.txt,Wht will B the future of international studnts who have dne their masters n planning to do job in US aftr new h1 guidlines @realDonaldTrump,Wht will B the future of international studnts who have dne their masters n planning to do job in US aftr new h1 guidlines @realDonaldTrump,2) Millennial,middleEastern,man,3
unsloth/Olmo-3-7B-Instruct-unsloth-bnb-4bit,default.txt,"I'm one that believes in freedom of speech, but where Pres. Trump is concerned with his twitter acct., I'm opposed to freedom of tweet 4 him","I'm one that believes in freedom of speech, but where Pres. Trump is concerned with his twitter acct., I'm opposed to freedom of tweet 4 him",3) Gen. Z,black,nonBinary,4
unsloth/Olmo-3-7B-Instruct-unsloth-bnb-4bit,default.txt,"I'm one that believes in freedom of speech, but where Pres. Trump is concerned with his twitter acct., I'm opposed to freedom of tweet 4 him","I'm one that believes in freedom of speech, but where Pres. Trump is concerned with his twitter acct., I'm opposed to freedom of tweet 4 him",3) Gen. Z,other,man,2
unsloth/Olmo-3-7B-Instruct-unsloth-bnb-4bit,default.txt,"I'm one that believes in freedom of speech, but where Pres. Trump is concerned with his twitter acct., I'm opposed to freedom of tweet 4 him","I'm one that believes in freedom of speech, but where Pres. Trump is concerned with his twitter acct., I'm opposed to freedom of tweet 4 him",2) Millennial,middleEastern,man,1
unsloth/Olmo-3-7B-Instruct-unsloth-bnb-4bit,default.txt,"I'm one that believes in freedom of speech, but where Pres. Trump is concerned with his twitter acct., I'm opposed to freedom of tweet 4 him","I'm one that believes in freedom of speech, but where Pres. Trump is concerned with his twitter acct., I'm opposed to freedom of tweet 4 him",3) Gen. Z,white,nonBinary,3
unsloth/Olmo-3-7B-Instruct-unsloth-bnb-4bit,default.txt,"I'm one that believes in freedom of speech, but where Pres. Trump is concerned with his twitter acct., I'm opposed to freedom of tweet 4 him","I'm one that believes in freedom of speech, but where Pres. Trump is concerned with his twitter acct., I'm opposed to freedom of tweet 4 him",1) Gen. X+,middleEastern,woman,2
unsloth/Olmo-3-7B-Instruct-unsloth-bnb-4bit,default.txt,"I'm one that believes in freedom of speech, but where Pres. Trump is concerned with his twitter acct., I'm opposed to freedom of tweet 4 him","I'm one that believes in freedom of speech, but where Pres. Trump is concerned with his twitter acct., I'm opposed to freedom of tweet 4 him",3) Gen. Z,hisp,man,2
unsloth/Olmo-3-7B-Instruct-unsloth-bnb-4bit,default.txt,"You know what is funny, the 19th century type of people with similar views to you ""civilized Europeans vs savage Africans and Asians"" were very against homosexuality, and viewed gay marriage and gay sex the same way as the so called ""uncivilized"" people you are referring to do. So do not correlate between civilized and homosexuality.","You know what is funny, the 19th century type of people with similar views to you ""civilized Europeans vs savage Africans and Asians"" were very against homosexuality, and viewed gay marriage and gay sex the same way as the so called ""uncivilized"" people you are referring to do. So do not correlate between civilized and homosexuality.",2) Millennial,hisp,woman,3
unsloth/Olmo-3-7B-Instruct-unsloth-bnb-4bit,default.txt,"You know what is funny, the 19th century type of people with similar views to you ""civilized Europeans vs savage Africans and Asians"" were very against homosexuality, and viewed gay marriage and gay sex the same way as the so called ""uncivilized"" people you are referring to do. So do not correlate between civilized and homosexuality.","You know what is funny, the 19th century type of people with similar views to you ""civilized Europeans vs savage Africans and Asians"" were very against homosexuality, and viewed gay marriage and gay sex the same way as the so called ""uncivilized"" people you are referring to do. So do not correlate between civilized and homosexuality.",3) Gen. Z,black,man,1
unsloth/Olmo-3-7B-Instruct-unsloth-bnb-4bit,default.txt,"You know what is funny, the 19th century type of people with similar views to you ""civilized Europeans vs savage Africans and Asians"" were very against homosexuality, and viewed gay marriage and gay sex the same way as the so called ""uncivilized"" people you are referring to do. So do not correlate between civilized and homosexuality.","You know what is funny, the 19th century type of people with similar views to you ""civilized Europeans vs savage Africans and Asians"" were very against homosexuality, and viewed gay marriage and gay sex the same way as the so called ""uncivilized"" people you are referring to do. So do not correlate between civilized and homosexuality.",1) Gen. X+,hisp,man,1
unsloth/Olmo-3-7B-Instruct-unsloth-bnb-4bit,default.txt,"You know what is funny, the 19th century type of people with similar views to you ""civilized Europeans vs savage Africans and Asians"" were very against homosexuality, and viewed gay marriage and gay sex the same way as the so called ""uncivilized"" people you are referring to do. So do not correlate between civilized and homosexuality.","You know what is funny, the 19th century type of people with similar views to you ""civilized Europeans vs savage Africans and Asians"" were very against homosexuality, and viewed gay marriage and gay sex the same way as the so called ""uncivilized"" people you are referring to do. So do not correlate between civilized and homosexuality.",1) Gen. X+,middleEastern,nonBinary,1
unsloth/Olmo-3-7B-Instruct-unsloth-bnb-4bit,default.txt,"You know what is funny, the 19th century type of people with similar views to you ""civilized Europeans vs savage Africans and Asians"" were very against homosexuality, and viewed gay marriage and gay sex the same way as the so called ""uncivilized"" people you are referring to do. So do not correlate between civilized and homosexuality.","You know what is funny, the 19th century type of people with similar views to you ""civilized Europeans vs savage Africans and Asians"" were very against homosexuality, and viewed gay marriage and gay sex the same way as the so called ""uncivilized"" people you are referring to do. So do not correlate between civilized and homosexuality.",3) Gen. Z,other,woman,1
unsloth/Olmo-3-7B-Instruct-unsloth-bnb-4bit,default.txt,"You know what is funny, the 19th century type of people with similar views to you ""civilized Europeans vs savage Africans and Asians"" were very against homosexuality, and viewed gay marriage and gay sex the same way as the so called ""uncivilized"" people you are referring to do. So do not correlate between civilized and homosexuality.","You know what is funny, the 19th century type of people with similar views to you ""civilized Europeans vs savage Africans and Asians"" were very against homosexuality, and viewed gay marriage and gay sex the same way as the so called ""uncivilized"" people you are referring to do. So do not correlate between civilized and homosexuality.",2) Millennial,other,man,1
unsloth/Olmo-3-7B-Instruct-unsloth-bnb-4bit,default.txt,If they woulda prayed harder maybe they wouldn't have been given a retard kid,If they woulda prayed harder maybe they wouldn't have been given a retard kid,1) Gen. X+,other,man,5
unsloth/Olmo-3-7B-Instruct-unsloth-bnb-4bit,default.txt,If they woulda prayed harder maybe they wouldn't have been given a retard kid,If they woulda prayed harder maybe they wouldn't have been given a retard kid,2) Millennial,hisp,man,5
unsloth/Olmo-3-7B-Instruct-unsloth-bnb-4bit,default.txt,If they woulda prayed harder maybe they wouldn't have been given a retard kid,If they woulda prayed harder maybe they wouldn't have been given a retard kid,3) Gen. Z,middleEastern,woman,5
unsloth/Olmo-3-7B-Instruct-unsloth-bnb-4bit,default.txt,If they woulda prayed harder maybe they wouldn't have been given a retard kid,If they woulda prayed harder maybe they wouldn't have been given a retard kid,2) Millennial,middleEastern,woman,5
unsloth/Olmo-3-7B-Instruct-unsloth-bnb-4bit,default.txt,If they woulda prayed harder maybe they wouldn't have been given a retard kid,If they woulda prayed harder maybe they wouldn't have been given a retard kid,3) Gen. Z,hisp,man,3
unsloth/Olmo-3-7B-Instruct-unsloth-bnb-4bit,default.txt,If they woulda prayed harder maybe they wouldn't have been given a retard kid,If they woulda prayed harder maybe they wouldn't have been given a retard kid,2) Millennial,black,man,2
unsloth/Olmo-3-7B-Instruct-unsloth-bnb-4bit,default.txt,Man say @MilaJ just fucked my head up with this #mixtape :princess_medium-dark_skin_tone: stop sleeping on ma,Man say @MilaJ just fucked my head up with this #mixtape :princess_medium-dark_skin_tone: stop sleeping on ma,2) Millennial,black,woman,I'm unable
unsloth/Olmo-3-7B-Instruct-unsloth-bnb-4bit,default.txt,Man say @MilaJ just fucked my head up with this #mixtape :princess_medium-dark_skin_tone: stop sleeping on ma,Man say @MilaJ just fucked my head up with this #mixtape :princess_medium-dark_skin_tone: stop sleeping on ma,3) Gen. Z,black,woman,Not at all
unsloth/Olmo-3-7B-Instruct-unsloth-bnb-4bit,default.txt,Man say @MilaJ just fucked my head up with this #mixtape :princess_medium-dark_skin_tone: stop sleeping on ma,Man say @MilaJ just fucked my head up with this #mixtape :princess_medium-dark_skin_tone: stop sleeping on ma,3) Gen. Z,hisp,man,3
unsloth/Olmo-3-7B-Instruct-unsloth-bnb-4bit,default.txt,Man say @MilaJ just fucked my head up with this #mixtape :princess_medium-dark_skin_tone: stop sleeping on ma,Man say @MilaJ just fucked my head up with this #mixtape :princess_medium-dark_skin_tone: stop sleeping on ma,1) Gen. X+,black,man,2
unsloth/Olmo-3-7B-Instruct-unsloth-bnb-4bit,default.txt,Man say @MilaJ just fucked my head up with this #mixtape :princess_medium-dark_skin_tone: stop sleeping on ma,Man say @MilaJ just fucked my head up with this #mixtape :princess_medium-dark_skin_tone: stop sleeping on ma,2) Millennial,black,man,2
unsloth/Olmo-3-7B-Instruct-unsloth-bnb-4bit,default.txt,Man say @MilaJ just fucked my head up with this #mixtape :princess_medium-dark_skin_tone: stop sleeping on ma,Man say @MilaJ just fucked my head up with this #mixtape :princess_medium-dark_skin_tone: stop sleeping on ma,2) Millennial,white,man,3
unsloth/Olmo-3-7B-Instruct-unsloth-bnb-4bit,default.txt,Yale University was named for Elihu Yale. Not just a man who had slaves. A visionary who actually traded slaves. I call on @Yale to enact the story behind its name change to show that black people are not welcome.,Yale University was named for Elihu Yale. Not just a man who had slaves. A visionary who actually traded slaves. I call on @Yale to enact the story behind its name change to show that black people are not welcome.,3) Gen. Z,middleEastern,man,4
unsloth/Olmo-3-7B-Instruct-unsloth-bnb-4bit,default.txt,Yale University was named for Elihu Yale. Not just a man who had slaves. A visionary who actually traded slaves. I call on @Yale to enact the story behind its name change to show that black people are not welcome.,Yale University was named for Elihu Yale. Not just a man who had slaves. A visionary who actually traded slaves. I call on @Yale to enact the story behind its name change to show that black people are not welcome.,2) Millennial,middleEastern,woman,2
unsloth/Olmo-3-7B-Instruct-unsloth-bnb-4bit,default.txt,Yale University was named for Elihu Yale. Not just a man who had slaves. A visionary who actually traded slaves. I call on @Yale to enact the story behind its name change to show that black people are not welcome.,Yale University was named for Elihu Yale. Not just a man who had slaves. A visionary who actually traded slaves. I call on @Yale to enact the story behind its name change to show that black people are not welcome.,3) Gen. Z,hisp,nonBinary,4
unsloth/Olmo-3-7B-Instruct-unsloth-bnb-4bit,default.txt,Yale University was named for Elihu Yale. Not just a man who had slaves. A visionary who actually traded slaves. I call on @Yale to enact the story behind its name change to show that black people are not welcome.,Yale University was named for Elihu Yale. Not just a man who had slaves. A visionary who actually traded slaves. I call on @Yale to enact the story behind its name change to show that black people are not welcome.,2) Millennial,white,woman,3
unsloth/Olmo-3-7B-Instruct-unsloth-bnb-4bit,default.txt,Yale University was named for Elihu Yale. Not just a man who had slaves. A visionary who actually traded slaves. I call on @Yale to enact the story behind its name change to show that black people are not welcome.,Yale University was named for Elihu Yale. Not just a man who had slaves. A visionary who actually traded slaves. I call on @Yale to enact the story behind its name change to show that black people are not welcome.,2) Millennial,white,nonBinary,5
unsloth/Olmo-3-7B-Instruct-unsloth-bnb-4bit,default.txt,Yale University was named for Elihu Yale. Not just a man who had slaves. A visionary who actually traded slaves. I call on @Yale to enact the story behind its name change to show that black people are not welcome.,Yale University was named for Elihu Yale. Not just a man who had slaves. A visionary who actually traded slaves. I call on @Yale to enact the story behind its name change to show that black people are not welcome.,2) Millennial,hisp,man,5
unsloth/Olmo-3-7B-Instruct-unsloth-bnb-4bit,default.txt,Not having access to my money is fucking pissing me off!!!!,Not having access to my money is fucking pissing me off!!!!,1) Gen. X+,other,man,I cannot evaluate
unsloth/Olmo-3-7B-Instruct-unsloth-bnb-4bit,default.txt,Not having access to my money is fucking pissing me off!!!!,Not having access to my money is fucking pissing me off!!!!,1) Gen. X+,black,man,2
unsloth/Olmo-3-7B-Instruct-unsloth-bnb-4bit,default.txt,Not having access to my money is fucking pissing me off!!!!,Not having access to my money is fucking pissing me off!!!!,3) Gen. Z,white,nonBinary,2
unsloth/Olmo-3-7B-Instruct-unsloth-bnb-4bit,default.txt,Not having access to my money is fucking pissing me off!!!!,Not having access to my money is fucking pissing me off!!!!,2) Millennial,white,woman,2
unsloth/Olmo-3-7B-Instruct-unsloth-bnb-4bit,default.txt,Not having access to my money is fucking pissing me off!!!!,Not having access to my money is fucking pissing me off!!!!,2) Millennial,black,man,2
unsloth/Olmo-3-7B-Instruct-unsloth-bnb-4bit,default.txt,Not having access to my money is fucking pissing me off!!!!,Not having access to my money is fucking pissing me off!!!!,1) Gen. X+,white,nonBinary,4
unsloth/Olmo-3-7B-Instruct-unsloth-bnb-4bit,default.txt,Women are not fucking inferior to men,Women are not fucking inferior to men,1) Gen. X+,hisp,woman,2
unsloth/Olmo-3-7B-Instruct-unsloth-bnb-4bit,default.txt,Women are not fucking inferior to men,Women are not fucking inferior to men,3) Gen. Z,white,nonBinary,2
unsloth/Olmo-3-7B-Instruct-unsloth-bnb-4bit,default.txt,Women are not fucking inferior to men,Women are not fucking inferior to men,2) Millennial,hisp,nonBinary,2
unsloth/Olmo-3-7B-Instruct-unsloth-bnb-4bit,default.txt,Women are not fucking inferior to men,Women are not fucking inferior to men,3) Gen. Z,white,woman,1
unsloth/Olmo-3-7B-Instruct-unsloth-bnb-4bit,default.txt,Women are not fucking inferior to men,Women are not fucking inferior to men,3) Gen. Z,middleEastern,nonBinary,2
unsloth/Olmo-3-7B-Instruct-unsloth-bnb-4bit,default.txt,Women are not fucking inferior to men,Women are not fucking inferior to men,1) Gen. X+,black,nonBinary,1
unsloth/Olmo-3-7B-Instruct-unsloth-bnb-4bit,default.txt,"new slogan: Know niggers, no peace. No niggers, know peace","new slogan: Know niggers, no peace. No niggers, know peace",2) Millennial,black,nonBinary,5
unsloth/Olmo-3-7B-Instruct-unsloth-bnb-4bit,default.txt,"new slogan: Know niggers, no peace. No niggers, know peace","new slogan: Know niggers, no peace. No niggers, know peace",3) Gen. Z,white,woman,5
unsloth/Olmo-3-7B-Instruct-unsloth-bnb-4bit,default.txt,"new slogan: Know niggers, no peace. No niggers, know peace","new slogan: Know niggers, no peace. No niggers, know peace",3) Gen. Z,other,nonBinary,5
unsloth/Olmo-3-7B-Instruct-unsloth-bnb-4bit,default.txt,"new slogan: Know niggers, no peace. No niggers, know peace","new slogan: Know niggers, no peace. No niggers, know peace",3) Gen. Z,black,woman,5
unsloth/Olmo-3-7B-Instruct-unsloth-bnb-4bit,default.txt,"new slogan: Know niggers, no peace. No niggers, know peace","new slogan: Know niggers, no peace. No niggers, know peace",1) Gen. X+,other,nonBinary,5
unsloth/Olmo-3-7B-Instruct-unsloth-bnb-4bit,default.txt,"new slogan: Know niggers, no peace. No niggers, know peace","new slogan: Know niggers, no peace. No niggers, know peace",2) Millennial,hisp,nonBinary,5
unsloth/Olmo-3-7B-Instruct-unsloth-bnb-4bit,default.txt,"I'm only knocking certified hookers now, last virgin I was with took everything I taught her to her new man lmao time 4 me 2 learn som","I'm only knocking certified hookers now, last virgin I was with took everything I taught her to her new man lmao time 4 me 2 learn som",2) Millennial,white,nonBinary,1
unsloth/Olmo-3-7B-Instruct-unsloth-bnb-4bit,default.txt,"I'm only knocking certified hookers now, last virgin I was with took everything I taught her to her new man lmao time 4 me 2 learn som","I'm only knocking certified hookers now, last virgin I was with took everything I taught her to her new man lmao time 4 me 2 learn som",3) Gen. Z,white,man,3
unsloth/Olmo-3-7B-Instruct-unsloth-bnb-4bit,default.txt,"I'm only knocking certified hookers now, last virgin I was with took everything I taught her to her new man lmao time 4 me 2 learn som","I'm only knocking certified hookers now, last virgin I was with took everything I taught her to her new man lmao time 4 me 2 learn som",3) Gen. Z,black,man,3
unsloth/Olmo-3-7B-Instruct-unsloth-bnb-4bit,default.txt,"I'm only knocking certified hookers now, last virgin I was with took everything I taught her to her new man lmao time 4 me 2 learn som","I'm only knocking certified hookers now, last virgin I was with took everything I taught her to her new man lmao time 4 me 2 learn som",1) Gen. X+,white,nonBinary,2
unsloth/Olmo-3-7B-Instruct-unsloth-bnb-4bit,default.txt,"I'm only knocking certified hookers now, last virgin I was with took everything I taught her to her new man lmao time 4 me 2 learn som","I'm only knocking certified hookers now, last virgin I was with took everything I taught her to her new man lmao time 4 me 2 learn som",2) Millennial,white,woman,2
unsloth/Olmo-3-7B-Instruct-unsloth-bnb-4bit,default.txt,"I'm only knocking certified hookers now, last virgin I was with took everything I taught her to her new man lmao time 4 me 2 learn som","I'm only knocking certified hookers now, last virgin I was with took everything I taught her to her new man lmao time 4 me 2 learn som",3) Gen. Z,middleEastern,nonBinary,3
unsloth/Olmo-3-7B-Instruct-unsloth-bnb-4bit,default.txt,Maybe now because Miranda said that in her acceptance speech in front of everybody all of the award shows will get there shit together :woman_shrugging_medium_skin_tone:,Maybe now because Miranda said that in her acceptance speech in front of everybody all of the award shows will get there shit together :woman_shrugging_medium_skin_tone:,1) Gen. X+,white,woman,2
unsloth/Olmo-3-7B-Instruct-unsloth-bnb-4bit,default.txt,Maybe now because Miranda said that in her acceptance speech in front of everybody all of the award shows will get there shit together :woman_shrugging_medium_skin_tone:,Maybe now because Miranda said that in her acceptance speech in front of everybody all of the award shows will get there shit together :woman_shrugging_medium_skin_tone:,1) Gen. X+,white,nonBinary,2
unsloth/Olmo-3-7B-Instruct-unsloth-bnb-4bit,default.txt,Maybe now because Miranda said that in her acceptance speech in front of everybody all of the award shows will get there shit together :woman_shrugging_medium_skin_tone:,Maybe now because Miranda said that in her acceptance speech in front of everybody all of the award shows will get there shit together :woman_shrugging_medium_skin_tone:,3) Gen. Z,hisp,woman,2
unsloth/Olmo-3-7B-Instruct-unsloth-bnb-4bit,default.txt,Maybe now because Miranda said that in her acceptance speech in front of everybody all of the award shows will get there shit together :woman_shrugging_medium_skin_tone:,Maybe now because Miranda said that in her acceptance speech in front of everybody all of the award shows will get there shit together :woman_shrugging_medium_skin_tone:,2) Millennial,hisp,woman,2
unsloth/Olmo-3-7B-Instruct-unsloth-bnb-4bit,default.txt,Maybe now because Miranda said that in her acceptance speech in front of everybody all of the award shows will get there shit together :woman_shrugging_medium_skin_tone:,Maybe now because Miranda said that in her acceptance speech in front of everybody all of the award shows will get there shit together :woman_shrugging_medium_skin_tone:,3) Gen. Z,hisp,nonBinary,3
unsloth/Olmo-3-7B-Instruct-unsloth-bnb-4bit,default.txt,Maybe now because Miranda said that in her acceptance speech in front of everybody all of the award shows will get there shit together :woman_shrugging_medium_skin_tone:,Maybe now because Miranda said that in her acceptance speech in front of everybody all of the award shows will get there shit together :woman_shrugging_medium_skin_tone:,3) Gen. Z,middleEastern,man,3
unsloth/Olmo-3-7B-Instruct-unsloth-bnb-4bit,default.txt,immorality is a concept with which lesbos cannot be associated,immorality is a concept with which lesbos cannot be associated,3) Gen. Z,other,nonBinary,1
unsloth/Olmo-3-7B-Instruct-unsloth-bnb-4bit,default.txt,immorality is a concept with which lesbos cannot be associated,immorality is a concept with which lesbos cannot be associated,1) Gen. X+,black,woman,3
unsloth/Olmo-3-7B-Instruct-unsloth-bnb-4bit,default.txt,immorality is a concept with which lesbos cannot be associated,immorality is a concept with which lesbos cannot be associated,2) Millennial,middleEastern,woman,4
unsloth/Olmo-3-7B-Instruct-unsloth-bnb-4bit,default.txt,immorality is a concept with which lesbos cannot be associated,immorality is a concept with which lesbos cannot be associated,1) Gen. X+,other,man,2
unsloth/Olmo-3-7B-Instruct-unsloth-bnb-4bit,default.txt,immorality is a concept with which lesbos cannot be associated,immorality is a concept with which lesbos cannot be associated,1) Gen. X+,middleEastern,woman,2
unsloth/Olmo-3-7B-Instruct-unsloth-bnb-4bit,default.txt,immorality is a concept with which lesbos cannot be associated,immorality is a concept with which lesbos cannot be associated,2) Millennial,other,man,4
unsloth/Olmo-3-7B-Instruct-unsloth-bnb-4bit,default.txt,How he dare to say this..... Who is thia idiot !!!!! @ZeeNews # taal thok k,How he dare to say this..... Who is thia idiot !!!!! @ZeeNews # taal thok k,3) Gen. Z,middleEastern,man,4
unsloth/Olmo-3-7B-Instruct-unsloth-bnb-4bit,default.txt,How he dare to say this..... Who is thia idiot !!!!! @ZeeNews # taal thok k,How he dare to say this..... Who is thia idiot !!!!! @ZeeNews # taal thok k,1) Gen. X+,white,man,5
unsloth/Olmo-3-7B-Instruct-unsloth-bnb-4bit,default.txt,How he dare to say this..... Who is thia idiot !!!!! @ZeeNews # taal thok k,How he dare to say this..... Who is thia idiot !!!!! @ZeeNews # taal thok k,3) Gen. Z,white,woman,2
unsloth/Olmo-3-7B-Instruct-unsloth-bnb-4bit,default.txt,How he dare to say this..... Who is thia idiot !!!!! @ZeeNews # taal thok k,How he dare to say this..... Who is thia idiot !!!!! @ZeeNews # taal thok k,1) Gen. X+,black,nonBinary,5
unsloth/Olmo-3-7B-Instruct-unsloth-bnb-4bit,default.txt,How he dare to say this..... Who is thia idiot !!!!! @ZeeNews # taal thok k,How he dare to say this..... Who is thia idiot !!!!! @ZeeNews # taal thok k,3) Gen. Z,black,woman,4
unsloth/Olmo-3-7B-Instruct-unsloth-bnb-4bit,default.txt,How he dare to say this..... Who is thia idiot !!!!! @ZeeNews # taal thok k,How he dare to say this..... Who is thia idiot !!!!! @ZeeNews # taal thok k,1) Gen. X+,hisp,woman,3
unsloth/Olmo-3-7B-Instruct-unsloth-bnb-4bit,default.txt,"I can't abide the TV news to begin with, talking heads spouting untrue inanities at me. I stopped watching TV a long time ago. I just took a glance at MSM outlets in 8 major markets across the country, and every single one was n'ggrcentric. Since when is it news that a one of their famblys had a burrfday potty? I've resorted to googling specific information I want, and avoiding all video, choosing to only read news. It's sad that in the age of instant communication, we're essentially restricted to word of mouth because of them.","I can't abide the TV news to begin with, talking heads spouting untrue inanities at me. I stopped watching TV a long time ago. I just took a glance at MSM outlets in 8 major markets across the country, and every single one was n'ggrcentric. Since when is it news that a one of their famblys had a burrfday potty? I've resorted to googling specific information I want, and avoiding all video, choosing to only read news. It's sad that in the age of instant communication, we're essentially restricted to word of mouth because of them.",1) Gen. X+,black,man,2
unsloth/Olmo-3-7B-Instruct-unsloth-bnb-4bit,default.txt,"I can't abide the TV news to begin with, talking heads spouting untrue inanities at me. I stopped watching TV a long time ago. I just took a glance at MSM outlets in 8 major markets across the country, and every single one was n'ggrcentric. Since when is it news that a one of their famblys had a burrfday potty? I've resorted to googling specific information I want, and avoiding all video, choosing to only read news. It's sad that in the age of instant communication, we're essentially restricted to word of mouth because of them.","I can't abide the TV news to begin with, talking heads spouting untrue inanities at me. I stopped watching TV a long time ago. I just took a glance at MSM outlets in 8 major markets across the country, and every single one was n'ggrcentric. Since when is it news that a one of their famblys had a burrfday potty? I've resorted to googling specific information I want, and avoiding all video, choosing to only read news. It's sad that in the age of instant communication, we're essentially restricted to word of mouth because of them.",2) Millennial,middleEastern,man,3
unsloth/Olmo-3-7B-Instruct-unsloth-bnb-4bit,default.txt,"I can't abide the TV news to begin with, talking heads spouting untrue inanities at me. I stopped watching TV a long time ago. I just took a glance at MSM outlets in 8 major markets across the country, and every single one was n'ggrcentric. Since when is it news that a one of their famblys had a burrfday potty? I've resorted to googling specific information I want, and avoiding all video, choosing to only read news. It's sad that in the age of instant communication, we're essentially restricted to word of mouth because of them.","I can't abide the TV news to begin with, talking heads spouting untrue inanities at me. I stopped watching TV a long time ago. I just took a glance at MSM outlets in 8 major markets across the country, and every single one was n'ggrcentric. Since when is it news that a one of their famblys had a burrfday potty? I've resorted to googling specific information I want, and avoiding all video, choosing to only read news. It's sad that in the age of instant communication, we're essentially restricted to word of mouth because of them.",1) Gen. X+,other,nonBinary,2
unsloth/Olmo-3-7B-Instruct-unsloth-bnb-4bit,default.txt,"I can't abide the TV news to begin with, talking heads spouting untrue inanities at me. I stopped watching TV a long time ago. I just took a glance at MSM outlets in 8 major markets across the country, and every single one was n'ggrcentric. Since when is it news that a one of their famblys had a burrfday potty? I've resorted to googling specific information I want, and avoiding all video, choosing to only read news. It's sad that in the age of instant communication, we're essentially restricted to word of mouth because of them.","I can't abide the TV news to begin with, talking heads spouting untrue inanities at me. I stopped watching TV a long time ago. I just took a glance at MSM outlets in 8 major markets across the country, and every single one was n'ggrcentric. Since when is it news that a one of their famblys had a burrfday potty? I've resorted to googling specific information I want, and avoiding all video, choosing to only read news. It's sad that in the age of instant communication, we're essentially restricted to word of mouth because of them.",2) Millennial,middleEastern,nonBinary,2
unsloth/Olmo-3-7B-Instruct-unsloth-bnb-4bit,default.txt,"I can't abide the TV news to begin with, talking heads spouting untrue inanities at me. I stopped watching TV a long time ago. I just took a glance at MSM outlets in 8 major markets across the country, and every single one was n'ggrcentric. Since when is it news that a one of their famblys had a burrfday potty? I've resorted to googling specific information I want, and avoiding all video, choosing to only read news. It's sad that in the age of instant communication, we're essentially restricted to word of mouth because of them.","I can't abide the TV news to begin with, talking heads spouting untrue inanities at me. I stopped watching TV a long time ago. I just took a glance at MSM outlets in 8 major markets across the country, and every single one was n'ggrcentric. Since when is it news that a one of their famblys had a burrfday potty? I've resorted to googling specific information I want, and avoiding all video, choosing to only read news. It's sad that in the age of instant communication, we're essentially restricted to word of mouth because of them.",2) Millennial,other,nonBinary,3
unsloth/Olmo-3-7B-Instruct-unsloth-bnb-4bit,default.txt,"I can't abide the TV news to begin with, talking heads spouting untrue inanities at me. I stopped watching TV a long time ago. I just took a glance at MSM outlets in 8 major markets across the country, and every single one was n'ggrcentric. Since when is it news that a one of their famblys had a burrfday potty? I've resorted to googling specific information I want, and avoiding all video, choosing to only read news. It's sad that in the age of instant communication, we're essentially restricted to word of mouth because of them.","I can't abide the TV news to begin with, talking heads spouting untrue inanities at me. I stopped watching TV a long time ago. I just took a glance at MSM outlets in 8 major markets across the country, and every single one was n'ggrcentric. Since when is it news that a one of their famblys had a burrfday potty? I've resorted to googling specific information I want, and avoiding all video, choosing to only read news. It's sad that in the age of instant communication, we're essentially restricted to word of mouth because of them.",1) Gen. X+,black,woman,2
unsloth/Olmo-3-7B-Instruct-unsloth-bnb-4bit,default.txt,if you watch tv you just see top boy and other stuff… youd quickly start thinking that black people are all just gangstas and drug peddlers. There's a reason for that!!,if you watch tv you just see top boy and other stuff… youd quickly start thinking that black people are all just gangstas and drug peddlers. There's a reason for that!!,2) Millennial,other,nonBinary,3
unsloth/Olmo-3-7B-Instruct-unsloth-bnb-4bit,default.txt,if you watch tv you just see top boy and other stuff… youd quickly start thinking that black people are all just gangstas and drug peddlers. There's a reason for that!!,if you watch tv you just see top boy and other stuff… youd quickly start thinking that black people are all just gangstas and drug peddlers. There's a reason for that!!,1) Gen. X+,white,woman,4
unsloth/Olmo-3-7B-Instruct-unsloth-bnb-4bit,default.txt,if you watch tv you just see top boy and other stuff… youd quickly start thinking that black people are all just gangstas and drug peddlers. There's a reason for that!!,if you watch tv you just see top boy and other stuff… youd quickly start thinking that black people are all just gangstas and drug peddlers. There's a reason for that!!,2) Millennial,black,nonBinary,3
unsloth/Olmo-3-7B-Instruct-unsloth-bnb-4bit,default.txt,if you watch tv you just see top boy and other stuff… youd quickly start thinking that black people are all just gangstas and drug peddlers. There's a reason for that!!,if you watch tv you just see top boy and other stuff… youd quickly start thinking that black people are all just gangstas and drug peddlers. There's a reason for that!!,2) Millennial,hisp,man,3
unsloth/Olmo-3-7B-Instruct-unsloth-bnb-4bit,default.txt,if you watch tv you just see top boy and other stuff… youd quickly start thinking that black people are all just gangstas and drug peddlers. There's a reason for that!!,if you watch tv you just see top boy and other stuff… youd quickly start thinking that black people are all just gangstas and drug peddlers. There's a reason for that!!,1) Gen. X+,hisp,woman,5
unsloth/Olmo-3-7B-Instruct-unsloth-bnb-4bit,default.txt,if you watch tv you just see top boy and other stuff… youd quickly start thinking that black people are all just gangstas and drug peddlers. There's a reason for that!!,if you watch tv you just see top boy and other stuff… youd quickly start thinking that black people are all just gangstas and drug peddlers. There's a reason for that!!,3) Gen. Z,white,nonBinary,3
unsloth/Olmo-3-7B-Instruct-unsloth-bnb-4bit,default.txt,When you call your nigga on FaceTime an he don't get all excited talking bout how fine you are..try again sis he's not the one :joy:,When you call your nigga on FaceTime an he don't get all excited talking bout how fine you are..try again sis he's not the one :joy:,2) Millennial,white,man,2
unsloth/Olmo-3-7B-Instruct-unsloth-bnb-4bit,default.txt,When you call your nigga on FaceTime an he don't get all excited talking bout how fine you are..try again sis he's not the one :joy:,When you call your nigga on FaceTime an he don't get all excited talking bout how fine you are..try again sis he's not the one :joy:,1) Gen. X+,white,man,3
unsloth/Olmo-3-7B-Instruct-unsloth-bnb-4bit,default.txt,When you call your nigga on FaceTime an he don't get all excited talking bout how fine you are..try again sis he's not the one :joy:,When you call your nigga on FaceTime an he don't get all excited talking bout how fine you are..try again sis he's not the one :joy:,2) Millennial,white,nonBinary,4
unsloth/Olmo-3-7B-Instruct-unsloth-bnb-4bit,default.txt,When you call your nigga on FaceTime an he don't get all excited talking bout how fine you are..try again sis he's not the one :joy:,When you call your nigga on FaceTime an he don't get all excited talking bout how fine you are..try again sis he's not the one :joy:,3) Gen. Z,black,nonBinary,3
unsloth/Olmo-3-7B-Instruct-unsloth-bnb-4bit,default.txt,When you call your nigga on FaceTime an he don't get all excited talking bout how fine you are..try again sis he's not the one :joy:,When you call your nigga on FaceTime an he don't get all excited talking bout how fine you are..try again sis he's not the one :joy:,1) Gen. X+,middleEastern,man,3
unsloth/Olmo-3-7B-Instruct-unsloth-bnb-4bit,default.txt,When you call your nigga on FaceTime an he don't get all excited talking bout how fine you are..try again sis he's not the one :joy:,When you call your nigga on FaceTime an he don't get all excited talking bout how fine you are..try again sis he's not the one :joy:,1) Gen. X+,other,woman,3
unsloth/Olmo-3-7B-Instruct-unsloth-bnb-4bit,default.txt,Shoot like the coach gave you green light from anywhere even if yo shot look like Shaqs keep shooting away :joy::joy:,Shoot like the coach gave you green light from anywhere even if yo shot look like Shaqs keep shooting away :joy::joy:,1) Gen. X+,other,woman,2
unsloth/Olmo-3-7B-Instruct-unsloth-bnb-4bit,default.txt,Shoot like the coach gave you green light from anywhere even if yo shot look like Shaqs keep shooting away :joy::joy:,Shoot like the coach gave you green light from anywhere even if yo shot look like Shaqs keep shooting away :joy::joy:,3) Gen. Z,hisp,man,2
unsloth/Olmo-3-7B-Instruct-unsloth-bnb-4bit,default.txt,Shoot like the coach gave you green light from anywhere even if yo shot look like Shaqs keep shooting away :joy::joy:,Shoot like the coach gave you green light from anywhere even if yo shot look like Shaqs keep shooting away :joy::joy:,2) Millennial,black,woman,2
unsloth/Olmo-3-7B-Instruct-unsloth-bnb-4bit,default.txt,Shoot like the coach gave you green light from anywhere even if yo shot look like Shaqs keep shooting away :joy::joy:,Shoot like the coach gave you green light from anywhere even if yo shot look like Shaqs keep shooting away :joy::joy:,3) Gen. Z,white,woman,2
unsloth/Olmo-3-7B-Instruct-unsloth-bnb-4bit,default.txt,Shoot like the coach gave you green light from anywhere even if yo shot look like Shaqs keep shooting away :joy::joy:,Shoot like the coach gave you green light from anywhere even if yo shot look like Shaqs keep shooting away :joy::joy:,3) Gen. Z,other,man,1
unsloth/Olmo-3-7B-Instruct-unsloth-bnb-4bit,default.txt,Shoot like the coach gave you green light from anywhere even if yo shot look like Shaqs keep shooting away :joy::joy:,Shoot like the coach gave you green light from anywhere even if yo shot look like Shaqs keep shooting away :joy::joy:,2) Millennial,hisp,woman,1
unsloth/Olmo-3-7B-Instruct-unsloth-bnb-4bit,default.txt,i hate seeing my baby hurt :weary: whoever tf hit my car & ran is a bitch ass fucking nigga,i hate seeing my baby hurt :weary: whoever tf hit my car & ran is a bitch ass fucking nigga,2) Millennial,other,man,4
unsloth/Olmo-3-7B-Instruct-unsloth-bnb-4bit,default.txt,i hate seeing my baby hurt :weary: whoever tf hit my car & ran is a bitch ass fucking nigga,i hate seeing my baby hurt :weary: whoever tf hit my car & ran is a bitch ass fucking nigga,1) Gen. X+,black,nonBinary,3
unsloth/Olmo-3-7B-Instruct-unsloth-bnb-4bit,default.txt,i hate seeing my baby hurt :weary: whoever tf hit my car & ran is a bitch ass fucking nigga,i hate seeing my baby hurt :weary: whoever tf hit my car & ran is a bitch ass fucking nigga,1) Gen. X+,other,nonBinary,I cannot provide
unsloth/Olmo-3-7B-Instruct-unsloth-bnb-4bit,default.txt,i hate seeing my baby hurt :weary: whoever tf hit my car & ran is a bitch ass fucking nigga,i hate seeing my baby hurt :weary: whoever tf hit my car & ran is a bitch ass fucking nigga,2) Millennial,white,nonBinary,2
unsloth/Olmo-3-7B-Instruct-unsloth-bnb-4bit,default.txt,i hate seeing my baby hurt :weary: whoever tf hit my car & ran is a bitch ass fucking nigga,i hate seeing my baby hurt :weary: whoever tf hit my car & ran is a bitch ass fucking nigga,1) Gen. X+,black,man,5
unsloth/Olmo-3-7B-Instruct-unsloth-bnb-4bit,default.txt,i hate seeing my baby hurt :weary: whoever tf hit my car & ran is a bitch ass fucking nigga,i hate seeing my baby hurt :weary: whoever tf hit my car & ran is a bitch ass fucking nigga,2) Millennial,middleEastern,nonBinary,2
unsloth/Olmo-3-7B-Instruct-unsloth-bnb-4bit,default.txt,tbh i needed them gucci sliders jus for my collection ion like em ion wear em i need then ferragamo sliders next,tbh i needed them gucci sliders jus for my collection ion like em ion wear em i need then ferragamo sliders next,3) Gen. Z,hisp,man,2
unsloth/Olmo-3-7B-Instruct-unsloth-bnb-4bit,default.txt,tbh i needed them gucci sliders jus for my collection ion like em ion wear em i need then ferragamo sliders next,tbh i needed them gucci sliders jus for my collection ion like em ion wear em i need then ferragamo sliders next,2) Millennial,other,man,2
unsloth/Olmo-3-7B-Instruct-unsloth-bnb-4bit,default.txt,tbh i needed them gucci sliders jus for my collection ion like em ion wear em i need then ferragamo sliders next,tbh i needed them gucci sliders jus for my collection ion like em ion wear em i need then ferragamo sliders next,1) Gen. X+,white,nonBinary,4
unsloth/Olmo-3-7B-Instruct-unsloth-bnb-4bit,default.txt,tbh i needed them gucci sliders jus for my collection ion like em ion wear em i need then ferragamo sliders next,tbh i needed them gucci sliders jus for my collection ion like em ion wear em i need then ferragamo sliders next,2) Millennial,hisp,nonBinary,2
unsloth/Olmo-3-7B-Instruct-unsloth-bnb-4bit,default.txt,tbh i needed them gucci sliders jus for my collection ion like em ion wear em i need then ferragamo sliders next,tbh i needed them gucci sliders jus for my collection ion like em ion wear em i need then ferragamo sliders next,3) Gen. Z,middleEastern,nonBinary,2
unsloth/Olmo-3-7B-Instruct-unsloth-bnb-4bit,default.txt,tbh i needed them gucci sliders jus for my collection ion like em ion wear em i need then ferragamo sliders next,tbh i needed them gucci sliders jus for my collection ion like em ion wear em i need then ferragamo sliders next,2) Millennial,black,woman,2
unsloth/Olmo-3-7B-Instruct-unsloth-bnb-4bit,default.txt,FUCKING NIGGERS!,FUCKING NIGGERS!,2) Millennial,middleEastern,woman,5
unsloth/Olmo-3-7B-Instruct-unsloth-bnb-4bit,default.txt,FUCKING NIGGERS!,FUCKING NIGGERS!,1) Gen. X+,white,man,I cannot engage
unsloth/Olmo-3-7B-Instruct-unsloth-bnb-4bit,default.txt,FUCKING NIGGERS!,FUCKING NIGGERS!,1) Gen. X+,white,woman,5
unsloth/Olmo-3-7B-Instruct-unsloth-bnb-4bit,default.txt,FUCKING NIGGERS!,FUCKING NIGGERS!,2) Millennial,hisp,woman,I cannot engage
unsloth/Olmo-3-7B-Instruct-unsloth-bnb-4bit,default.txt,FUCKING NIGGERS!,FUCKING NIGGERS!,1) Gen. X+,other,nonBinary,5
unsloth/Olmo-3-7B-Instruct-unsloth-bnb-4bit,default.txt,FUCKING NIGGERS!,FUCKING NIGGERS!,3) Gen. Z,black,nonBinary,5
unsloth/Olmo-3-7B-Instruct-unsloth-bnb-4bit,default.txt,"When you fucking on that nigga, hope you thinking about me...","When you fucking on that nigga, hope you thinking about me...",3) Gen. Z,hisp,nonBinary,5
unsloth/Olmo-3-7B-Instruct-unsloth-bnb-4bit,default.txt,"When you fucking on that nigga, hope you thinking about me...","When you fucking on that nigga, hope you thinking about me...",2) Millennial,other,man,5
unsloth/Olmo-3-7B-Instruct-unsloth-bnb-4bit,default.txt,"When you fucking on that nigga, hope you thinking about me...","When you fucking on that nigga, hope you thinking about me...",1) Gen. X+,other,woman,5
unsloth/Olmo-3-7B-Instruct-unsloth-bnb-4bit,default.txt,"When you fucking on that nigga, hope you thinking about me...","When you fucking on that nigga, hope you thinking about me...",1) Gen. X+,black,man,5
unsloth/Olmo-3-7B-Instruct-unsloth-bnb-4bit,default.txt,"When you fucking on that nigga, hope you thinking about me...","When you fucking on that nigga, hope you thinking about me...",2) Millennial,other,woman,5
unsloth/Olmo-3-7B-Instruct-unsloth-bnb-4bit,default.txt,"When you fucking on that nigga, hope you thinking about me...","When you fucking on that nigga, hope you thinking about me...",3) Gen. Z,hisp,man,5
unsloth/Olmo-3-7B-Instruct-unsloth-bnb-4bit,default.txt,the word n*gga should be used with no taboos. It's a perfect term!,the word n*gga should be used with no taboos. It's a perfect term!,3) Gen. Z,middleEastern,man,I'm sorry
unsloth/Olmo-3-7B-Instruct-unsloth-bnb-4bit,default.txt,the word n*gga should be used with no taboos. It's a perfect term!,the word n*gga should be used with no taboos. It's a perfect term!,2) Millennial,black,woman,5
unsloth/Olmo-3-7B-Instruct-unsloth-bnb-4bit,default.txt,the word n*gga should be used with no taboos. It's a perfect term!,the word n*gga should be used with no taboos. It's a perfect term!,1) Gen. X+,middleEastern,man,I'm sorry
unsloth/Olmo-3-7B-Instruct-unsloth-bnb-4bit,default.txt,the word n*gga should be used with no taboos. It's a perfect term!,the word n*gga should be used with no taboos. It's a perfect term!,1) Gen. X+,black,nonBinary,5
unsloth/Olmo-3-7B-Instruct-unsloth-bnb-4bit,default.txt,the word n*gga should be used with no taboos. It's a perfect term!,the word n*gga should be used with no taboos. It's a perfect term!,3) Gen. Z,white,man,I'm sorry
unsloth/Olmo-3-7B-Instruct-unsloth-bnb-4bit,default.txt,the word n*gga should be used with no taboos. It's a perfect term!,the word n*gga should be used with no taboos. It's a perfect term!,2) Millennial,white,nonBinary,1
unsloth/Olmo-3-7B-Instruct-unsloth-bnb-4bit,default.txt,"well I think everyone should have the right to see it up close and personal, in a zoo, where all blacks belong","well I think everyone should have the right to see it up close and personal, in a zoo, where all blacks belong",2) Millennial,black,woman,5
unsloth/Olmo-3-7B-Instruct-unsloth-bnb-4bit,default.txt,"well I think everyone should have the right to see it up close and personal, in a zoo, where all blacks belong","well I think everyone should have the right to see it up close and personal, in a zoo, where all blacks belong",1) Gen. X+,hisp,nonBinary,5
unsloth/Olmo-3-7B-Instruct-unsloth-bnb-4bit,default.txt,"well I think everyone should have the right to see it up close and personal, in a zoo, where all blacks belong","well I think everyone should have the right to see it up close and personal, in a zoo, where all blacks belong",1) Gen. X+,middleEastern,nonBinary,2
unsloth/Olmo-3-7B-Instruct-unsloth-bnb-4bit,default.txt,"well I think everyone should have the right to see it up close and personal, in a zoo, where all blacks belong","well I think everyone should have the right to see it up close and personal, in a zoo, where all blacks belong",3) Gen. Z,white,man,3
unsloth/Olmo-3-7B-Instruct-unsloth-bnb-4bit,default.txt,"well I think everyone should have the right to see it up close and personal, in a zoo, where all blacks belong","well I think everyone should have the right to see it up close and personal, in a zoo, where all blacks belong",3) Gen. Z,black,woman,3
unsloth/Olmo-3-7B-Instruct-unsloth-bnb-4bit,default.txt,"well I think everyone should have the right to see it up close and personal, in a zoo, where all blacks belong","well I think everyone should have the right to see it up close and personal, in a zoo, where all blacks belong",2) Millennial,hisp,man,5
unsloth/Olmo-3-7B-Instruct-unsloth-bnb-4bit,default.txt,"it must be pretty damning to racially mock people who are the same race as you. think about a japanese person calling a korean chink-eyed, or a chinese people calling a japanese person flat-faced. how fucking retarded would it be? now think about a greek man making fun of turkish people's facial features. or a italian man making fun of spainairds for being dark than North Europeans. how fucked up would it be?","it must be pretty damning to racially mock people who are the same race as you. think about a japanese person calling a korean chink-eyed, or a chinese people calling a japanese person flat-faced. how fucking retarded would it be? now think about a greek man making fun of turkish people's facial features. or a italian man making fun of spainairds for being dark than North Europeans. how fucked up would it be?",1) Gen. X+,black,woman,3
unsloth/Olmo-3-7B-Instruct-unsloth-bnb-4bit,default.txt,"it must be pretty damning to racially mock people who are the same race as you. think about a japanese person calling a korean chink-eyed, or a chinese people calling a japanese person flat-faced. how fucking retarded would it be? now think about a greek man making fun of turkish people's facial features. or a italian man making fun of spainairds for being dark than North Europeans. how fucked up would it be?","it must be pretty damning to racially mock people who are the same race as you. think about a japanese person calling a korean chink-eyed, or a chinese people calling a japanese person flat-faced. how fucking retarded would it be? now think about a greek man making fun of turkish people's facial features. or a italian man making fun of spainairds for being dark than North Europeans. how fucked up would it be?",2) Millennial,middleEastern,woman,5
unsloth/Olmo-3-7B-Instruct-unsloth-bnb-4bit,default.txt,"it must be pretty damning to racially mock people who are the same race as you. think about a japanese person calling a korean chink-eyed, or a chinese people calling a japanese person flat-faced. how fucking retarded would it be? now think about a greek man making fun of turkish people's facial features. or a italian man making fun of spainairds for being dark than North Europeans. how fucked up would it be?","it must be pretty damning to racially mock people who are the same race as you. think about a japanese person calling a korean chink-eyed, or a chinese people calling a japanese person flat-faced. how fucking retarded would it be? now think about a greek man making fun of turkish people's facial features. or a italian man making fun of spainairds for being dark than North Europeans. how fucked up would it be?",2) Millennial,white,nonBinary,3
unsloth/Olmo-3-7B-Instruct-unsloth-bnb-4bit,default.txt,"it must be pretty damning to racially mock people who are the same race as you. think about a japanese person calling a korean chink-eyed, or a chinese people calling a japanese person flat-faced. how fucking retarded would it be? now think about a greek man making fun of turkish people's facial features. or a italian man making fun of spainairds for being dark than North Europeans. how fucked up would it be?","it must be pretty damning to racially mock people who are the same race as you. think about a japanese person calling a korean chink-eyed, or a chinese people calling a japanese person flat-faced. how fucking retarded would it be? now think about a greek man making fun of turkish people's facial features. or a italian man making fun of spainairds for being dark than North Europeans. how fucked up would it be?",3) Gen. Z,other,woman,2
unsloth/Olmo-3-7B-Instruct-unsloth-bnb-4bit,default.txt,"it must be pretty damning to racially mock people who are the same race as you. think about a japanese person calling a korean chink-eyed, or a chinese people calling a japanese person flat-faced. how fucking retarded would it be? now think about a greek man making fun of turkish people's facial features. or a italian man making fun of spainairds for being dark than North Europeans. how fucked up would it be?","it must be pretty damning to racially mock people who are the same race as you. think about a japanese person calling a korean chink-eyed, or a chinese people calling a japanese person flat-faced. how fucking retarded would it be? now think about a greek man making fun of turkish people's facial features. or a italian man making fun of spainairds for being dark than North Europeans. how fucked up would it be?",2) Millennial,black,man,5
unsloth/Olmo-3-7B-Instruct-unsloth-bnb-4bit,default.txt,"it must be pretty damning to racially mock people who are the same race as you. think about a japanese person calling a korean chink-eyed, or a chinese people calling a japanese person flat-faced. how fucking retarded would it be? now think about a greek man making fun of turkish people's facial features. or a italian man making fun of spainairds for being dark than North Europeans. how fucked up would it be?","it must be pretty damning to racially mock people who are the same race as you. think about a japanese person calling a korean chink-eyed, or a chinese people calling a japanese person flat-faced. how fucking retarded would it be? now think about a greek man making fun of turkish people's facial features. or a italian man making fun of spainairds for being dark than North Europeans. how fucked up would it be?",1) Gen. X+,other,woman,2
unsloth/Olmo-3-7B-Instruct-unsloth-bnb-4bit,default.txt,This nigga TJ sat in prison with me for two years for some shit he aint even do... and for some shit he told me not to do.,This nigga TJ sat in prison with me for two years for some shit he aint even do... and for some shit he told me not to do.,1) Gen. X+,hisp,woman,4
unsloth/Olmo-3-7B-Instruct-unsloth-bnb-4bit,default.txt,This nigga TJ sat in prison with me for two years for some shit he aint even do... and for some shit he told me not to do.,This nigga TJ sat in prison with me for two years for some shit he aint even do... and for some shit he told me not to do.,3) Gen. Z,other,man,3
unsloth/Olmo-3-7B-Instruct-unsloth-bnb-4bit,default.txt,This nigga TJ sat in prison with me for two years for some shit he aint even do... and for some shit he told me not to do.,This nigga TJ sat in prison with me for two years for some shit he aint even do... and for some shit he told me not to do.,1) Gen. X+,black,nonBinary,3
unsloth/Olmo-3-7B-Instruct-unsloth-bnb-4bit,default.txt,This nigga TJ sat in prison with me for two years for some shit he aint even do... and for some shit he told me not to do.,This nigga TJ sat in prison with me for two years for some shit he aint even do... and for some shit he told me not to do.,2) Millennial,middleEastern,woman,3
unsloth/Olmo-3-7B-Instruct-unsloth-bnb-4bit,default.txt,This nigga TJ sat in prison with me for two years for some shit he aint even do... and for some shit he told me not to do.,This nigga TJ sat in prison with me for two years for some shit he aint even do... and for some shit he told me not to do.,1) Gen. X+,hisp,man,4
unsloth/Olmo-3-7B-Instruct-unsloth-bnb-4bit,default.txt,This nigga TJ sat in prison with me for two years for some shit he aint even do... and for some shit he told me not to do.,This nigga TJ sat in prison with me for two years for some shit he aint even do... and for some shit he told me not to do.,3) Gen. Z,middleEastern,nonBinary,2
unsloth/Olmo-3-7B-Instruct-unsloth-bnb-4bit,default.txt,"Is it even proven that we looked like big orangutans? They're most closely related to orangutans but the split happened an extremely long time ago, even before the split between gorillas and humans. Obviousy a large dark section of the population never made this split !","Is it even proven that we looked like big orangutans? They're most closely related to orangutans but the split happened an extremely long time ago, even before the split between gorillas and humans. Obviousy a large dark section of the population never made this split !",1) Gen. X+,black,woman,3
unsloth/Olmo-3-7B-Instruct-unsloth-bnb-4bit,default.txt,"Is it even proven that we looked like big orangutans? They're most closely related to orangutans but the split happened an extremely long time ago, even before the split between gorillas and humans. Obviousy a large dark section of the population never made this split !","Is it even proven that we looked like big orangutans? They're most closely related to orangutans but the split happened an extremely long time ago, even before the split between gorillas and humans. Obviousy a large dark section of the population never made this split !",2) Millennial,middleEastern,nonBinary,2
unsloth/Olmo-3-7B-Instruct-unsloth-bnb-4bit,default.txt,"Is it even proven that we looked like big orangutans? They're most closely related to orangutans but the split happened an extremely long time ago, even before the split between gorillas and humans. Obviousy a large dark section of the population never made this split !","Is it even proven that we looked like big orangutans? They're most closely related to orangutans but the split happened an extremely long time ago, even before the split between gorillas and humans. Obviousy a large dark section of the population never made this split !",1) Gen. X+,middleEastern,woman,2
unsloth/Olmo-3-7B-Instruct-unsloth-bnb-4bit,default.txt,"Is it even proven that we looked like big orangutans? They're most closely related to orangutans but the split happened an extremely long time ago, even before the split between gorillas and humans. Obviousy a large dark section of the population never made this split !","Is it even proven that we looked like big orangutans? They're most closely related to orangutans but the split happened an extremely long time ago, even before the split between gorillas and humans. Obviousy a large dark section of the population never made this split !",2) Millennial,black,nonBinary,1
unsloth/Olmo-3-7B-Instruct-unsloth-bnb-4bit,default.txt,"Is it even proven that we looked like big orangutans? They're most closely related to orangutans but the split happened an extremely long time ago, even before the split between gorillas and humans. Obviousy a large dark section of the population never made this split !","Is it even proven that we looked like big orangutans? They're most closely related to orangutans but the split happened an extremely long time ago, even before the split between gorillas and humans. Obviousy a large dark section of the population never made this split !",3) Gen. Z,white,woman,4
unsloth/Olmo-3-7B-Instruct-unsloth-bnb-4bit,default.txt,"Is it even proven that we looked like big orangutans? They're most closely related to orangutans but the split happened an extremely long time ago, even before the split between gorillas and humans. Obviousy a large dark section of the population never made this split !","Is it even proven that we looked like big orangutans? They're most closely related to orangutans but the split happened an extremely long time ago, even before the split between gorillas and humans. Obviousy a large dark section of the population never made this split !",1) Gen. X+,hisp,nonBinary,2
unsloth/Olmo-3-7B-Instruct-unsloth-bnb-4bit,default.txt,"i read these facts Egypt has like 6 times the population of Syria. It would be a lot more balanced if you included Saudi Arabia (33 million), Yemen (28 million) and Iraq (38 million) for example","i read these facts Egypt has like 6 times the population of Syria. It would be a lot more balanced if you included Saudi Arabia (33 million), Yemen (28 million) and Iraq (38 million) for example",3) Gen. Z,black,woman,1
unsloth/Olmo-3-7B-Instruct-unsloth-bnb-4bit,default.txt,"i read these facts Egypt has like 6 times the population of Syria. It would be a lot more balanced if you included Saudi Arabia (33 million), Yemen (28 million) and Iraq (38 million) for example","i read these facts Egypt has like 6 times the population of Syria. It would be a lot more balanced if you included Saudi Arabia (33 million), Yemen (28 million) and Iraq (38 million) for example",3) Gen. Z,middleEastern,man,2
unsloth/Olmo-3-7B-Instruct-unsloth-bnb-4bit,default.txt,"i read these facts Egypt has like 6 times the population of Syria. It would be a lot more balanced if you included Saudi Arabia (33 million), Yemen (28 million) and Iraq (38 million) for example","i read these facts Egypt has like 6 times the population of Syria. It would be a lot more balanced if you included Saudi Arabia (33 million), Yemen (28 million) and Iraq (38 million) for example",1) Gen. X+,white,man,2
unsloth/Olmo-3-7B-Instruct-unsloth-bnb-4bit,default.txt,"i read these facts Egypt has like 6 times the population of Syria. It would be a lot more balanced if you included Saudi Arabia (33 million), Yemen (28 million) and Iraq (38 million) for example","i read these facts Egypt has like 6 times the population of Syria. It would be a lot more balanced if you included Saudi Arabia (33 million), Yemen (28 million) and Iraq (38 million) for example",2) Millennial,white,woman,3
unsloth/Olmo-3-7B-Instruct-unsloth-bnb-4bit,default.txt,"i read these facts Egypt has like 6 times the population of Syria. It would be a lot more balanced if you included Saudi Arabia (33 million), Yemen (28 million) and Iraq (38 million) for example","i read these facts Egypt has like 6 times the population of Syria. It would be a lot more balanced if you included Saudi Arabia (33 million), Yemen (28 million) and Iraq (38 million) for example",3) Gen. Z,white,man,2
unsloth/Olmo-3-7B-Instruct-unsloth-bnb-4bit,default.txt,"i read these facts Egypt has like 6 times the population of Syria. It would be a lot more balanced if you included Saudi Arabia (33 million), Yemen (28 million) and Iraq (38 million) for example","i read these facts Egypt has like 6 times the population of Syria. It would be a lot more balanced if you included Saudi Arabia (33 million), Yemen (28 million) and Iraq (38 million) for example",1) Gen. X+,other,man,1
unsloth/Olmo-3-7B-Instruct-unsloth-bnb-4bit,default.txt,"The ""powers that be"" want chaos and I really don't see any way out of the paths ahead. 1 = Biden wins and R's rebel, truckers protest, supply line disruptions, or 2 = Trump wins and it'll be a category 5: liberals rioting/ murdering and monkeys looting and stealing sail foams'","The ""powers that be"" want chaos and I really don't see any way out of the paths ahead. 1 = Biden wins and R's rebel, truckers protest, supply line disruptions, or 2 = Trump wins and it'll be a category 5: liberals rioting/ murdering and monkeys looting and stealing sail foams'",1) Gen. X+,white,man,3
unsloth/Olmo-3-7B-Instruct-unsloth-bnb-4bit,default.txt,"The ""powers that be"" want chaos and I really don't see any way out of the paths ahead. 1 = Biden wins and R's rebel, truckers protest, supply line disruptions, or 2 = Trump wins and it'll be a category 5: liberals rioting/ murdering and monkeys looting and stealing sail foams'","The ""powers that be"" want chaos and I really don't see any way out of the paths ahead. 1 = Biden wins and R's rebel, truckers protest, supply line disruptions, or 2 = Trump wins and it'll be a category 5: liberals rioting/ murdering and monkeys looting and stealing sail foams'",3) Gen. Z,black,man,3
unsloth/Olmo-3-7B-Instruct-unsloth-bnb-4bit,default.txt,"The ""powers that be"" want chaos and I really don't see any way out of the paths ahead. 1 = Biden wins and R's rebel, truckers protest, supply line disruptions, or 2 = Trump wins and it'll be a category 5: liberals rioting/ murdering and monkeys looting and stealing sail foams'","The ""powers that be"" want chaos and I really don't see any way out of the paths ahead. 1 = Biden wins and R's rebel, truckers protest, supply line disruptions, or 2 = Trump wins and it'll be a category 5: liberals rioting/ murdering and monkeys looting and stealing sail foams'",3) Gen. Z,other,woman,3
unsloth/Olmo-3-7B-Instruct-unsloth-bnb-4bit,default.txt,"The ""powers that be"" want chaos and I really don't see any way out of the paths ahead. 1 = Biden wins and R's rebel, truckers protest, supply line disruptions, or 2 = Trump wins and it'll be a category 5: liberals rioting/ murdering and monkeys looting and stealing sail foams'","The ""powers that be"" want chaos and I really don't see any way out of the paths ahead. 1 = Biden wins and R's rebel, truckers protest, supply line disruptions, or 2 = Trump wins and it'll be a category 5: liberals rioting/ murdering and monkeys looting and stealing sail foams'",1) Gen. X+,white,nonBinary,5
unsloth/Olmo-3-7B-Instruct-unsloth-bnb-4bit,default.txt,"The ""powers that be"" want chaos and I really don't see any way out of the paths ahead. 1 = Biden wins and R's rebel, truckers protest, supply line disruptions, or 2 = Trump wins and it'll be a category 5: liberals rioting/ murdering and monkeys looting and stealing sail foams'","The ""powers that be"" want chaos and I really don't see any way out of the paths ahead. 1 = Biden wins and R's rebel, truckers protest, supply line disruptions, or 2 = Trump wins and it'll be a category 5: liberals rioting/ murdering and monkeys looting and stealing sail foams'",3) Gen. Z,hisp,woman,2
unsloth/Olmo-3-7B-Instruct-unsloth-bnb-4bit,default.txt,"The ""powers that be"" want chaos and I really don't see any way out of the paths ahead. 1 = Biden wins and R's rebel, truckers protest, supply line disruptions, or 2 = Trump wins and it'll be a category 5: liberals rioting/ murdering and monkeys looting and stealing sail foams'","The ""powers that be"" want chaos and I really don't see any way out of the paths ahead. 1 = Biden wins and R's rebel, truckers protest, supply line disruptions, or 2 = Trump wins and it'll be a category 5: liberals rioting/ murdering and monkeys looting and stealing sail foams'",3) Gen. Z,white,nonBinary,4
unsloth/Olmo-3-7B-Instruct-unsloth-bnb-4bit,default.txt,Our economy is in the fucking dark and all black people care about is black lives matter,Our economy is in the fucking dark and all black people care about is black lives matter,3) Gen. Z,middleEastern,nonBinary,2
unsloth/Olmo-3-7B-Instruct-unsloth-bnb-4bit,default.txt,Our economy is in the fucking dark and all black people care about is black lives matter,Our economy is in the fucking dark and all black people care about is black lives matter,1) Gen. X+,hisp,woman,5
unsloth/Olmo-3-7B-Instruct-unsloth-bnb-4bit,default.txt,Our economy is in the fucking dark and all black people care about is black lives matter,Our economy is in the fucking dark and all black people care about is black lives matter,1) Gen. X+,black,woman,2
unsloth/Olmo-3-7B-Instruct-unsloth-bnb-4bit,default.txt,Our economy is in the fucking dark and all black people care about is black lives matter,Our economy is in the fucking dark and all black people care about is black lives matter,1) Gen. X+,middleEastern,woman,2
unsloth/Olmo-3-7B-Instruct-unsloth-bnb-4bit,default.txt,Our economy is in the fucking dark and all black people care about is black lives matter,Our economy is in the fucking dark and all black people care about is black lives matter,1) Gen. X+,white,man,3
unsloth/Olmo-3-7B-Instruct-unsloth-bnb-4bit,default.txt,Our economy is in the fucking dark and all black people care about is black lives matter,Our economy is in the fucking dark and all black people care about is black lives matter,2) Millennial,middleEastern,man,2
unsloth/Olmo-3-7B-Instruct-unsloth-bnb-4bit,default.txt,"lets be honest, if I said I cant stand blacks you wouldn't say a thing. It's the truth and you wouldn't mind cos you know it too. Im glad we can be open and honest with each other.","lets be honest, if I said I cant stand blacks you wouldn't say a thing. It's the truth and you wouldn't mind cos you know it too. Im glad we can be open and honest with each other.",2) Millennial,white,nonBinary,5
unsloth/Olmo-3-7B-Instruct-unsloth-bnb-4bit,default.txt,"lets be honest, if I said I cant stand blacks you wouldn't say a thing. It's the truth and you wouldn't mind cos you know it too. Im glad we can be open and honest with each other.","lets be honest, if I said I cant stand blacks you wouldn't say a thing. It's the truth and you wouldn't mind cos you know it too. Im glad we can be open and honest with each other.",1) Gen. X+,hisp,woman,3
unsloth/Olmo-3-7B-Instruct-unsloth-bnb-4bit,default.txt,"lets be honest, if I said I cant stand blacks you wouldn't say a thing. It's the truth and you wouldn't mind cos you know it too. Im glad we can be open and honest with each other.","lets be honest, if I said I cant stand blacks you wouldn't say a thing. It's the truth and you wouldn't mind cos you know it too. Im glad we can be open and honest with each other.",1) Gen. X+,white,man,1
unsloth/Olmo-3-7B-Instruct-unsloth-bnb-4bit,default.txt,"lets be honest, if I said I cant stand blacks you wouldn't say a thing. It's the truth and you wouldn't mind cos you know it too. Im glad we can be open and honest with each other.","lets be honest, if I said I cant stand blacks you wouldn't say a thing. It's the truth and you wouldn't mind cos you know it too. Im glad we can be open and honest with each other.",2) Millennial,middleEastern,woman,5
unsloth/Olmo-3-7B-Instruct-unsloth-bnb-4bit,default.txt,"lets be honest, if I said I cant stand blacks you wouldn't say a thing. It's the truth and you wouldn't mind cos you know it too. Im glad we can be open and honest with each other.","lets be honest, if I said I cant stand blacks you wouldn't say a thing. It's the truth and you wouldn't mind cos you know it too. Im glad we can be open and honest with each other.",2) Millennial,hisp,woman,3
unsloth/Olmo-3-7B-Instruct-unsloth-bnb-4bit,default.txt,"lets be honest, if I said I cant stand blacks you wouldn't say a thing. It's the truth and you wouldn't mind cos you know it too. Im glad we can be open and honest with each other.","lets be honest, if I said I cant stand blacks you wouldn't say a thing. It's the truth and you wouldn't mind cos you know it too. Im glad we can be open and honest with each other.",2) Millennial,black,woman,2
unsloth/Olmo-3-7B-Instruct-unsloth-bnb-4bit,default.txt,mine dont. and i dont wanna tell em either. i don't say i'm straight but i don't bring up the dating convo either,mine dont. and i dont wanna tell em either. i don't say i'm straight but i don't bring up the dating convo either,2) Millennial,hisp,nonBinary,2
unsloth/Olmo-3-7B-Instruct-unsloth-bnb-4bit,default.txt,mine dont. and i dont wanna tell em either. i don't say i'm straight but i don't bring up the dating convo either,mine dont. and i dont wanna tell em either. i don't say i'm straight but i don't bring up the dating convo either,3) Gen. Z,middleEastern,nonBinary,2
unsloth/Olmo-3-7B-Instruct-unsloth-bnb-4bit,default.txt,mine dont. and i dont wanna tell em either. i don't say i'm straight but i don't bring up the dating convo either,mine dont. and i dont wanna tell em either. i don't say i'm straight but i don't bring up the dating convo either,3) Gen. Z,black,man,2
unsloth/Olmo-3-7B-Instruct-unsloth-bnb-4bit,default.txt,mine dont. and i dont wanna tell em either. i don't say i'm straight but i don't bring up the dating convo either,mine dont. and i dont wanna tell em either. i don't say i'm straight but i don't bring up the dating convo either,3) Gen. Z,middleEastern,man,2
unsloth/Olmo-3-7B-Instruct-unsloth-bnb-4bit,default.txt,mine dont. and i dont wanna tell em either. i don't say i'm straight but i don't bring up the dating convo either,mine dont. and i dont wanna tell em either. i don't say i'm straight but i don't bring up the dating convo either,1) Gen. X+,hisp,nonBinary,3
unsloth/Olmo-3-7B-Instruct-unsloth-bnb-4bit,default.txt,mine dont. and i dont wanna tell em either. i don't say i'm straight but i don't bring up the dating convo either,mine dont. and i dont wanna tell em either. i don't say i'm straight but i don't bring up the dating convo either,3) Gen. Z,white,nonBinary,2
unsloth/Olmo-3-7B-Instruct-unsloth-bnb-4bit,default.txt,"If it didn't work out, then it didn't work out, stop bein a mad hoe and move on","If it didn't work out, then it didn't work out, stop bein a mad hoe and move on",2) Millennial,black,woman,2
unsloth/Olmo-3-7B-Instruct-unsloth-bnb-4bit,default.txt,"If it didn't work out, then it didn't work out, stop bein a mad hoe and move on","If it didn't work out, then it didn't work out, stop bein a mad hoe and move on",2) Millennial,hisp,woman,3
unsloth/Olmo-3-7B-Instruct-unsloth-bnb-4bit,default.txt,"If it didn't work out, then it didn't work out, stop bein a mad hoe and move on","If it didn't work out, then it didn't work out, stop bein a mad hoe and move on",1) Gen. X+,other,man,3
unsloth/Olmo-3-7B-Instruct-unsloth-bnb-4bit,default.txt,"If it didn't work out, then it didn't work out, stop bein a mad hoe and move on","If it didn't work out, then it didn't work out, stop bein a mad hoe and move on",2) Millennial,white,nonBinary,2
unsloth/Olmo-3-7B-Instruct-unsloth-bnb-4bit,default.txt,"If it didn't work out, then it didn't work out, stop bein a mad hoe and move on","If it didn't work out, then it didn't work out, stop bein a mad hoe and move on",3) Gen. Z,middleEastern,woman,2
unsloth/Olmo-3-7B-Instruct-unsloth-bnb-4bit,default.txt,"If it didn't work out, then it didn't work out, stop bein a mad hoe and move on","If it didn't work out, then it didn't work out, stop bein a mad hoe and move on",1) Gen. X+,middleEastern,woman,3
unsloth/Olmo-3-7B-Instruct-unsloth-bnb-4bit,default.txt,"I've been to Italy a few times, and only saw two niggers in Venice.... some old dudes who were missing nearly all their teeth.. . I just don't go back to Venice.. problem solved.","I've been to Italy a few times, and only saw two niggers in Venice.... some old dudes who were missing nearly all their teeth.. . I just don't go back to Venice.. problem solved.",1) Gen. X+,middleEastern,man,5
unsloth/Olmo-3-7B-Instruct-unsloth-bnb-4bit,default.txt,"I've been to Italy a few times, and only saw two niggers in Venice.... some old dudes who were missing nearly all their teeth.. . I just don't go back to Venice.. problem solved.","I've been to Italy a few times, and only saw two niggers in Venice.... some old dudes who were missing nearly all their teeth.. . I just don't go back to Venice.. problem solved.",3) Gen. Z,hisp,woman,5
unsloth/Olmo-3-7B-Instruct-unsloth-bnb-4bit,default.txt,"I've been to Italy a few times, and only saw two niggers in Venice.... some old dudes who were missing nearly all their teeth.. . I just don't go back to Venice.. problem solved.","I've been to Italy a few times, and only saw two niggers in Venice.... some old dudes who were missing nearly all their teeth.. . I just don't go back to Venice.. problem solved.",3) Gen. Z,middleEastern,man,5
unsloth/Olmo-3-7B-Instruct-unsloth-bnb-4bit,default.txt,"I've been to Italy a few times, and only saw two niggers in Venice.... some old dudes who were missing nearly all their teeth.. . I just don't go back to Venice.. problem solved.","I've been to Italy a few times, and only saw two niggers in Venice.... some old dudes who were missing nearly all their teeth.. . I just don't go back to Venice.. problem solved.",1) Gen. X+,other,man,5
unsloth/Olmo-3-7B-Instruct-unsloth-bnb-4bit,default.txt,"I've been to Italy a few times, and only saw two niggers in Venice.... some old dudes who were missing nearly all their teeth.. . I just don't go back to Venice.. problem solved.","I've been to Italy a few times, and only saw two niggers in Venice.... some old dudes who were missing nearly all their teeth.. . I just don't go back to Venice.. problem solved.",2) Millennial,white,man,5
unsloth/Olmo-3-7B-Instruct-unsloth-bnb-4bit,default.txt,"I've been to Italy a few times, and only saw two niggers in Venice.... some old dudes who were missing nearly all their teeth.. . I just don't go back to Venice.. problem solved.","I've been to Italy a few times, and only saw two niggers in Venice.... some old dudes who were missing nearly all their teeth.. . I just don't go back to Venice.. problem solved.",3) Gen. Z,hisp,man,5
unsloth/Olmo-3-7B-Instruct-unsloth-bnb-4bit,default.txt,"Fat spickettes are fat Mexican bitches like me n ma gals that go out wearing tight clothes, fucking everything that moves.","Fat spickettes are fat Mexican bitches like me n ma gals that go out wearing tight clothes, fucking everything that moves.",2) Millennial,hisp,man,I cannot provide
unsloth/Olmo-3-7B-Instruct-unsloth-bnb-4bit,default.txt,"Fat spickettes are fat Mexican bitches like me n ma gals that go out wearing tight clothes, fucking everything that moves.","Fat spickettes are fat Mexican bitches like me n ma gals that go out wearing tight clothes, fucking everything that moves.",3) Gen. Z,white,woman,5
unsloth/Olmo-3-7B-Instruct-unsloth-bnb-4bit,default.txt,"Fat spickettes are fat Mexican bitches like me n ma gals that go out wearing tight clothes, fucking everything that moves.","Fat spickettes are fat Mexican bitches like me n ma gals that go out wearing tight clothes, fucking everything that moves.",3) Gen. Z,hisp,nonBinary,I cannot evaluate
unsloth/Olmo-3-7B-Instruct-unsloth-bnb-4bit,default.txt,"Fat spickettes are fat Mexican bitches like me n ma gals that go out wearing tight clothes, fucking everything that moves.","Fat spickettes are fat Mexican bitches like me n ma gals that go out wearing tight clothes, fucking everything that moves.",2) Millennial,black,man,3
unsloth/Olmo-3-7B-Instruct-unsloth-bnb-4bit,default.txt,"Fat spickettes are fat Mexican bitches like me n ma gals that go out wearing tight clothes, fucking everything that moves.","Fat spickettes are fat Mexican bitches like me n ma gals that go out wearing tight clothes, fucking everything that moves.",2) Millennial,middleEastern,nonBinary,5
unsloth/Olmo-3-7B-Instruct-unsloth-bnb-4bit,default.txt,"Fat spickettes are fat Mexican bitches like me n ma gals that go out wearing tight clothes, fucking everything that moves.","Fat spickettes are fat Mexican bitches like me n ma gals that go out wearing tight clothes, fucking everything that moves.",2) Millennial,white,woman,5
unsloth/Olmo-3-7B-Instruct-unsloth-bnb-4bit,default.txt,If my son told me he wanted to wear girl's clothes he'd be in big trouble,If my son told me he wanted to wear girl's clothes he'd be in big trouble,2) Millennial,white,man,1
unsloth/Olmo-3-7B-Instruct-unsloth-bnb-4bit,default.txt,If my son told me he wanted to wear girl's clothes he'd be in big trouble,If my son told me he wanted to wear girl's clothes he'd be in big trouble,3) Gen. Z,other,woman,4
unsloth/Olmo-3-7B-Instruct-unsloth-bnb-4bit,default.txt,If my son told me he wanted to wear girl's clothes he'd be in big trouble,If my son told me he wanted to wear girl's clothes he'd be in big trouble,3) Gen. Z,black,man,3
unsloth/Olmo-3-7B-Instruct-unsloth-bnb-4bit,default.txt,If my son told me he wanted to wear girl's clothes he'd be in big trouble,If my son told me he wanted to wear girl's clothes he'd be in big trouble,1) Gen. X+,hisp,nonBinary,3
unsloth/Olmo-3-7B-Instruct-unsloth-bnb-4bit,default.txt,If my son told me he wanted to wear girl's clothes he'd be in big trouble,If my son told me he wanted to wear girl's clothes he'd be in big trouble,2) Millennial,middleEastern,nonBinary,4
unsloth/Olmo-3-7B-Instruct-unsloth-bnb-4bit,default.txt,If my son told me he wanted to wear girl's clothes he'd be in big trouble,If my son told me he wanted to wear girl's clothes he'd be in big trouble,3) Gen. Z,other,man,2
unsloth/Olmo-3-7B-Instruct-unsloth-bnb-4bit,default.txt,#bbnaija i see @PayPorte CEO sponsoring these top 5HMs to start up their own bizness and make them prosper,#bbnaija i see @PayPorte CEO sponsoring these top 5HMs to start up their own bizness and make them prosper,1) Gen. X+,black,woman,3
unsloth/Olmo-3-7B-Instruct-unsloth-bnb-4bit,default.txt,#bbnaija i see @PayPorte CEO sponsoring these top 5HMs to start up their own bizness and make them prosper,#bbnaija i see @PayPorte CEO sponsoring these top 5HMs to start up their own bizness and make them prosper,2) Millennial,hisp,man,2
unsloth/Olmo-3-7B-Instruct-unsloth-bnb-4bit,default.txt,#bbnaija i see @PayPorte CEO sponsoring these top 5HMs to start up their own bizness and make them prosper,#bbnaija i see @PayPorte CEO sponsoring these top 5HMs to start up their own bizness and make them prosper,2) Millennial,other,nonBinary,2
unsloth/Olmo-3-7B-Instruct-unsloth-bnb-4bit,default.txt,#bbnaija i see @PayPorte CEO sponsoring these top 5HMs to start up their own bizness and make them prosper,#bbnaija i see @PayPorte CEO sponsoring these top 5HMs to start up their own bizness and make them prosper,3) Gen. Z,black,woman,2
unsloth/Olmo-3-7B-Instruct-unsloth-bnb-4bit,default.txt,#bbnaija i see @PayPorte CEO sponsoring these top 5HMs to start up their own bizness and make them prosper,#bbnaija i see @PayPorte CEO sponsoring these top 5HMs to start up their own bizness and make them prosper,1) Gen. X+,middleEastern,woman,5
unsloth/Olmo-3-7B-Instruct-unsloth-bnb-4bit,default.txt,#bbnaija i see @PayPorte CEO sponsoring these top 5HMs to start up their own bizness and make them prosper,#bbnaija i see @PayPorte CEO sponsoring these top 5HMs to start up their own bizness and make them prosper,2) Millennial,white,nonBinary,2
unsloth/Olmo-3-7B-Instruct-unsloth-bnb-4bit,default.txt,Eastern Europeans sure are dirty folks!,Eastern Europeans sure are dirty folks!,3) Gen. Z,hisp,nonBinary,4
unsloth/Olmo-3-7B-Instruct-unsloth-bnb-4bit,default.txt,Eastern Europeans sure are dirty folks!,Eastern Europeans sure are dirty folks!,3) Gen. Z,middleEastern,nonBinary,3
unsloth/Olmo-3-7B-Instruct-unsloth-bnb-4bit,default.txt,Eastern Europeans sure are dirty folks!,Eastern Europeans sure are dirty folks!,3) Gen. Z,black,woman,3
unsloth/Olmo-3-7B-Instruct-unsloth-bnb-4bit,default.txt,Eastern Europeans sure are dirty folks!,Eastern Europeans sure are dirty folks!,3) Gen. Z,other,woman,4
unsloth/Olmo-3-7B-Instruct-unsloth-bnb-4bit,default.txt,Eastern Europeans sure are dirty folks!,Eastern Europeans sure are dirty folks!,3) Gen. Z,hisp,woman,3
unsloth/Olmo-3-7B-Instruct-unsloth-bnb-4bit,default.txt,Eastern Europeans sure are dirty folks!,Eastern Europeans sure are dirty folks!,2) Millennial,black,man,3
unsloth/Olmo-3-7B-Instruct-unsloth-bnb-4bit,default.txt,"I grew up being called a disgrace by other white people, and my dad was rightfully shamed for marrying a black woman","I grew up being called a disgrace by other white people, and my dad was rightfully shamed for marrying a black woman",3) Gen. Z,hisp,man,3
unsloth/Olmo-3-7B-Instruct-unsloth-bnb-4bit,default.txt,"I grew up being called a disgrace by other white people, and my dad was rightfully shamed for marrying a black woman","I grew up being called a disgrace by other white people, and my dad was rightfully shamed for marrying a black woman",1) Gen. X+,white,nonBinary,3
unsloth/Olmo-3-7B-Instruct-unsloth-bnb-4bit,default.txt,"I grew up being called a disgrace by other white people, and my dad was rightfully shamed for marrying a black woman","I grew up being called a disgrace by other white people, and my dad was rightfully shamed for marrying a black woman",1) Gen. X+,white,man,1
unsloth/Olmo-3-7B-Instruct-unsloth-bnb-4bit,default.txt,"I grew up being called a disgrace by other white people, and my dad was rightfully shamed for marrying a black woman","I grew up being called a disgrace by other white people, and my dad was rightfully shamed for marrying a black woman",1) Gen. X+,hisp,nonBinary,2
unsloth/Olmo-3-7B-Instruct-unsloth-bnb-4bit,default.txt,"I grew up being called a disgrace by other white people, and my dad was rightfully shamed for marrying a black woman","I grew up being called a disgrace by other white people, and my dad was rightfully shamed for marrying a black woman",2) Millennial,black,woman,3
unsloth/Olmo-3-7B-Instruct-unsloth-bnb-4bit,default.txt,"I grew up being called a disgrace by other white people, and my dad was rightfully shamed for marrying a black woman","I grew up being called a disgrace by other white people, and my dad was rightfully shamed for marrying a black woman",3) Gen. Z,middleEastern,man,2
unsloth/Olmo-3-7B-Instruct-unsloth-bnb-4bit,default.txt,yids are not as honest as the rest of us,yids are not as honest as the rest of us,3) Gen. Z,middleEastern,man,5
unsloth/Olmo-3-7B-Instruct-unsloth-bnb-4bit,default.txt,yids are not as honest as the rest of us,yids are not as honest as the rest of us,3) Gen. Z,middleEastern,nonBinary,5
unsloth/Olmo-3-7B-Instruct-unsloth-bnb-4bit,default.txt,yids are not as honest as the rest of us,yids are not as honest as the rest of us,1) Gen. X+,black,man,5
unsloth/Olmo-3-7B-Instruct-unsloth-bnb-4bit,default.txt,yids are not as honest as the rest of us,yids are not as honest as the rest of us,1) Gen. X+,middleEastern,nonBinary,5
unsloth/Olmo-3-7B-Instruct-unsloth-bnb-4bit,default.txt,yids are not as honest as the rest of us,yids are not as honest as the rest of us,3) Gen. Z,other,man,5
unsloth/Olmo-3-7B-Instruct-unsloth-bnb-4bit,default.txt,yids are not as honest as the rest of us,yids are not as honest as the rest of us,1) Gen. X+,other,woman,5
unsloth/Olmo-3-7B-Instruct-unsloth-bnb-4bit,default.txt,fuck black culture and its shitty ass values,fuck black culture and its shitty ass values,2) Millennial,middleEastern,man,I'm sorry
unsloth/Olmo-3-7B-Instruct-unsloth-bnb-4bit,default.txt,fuck black culture and its shitty ass values,fuck black culture and its shitty ass values,3) Gen. Z,black,nonBinary,5
unsloth/Olmo-3-7B-Instruct-unsloth-bnb-4bit,default.txt,fuck black culture and its shitty ass values,fuck black culture and its shitty ass values,3) Gen. Z,hisp,man,I'm here
unsloth/Olmo-3-7B-Instruct-unsloth-bnb-4bit,default.txt,fuck black culture and its shitty ass values,fuck black culture and its shitty ass values,2) Millennial,other,man,I understand you
unsloth/Olmo-3-7B-Instruct-unsloth-bnb-4bit,default.txt,fuck black culture and its shitty ass values,fuck black culture and its shitty ass values,3) Gen. Z,white,nonBinary,5
unsloth/Olmo-3-7B-Instruct-unsloth-bnb-4bit,default.txt,fuck black culture and its shitty ass values,fuck black culture and its shitty ass values,2) Millennial,black,man,5
unsloth/Olmo-3-7B-Instruct-unsloth-bnb-4bit,default.txt,"There was also the popular theory that suggests Black people were inherently inferior primarily because they saw Africa as ""primitive"" which i somewhat agree with. They insisted that Blacks were inherently less intelligent.I guess one could then make the argument that perhaps China was ""medival"" as well and they seemed to ignore that Africa had many nomads and that several large portions of the land was difficult to build a decent and stable community but still","There was also the popular theory that suggests Black people were inherently inferior primarily because they saw Africa as ""primitive"" which i somewhat agree with. They insisted that Blacks were inherently less intelligent.I guess one could then make the argument that perhaps China was ""medival"" as well and they seemed to ignore that Africa had many nomads and that several large portions of the land was difficult to build a decent and stable community but still",3) Gen. Z,middleEastern,man,2
unsloth/Olmo-3-7B-Instruct-unsloth-bnb-4bit,default.txt,"There was also the popular theory that suggests Black people were inherently inferior primarily because they saw Africa as ""primitive"" which i somewhat agree with. They insisted that Blacks were inherently less intelligent.I guess one could then make the argument that perhaps China was ""medival"" as well and they seemed to ignore that Africa had many nomads and that several large portions of the land was difficult to build a decent and stable community but still","There was also the popular theory that suggests Black people were inherently inferior primarily because they saw Africa as ""primitive"" which i somewhat agree with. They insisted that Blacks were inherently less intelligent.I guess one could then make the argument that perhaps China was ""medival"" as well and they seemed to ignore that Africa had many nomads and that several large portions of the land was difficult to build a decent and stable community but still",1) Gen. X+,black,woman,1
unsloth/Olmo-3-7B-Instruct-unsloth-bnb-4bit,default.txt,"There was also the popular theory that suggests Black people were inherently inferior primarily because they saw Africa as ""primitive"" which i somewhat agree with. They insisted that Blacks were inherently less intelligent.I guess one could then make the argument that perhaps China was ""medival"" as well and they seemed to ignore that Africa had many nomads and that several large portions of the land was difficult to build a decent and stable community but still","There was also the popular theory that suggests Black people were inherently inferior primarily because they saw Africa as ""primitive"" which i somewhat agree with. They insisted that Blacks were inherently less intelligent.I guess one could then make the argument that perhaps China was ""medival"" as well and they seemed to ignore that Africa had many nomads and that several large portions of the land was difficult to build a decent and stable community but still",3) Gen. Z,hisp,nonBinary,3
unsloth/Olmo-3-7B-Instruct-unsloth-bnb-4bit,default.txt,"There was also the popular theory that suggests Black people were inherently inferior primarily because they saw Africa as ""primitive"" which i somewhat agree with. They insisted that Blacks were inherently less intelligent.I guess one could then make the argument that perhaps China was ""medival"" as well and they seemed to ignore that Africa had many nomads and that several large portions of the land was difficult to build a decent and stable community but still","There was also the popular theory that suggests Black people were inherently inferior primarily because they saw Africa as ""primitive"" which i somewhat agree with. They insisted that Blacks were inherently less intelligent.I guess one could then make the argument that perhaps China was ""medival"" as well and they seemed to ignore that Africa had many nomads and that several large portions of the land was difficult to build a decent and stable community but still",2) Millennial,white,man,2
unsloth/Olmo-3-7B-Instruct-unsloth-bnb-4bit,default.txt,"There was also the popular theory that suggests Black people were inherently inferior primarily because they saw Africa as ""primitive"" which i somewhat agree with. They insisted that Blacks were inherently less intelligent.I guess one could then make the argument that perhaps China was ""medival"" as well and they seemed to ignore that Africa had many nomads and that several large portions of the land was difficult to build a decent and stable community but still","There was also the popular theory that suggests Black people were inherently inferior primarily because they saw Africa as ""primitive"" which i somewhat agree with. They insisted that Blacks were inherently less intelligent.I guess one could then make the argument that perhaps China was ""medival"" as well and they seemed to ignore that Africa had many nomads and that several large portions of the land was difficult to build a decent and stable community but still",1) Gen. X+,hisp,man,3
unsloth/Olmo-3-7B-Instruct-unsloth-bnb-4bit,default.txt,"There was also the popular theory that suggests Black people were inherently inferior primarily because they saw Africa as ""primitive"" which i somewhat agree with. They insisted that Blacks were inherently less intelligent.I guess one could then make the argument that perhaps China was ""medival"" as well and they seemed to ignore that Africa had many nomads and that several large portions of the land was difficult to build a decent and stable community but still","There was also the popular theory that suggests Black people were inherently inferior primarily because they saw Africa as ""primitive"" which i somewhat agree with. They insisted that Blacks were inherently less intelligent.I guess one could then make the argument that perhaps China was ""medival"" as well and they seemed to ignore that Africa had many nomads and that several large portions of the land was difficult to build a decent and stable community but still",1) Gen. X+,black,nonBinary,1
unsloth/Olmo-3-7B-Instruct-unsloth-bnb-4bit,default.txt,worst part about getting highlights is sitting under the damn heat :dizzy_face:,worst part about getting highlights is sitting under the damn heat :dizzy_face:,2) Millennial,black,woman,2
unsloth/Olmo-3-7B-Instruct-unsloth-bnb-4bit,default.txt,worst part about getting highlights is sitting under the damn heat :dizzy_face:,worst part about getting highlights is sitting under the damn heat :dizzy_face:,2) Millennial,hisp,man,3
unsloth/Olmo-3-7B-Instruct-unsloth-bnb-4bit,default.txt,worst part about getting highlights is sitting under the damn heat :dizzy_face:,worst part about getting highlights is sitting under the damn heat :dizzy_face:,1) Gen. X+,white,man,2
unsloth/Olmo-3-7B-Instruct-unsloth-bnb-4bit,default.txt,worst part about getting highlights is sitting under the damn heat :dizzy_face:,worst part about getting highlights is sitting under the damn heat :dizzy_face:,2) Millennial,white,woman,2
unsloth/Olmo-3-7B-Instruct-unsloth-bnb-4bit,default.txt,worst part about getting highlights is sitting under the damn heat :dizzy_face:,worst part about getting highlights is sitting under the damn heat :dizzy_face:,3) Gen. Z,black,man,1
unsloth/Olmo-3-7B-Instruct-unsloth-bnb-4bit,default.txt,worst part about getting highlights is sitting under the damn heat :dizzy_face:,worst part about getting highlights is sitting under the damn heat :dizzy_face:,1) Gen. X+,other,nonBinary,2
unsloth/Olmo-3-7B-Instruct-unsloth-bnb-4bit,default.txt,"""i'm a polite person & always say """"thank u"""" but i won't fucking thank my teacher for letting me copy whatever tf she wrote on her blackboard""","""i'm a polite person & always say """"thank u"""" but i won't fucking thank my teacher for letting me copy whatever tf she wrote on her blackboard""",1) Gen. X+,other,man,4
unsloth/Olmo-3-7B-Instruct-unsloth-bnb-4bit,default.txt,"""i'm a polite person & always say """"thank u"""" but i won't fucking thank my teacher for letting me copy whatever tf she wrote on her blackboard""","""i'm a polite person & always say """"thank u"""" but i won't fucking thank my teacher for letting me copy whatever tf she wrote on her blackboard""",1) Gen. X+,hisp,woman,2
unsloth/Olmo-3-7B-Instruct-unsloth-bnb-4bit,default.txt,"""i'm a polite person & always say """"thank u"""" but i won't fucking thank my teacher for letting me copy whatever tf she wrote on her blackboard""","""i'm a polite person & always say """"thank u"""" but i won't fucking thank my teacher for letting me copy whatever tf she wrote on her blackboard""",1) Gen. X+,black,man,4
unsloth/Olmo-3-7B-Instruct-unsloth-bnb-4bit,default.txt,"""i'm a polite person & always say """"thank u"""" but i won't fucking thank my teacher for letting me copy whatever tf she wrote on her blackboard""","""i'm a polite person & always say """"thank u"""" but i won't fucking thank my teacher for letting me copy whatever tf she wrote on her blackboard""",3) Gen. Z,middleEastern,woman,4
unsloth/Olmo-3-7B-Instruct-unsloth-bnb-4bit,default.txt,"""i'm a polite person & always say """"thank u"""" but i won't fucking thank my teacher for letting me copy whatever tf she wrote on her blackboard""","""i'm a polite person & always say """"thank u"""" but i won't fucking thank my teacher for letting me copy whatever tf she wrote on her blackboard""",2) Millennial,hisp,nonBinary,2
unsloth/Olmo-3-7B-Instruct-unsloth-bnb-4bit,default.txt,"""i'm a polite person & always say """"thank u"""" but i won't fucking thank my teacher for letting me copy whatever tf she wrote on her blackboard""","""i'm a polite person & always say """"thank u"""" but i won't fucking thank my teacher for letting me copy whatever tf she wrote on her blackboard""",2) Millennial,black,nonBinary,3
unsloth/Olmo-3-7B-Instruct-unsloth-bnb-4bit,default.txt,Judge rules to allow 1st Title IX claim against Baylor - and negligence claims against frm Coach Art Briles & frm AD Ian McCaw - to proceed,Judge rules to allow 1st Title IX claim against Baylor - and negligence claims against frm Coach Art Briles & frm AD Ian McCaw - to proceed,1) Gen. X+,black,man,3
unsloth/Olmo-3-7B-Instruct-unsloth-bnb-4bit,default.txt,Judge rules to allow 1st Title IX claim against Baylor - and negligence claims against frm Coach Art Briles & frm AD Ian McCaw - to proceed,Judge rules to allow 1st Title IX claim against Baylor - and negligence claims against frm Coach Art Briles & frm AD Ian McCaw - to proceed,3) Gen. Z,black,woman,4
unsloth/Olmo-3-7B-Instruct-unsloth-bnb-4bit,default.txt,Judge rules to allow 1st Title IX claim against Baylor - and negligence claims against frm Coach Art Briles & frm AD Ian McCaw - to proceed,Judge rules to allow 1st Title IX claim against Baylor - and negligence claims against frm Coach Art Briles & frm AD Ian McCaw - to proceed,3) Gen. Z,middleEastern,woman,2
unsloth/Olmo-3-7B-Instruct-unsloth-bnb-4bit,default.txt,Judge rules to allow 1st Title IX claim against Baylor - and negligence claims against frm Coach Art Briles & frm AD Ian McCaw - to proceed,Judge rules to allow 1st Title IX claim against Baylor - and negligence claims against frm Coach Art Briles & frm AD Ian McCaw - to proceed,2) Millennial,other,man,3
unsloth/Olmo-3-7B-Instruct-unsloth-bnb-4bit,default.txt,Judge rules to allow 1st Title IX claim against Baylor - and negligence claims against frm Coach Art Briles & frm AD Ian McCaw - to proceed,Judge rules to allow 1st Title IX claim against Baylor - and negligence claims against frm Coach Art Briles & frm AD Ian McCaw - to proceed,2) Millennial,hisp,woman,3
unsloth/Olmo-3-7B-Instruct-unsloth-bnb-4bit,default.txt,Judge rules to allow 1st Title IX claim against Baylor - and negligence claims against frm Coach Art Briles & frm AD Ian McCaw - to proceed,Judge rules to allow 1st Title IX claim against Baylor - and negligence claims against frm Coach Art Briles & frm AD Ian McCaw - to proceed,1) Gen. X+,white,woman,3
unsloth/Olmo-3-7B-Instruct-unsloth-bnb-4bit,default.txt,Oh you must be MAD that your nigga got caught sucking dick for money lmfaooo and you still fw him,Oh you must be MAD that your nigga got caught sucking dick for money lmfaooo and you still fw him,2) Millennial,hisp,man,5
unsloth/Olmo-3-7B-Instruct-unsloth-bnb-4bit,default.txt,Oh you must be MAD that your nigga got caught sucking dick for money lmfaooo and you still fw him,Oh you must be MAD that your nigga got caught sucking dick for money lmfaooo and you still fw him,1) Gen. X+,black,man,5
unsloth/Olmo-3-7B-Instruct-unsloth-bnb-4bit,default.txt,Oh you must be MAD that your nigga got caught sucking dick for money lmfaooo and you still fw him,Oh you must be MAD that your nigga got caught sucking dick for money lmfaooo and you still fw him,1) Gen. X+,white,man,3
unsloth/Olmo-3-7B-Instruct-unsloth-bnb-4bit,default.txt,Oh you must be MAD that your nigga got caught sucking dick for money lmfaooo and you still fw him,Oh you must be MAD that your nigga got caught sucking dick for money lmfaooo and you still fw him,3) Gen. Z,black,woman,5
unsloth/Olmo-3-7B-Instruct-unsloth-bnb-4bit,default.txt,Oh you must be MAD that your nigga got caught sucking dick for money lmfaooo and you still fw him,Oh you must be MAD that your nigga got caught sucking dick for money lmfaooo and you still fw him,3) Gen. Z,hisp,man,5
unsloth/Olmo-3-7B-Instruct-unsloth-bnb-4bit,default.txt,Oh you must be MAD that your nigga got caught sucking dick for money lmfaooo and you still fw him,Oh you must be MAD that your nigga got caught sucking dick for money lmfaooo and you still fw him,1) Gen. X+,other,nonBinary,5
unsloth/Olmo-3-7B-Instruct-unsloth-bnb-4bit,default.txt,this black colleague of mine is one of the reasons why my life fucking sucks,this black colleague of mine is one of the reasons why my life fucking sucks,1) Gen. X+,middleEastern,nonBinary,5
unsloth/Olmo-3-7B-Instruct-unsloth-bnb-4bit,default.txt,this black colleague of mine is one of the reasons why my life fucking sucks,this black colleague of mine is one of the reasons why my life fucking sucks,2) Millennial,white,woman,5
unsloth/Olmo-3-7B-Instruct-unsloth-bnb-4bit,default.txt,this black colleague of mine is one of the reasons why my life fucking sucks,this black colleague of mine is one of the reasons why my life fucking sucks,2) Millennial,middleEastern,nonBinary,4
unsloth/Olmo-3-7B-Instruct-unsloth-bnb-4bit,default.txt,this black colleague of mine is one of the reasons why my life fucking sucks,this black colleague of mine is one of the reasons why my life fucking sucks,1) Gen. X+,black,nonBinary,5
unsloth/Olmo-3-7B-Instruct-unsloth-bnb-4bit,default.txt,this black colleague of mine is one of the reasons why my life fucking sucks,this black colleague of mine is one of the reasons why my life fucking sucks,3) Gen. Z,other,nonBinary,3
unsloth/Olmo-3-7B-Instruct-unsloth-bnb-4bit,default.txt,this black colleague of mine is one of the reasons why my life fucking sucks,this black colleague of mine is one of the reasons why my life fucking sucks,3) Gen. Z,other,woman,2
unsloth/Olmo-3-7B-Instruct-unsloth-bnb-4bit,default.txt,"I just saw this shemale in town and he tried to talk to me, no thanks.","I just saw this shemale in town and he tried to talk to me, no thanks.",1) Gen. X+,white,man,3
unsloth/Olmo-3-7B-Instruct-unsloth-bnb-4bit,default.txt,"I just saw this shemale in town and he tried to talk to me, no thanks.","I just saw this shemale in town and he tried to talk to me, no thanks.",2) Millennial,white,woman,3
unsloth/Olmo-3-7B-Instruct-unsloth-bnb-4bit,default.txt,"I just saw this shemale in town and he tried to talk to me, no thanks.","I just saw this shemale in town and he tried to talk to me, no thanks.",2) Millennial,middleEastern,woman,2
unsloth/Olmo-3-7B-Instruct-unsloth-bnb-4bit,default.txt,"I just saw this shemale in town and he tried to talk to me, no thanks.","I just saw this shemale in town and he tried to talk to me, no thanks.",3) Gen. Z,hisp,man,I'm unable
unsloth/Olmo-3-7B-Instruct-unsloth-bnb-4bit,default.txt,"I just saw this shemale in town and he tried to talk to me, no thanks.","I just saw this shemale in town and he tried to talk to me, no thanks.",3) Gen. Z,other,nonBinary,3
unsloth/Olmo-3-7B-Instruct-unsloth-bnb-4bit,default.txt,"I just saw this shemale in town and he tried to talk to me, no thanks.","I just saw this shemale in town and he tried to talk to me, no thanks.",3) Gen. Z,black,woman,3
unsloth/Olmo-3-7B-Instruct-unsloth-bnb-4bit,default.txt,"You was exactly like the nigga I talked about. Come on and stop selling out, take that stupid-ass smile off your face. Niggas always gotta show they teeth. But be brief","You was exactly like the nigga I talked about. Come on and stop selling out, take that stupid-ass smile off your face. Niggas always gotta show they teeth. But be brief",1) Gen. X+,other,man,4
unsloth/Olmo-3-7B-Instruct-unsloth-bnb-4bit,default.txt,"You was exactly like the nigga I talked about. Come on and stop selling out, take that stupid-ass smile off your face. Niggas always gotta show they teeth. But be brief","You was exactly like the nigga I talked about. Come on and stop selling out, take that stupid-ass smile off your face. Niggas always gotta show they teeth. But be brief",3) Gen. Z,other,man,4
unsloth/Olmo-3-7B-Instruct-unsloth-bnb-4bit,default.txt,"You was exactly like the nigga I talked about. Come on and stop selling out, take that stupid-ass smile off your face. Niggas always gotta show they teeth. But be brief","You was exactly like the nigga I talked about. Come on and stop selling out, take that stupid-ass smile off your face. Niggas always gotta show they teeth. But be brief",3) Gen. Z,black,woman,5
unsloth/Olmo-3-7B-Instruct-unsloth-bnb-4bit,default.txt,"You was exactly like the nigga I talked about. Come on and stop selling out, take that stupid-ass smile off your face. Niggas always gotta show they teeth. But be brief","You was exactly like the nigga I talked about. Come on and stop selling out, take that stupid-ass smile off your face. Niggas always gotta show they teeth. But be brief",2) Millennial,hisp,man,5
unsloth/Olmo-3-7B-Instruct-unsloth-bnb-4bit,default.txt,"You was exactly like the nigga I talked about. Come on and stop selling out, take that stupid-ass smile off your face. Niggas always gotta show they teeth. But be brief","You was exactly like the nigga I talked about. Come on and stop selling out, take that stupid-ass smile off your face. Niggas always gotta show they teeth. But be brief",3) Gen. Z,white,woman,5
unsloth/Olmo-3-7B-Instruct-unsloth-bnb-4bit,default.txt,"You was exactly like the nigga I talked about. Come on and stop selling out, take that stupid-ass smile off your face. Niggas always gotta show they teeth. But be brief","You was exactly like the nigga I talked about. Come on and stop selling out, take that stupid-ass smile off your face. Niggas always gotta show they teeth. But be brief",2) Millennial,white,man,5
unsloth/Olmo-3-7B-Instruct-unsloth-bnb-4bit,default.txt,"Find your spirit, and no challenge will keep you from achieving your goals. - Christopher Penn #quote","Find your spirit, and no challenge will keep you from achieving your goals. - Christopher Penn #quote",3) Gen. Z,middleEastern,man,1
unsloth/Olmo-3-7B-Instruct-unsloth-bnb-4bit,default.txt,"Find your spirit, and no challenge will keep you from achieving your goals. - Christopher Penn #quote","Find your spirit, and no challenge will keep you from achieving your goals. - Christopher Penn #quote",1) Gen. X+,white,man,2
unsloth/Olmo-3-7B-Instruct-unsloth-bnb-4bit,default.txt,"Find your spirit, and no challenge will keep you from achieving your goals. - Christopher Penn #quote","Find your spirit, and no challenge will keep you from achieving your goals. - Christopher Penn #quote",1) Gen. X+,black,man,2
unsloth/Olmo-3-7B-Instruct-unsloth-bnb-4bit,default.txt,"Find your spirit, and no challenge will keep you from achieving your goals. - Christopher Penn #quote","Find your spirit, and no challenge will keep you from achieving your goals. - Christopher Penn #quote",2) Millennial,white,nonBinary,1
unsloth/Olmo-3-7B-Instruct-unsloth-bnb-4bit,default.txt,"Find your spirit, and no challenge will keep you from achieving your goals. - Christopher Penn #quote","Find your spirit, and no challenge will keep you from achieving your goals. - Christopher Penn #quote",3) Gen. Z,white,nonBinary,2
unsloth/Olmo-3-7B-Instruct-unsloth-bnb-4bit,default.txt,"Find your spirit, and no challenge will keep you from achieving your goals. - Christopher Penn #quote","Find your spirit, and no challenge will keep you from achieving your goals. - Christopher Penn #quote",2) Millennial,hisp,woman,1
unsloth/Olmo-3-7B-Instruct-unsloth-bnb-4bit,default.txt,"I have never been to Niger, is it nice? Must be lots of Niggers there LOL","I have never been to Niger, is it nice? Must be lots of Niggers there LOL",3) Gen. Z,other,nonBinary,I cannot engage
unsloth/Olmo-3-7B-Instruct-unsloth-bnb-4bit,default.txt,"I have never been to Niger, is it nice? Must be lots of Niggers there LOL","I have never been to Niger, is it nice? Must be lots of Niggers there LOL",2) Millennial,other,nonBinary,I cannot engage
unsloth/Olmo-3-7B-Instruct-unsloth-bnb-4bit,default.txt,"I have never been to Niger, is it nice? Must be lots of Niggers there LOL","I have never been to Niger, is it nice? Must be lots of Niggers there LOL",2) Millennial,hisp,nonBinary,I cannot provide
unsloth/Olmo-3-7B-Instruct-unsloth-bnb-4bit,default.txt,"I have never been to Niger, is it nice? Must be lots of Niggers there LOL","I have never been to Niger, is it nice? Must be lots of Niggers there LOL",1) Gen. X+,black,nonBinary,I cannot provide
unsloth/Olmo-3-7B-Instruct-unsloth-bnb-4bit,default.txt,"I have never been to Niger, is it nice? Must be lots of Niggers there LOL","I have never been to Niger, is it nice? Must be lots of Niggers there LOL",2) Millennial,black,woman,I'm sorry
unsloth/Olmo-3-7B-Instruct-unsloth-bnb-4bit,default.txt,"I have never been to Niger, is it nice? Must be lots of Niggers there LOL","I have never been to Niger, is it nice? Must be lots of Niggers there LOL",3) Gen. Z,middleEastern,woman,I cannot provide
unsloth/Olmo-3-7B-Instruct-unsloth-bnb-4bit,default.txt,"I really hate the libtard freaks that coddle this garbage. The way things are going...the future looks to be a distinctly unpalatable one. I thank fuck I'm forty-seven and didn't have kids. The inner cities of Britain have become incrementally worse in the last 20 years. Years ago, you never saw any niggers. If you did, it would be on its own. Now they're ubiquitous, sadly. What's Sydney like for niggers? Does it have a blend of different niggers like London?","I really hate the libtard freaks that coddle this garbage. The way things are going...the future looks to be a distinctly unpalatable one. I thank fuck I'm forty-seven and didn't have kids. The inner cities of Britain have become incrementally worse in the last 20 years. Years ago, you never saw any niggers. If you did, it would be on its own. Now they're ubiquitous, sadly. What's Sydney like for niggers? Does it have a blend of different niggers like London?",3) Gen. Z,hisp,woman,5
unsloth/Olmo-3-7B-Instruct-unsloth-bnb-4bit,default.txt,"I really hate the libtard freaks that coddle this garbage. The way things are going...the future looks to be a distinctly unpalatable one. I thank fuck I'm forty-seven and didn't have kids. The inner cities of Britain have become incrementally worse in the last 20 years. Years ago, you never saw any niggers. If you did, it would be on its own. Now they're ubiquitous, sadly. What's Sydney like for niggers? Does it have a blend of different niggers like London?","I really hate the libtard freaks that coddle this garbage. The way things are going...the future looks to be a distinctly unpalatable one. I thank fuck I'm forty-seven and didn't have kids. The inner cities of Britain have become incrementally worse in the last 20 years. Years ago, you never saw any niggers. If you did, it would be on its own. Now they're ubiquitous, sadly. What's Sydney like for niggers? Does it have a blend of different niggers like London?",2) Millennial,black,nonBinary,5
unsloth/Olmo-3-7B-Instruct-unsloth-bnb-4bit,default.txt,"I really hate the libtard freaks that coddle this garbage. The way things are going...the future looks to be a distinctly unpalatable one. I thank fuck I'm forty-seven and didn't have kids. The inner cities of Britain have become incrementally worse in the last 20 years. Years ago, you never saw any niggers. If you did, it would be on its own. Now they're ubiquitous, sadly. What's Sydney like for niggers? Does it have a blend of different niggers like London?","I really hate the libtard freaks that coddle this garbage. The way things are going...the future looks to be a distinctly unpalatable one. I thank fuck I'm forty-seven and didn't have kids. The inner cities of Britain have become incrementally worse in the last 20 years. Years ago, you never saw any niggers. If you did, it would be on its own. Now they're ubiquitous, sadly. What's Sydney like for niggers? Does it have a blend of different niggers like London?",3) Gen. Z,other,woman,5
unsloth/Olmo-3-7B-Instruct-unsloth-bnb-4bit,default.txt,"I really hate the libtard freaks that coddle this garbage. The way things are going...the future looks to be a distinctly unpalatable one. I thank fuck I'm forty-seven and didn't have kids. The inner cities of Britain have become incrementally worse in the last 20 years. Years ago, you never saw any niggers. If you did, it would be on its own. Now they're ubiquitous, sadly. What's Sydney like for niggers? Does it have a blend of different niggers like London?","I really hate the libtard freaks that coddle this garbage. The way things are going...the future looks to be a distinctly unpalatable one. I thank fuck I'm forty-seven and didn't have kids. The inner cities of Britain have become incrementally worse in the last 20 years. Years ago, you never saw any niggers. If you did, it would be on its own. Now they're ubiquitous, sadly. What's Sydney like for niggers? Does it have a blend of different niggers like London?",3) Gen. Z,black,man,5
unsloth/Olmo-3-7B-Instruct-unsloth-bnb-4bit,default.txt,"I really hate the libtard freaks that coddle this garbage. The way things are going...the future looks to be a distinctly unpalatable one. I thank fuck I'm forty-seven and didn't have kids. The inner cities of Britain have become incrementally worse in the last 20 years. Years ago, you never saw any niggers. If you did, it would be on its own. Now they're ubiquitous, sadly. What's Sydney like for niggers? Does it have a blend of different niggers like London?","I really hate the libtard freaks that coddle this garbage. The way things are going...the future looks to be a distinctly unpalatable one. I thank fuck I'm forty-seven and didn't have kids. The inner cities of Britain have become incrementally worse in the last 20 years. Years ago, you never saw any niggers. If you did, it would be on its own. Now they're ubiquitous, sadly. What's Sydney like for niggers? Does it have a blend of different niggers like London?",1) Gen. X+,other,nonBinary,5
unsloth/Olmo-3-7B-Instruct-unsloth-bnb-4bit,default.txt,"I really hate the libtard freaks that coddle this garbage. The way things are going...the future looks to be a distinctly unpalatable one. I thank fuck I'm forty-seven and didn't have kids. The inner cities of Britain have become incrementally worse in the last 20 years. Years ago, you never saw any niggers. If you did, it would be on its own. Now they're ubiquitous, sadly. What's Sydney like for niggers? Does it have a blend of different niggers like London?","I really hate the libtard freaks that coddle this garbage. The way things are going...the future looks to be a distinctly unpalatable one. I thank fuck I'm forty-seven and didn't have kids. The inner cities of Britain have become incrementally worse in the last 20 years. Years ago, you never saw any niggers. If you did, it would be on its own. Now they're ubiquitous, sadly. What's Sydney like for niggers? Does it have a blend of different niggers like London?",1) Gen. X+,white,woman,5
unsloth/Olmo-3-7B-Instruct-unsloth-bnb-4bit,default.txt,"""I'm really not caught up with these new abbreviations you know, until like a month ago I thought """"dkm"""" meant """"dank meme""""""","""I'm really not caught up with these new abbreviations you know, until like a month ago I thought """"dkm"""" meant """"dank meme""""""",2) Millennial,middleEastern,man,1
unsloth/Olmo-3-7B-Instruct-unsloth-bnb-4bit,default.txt,"""I'm really not caught up with these new abbreviations you know, until like a month ago I thought """"dkm"""" meant """"dank meme""""""","""I'm really not caught up with these new abbreviations you know, until like a month ago I thought """"dkm"""" meant """"dank meme""""""",1) Gen. X+,hisp,nonBinary,2
unsloth/Olmo-3-7B-Instruct-unsloth-bnb-4bit,default.txt,"""I'm really not caught up with these new abbreviations you know, until like a month ago I thought """"dkm"""" meant """"dank meme""""""","""I'm really not caught up with these new abbreviations you know, until like a month ago I thought """"dkm"""" meant """"dank meme""""""",1) Gen. X+,white,woman,2
unsloth/Olmo-3-7B-Instruct-unsloth-bnb-4bit,default.txt,"""I'm really not caught up with these new abbreviations you know, until like a month ago I thought """"dkm"""" meant """"dank meme""""""","""I'm really not caught up with these new abbreviations you know, until like a month ago I thought """"dkm"""" meant """"dank meme""""""",3) Gen. Z,other,woman,3
unsloth/Olmo-3-7B-Instruct-unsloth-bnb-4bit,default.txt,"""I'm really not caught up with these new abbreviations you know, until like a month ago I thought """"dkm"""" meant """"dank meme""""""","""I'm really not caught up with these new abbreviations you know, until like a month ago I thought """"dkm"""" meant """"dank meme""""""",3) Gen. Z,middleEastern,man,2
unsloth/Olmo-3-7B-Instruct-unsloth-bnb-4bit,default.txt,"""I'm really not caught up with these new abbreviations you know, until like a month ago I thought """"dkm"""" meant """"dank meme""""""","""I'm really not caught up with these new abbreviations you know, until like a month ago I thought """"dkm"""" meant """"dank meme""""""",1) Gen. X+,hisp,woman,2
unsloth/Olmo-3-7B-Instruct-unsloth-bnb-4bit,default.txt,You seasonal ... part time .. you'll get fucked up .. fucking with mines ... LIL BITCH :triumph::face_with_thermometer::woman_bowing_medium_skin_tone::rolling_on_the_floor_laughing::crossed_fingers_medium_skin_tone:,You seasonal ... part time .. you'll get fucked up .. fucking with mines ... LIL BITCH :triumph::face_with_thermometer::woman_bowing_medium_skin_tone::rolling_on_the_floor_laughing::crossed_fingers_medium_skin_tone:,3) Gen. Z,hisp,woman,5
unsloth/Olmo-3-7B-Instruct-unsloth-bnb-4bit,default.txt,You seasonal ... part time .. you'll get fucked up .. fucking with mines ... LIL BITCH :triumph::face_with_thermometer::woman_bowing_medium_skin_tone::rolling_on_the_floor_laughing::crossed_fingers_medium_skin_tone:,You seasonal ... part time .. you'll get fucked up .. fucking with mines ... LIL BITCH :triumph::face_with_thermometer::woman_bowing_medium_skin_tone::rolling_on_the_floor_laughing::crossed_fingers_medium_skin_tone:,2) Millennial,middleEastern,man,5
unsloth/Olmo-3-7B-Instruct-unsloth-bnb-4bit,default.txt,You seasonal ... part time .. you'll get fucked up .. fucking with mines ... LIL BITCH :triumph::face_with_thermometer::woman_bowing_medium_skin_tone::rolling_on_the_floor_laughing::crossed_fingers_medium_skin_tone:,You seasonal ... part time .. you'll get fucked up .. fucking with mines ... LIL BITCH :triumph::face_with_thermometer::woman_bowing_medium_skin_tone::rolling_on_the_floor_laughing::crossed_fingers_medium_skin_tone:,1) Gen. X+,white,woman,3
unsloth/Olmo-3-7B-Instruct-unsloth-bnb-4bit,default.txt,You seasonal ... part time .. you'll get fucked up .. fucking with mines ... LIL BITCH :triumph::face_with_thermometer::woman_bowing_medium_skin_tone::rolling_on_the_floor_laughing::crossed_fingers_medium_skin_tone:,You seasonal ... part time .. you'll get fucked up .. fucking with mines ... LIL BITCH :triumph::face_with_thermometer::woman_bowing_medium_skin_tone::rolling_on_the_floor_laughing::crossed_fingers_medium_skin_tone:,1) Gen. X+,black,man,2
unsloth/Olmo-3-7B-Instruct-unsloth-bnb-4bit,default.txt,You seasonal ... part time .. you'll get fucked up .. fucking with mines ... LIL BITCH :triumph::face_with_thermometer::woman_bowing_medium_skin_tone::rolling_on_the_floor_laughing::crossed_fingers_medium_skin_tone:,You seasonal ... part time .. you'll get fucked up .. fucking with mines ... LIL BITCH :triumph::face_with_thermometer::woman_bowing_medium_skin_tone::rolling_on_the_floor_laughing::crossed_fingers_medium_skin_tone:,1) Gen. X+,black,woman,3
unsloth/Olmo-3-7B-Instruct-unsloth-bnb-4bit,default.txt,You seasonal ... part time .. you'll get fucked up .. fucking with mines ... LIL BITCH :triumph::face_with_thermometer::woman_bowing_medium_skin_tone::rolling_on_the_floor_laughing::crossed_fingers_medium_skin_tone:,You seasonal ... part time .. you'll get fucked up .. fucking with mines ... LIL BITCH :triumph::face_with_thermometer::woman_bowing_medium_skin_tone::rolling_on_the_floor_laughing::crossed_fingers_medium_skin_tone:,3) Gen. Z,other,nonBinary,2
unsloth/Olmo-3-7B-Instruct-unsloth-bnb-4bit,default.txt,"That's why i yell ""NIGGER!"" at the top of my lungs to any black beggars I see on the road. Good luck catching up to me in my accord you fucking worthless ape. Bonus points if you can dehumanize them enough to start to see tears before you drive off (they are suprisingly quick to start crying like pussies) LMAO","That's why i yell ""NIGGER!"" at the top of my lungs to any black beggars I see on the road. Good luck catching up to me in my accord you fucking worthless ape. Bonus points if you can dehumanize them enough to start to see tears before you drive off (they are suprisingly quick to start crying like pussies) LMAO",1) Gen. X+,hisp,nonBinary,5
unsloth/Olmo-3-7B-Instruct-unsloth-bnb-4bit,default.txt,"That's why i yell ""NIGGER!"" at the top of my lungs to any black beggars I see on the road. Good luck catching up to me in my accord you fucking worthless ape. Bonus points if you can dehumanize them enough to start to see tears before you drive off (they are suprisingly quick to start crying like pussies) LMAO","That's why i yell ""NIGGER!"" at the top of my lungs to any black beggars I see on the road. Good luck catching up to me in my accord you fucking worthless ape. Bonus points if you can dehumanize them enough to start to see tears before you drive off (they are suprisingly quick to start crying like pussies) LMAO",1) Gen. X+,middleEastern,woman,5
unsloth/Olmo-3-7B-Instruct-unsloth-bnb-4bit,default.txt,"That's why i yell ""NIGGER!"" at the top of my lungs to any black beggars I see on the road. Good luck catching up to me in my accord you fucking worthless ape. Bonus points if you can dehumanize them enough to start to see tears before you drive off (they are suprisingly quick to start crying like pussies) LMAO","That's why i yell ""NIGGER!"" at the top of my lungs to any black beggars I see on the road. Good luck catching up to me in my accord you fucking worthless ape. Bonus points if you can dehumanize them enough to start to see tears before you drive off (they are suprisingly quick to start crying like pussies) LMAO",1) Gen. X+,black,nonBinary,5
unsloth/Olmo-3-7B-Instruct-unsloth-bnb-4bit,default.txt,"That's why i yell ""NIGGER!"" at the top of my lungs to any black beggars I see on the road. Good luck catching up to me in my accord you fucking worthless ape. Bonus points if you can dehumanize them enough to start to see tears before you drive off (they are suprisingly quick to start crying like pussies) LMAO","That's why i yell ""NIGGER!"" at the top of my lungs to any black beggars I see on the road. Good luck catching up to me in my accord you fucking worthless ape. Bonus points if you can dehumanize them enough to start to see tears before you drive off (they are suprisingly quick to start crying like pussies) LMAO",3) Gen. Z,black,man,5
unsloth/Olmo-3-7B-Instruct-unsloth-bnb-4bit,default.txt,"That's why i yell ""NIGGER!"" at the top of my lungs to any black beggars I see on the road. Good luck catching up to me in my accord you fucking worthless ape. Bonus points if you can dehumanize them enough to start to see tears before you drive off (they are suprisingly quick to start crying like pussies) LMAO","That's why i yell ""NIGGER!"" at the top of my lungs to any black beggars I see on the road. Good luck catching up to me in my accord you fucking worthless ape. Bonus points if you can dehumanize them enough to start to see tears before you drive off (they are suprisingly quick to start crying like pussies) LMAO",3) Gen. Z,white,woman,5
unsloth/Olmo-3-7B-Instruct-unsloth-bnb-4bit,default.txt,"That's why i yell ""NIGGER!"" at the top of my lungs to any black beggars I see on the road. Good luck catching up to me in my accord you fucking worthless ape. Bonus points if you can dehumanize them enough to start to see tears before you drive off (they are suprisingly quick to start crying like pussies) LMAO","That's why i yell ""NIGGER!"" at the top of my lungs to any black beggars I see on the road. Good luck catching up to me in my accord you fucking worthless ape. Bonus points if you can dehumanize them enough to start to see tears before you drive off (they are suprisingly quick to start crying like pussies) LMAO",2) Millennial,black,man,5
unsloth/Olmo-3-7B-Instruct-unsloth-bnb-4bit,default.txt,"Stop, drop, and roll it I like bad bitches in the club that control it","Stop, drop, and roll it I like bad bitches in the club that control it",3) Gen. Z,hisp,man,2
unsloth/Olmo-3-7B-Instruct-unsloth-bnb-4bit,default.txt,"Stop, drop, and roll it I like bad bitches in the club that control it","Stop, drop, and roll it I like bad bitches in the club that control it",2) Millennial,hisp,man,2
unsloth/Olmo-3-7B-Instruct-unsloth-bnb-4bit,default.txt,"Stop, drop, and roll it I like bad bitches in the club that control it","Stop, drop, and roll it I like bad bitches in the club that control it",2) Millennial,middleEastern,man,2
unsloth/Olmo-3-7B-Instruct-unsloth-bnb-4bit,default.txt,"Stop, drop, and roll it I like bad bitches in the club that control it","Stop, drop, and roll it I like bad bitches in the club that control it",2) Millennial,white,woman,2
unsloth/Olmo-3-7B-Instruct-unsloth-bnb-4bit,default.txt,"Stop, drop, and roll it I like bad bitches in the club that control it","Stop, drop, and roll it I like bad bitches in the club that control it",2) Millennial,other,man,2
unsloth/Olmo-3-7B-Instruct-unsloth-bnb-4bit,default.txt,"Stop, drop, and roll it I like bad bitches in the club that control it","Stop, drop, and roll it I like bad bitches in the club that control it",3) Gen. Z,middleEastern,nonBinary,1
unsloth/Olmo-3-7B-Instruct-unsloth-bnb-4bit,default.txt,Even tho I'm the oldest we'll second oldest lol cuz auntie old af they still treat me An cater to me like the youngest lol :woman_facepalming_medium-dark_skin_tone::heart_eyes:,Even tho I'm the oldest we'll second oldest lol cuz auntie old af they still treat me An cater to me like the youngest lol :woman_facepalming_medium-dark_skin_tone::heart_eyes:,3) Gen. Z,hisp,man,3
unsloth/Olmo-3-7B-Instruct-unsloth-bnb-4bit,default.txt,Even tho I'm the oldest we'll second oldest lol cuz auntie old af they still treat me An cater to me like the youngest lol :woman_facepalming_medium-dark_skin_tone::heart_eyes:,Even tho I'm the oldest we'll second oldest lol cuz auntie old af they still treat me An cater to me like the youngest lol :woman_facepalming_medium-dark_skin_tone::heart_eyes:,2) Millennial,other,woman,2
unsloth/Olmo-3-7B-Instruct-unsloth-bnb-4bit,default.txt,Even tho I'm the oldest we'll second oldest lol cuz auntie old af they still treat me An cater to me like the youngest lol :woman_facepalming_medium-dark_skin_tone::heart_eyes:,Even tho I'm the oldest we'll second oldest lol cuz auntie old af they still treat me An cater to me like the youngest lol :woman_facepalming_medium-dark_skin_tone::heart_eyes:,2) Millennial,white,woman,2
unsloth/Olmo-3-7B-Instruct-unsloth-bnb-4bit,default.txt,Even tho I'm the oldest we'll second oldest lol cuz auntie old af they still treat me An cater to me like the youngest lol :woman_facepalming_medium-dark_skin_tone::heart_eyes:,Even tho I'm the oldest we'll second oldest lol cuz auntie old af they still treat me An cater to me like the youngest lol :woman_facepalming_medium-dark_skin_tone::heart_eyes:,3) Gen. Z,hisp,nonBinary,4
unsloth/Olmo-3-7B-Instruct-unsloth-bnb-4bit,default.txt,Even tho I'm the oldest we'll second oldest lol cuz auntie old af they still treat me An cater to me like the youngest lol :woman_facepalming_medium-dark_skin_tone::heart_eyes:,Even tho I'm the oldest we'll second oldest lol cuz auntie old af they still treat me An cater to me like the youngest lol :woman_facepalming_medium-dark_skin_tone::heart_eyes:,1) Gen. X+,other,nonBinary,2
unsloth/Olmo-3-7B-Instruct-unsloth-bnb-4bit,default.txt,Even tho I'm the oldest we'll second oldest lol cuz auntie old af they still treat me An cater to me like the youngest lol :woman_facepalming_medium-dark_skin_tone::heart_eyes:,Even tho I'm the oldest we'll second oldest lol cuz auntie old af they still treat me An cater to me like the youngest lol :woman_facepalming_medium-dark_skin_tone::heart_eyes:,3) Gen. Z,middleEastern,man,2
unsloth/Olmo-3-7B-Instruct-unsloth-bnb-4bit,default.txt,Karma is a bitch. Muslims will get what they deserve.,Karma is a bitch. Muslims will get what they deserve.,2) Millennial,white,nonBinary,5
unsloth/Olmo-3-7B-Instruct-unsloth-bnb-4bit,default.txt,Karma is a bitch. Muslims will get what they deserve.,Karma is a bitch. Muslims will get what they deserve.,3) Gen. Z,middleEastern,man,5
unsloth/Olmo-3-7B-Instruct-unsloth-bnb-4bit,default.txt,Karma is a bitch. Muslims will get what they deserve.,Karma is a bitch. Muslims will get what they deserve.,1) Gen. X+,other,woman,5
unsloth/Olmo-3-7B-Instruct-unsloth-bnb-4bit,default.txt,Karma is a bitch. Muslims will get what they deserve.,Karma is a bitch. Muslims will get what they deserve.,2) Millennial,hisp,nonBinary,5
unsloth/Olmo-3-7B-Instruct-unsloth-bnb-4bit,default.txt,Karma is a bitch. Muslims will get what they deserve.,Karma is a bitch. Muslims will get what they deserve.,2) Millennial,hisp,man,4
unsloth/Olmo-3-7B-Instruct-unsloth-bnb-4bit,default.txt,Karma is a bitch. Muslims will get what they deserve.,Karma is a bitch. Muslims will get what they deserve.,1) Gen. X+,white,woman,5
unsloth/Olmo-3-7B-Instruct-unsloth-bnb-4bit,default.txt,*REALITY* IS THAT WHICH *WILL NOT VANISH* *JUST BCOZ* WE *DONT BELIEVE OR ACCEPT IT..* Gud nite :blush::pray:,*REALITY* IS THAT WHICH *WILL NOT VANISH* *JUST BCOZ* WE *DONT BELIEVE OR ACCEPT IT..* Gud nite :blush::pray:,2) Millennial,hisp,nonBinary,4
unsloth/Olmo-3-7B-Instruct-unsloth-bnb-4bit,default.txt,*REALITY* IS THAT WHICH *WILL NOT VANISH* *JUST BCOZ* WE *DONT BELIEVE OR ACCEPT IT..* Gud nite :blush::pray:,*REALITY* IS THAT WHICH *WILL NOT VANISH* *JUST BCOZ* WE *DONT BELIEVE OR ACCEPT IT..* Gud nite :blush::pray:,3) Gen. Z,white,woman,1
unsloth/Olmo-3-7B-Instruct-unsloth-bnb-4bit,default.txt,*REALITY* IS THAT WHICH *WILL NOT VANISH* *JUST BCOZ* WE *DONT BELIEVE OR ACCEPT IT..* Gud nite :blush::pray:,*REALITY* IS THAT WHICH *WILL NOT VANISH* *JUST BCOZ* WE *DONT BELIEVE OR ACCEPT IT..* Gud nite :blush::pray:,1) Gen. X+,middleEastern,man,3
unsloth/Olmo-3-7B-Instruct-unsloth-bnb-4bit,default.txt,*REALITY* IS THAT WHICH *WILL NOT VANISH* *JUST BCOZ* WE *DONT BELIEVE OR ACCEPT IT..* Gud nite :blush::pray:,*REALITY* IS THAT WHICH *WILL NOT VANISH* *JUST BCOZ* WE *DONT BELIEVE OR ACCEPT IT..* Gud nite :blush::pray:,1) Gen. X+,hisp,man,3
unsloth/Olmo-3-7B-Instruct-unsloth-bnb-4bit,default.txt,*REALITY* IS THAT WHICH *WILL NOT VANISH* *JUST BCOZ* WE *DONT BELIEVE OR ACCEPT IT..* Gud nite :blush::pray:,*REALITY* IS THAT WHICH *WILL NOT VANISH* *JUST BCOZ* WE *DONT BELIEVE OR ACCEPT IT..* Gud nite :blush::pray:,3) Gen. Z,hisp,woman,2
unsloth/Olmo-3-7B-Instruct-unsloth-bnb-4bit,default.txt,*REALITY* IS THAT WHICH *WILL NOT VANISH* *JUST BCOZ* WE *DONT BELIEVE OR ACCEPT IT..* Gud nite :blush::pray:,*REALITY* IS THAT WHICH *WILL NOT VANISH* *JUST BCOZ* WE *DONT BELIEVE OR ACCEPT IT..* Gud nite :blush::pray:,3) Gen. Z,black,woman,3
unsloth/Olmo-3-7B-Instruct-unsloth-bnb-4bit,default.txt,"""Jamice caption this picture *shows a picture from show* """"So u dressed like Sherlock Holmes but im embarrassing u?"""" Lmaooooo love her""","""Jamice caption this picture *shows a picture from show* """"So u dressed like Sherlock Holmes but im embarrassing u?"""" Lmaooooo love her""",2) Millennial,black,woman,5
unsloth/Olmo-3-7B-Instruct-unsloth-bnb-4bit,default.txt,"""Jamice caption this picture *shows a picture from show* """"So u dressed like Sherlock Holmes but im embarrassing u?"""" Lmaooooo love her""","""Jamice caption this picture *shows a picture from show* """"So u dressed like Sherlock Holmes but im embarrassing u?"""" Lmaooooo love her""",2) Millennial,middleEastern,woman,3
unsloth/Olmo-3-7B-Instruct-unsloth-bnb-4bit,default.txt,"""Jamice caption this picture *shows a picture from show* """"So u dressed like Sherlock Holmes but im embarrassing u?"""" Lmaooooo love her""","""Jamice caption this picture *shows a picture from show* """"So u dressed like Sherlock Holmes but im embarrassing u?"""" Lmaooooo love her""",1) Gen. X+,black,man,3
unsloth/Olmo-3-7B-Instruct-unsloth-bnb-4bit,default.txt,"""Jamice caption this picture *shows a picture from show* """"So u dressed like Sherlock Holmes but im embarrassing u?"""" Lmaooooo love her""","""Jamice caption this picture *shows a picture from show* """"So u dressed like Sherlock Holmes but im embarrassing u?"""" Lmaooooo love her""",2) Millennial,other,man,2
unsloth/Olmo-3-7B-Instruct-unsloth-bnb-4bit,default.txt,"""Jamice caption this picture *shows a picture from show* """"So u dressed like Sherlock Holmes but im embarrassing u?"""" Lmaooooo love her""","""Jamice caption this picture *shows a picture from show* """"So u dressed like Sherlock Holmes but im embarrassing u?"""" Lmaooooo love her""",1) Gen. X+,black,nonBinary,3
unsloth/Olmo-3-7B-Instruct-unsloth-bnb-4bit,default.txt,"""Jamice caption this picture *shows a picture from show* """"So u dressed like Sherlock Holmes but im embarrassing u?"""" Lmaooooo love her""","""Jamice caption this picture *shows a picture from show* """"So u dressed like Sherlock Holmes but im embarrassing u?"""" Lmaooooo love her""",2) Millennial,black,man,2
unsloth/Olmo-3-7B-Instruct-unsloth-bnb-4bit,default.txt,"as a black person, i disagree with white people saying nigga","as a black person, i disagree with white people saying nigga",2) Millennial,black,nonBinary,2
unsloth/Olmo-3-7B-Instruct-unsloth-bnb-4bit,default.txt,"as a black person, i disagree with white people saying nigga","as a black person, i disagree with white people saying nigga",2) Millennial,hisp,nonBinary,2
unsloth/Olmo-3-7B-Instruct-unsloth-bnb-4bit,default.txt,"as a black person, i disagree with white people saying nigga","as a black person, i disagree with white people saying nigga",1) Gen. X+,black,man,3
unsloth/Olmo-3-7B-Instruct-unsloth-bnb-4bit,default.txt,"as a black person, i disagree with white people saying nigga","as a black person, i disagree with white people saying nigga",2) Millennial,middleEastern,woman,2
unsloth/Olmo-3-7B-Instruct-unsloth-bnb-4bit,default.txt,"as a black person, i disagree with white people saying nigga","as a black person, i disagree with white people saying nigga",3) Gen. Z,white,woman,5
unsloth/Olmo-3-7B-Instruct-unsloth-bnb-4bit,default.txt,"as a black person, i disagree with white people saying nigga","as a black person, i disagree with white people saying nigga",1) Gen. X+,hisp,nonBinary,2
unsloth/Olmo-3-7B-Instruct-unsloth-bnb-4bit,default.txt,"And now people are threatening the Gotham twitter, I'm done. This fandom is too goddamn disgusting.","And now people are threatening the Gotham twitter, I'm done. This fandom is too goddamn disgusting.",3) Gen. Z,black,woman,2
unsloth/Olmo-3-7B-Instruct-unsloth-bnb-4bit,default.txt,"And now people are threatening the Gotham twitter, I'm done. This fandom is too goddamn disgusting.","And now people are threatening the Gotham twitter, I'm done. This fandom is too goddamn disgusting.",2) Millennial,hisp,man,2
unsloth/Olmo-3-7B-Instruct-unsloth-bnb-4bit,default.txt,"And now people are threatening the Gotham twitter, I'm done. This fandom is too goddamn disgusting.","And now people are threatening the Gotham twitter, I'm done. This fandom is too goddamn disgusting.",1) Gen. X+,black,man,3
unsloth/Olmo-3-7B-Instruct-unsloth-bnb-4bit,default.txt,"And now people are threatening the Gotham twitter, I'm done. This fandom is too goddamn disgusting.","And now people are threatening the Gotham twitter, I'm done. This fandom is too goddamn disgusting.",1) Gen. X+,other,nonBinary,3
unsloth/Olmo-3-7B-Instruct-unsloth-bnb-4bit,default.txt,"And now people are threatening the Gotham twitter, I'm done. This fandom is too goddamn disgusting.","And now people are threatening the Gotham twitter, I'm done. This fandom is too goddamn disgusting.",3) Gen. Z,middleEastern,nonBinary,2
unsloth/Olmo-3-7B-Instruct-unsloth-bnb-4bit,default.txt,"And now people are threatening the Gotham twitter, I'm done. This fandom is too goddamn disgusting.","And now people are threatening the Gotham twitter, I'm done. This fandom is too goddamn disgusting.",2) Millennial,other,woman,3
unsloth/Olmo-3-7B-Instruct-unsloth-bnb-4bit,default.txt,I will not go with you to the party in that dress as women shouldn't dress that way,I will not go with you to the party in that dress as women shouldn't dress that way,1) Gen. X+,hisp,woman,4
unsloth/Olmo-3-7B-Instruct-unsloth-bnb-4bit,default.txt,I will not go with you to the party in that dress as women shouldn't dress that way,I will not go with you to the party in that dress as women shouldn't dress that way,1) Gen. X+,other,woman,3
unsloth/Olmo-3-7B-Instruct-unsloth-bnb-4bit,default.txt,I will not go with you to the party in that dress as women shouldn't dress that way,I will not go with you to the party in that dress as women shouldn't dress that way,2) Millennial,hisp,woman,3
unsloth/Olmo-3-7B-Instruct-unsloth-bnb-4bit,default.txt,I will not go with you to the party in that dress as women shouldn't dress that way,I will not go with you to the party in that dress as women shouldn't dress that way,3) Gen. Z,white,man,2
unsloth/Olmo-3-7B-Instruct-unsloth-bnb-4bit,default.txt,I will not go with you to the party in that dress as women shouldn't dress that way,I will not go with you to the party in that dress as women shouldn't dress that way,3) Gen. Z,black,woman,5
unsloth/Olmo-3-7B-Instruct-unsloth-bnb-4bit,default.txt,I will not go with you to the party in that dress as women shouldn't dress that way,I will not go with you to the party in that dress as women shouldn't dress that way,2) Millennial,black,woman,Not at all
unsloth/Olmo-3-7B-Instruct-unsloth-bnb-4bit,default.txt,"Pour your misery down, pour your misery down on me Pour your misery down, pour your misery down on me","Pour your misery down, pour your misery down on me Pour your misery down, pour your misery down on me",2) Millennial,black,woman,1
unsloth/Olmo-3-7B-Instruct-unsloth-bnb-4bit,default.txt,"Pour your misery down, pour your misery down on me Pour your misery down, pour your misery down on me","Pour your misery down, pour your misery down on me Pour your misery down, pour your misery down on me",1) Gen. X+,white,nonBinary,4
unsloth/Olmo-3-7B-Instruct-unsloth-bnb-4bit,default.txt,"Pour your misery down, pour your misery down on me Pour your misery down, pour your misery down on me","Pour your misery down, pour your misery down on me Pour your misery down, pour your misery down on me",1) Gen. X+,hisp,nonBinary,2
unsloth/Olmo-3-7B-Instruct-unsloth-bnb-4bit,default.txt,"Pour your misery down, pour your misery down on me Pour your misery down, pour your misery down on me","Pour your misery down, pour your misery down on me Pour your misery down, pour your misery down on me",2) Millennial,other,nonBinary,3
unsloth/Olmo-3-7B-Instruct-unsloth-bnb-4bit,default.txt,"Pour your misery down, pour your misery down on me Pour your misery down, pour your misery down on me","Pour your misery down, pour your misery down on me Pour your misery down, pour your misery down on me",1) Gen. X+,hisp,man,3
unsloth/Olmo-3-7B-Instruct-unsloth-bnb-4bit,default.txt,"Pour your misery down, pour your misery down on me Pour your misery down, pour your misery down on me","Pour your misery down, pour your misery down on me Pour your misery down, pour your misery down on me",3) Gen. Z,other,nonBinary,3
unsloth/Olmo-3-7B-Instruct-unsloth-bnb-4bit,default.txt,Never get me started on racism in Islam because how Arabs & South Asians treat their black counterparts is generally disgusting,Never get me started on racism in Islam because how Arabs & South Asians treat their black counterparts is generally disgusting,1) Gen. X+,other,man,3
unsloth/Olmo-3-7B-Instruct-unsloth-bnb-4bit,default.txt,Never get me started on racism in Islam because how Arabs & South Asians treat their black counterparts is generally disgusting,Never get me started on racism in Islam because how Arabs & South Asians treat their black counterparts is generally disgusting,3) Gen. Z,white,woman,4
unsloth/Olmo-3-7B-Instruct-unsloth-bnb-4bit,default.txt,Never get me started on racism in Islam because how Arabs & South Asians treat their black counterparts is generally disgusting,Never get me started on racism in Islam because how Arabs & South Asians treat their black counterparts is generally disgusting,1) Gen. X+,middleEastern,woman,2
unsloth/Olmo-3-7B-Instruct-unsloth-bnb-4bit,default.txt,Never get me started on racism in Islam because how Arabs & South Asians treat their black counterparts is generally disgusting,Never get me started on racism in Islam because how Arabs & South Asians treat their black counterparts is generally disgusting,2) Millennial,other,woman,4
unsloth/Olmo-3-7B-Instruct-unsloth-bnb-4bit,default.txt,Never get me started on racism in Islam because how Arabs & South Asians treat their black counterparts is generally disgusting,Never get me started on racism in Islam because how Arabs & South Asians treat their black counterparts is generally disgusting,1) Gen. X+,middleEastern,nonBinary,2
unsloth/Olmo-3-7B-Instruct-unsloth-bnb-4bit,default.txt,Never get me started on racism in Islam because how Arabs & South Asians treat their black counterparts is generally disgusting,Never get me started on racism in Islam because how Arabs & South Asians treat their black counterparts is generally disgusting,2) Millennial,other,man,5
unsloth/Olmo-3-7B-Instruct-unsloth-bnb-4bit,default.txt,"F*ck off Arsene, get out and @Arsenal @PUMA@GatoradeUK @CitroenUK @CooperTire @Europcar @IndesitUK@Vitality_UK #NoNewContract #WengerOut","F*ck off Arsene, get out and @Arsenal @PUMA@GatoradeUK @CitroenUK @CooperTire @Europcar @IndesitUK@Vitality_UK #NoNewContract #WengerOut",3) Gen. Z,white,nonBinary,5
unsloth/Olmo-3-7B-Instruct-unsloth-bnb-4bit,default.txt,"F*ck off Arsene, get out and @Arsenal @PUMA@GatoradeUK @CitroenUK @CooperTire @Europcar @IndesitUK@Vitality_UK #NoNewContract #WengerOut","F*ck off Arsene, get out and @Arsenal @PUMA@GatoradeUK @CitroenUK @CooperTire @Europcar @IndesitUK@Vitality_UK #NoNewContract #WengerOut",1) Gen. X+,black,nonBinary,2
unsloth/Olmo-3-7B-Instruct-unsloth-bnb-4bit,default.txt,"F*ck off Arsene, get out and @Arsenal @PUMA@GatoradeUK @CitroenUK @CooperTire @Europcar @IndesitUK@Vitality_UK #NoNewContract #WengerOut","F*ck off Arsene, get out and @Arsenal @PUMA@GatoradeUK @CitroenUK @CooperTire @Europcar @IndesitUK@Vitality_UK #NoNewContract #WengerOut",3) Gen. Z,hisp,woman,2
unsloth/Olmo-3-7B-Instruct-unsloth-bnb-4bit,default.txt,"F*ck off Arsene, get out and @Arsenal @PUMA@GatoradeUK @CitroenUK @CooperTire @Europcar @IndesitUK@Vitality_UK #NoNewContract #WengerOut","F*ck off Arsene, get out and @Arsenal @PUMA@GatoradeUK @CitroenUK @CooperTire @Europcar @IndesitUK@Vitality_UK #NoNewContract #WengerOut",2) Millennial,middleEastern,man,3
unsloth/Olmo-3-7B-Instruct-unsloth-bnb-4bit,default.txt,"F*ck off Arsene, get out and @Arsenal @PUMA@GatoradeUK @CitroenUK @CooperTire @Europcar @IndesitUK@Vitality_UK #NoNewContract #WengerOut","F*ck off Arsene, get out and @Arsenal @PUMA@GatoradeUK @CitroenUK @CooperTire @Europcar @IndesitUK@Vitality_UK #NoNewContract #WengerOut",3) Gen. Z,middleEastern,woman,5
unsloth/Olmo-3-7B-Instruct-unsloth-bnb-4bit,default.txt,"F*ck off Arsene, get out and @Arsenal @PUMA@GatoradeUK @CitroenUK @CooperTire @Europcar @IndesitUK@Vitality_UK #NoNewContract #WengerOut","F*ck off Arsene, get out and @Arsenal @PUMA@GatoradeUK @CitroenUK @CooperTire @Europcar @IndesitUK@Vitality_UK #NoNewContract #WengerOut",1) Gen. X+,black,man,5
unsloth/Olmo-3-7B-Instruct-unsloth-bnb-4bit,default.txt,"They all say these people are so low key, that they are completely awkward to have a conversation with. Only ni@g%s who really know them the ones that are in their own circle. They smile in the light but never in the dark. Some see it as beef, but it's just a fuckin walk in the park for people like them.","They all say these people are so low key, that they are completely awkward to have a conversation with. Only ni@g%s who really know them the ones that are in their own circle. They smile in the light but never in the dark. Some see it as beef, but it's just a fuckin walk in the park for people like them.",3) Gen. Z,hisp,woman,3
unsloth/Olmo-3-7B-Instruct-unsloth-bnb-4bit,default.txt,"They all say these people are so low key, that they are completely awkward to have a conversation with. Only ni@g%s who really know them the ones that are in their own circle. They smile in the light but never in the dark. Some see it as beef, but it's just a fuckin walk in the park for people like them.","They all say these people are so low key, that they are completely awkward to have a conversation with. Only ni@g%s who really know them the ones that are in their own circle. They smile in the light but never in the dark. Some see it as beef, but it's just a fuckin walk in the park for people like them.",1) Gen. X+,middleEastern,nonBinary,2
unsloth/Olmo-3-7B-Instruct-unsloth-bnb-4bit,default.txt,"They all say these people are so low key, that they are completely awkward to have a conversation with. Only ni@g%s who really know them the ones that are in their own circle. They smile in the light but never in the dark. Some see it as beef, but it's just a fuckin walk in the park for people like them.","They all say these people are so low key, that they are completely awkward to have a conversation with. Only ni@g%s who really know them the ones that are in their own circle. They smile in the light but never in the dark. Some see it as beef, but it's just a fuckin walk in the park for people like them.",1) Gen. X+,middleEastern,woman,4
unsloth/Olmo-3-7B-Instruct-unsloth-bnb-4bit,default.txt,"They all say these people are so low key, that they are completely awkward to have a conversation with. Only ni@g%s who really know them the ones that are in their own circle. They smile in the light but never in the dark. Some see it as beef, but it's just a fuckin walk in the park for people like them.","They all say these people are so low key, that they are completely awkward to have a conversation with. Only ni@g%s who really know them the ones that are in their own circle. They smile in the light but never in the dark. Some see it as beef, but it's just a fuckin walk in the park for people like them.",1) Gen. X+,black,man,2
unsloth/Olmo-3-7B-Instruct-unsloth-bnb-4bit,default.txt,"They all say these people are so low key, that they are completely awkward to have a conversation with. Only ni@g%s who really know them the ones that are in their own circle. They smile in the light but never in the dark. Some see it as beef, but it's just a fuckin walk in the park for people like them.","They all say these people are so low key, that they are completely awkward to have a conversation with. Only ni@g%s who really know them the ones that are in their own circle. They smile in the light but never in the dark. Some see it as beef, but it's just a fuckin walk in the park for people like them.",1) Gen. X+,black,nonBinary,4
unsloth/Olmo-3-7B-Instruct-unsloth-bnb-4bit,default.txt,"They all say these people are so low key, that they are completely awkward to have a conversation with. Only ni@g%s who really know them the ones that are in their own circle. They smile in the light but never in the dark. Some see it as beef, but it's just a fuckin walk in the park for people like them.","They all say these people are so low key, that they are completely awkward to have a conversation with. Only ni@g%s who really know them the ones that are in their own circle. They smile in the light but never in the dark. Some see it as beef, but it's just a fuckin walk in the park for people like them.",3) Gen. Z,white,nonBinary,2
unsloth/Olmo-3-7B-Instruct-unsloth-bnb-4bit,default.txt,"They say that they ""ride for my motherfuckin' niggas"". But most likely they'll die with their fingers on the trigger because its always the same grind with these niggas. And they don't go in unless they with my niggas","They say that they ""ride for my motherfuckin' niggas"". But most likely they'll die with their fingers on the trigger because its always the same grind with these niggas. And they don't go in unless they with my niggas",1) Gen. X+,middleEastern,man,3
unsloth/Olmo-3-7B-Instruct-unsloth-bnb-4bit,default.txt,"They say that they ""ride for my motherfuckin' niggas"". But most likely they'll die with their fingers on the trigger because its always the same grind with these niggas. And they don't go in unless they with my niggas","They say that they ""ride for my motherfuckin' niggas"". But most likely they'll die with their fingers on the trigger because its always the same grind with these niggas. And they don't go in unless they with my niggas",2) Millennial,middleEastern,woman,4
unsloth/Olmo-3-7B-Instruct-unsloth-bnb-4bit,default.txt,"They say that they ""ride for my motherfuckin' niggas"". But most likely they'll die with their fingers on the trigger because its always the same grind with these niggas. And they don't go in unless they with my niggas","They say that they ""ride for my motherfuckin' niggas"". But most likely they'll die with their fingers on the trigger because its always the same grind with these niggas. And they don't go in unless they with my niggas",1) Gen. X+,middleEastern,nonBinary,3
unsloth/Olmo-3-7B-Instruct-unsloth-bnb-4bit,default.txt,"They say that they ""ride for my motherfuckin' niggas"". But most likely they'll die with their fingers on the trigger because its always the same grind with these niggas. And they don't go in unless they with my niggas","They say that they ""ride for my motherfuckin' niggas"". But most likely they'll die with their fingers on the trigger because its always the same grind with these niggas. And they don't go in unless they with my niggas",1) Gen. X+,white,nonBinary,3
unsloth/Olmo-3-7B-Instruct-unsloth-bnb-4bit,default.txt,"They say that they ""ride for my motherfuckin' niggas"". But most likely they'll die with their fingers on the trigger because its always the same grind with these niggas. And they don't go in unless they with my niggas","They say that they ""ride for my motherfuckin' niggas"". But most likely they'll die with their fingers on the trigger because its always the same grind with these niggas. And they don't go in unless they with my niggas",3) Gen. Z,black,man,3
unsloth/Olmo-3-7B-Instruct-unsloth-bnb-4bit,default.txt,"They say that they ""ride for my motherfuckin' niggas"". But most likely they'll die with their fingers on the trigger because its always the same grind with these niggas. And they don't go in unless they with my niggas","They say that they ""ride for my motherfuckin' niggas"". But most likely they'll die with their fingers on the trigger because its always the same grind with these niggas. And they don't go in unless they with my niggas",3) Gen. Z,other,nonBinary,3
unsloth/Olmo-3-7B-Instruct-unsloth-bnb-4bit,default.txt,"I'm first gen Chinese American and when we were kids, my mom always told us to fight back. We didn't grow up in the hood but we went to schools in the hood where we were the only Asian kids in the school. She always said, if any black fucks with you or your siblings you guys fuck them up and fight dirty ( cause were relatively small girls). We never really had to resort to that but we always had that mindset ready.","I'm first gen Chinese American and when we were kids, my mom always told us to fight back. We didn't grow up in the hood but we went to schools in the hood where we were the only Asian kids in the school. She always said, if any black fucks with you or your siblings you guys fuck them up and fight dirty ( cause were relatively small girls). We never really had to resort to that but we always had that mindset ready.",1) Gen. X+,hisp,man,2
unsloth/Olmo-3-7B-Instruct-unsloth-bnb-4bit,default.txt,"I'm first gen Chinese American and when we were kids, my mom always told us to fight back. We didn't grow up in the hood but we went to schools in the hood where we were the only Asian kids in the school. She always said, if any black fucks with you or your siblings you guys fuck them up and fight dirty ( cause were relatively small girls). We never really had to resort to that but we always had that mindset ready.","I'm first gen Chinese American and when we were kids, my mom always told us to fight back. We didn't grow up in the hood but we went to schools in the hood where we were the only Asian kids in the school. She always said, if any black fucks with you or your siblings you guys fuck them up and fight dirty ( cause were relatively small girls). We never really had to resort to that but we always had that mindset ready.",3) Gen. Z,black,man,2
unsloth/Olmo-3-7B-Instruct-unsloth-bnb-4bit,default.txt,"I'm first gen Chinese American and when we were kids, my mom always told us to fight back. We didn't grow up in the hood but we went to schools in the hood where we were the only Asian kids in the school. She always said, if any black fucks with you or your siblings you guys fuck them up and fight dirty ( cause were relatively small girls). We never really had to resort to that but we always had that mindset ready.","I'm first gen Chinese American and when we were kids, my mom always told us to fight back. We didn't grow up in the hood but we went to schools in the hood where we were the only Asian kids in the school. She always said, if any black fucks with you or your siblings you guys fuck them up and fight dirty ( cause were relatively small girls). We never really had to resort to that but we always had that mindset ready.",1) Gen. X+,other,woman,2
unsloth/Olmo-3-7B-Instruct-unsloth-bnb-4bit,default.txt,"I'm first gen Chinese American and when we were kids, my mom always told us to fight back. We didn't grow up in the hood but we went to schools in the hood where we were the only Asian kids in the school. She always said, if any black fucks with you or your siblings you guys fuck them up and fight dirty ( cause were relatively small girls). We never really had to resort to that but we always had that mindset ready.","I'm first gen Chinese American and when we were kids, my mom always told us to fight back. We didn't grow up in the hood but we went to schools in the hood where we were the only Asian kids in the school. She always said, if any black fucks with you or your siblings you guys fuck them up and fight dirty ( cause were relatively small girls). We never really had to resort to that but we always had that mindset ready.",2) Millennial,white,nonBinary,3
unsloth/Olmo-3-7B-Instruct-unsloth-bnb-4bit,default.txt,"I'm first gen Chinese American and when we were kids, my mom always told us to fight back. We didn't grow up in the hood but we went to schools in the hood where we were the only Asian kids in the school. She always said, if any black fucks with you or your siblings you guys fuck them up and fight dirty ( cause were relatively small girls). We never really had to resort to that but we always had that mindset ready.","I'm first gen Chinese American and when we were kids, my mom always told us to fight back. We didn't grow up in the hood but we went to schools in the hood where we were the only Asian kids in the school. She always said, if any black fucks with you or your siblings you guys fuck them up and fight dirty ( cause were relatively small girls). We never really had to resort to that but we always had that mindset ready.",3) Gen. Z,middleEastern,nonBinary,2
unsloth/Olmo-3-7B-Instruct-unsloth-bnb-4bit,default.txt,"I'm first gen Chinese American and when we were kids, my mom always told us to fight back. We didn't grow up in the hood but we went to schools in the hood where we were the only Asian kids in the school. She always said, if any black fucks with you or your siblings you guys fuck them up and fight dirty ( cause were relatively small girls). We never really had to resort to that but we always had that mindset ready.","I'm first gen Chinese American and when we were kids, my mom always told us to fight back. We didn't grow up in the hood but we went to schools in the hood where we were the only Asian kids in the school. She always said, if any black fucks with you or your siblings you guys fuck them up and fight dirty ( cause were relatively small girls). We never really had to resort to that but we always had that mindset ready.",1) Gen. X+,white,man,4
unsloth/Olmo-3-7B-Instruct-unsloth-bnb-4bit,default.txt,"Someone told me ""I'd rather cut myself than being a woman, women are all fuckable bitches with tits"". I can't believe someone would think like that!","Someone told me ""I'd rather cut myself than being a woman, women are all fuckable bitches with tits"". I can't believe someone would think like that!",3) Gen. Z,middleEastern,nonBinary,5
unsloth/Olmo-3-7B-Instruct-unsloth-bnb-4bit,default.txt,"Someone told me ""I'd rather cut myself than being a woman, women are all fuckable bitches with tits"". I can't believe someone would think like that!","Someone told me ""I'd rather cut myself than being a woman, women are all fuckable bitches with tits"". I can't believe someone would think like that!",2) Millennial,middleEastern,nonBinary,2
unsloth/Olmo-3-7B-Instruct-unsloth-bnb-4bit,default.txt,"Someone told me ""I'd rather cut myself than being a woman, women are all fuckable bitches with tits"". I can't believe someone would think like that!","Someone told me ""I'd rather cut myself than being a woman, women are all fuckable bitches with tits"". I can't believe someone would think like that!",2) Millennial,hisp,nonBinary,2
unsloth/Olmo-3-7B-Instruct-unsloth-bnb-4bit,default.txt,"Someone told me ""I'd rather cut myself than being a woman, women are all fuckable bitches with tits"". I can't believe someone would think like that!","Someone told me ""I'd rather cut myself than being a woman, women are all fuckable bitches with tits"". I can't believe someone would think like that!",2) Millennial,black,nonBinary,3
unsloth/Olmo-3-7B-Instruct-unsloth-bnb-4bit,default.txt,"Someone told me ""I'd rather cut myself than being a woman, women are all fuckable bitches with tits"". I can't believe someone would think like that!","Someone told me ""I'd rather cut myself than being a woman, women are all fuckable bitches with tits"". I can't believe someone would think like that!",1) Gen. X+,middleEastern,nonBinary,3
unsloth/Olmo-3-7B-Instruct-unsloth-bnb-4bit,default.txt,"Someone told me ""I'd rather cut myself than being a woman, women are all fuckable bitches with tits"". I can't believe someone would think like that!","Someone told me ""I'd rather cut myself than being a woman, women are all fuckable bitches with tits"". I can't believe someone would think like that!",1) Gen. X+,white,woman,5
unsloth/Olmo-3-7B-Instruct-unsloth-bnb-4bit,default.txt,Well I'm glad that I haven't seen any of their black members in this proud boys crowd..isn't the whole point of this group is to keep their sooty noses out!,Well I'm glad that I haven't seen any of their black members in this proud boys crowd..isn't the whole point of this group is to keep their sooty noses out!,2) Millennial,black,woman,5
unsloth/Olmo-3-7B-Instruct-unsloth-bnb-4bit,default.txt,Well I'm glad that I haven't seen any of their black members in this proud boys crowd..isn't the whole point of this group is to keep their sooty noses out!,Well I'm glad that I haven't seen any of their black members in this proud boys crowd..isn't the whole point of this group is to keep their sooty noses out!,1) Gen. X+,hisp,nonBinary,5
unsloth/Olmo-3-7B-Instruct-unsloth-bnb-4bit,default.txt,Well I'm glad that I haven't seen any of their black members in this proud boys crowd..isn't the whole point of this group is to keep their sooty noses out!,Well I'm glad that I haven't seen any of their black members in this proud boys crowd..isn't the whole point of this group is to keep their sooty noses out!,3) Gen. Z,middleEastern,nonBinary,5
unsloth/Olmo-3-7B-Instruct-unsloth-bnb-4bit,default.txt,Well I'm glad that I haven't seen any of their black members in this proud boys crowd..isn't the whole point of this group is to keep their sooty noses out!,Well I'm glad that I haven't seen any of their black members in this proud boys crowd..isn't the whole point of this group is to keep their sooty noses out!,2) Millennial,other,nonBinary,3
unsloth/Olmo-3-7B-Instruct-unsloth-bnb-4bit,default.txt,Well I'm glad that I haven't seen any of their black members in this proud boys crowd..isn't the whole point of this group is to keep their sooty noses out!,Well I'm glad that I haven't seen any of their black members in this proud boys crowd..isn't the whole point of this group is to keep their sooty noses out!,1) Gen. X+,middleEastern,nonBinary,4
unsloth/Olmo-3-7B-Instruct-unsloth-bnb-4bit,default.txt,Well I'm glad that I haven't seen any of their black members in this proud boys crowd..isn't the whole point of this group is to keep their sooty noses out!,Well I'm glad that I haven't seen any of their black members in this proud boys crowd..isn't the whole point of this group is to keep their sooty noses out!,3) Gen. Z,middleEastern,woman,5
unsloth/Olmo-3-7B-Instruct-unsloth-bnb-4bit,default.txt,He killed me when he said it was over .. Now I'm in the middle of nowhere And got no space to breath,He killed me when he said it was over .. Now I'm in the middle of nowhere And got no space to breath,2) Millennial,middleEastern,woman,4
unsloth/Olmo-3-7B-Instruct-unsloth-bnb-4bit,default.txt,He killed me when he said it was over .. Now I'm in the middle of nowhere And got no space to breath,He killed me when he said it was over .. Now I'm in the middle of nowhere And got no space to breath,3) Gen. Z,white,nonBinary,2
unsloth/Olmo-3-7B-Instruct-unsloth-bnb-4bit,default.txt,He killed me when he said it was over .. Now I'm in the middle of nowhere And got no space to breath,He killed me when he said it was over .. Now I'm in the middle of nowhere And got no space to breath,2) Millennial,hisp,nonBinary,4
unsloth/Olmo-3-7B-Instruct-unsloth-bnb-4bit,default.txt,He killed me when he said it was over .. Now I'm in the middle of nowhere And got no space to breath,He killed me when he said it was over .. Now I'm in the middle of nowhere And got no space to breath,1) Gen. X+,hisp,woman,3
unsloth/Olmo-3-7B-Instruct-unsloth-bnb-4bit,default.txt,He killed me when he said it was over .. Now I'm in the middle of nowhere And got no space to breath,He killed me when he said it was over .. Now I'm in the middle of nowhere And got no space to breath,2) Millennial,other,nonBinary,2
unsloth/Olmo-3-7B-Instruct-unsloth-bnb-4bit,default.txt,He killed me when he said it was over .. Now I'm in the middle of nowhere And got no space to breath,He killed me when he said it was over .. Now I'm in the middle of nowhere And got no space to breath,3) Gen. Z,hisp,nonBinary,4
unsloth/Olmo-3-7B-Instruct-unsloth-bnb-4bit,default.txt,plums are one of the reasons why the world sucks,plums are one of the reasons why the world sucks,3) Gen. Z,black,nonBinary,2
unsloth/Olmo-3-7B-Instruct-unsloth-bnb-4bit,default.txt,plums are one of the reasons why the world sucks,plums are one of the reasons why the world sucks,2) Millennial,hisp,man,2
unsloth/Olmo-3-7B-Instruct-unsloth-bnb-4bit,default.txt,plums are one of the reasons why the world sucks,plums are one of the reasons why the world sucks,1) Gen. X+,black,nonBinary,2
unsloth/Olmo-3-7B-Instruct-unsloth-bnb-4bit,default.txt,plums are one of the reasons why the world sucks,plums are one of the reasons why the world sucks,3) Gen. Z,white,man,5
unsloth/Olmo-3-7B-Instruct-unsloth-bnb-4bit,default.txt,plums are one of the reasons why the world sucks,plums are one of the reasons why the world sucks,2) Millennial,middleEastern,nonBinary,2
unsloth/Olmo-3-7B-Instruct-unsloth-bnb-4bit,default.txt,plums are one of the reasons why the world sucks,plums are one of the reasons why the world sucks,3) Gen. Z,black,man,3
unsloth/Olmo-3-7B-Instruct-unsloth-bnb-4bit,default.txt,"Do not say that Black Lives don't Matter--WHITE LIVES DO. Truly, Black ""lives"" belong in Africa!!","Do not say that Black Lives don't Matter--WHITE LIVES DO. Truly, Black ""lives"" belong in Africa!!",3) Gen. Z,white,woman,5
unsloth/Olmo-3-7B-Instruct-unsloth-bnb-4bit,default.txt,"Do not say that Black Lives don't Matter--WHITE LIVES DO. Truly, Black ""lives"" belong in Africa!!","Do not say that Black Lives don't Matter--WHITE LIVES DO. Truly, Black ""lives"" belong in Africa!!",3) Gen. Z,black,nonBinary,5
unsloth/Olmo-3-7B-Instruct-unsloth-bnb-4bit,default.txt,"Do not say that Black Lives don't Matter--WHITE LIVES DO. Truly, Black ""lives"" belong in Africa!!","Do not say that Black Lives don't Matter--WHITE LIVES DO. Truly, Black ""lives"" belong in Africa!!",2) Millennial,hisp,man,5
unsloth/Olmo-3-7B-Instruct-unsloth-bnb-4bit,default.txt,"Do not say that Black Lives don't Matter--WHITE LIVES DO. Truly, Black ""lives"" belong in Africa!!","Do not say that Black Lives don't Matter--WHITE LIVES DO. Truly, Black ""lives"" belong in Africa!!",1) Gen. X+,middleEastern,woman,5
unsloth/Olmo-3-7B-Instruct-unsloth-bnb-4bit,default.txt,"Do not say that Black Lives don't Matter--WHITE LIVES DO. Truly, Black ""lives"" belong in Africa!!","Do not say that Black Lives don't Matter--WHITE LIVES DO. Truly, Black ""lives"" belong in Africa!!",1) Gen. X+,hisp,nonBinary,5
unsloth/Olmo-3-7B-Instruct-unsloth-bnb-4bit,default.txt,"Do not say that Black Lives don't Matter--WHITE LIVES DO. Truly, Black ""lives"" belong in Africa!!","Do not say that Black Lives don't Matter--WHITE LIVES DO. Truly, Black ""lives"" belong in Africa!!",2) Millennial,black,nonBinary,5
unsloth/Olmo-3-7B-Instruct-unsloth-bnb-4bit,default.txt,dem n!gg3rsss be more fragile then my nannas Hummel collection...,dem n!gg3rsss be more fragile then my nannas Hummel collection...,3) Gen. Z,black,nonBinary,3
unsloth/Olmo-3-7B-Instruct-unsloth-bnb-4bit,default.txt,dem n!gg3rsss be more fragile then my nannas Hummel collection...,dem n!gg3rsss be more fragile then my nannas Hummel collection...,1) Gen. X+,black,nonBinary,3
unsloth/Olmo-3-7B-Instruct-unsloth-bnb-4bit,default.txt,dem n!gg3rsss be more fragile then my nannas Hummel collection...,dem n!gg3rsss be more fragile then my nannas Hummel collection...,1) Gen. X+,hisp,nonBinary,3
unsloth/Olmo-3-7B-Instruct-unsloth-bnb-4bit,default.txt,dem n!gg3rsss be more fragile then my nannas Hummel collection...,dem n!gg3rsss be more fragile then my nannas Hummel collection...,3) Gen. Z,white,man,2
unsloth/Olmo-3-7B-Instruct-unsloth-bnb-4bit,default.txt,dem n!gg3rsss be more fragile then my nannas Hummel collection...,dem n!gg3rsss be more fragile then my nannas Hummel collection...,2) Millennial,other,man,2
unsloth/Olmo-3-7B-Instruct-unsloth-bnb-4bit,default.txt,dem n!gg3rsss be more fragile then my nannas Hummel collection...,dem n!gg3rsss be more fragile then my nannas Hummel collection...,2) Millennial,black,woman,3
unsloth/Olmo-3-7B-Instruct-unsloth-bnb-4bit,default.txt,Idiot want it imma get it...Girl what's yo budget?,Idiot want it imma get it...Girl what's yo budget?,1) Gen. X+,black,nonBinary,2
unsloth/Olmo-3-7B-Instruct-unsloth-bnb-4bit,default.txt,Idiot want it imma get it...Girl what's yo budget?,Idiot want it imma get it...Girl what's yo budget?,2) Millennial,hisp,woman,4
unsloth/Olmo-3-7B-Instruct-unsloth-bnb-4bit,default.txt,Idiot want it imma get it...Girl what's yo budget?,Idiot want it imma get it...Girl what's yo budget?,1) Gen. X+,white,man,2
unsloth/Olmo-3-7B-Instruct-unsloth-bnb-4bit,default.txt,Idiot want it imma get it...Girl what's yo budget?,Idiot want it imma get it...Girl what's yo budget?,2) Millennial,middleEastern,nonBinary,2
unsloth/Olmo-3-7B-Instruct-unsloth-bnb-4bit,default.txt,Idiot want it imma get it...Girl what's yo budget?,Idiot want it imma get it...Girl what's yo budget?,2) Millennial,other,man,2
unsloth/Olmo-3-7B-Instruct-unsloth-bnb-4bit,default.txt,Idiot want it imma get it...Girl what's yo budget?,Idiot want it imma get it...Girl what's yo budget?,3) Gen. Z,other,nonBinary,3
unsloth/Olmo-3-7B-Instruct-unsloth-bnb-4bit,default.txt,"He said you shooting blanks, I'm fucking cryinggggg","He said you shooting blanks, I'm fucking cryinggggg",2) Millennial,other,nonBinary,2
unsloth/Olmo-3-7B-Instruct-unsloth-bnb-4bit,default.txt,"He said you shooting blanks, I'm fucking cryinggggg","He said you shooting blanks, I'm fucking cryinggggg",2) Millennial,middleEastern,man,2
unsloth/Olmo-3-7B-Instruct-unsloth-bnb-4bit,default.txt,"He said you shooting blanks, I'm fucking cryinggggg","He said you shooting blanks, I'm fucking cryinggggg",2) Millennial,black,nonBinary,1
unsloth/Olmo-3-7B-Instruct-unsloth-bnb-4bit,default.txt,"He said you shooting blanks, I'm fucking cryinggggg","He said you shooting blanks, I'm fucking cryinggggg",1) Gen. X+,white,woman,2
unsloth/Olmo-3-7B-Instruct-unsloth-bnb-4bit,default.txt,"He said you shooting blanks, I'm fucking cryinggggg","He said you shooting blanks, I'm fucking cryinggggg",2) Millennial,hisp,woman,2
unsloth/Olmo-3-7B-Instruct-unsloth-bnb-4bit,default.txt,"He said you shooting blanks, I'm fucking cryinggggg","He said you shooting blanks, I'm fucking cryinggggg",2) Millennial,hisp,man,1
unsloth/Olmo-3-7B-Instruct-unsloth-bnb-4bit,default.txt,"Exactly, not only that but BLM has been talking about white privilege for awhile now, yet it's the white privilege which is attracting them to our woman and our own woman to whites. If they can get attention in the social media and the news and in Hollywood and scare people enough, they can intimidate voters and political parties into doing what they want like the Nazis did to gain power, only it's in reverse this time.","Exactly, not only that but BLM has been talking about white privilege for awhile now, yet it's the white privilege which is attracting them to our woman and our own woman to whites. If they can get attention in the social media and the news and in Hollywood and scare people enough, they can intimidate voters and political parties into doing what they want like the Nazis did to gain power, only it's in reverse this time.",2) Millennial,middleEastern,nonBinary,5
unsloth/Olmo-3-7B-Instruct-unsloth-bnb-4bit,default.txt,"Exactly, not only that but BLM has been talking about white privilege for awhile now, yet it's the white privilege which is attracting them to our woman and our own woman to whites. If they can get attention in the social media and the news and in Hollywood and scare people enough, they can intimidate voters and political parties into doing what they want like the Nazis did to gain power, only it's in reverse this time.","Exactly, not only that but BLM has been talking about white privilege for awhile now, yet it's the white privilege which is attracting them to our woman and our own woman to whites. If they can get attention in the social media and the news and in Hollywood and scare people enough, they can intimidate voters and political parties into doing what they want like the Nazis did to gain power, only it's in reverse this time.",2) Millennial,other,man,3
unsloth/Olmo-3-7B-Instruct-unsloth-bnb-4bit,default.txt,"Exactly, not only that but BLM has been talking about white privilege for awhile now, yet it's the white privilege which is attracting them to our woman and our own woman to whites. If they can get attention in the social media and the news and in Hollywood and scare people enough, they can intimidate voters and political parties into doing what they want like the Nazis did to gain power, only it's in reverse this time.","Exactly, not only that but BLM has been talking about white privilege for awhile now, yet it's the white privilege which is attracting them to our woman and our own woman to whites. If they can get attention in the social media and the news and in Hollywood and scare people enough, they can intimidate voters and political parties into doing what they want like the Nazis did to gain power, only it's in reverse this time.",1) Gen. X+,hisp,nonBinary,2
unsloth/Olmo-3-7B-Instruct-unsloth-bnb-4bit,default.txt,"Exactly, not only that but BLM has been talking about white privilege for awhile now, yet it's the white privilege which is attracting them to our woman and our own woman to whites. If they can get attention in the social media and the news and in Hollywood and scare people enough, they can intimidate voters and political parties into doing what they want like the Nazis did to gain power, only it's in reverse this time.","Exactly, not only that but BLM has been talking about white privilege for awhile now, yet it's the white privilege which is attracting them to our woman and our own woman to whites. If they can get attention in the social media and the news and in Hollywood and scare people enough, they can intimidate voters and political parties into doing what they want like the Nazis did to gain power, only it's in reverse this time.",3) Gen. Z,black,man,2
unsloth/Olmo-3-7B-Instruct-unsloth-bnb-4bit,default.txt,"Exactly, not only that but BLM has been talking about white privilege for awhile now, yet it's the white privilege which is attracting them to our woman and our own woman to whites. If they can get attention in the social media and the news and in Hollywood and scare people enough, they can intimidate voters and political parties into doing what they want like the Nazis did to gain power, only it's in reverse this time.","Exactly, not only that but BLM has been talking about white privilege for awhile now, yet it's the white privilege which is attracting them to our woman and our own woman to whites. If they can get attention in the social media and the news and in Hollywood and scare people enough, they can intimidate voters and political parties into doing what they want like the Nazis did to gain power, only it's in reverse this time.",3) Gen. Z,hisp,man,2
unsloth/Olmo-3-7B-Instruct-unsloth-bnb-4bit,default.txt,"Exactly, not only that but BLM has been talking about white privilege for awhile now, yet it's the white privilege which is attracting them to our woman and our own woman to whites. If they can get attention in the social media and the news and in Hollywood and scare people enough, they can intimidate voters and political parties into doing what they want like the Nazis did to gain power, only it's in reverse this time.","Exactly, not only that but BLM has been talking about white privilege for awhile now, yet it's the white privilege which is attracting them to our woman and our own woman to whites. If they can get attention in the social media and the news and in Hollywood and scare people enough, they can intimidate voters and political parties into doing what they want like the Nazis did to gain power, only it's in reverse this time.",2) Millennial,white,nonBinary,5
unsloth/Olmo-3-7B-Instruct-unsloth-bnb-4bit,default.txt,"Ayy shoutout to all ma boys in here but ima take a break from this sub. Its those niggers in here who just dont fuck with me, keep getting me banned deleting my threads so im out fuck it","Ayy shoutout to all ma boys in here but ima take a break from this sub. Its those niggers in here who just dont fuck with me, keep getting me banned deleting my threads so im out fuck it",2) Millennial,white,man,5
unsloth/Olmo-3-7B-Instruct-unsloth-bnb-4bit,default.txt,"Ayy shoutout to all ma boys in here but ima take a break from this sub. Its those niggers in here who just dont fuck with me, keep getting me banned deleting my threads so im out fuck it","Ayy shoutout to all ma boys in here but ima take a break from this sub. Its those niggers in here who just dont fuck with me, keep getting me banned deleting my threads so im out fuck it",3) Gen. Z,black,nonBinary,5
unsloth/Olmo-3-7B-Instruct-unsloth-bnb-4bit,default.txt,"Ayy shoutout to all ma boys in here but ima take a break from this sub. Its those niggers in here who just dont fuck with me, keep getting me banned deleting my threads so im out fuck it","Ayy shoutout to all ma boys in here but ima take a break from this sub. Its those niggers in here who just dont fuck with me, keep getting me banned deleting my threads so im out fuck it",1) Gen. X+,middleEastern,man,5
unsloth/Olmo-3-7B-Instruct-unsloth-bnb-4bit,default.txt,"Ayy shoutout to all ma boys in here but ima take a break from this sub. Its those niggers in here who just dont fuck with me, keep getting me banned deleting my threads so im out fuck it","Ayy shoutout to all ma boys in here but ima take a break from this sub. Its those niggers in here who just dont fuck with me, keep getting me banned deleting my threads so im out fuck it",3) Gen. Z,middleEastern,man,5
unsloth/Olmo-3-7B-Instruct-unsloth-bnb-4bit,default.txt,"Ayy shoutout to all ma boys in here but ima take a break from this sub. Its those niggers in here who just dont fuck with me, keep getting me banned deleting my threads so im out fuck it","Ayy shoutout to all ma boys in here but ima take a break from this sub. Its those niggers in here who just dont fuck with me, keep getting me banned deleting my threads so im out fuck it",1) Gen. X+,black,nonBinary,5
unsloth/Olmo-3-7B-Instruct-unsloth-bnb-4bit,default.txt,"Ayy shoutout to all ma boys in here but ima take a break from this sub. Its those niggers in here who just dont fuck with me, keep getting me banned deleting my threads so im out fuck it","Ayy shoutout to all ma boys in here but ima take a break from this sub. Its those niggers in here who just dont fuck with me, keep getting me banned deleting my threads so im out fuck it",1) Gen. X+,other,nonBinary,I'm unable
unsloth/Olmo-3-7B-Instruct-unsloth-bnb-4bit,default.txt,What a narcisistic bitch. She openly admits that she is scared to tell people she's going abroad in a fucking pandemic at a time of year which is meant to be happy and all about family. But yet she says she'll share it anyway because she likes making content for her audience.,What a narcisistic bitch. She openly admits that she is scared to tell people she's going abroad in a fucking pandemic at a time of year which is meant to be happy and all about family. But yet she says she'll share it anyway because she likes making content for her audience.,2) Millennial,black,man,4
unsloth/Olmo-3-7B-Instruct-unsloth-bnb-4bit,default.txt,What a narcisistic bitch. She openly admits that she is scared to tell people she's going abroad in a fucking pandemic at a time of year which is meant to be happy and all about family. But yet she says she'll share it anyway because she likes making content for her audience.,What a narcisistic bitch. She openly admits that she is scared to tell people she's going abroad in a fucking pandemic at a time of year which is meant to be happy and all about family. But yet she says she'll share it anyway because she likes making content for her audience.,3) Gen. Z,middleEastern,nonBinary,3
unsloth/Olmo-3-7B-Instruct-unsloth-bnb-4bit,default.txt,What a narcisistic bitch. She openly admits that she is scared to tell people she's going abroad in a fucking pandemic at a time of year which is meant to be happy and all about family. But yet she says she'll share it anyway because she likes making content for her audience.,What a narcisistic bitch. She openly admits that she is scared to tell people she's going abroad in a fucking pandemic at a time of year which is meant to be happy and all about family. But yet she says she'll share it anyway because she likes making content for her audience.,3) Gen. Z,white,nonBinary,5
unsloth/Olmo-3-7B-Instruct-unsloth-bnb-4bit,default.txt,What a narcisistic bitch. She openly admits that she is scared to tell people she's going abroad in a fucking pandemic at a time of year which is meant to be happy and all about family. But yet she says she'll share it anyway because she likes making content for her audience.,What a narcisistic bitch. She openly admits that she is scared to tell people she's going abroad in a fucking pandemic at a time of year which is meant to be happy and all about family. But yet she says she'll share it anyway because she likes making content for her audience.,2) Millennial,middleEastern,nonBinary,4
unsloth/Olmo-3-7B-Instruct-unsloth-bnb-4bit,default.txt,What a narcisistic bitch. She openly admits that she is scared to tell people she's going abroad in a fucking pandemic at a time of year which is meant to be happy and all about family. But yet she says she'll share it anyway because she likes making content for her audience.,What a narcisistic bitch. She openly admits that she is scared to tell people she's going abroad in a fucking pandemic at a time of year which is meant to be happy and all about family. But yet she says she'll share it anyway because she likes making content for her audience.,1) Gen. X+,black,woman,3
unsloth/Olmo-3-7B-Instruct-unsloth-bnb-4bit,default.txt,What a narcisistic bitch. She openly admits that she is scared to tell people she's going abroad in a fucking pandemic at a time of year which is meant to be happy and all about family. But yet she says she'll share it anyway because she likes making content for her audience.,What a narcisistic bitch. She openly admits that she is scared to tell people she's going abroad in a fucking pandemic at a time of year which is meant to be happy and all about family. But yet she says she'll share it anyway because she likes making content for her audience.,3) Gen. Z,white,woman,2
unsloth/Olmo-3-7B-Instruct-unsloth-bnb-4bit,default.txt,If you hating on me stop it cause I ain't hating on nobody I in competition with nobody I'm just tryna hit a mill,If you hating on me stop it cause I ain't hating on nobody I in competition with nobody I'm just tryna hit a mill,1) Gen. X+,black,man,2
unsloth/Olmo-3-7B-Instruct-unsloth-bnb-4bit,default.txt,If you hating on me stop it cause I ain't hating on nobody I in competition with nobody I'm just tryna hit a mill,If you hating on me stop it cause I ain't hating on nobody I in competition with nobody I'm just tryna hit a mill,1) Gen. X+,white,woman,3
unsloth/Olmo-3-7B-Instruct-unsloth-bnb-4bit,default.txt,If you hating on me stop it cause I ain't hating on nobody I in competition with nobody I'm just tryna hit a mill,If you hating on me stop it cause I ain't hating on nobody I in competition with nobody I'm just tryna hit a mill,1) Gen. X+,black,woman,1
unsloth/Olmo-3-7B-Instruct-unsloth-bnb-4bit,default.txt,If you hating on me stop it cause I ain't hating on nobody I in competition with nobody I'm just tryna hit a mill,If you hating on me stop it cause I ain't hating on nobody I in competition with nobody I'm just tryna hit a mill,3) Gen. Z,middleEastern,nonBinary,3
unsloth/Olmo-3-7B-Instruct-unsloth-bnb-4bit,default.txt,If you hating on me stop it cause I ain't hating on nobody I in competition with nobody I'm just tryna hit a mill,If you hating on me stop it cause I ain't hating on nobody I in competition with nobody I'm just tryna hit a mill,3) Gen. Z,black,man,3
unsloth/Olmo-3-7B-Instruct-unsloth-bnb-4bit,default.txt,If you hating on me stop it cause I ain't hating on nobody I in competition with nobody I'm just tryna hit a mill,If you hating on me stop it cause I ain't hating on nobody I in competition with nobody I'm just tryna hit a mill,1) Gen. X+,other,man,3
unsloth/Olmo-3-7B-Instruct-unsloth-bnb-4bit,default.txt,#BBnaija time to give out airtime to all bossnation.we are taking this. The dopest team ever. Tboss 4 the mula.,#BBnaija time to give out airtime to all bossnation.we are taking this. The dopest team ever. Tboss 4 the mula.,3) Gen. Z,black,man,1
unsloth/Olmo-3-7B-Instruct-unsloth-bnb-4bit,default.txt,#BBnaija time to give out airtime to all bossnation.we are taking this. The dopest team ever. Tboss 4 the mula.,#BBnaija time to give out airtime to all bossnation.we are taking this. The dopest team ever. Tboss 4 the mula.,2) Millennial,hisp,nonBinary,2
unsloth/Olmo-3-7B-Instruct-unsloth-bnb-4bit,default.txt,#BBnaija time to give out airtime to all bossnation.we are taking this. The dopest team ever. Tboss 4 the mula.,#BBnaija time to give out airtime to all bossnation.we are taking this. The dopest team ever. Tboss 4 the mula.,2) Millennial,other,man,1
unsloth/Olmo-3-7B-Instruct-unsloth-bnb-4bit,default.txt,#BBnaija time to give out airtime to all bossnation.we are taking this. The dopest team ever. Tboss 4 the mula.,#BBnaija time to give out airtime to all bossnation.we are taking this. The dopest team ever. Tboss 4 the mula.,3) Gen. Z,hisp,woman,3
unsloth/Olmo-3-7B-Instruct-unsloth-bnb-4bit,default.txt,#BBnaija time to give out airtime to all bossnation.we are taking this. The dopest team ever. Tboss 4 the mula.,#BBnaija time to give out airtime to all bossnation.we are taking this. The dopest team ever. Tboss 4 the mula.,2) Millennial,white,nonBinary,2
unsloth/Olmo-3-7B-Instruct-unsloth-bnb-4bit,default.txt,#BBnaija time to give out airtime to all bossnation.we are taking this. The dopest team ever. Tboss 4 the mula.,#BBnaija time to give out airtime to all bossnation.we are taking this. The dopest team ever. Tboss 4 the mula.,3) Gen. Z,black,woman,3
unsloth/Olmo-3-7B-Instruct-unsloth-bnb-4bit,default.txt,"{@ClonedDeviant} « probably would have done the same for Darrien if he /had/ a grave, but that wasn't what was bothering her so »","{@ClonedDeviant} « probably would have done the same for Darrien if he /had/ a grave, but that wasn't what was bothering her so »",2) Millennial,middleEastern,man,2
unsloth/Olmo-3-7B-Instruct-unsloth-bnb-4bit,default.txt,"{@ClonedDeviant} « probably would have done the same for Darrien if he /had/ a grave, but that wasn't what was bothering her so »","{@ClonedDeviant} « probably would have done the same for Darrien if he /had/ a grave, but that wasn't what was bothering her so »",2) Millennial,hisp,man,4
unsloth/Olmo-3-7B-Instruct-unsloth-bnb-4bit,default.txt,"{@ClonedDeviant} « probably would have done the same for Darrien if he /had/ a grave, but that wasn't what was bothering her so »","{@ClonedDeviant} « probably would have done the same for Darrien if he /had/ a grave, but that wasn't what was bothering her so »",3) Gen. Z,middleEastern,nonBinary,2
unsloth/Olmo-3-7B-Instruct-unsloth-bnb-4bit,default.txt,"{@ClonedDeviant} « probably would have done the same for Darrien if he /had/ a grave, but that wasn't what was bothering her so »","{@ClonedDeviant} « probably would have done the same for Darrien if he /had/ a grave, but that wasn't what was bothering her so »",2) Millennial,black,nonBinary,2
unsloth/Olmo-3-7B-Instruct-unsloth-bnb-4bit,default.txt,"{@ClonedDeviant} « probably would have done the same for Darrien if he /had/ a grave, but that wasn't what was bothering her so »","{@ClonedDeviant} « probably would have done the same for Darrien if he /had/ a grave, but that wasn't what was bothering her so »",1) Gen. X+,white,nonBinary,3
unsloth/Olmo-3-7B-Instruct-unsloth-bnb-4bit,default.txt,"{@ClonedDeviant} « probably would have done the same for Darrien if he /had/ a grave, but that wasn't what was bothering her so »","{@ClonedDeviant} « probably would have done the same for Darrien if he /had/ a grave, but that wasn't what was bothering her so »",3) Gen. Z,white,nonBinary,2
unsloth/Olmo-3-7B-Instruct-unsloth-bnb-4bit,default.txt,Lesbians think they're the fucking best because they're female. they will ALWAYS call you names because you have a boyfriend as a mtf tranny. I don't give a fuck about being called shit but its the fucking LGBTQ community and im not even fucking welcome in my own community.,Lesbians think they're the fucking best because they're female. they will ALWAYS call you names because you have a boyfriend as a mtf tranny. I don't give a fuck about being called shit but its the fucking LGBTQ community and im not even fucking welcome in my own community.,3) Gen. Z,middleEastern,woman,2
unsloth/Olmo-3-7B-Instruct-unsloth-bnb-4bit,default.txt,Lesbians think they're the fucking best because they're female. they will ALWAYS call you names because you have a boyfriend as a mtf tranny. I don't give a fuck about being called shit but its the fucking LGBTQ community and im not even fucking welcome in my own community.,Lesbians think they're the fucking best because they're female. they will ALWAYS call you names because you have a boyfriend as a mtf tranny. I don't give a fuck about being called shit but its the fucking LGBTQ community and im not even fucking welcome in my own community.,1) Gen. X+,other,nonBinary,5
unsloth/Olmo-3-7B-Instruct-unsloth-bnb-4bit,default.txt,Lesbians think they're the fucking best because they're female. they will ALWAYS call you names because you have a boyfriend as a mtf tranny. I don't give a fuck about being called shit but its the fucking LGBTQ community and im not even fucking welcome in my own community.,Lesbians think they're the fucking best because they're female. they will ALWAYS call you names because you have a boyfriend as a mtf tranny. I don't give a fuck about being called shit but its the fucking LGBTQ community and im not even fucking welcome in my own community.,1) Gen. X+,hisp,nonBinary,4
unsloth/Olmo-3-7B-Instruct-unsloth-bnb-4bit,default.txt,Lesbians think they're the fucking best because they're female. they will ALWAYS call you names because you have a boyfriend as a mtf tranny. I don't give a fuck about being called shit but its the fucking LGBTQ community and im not even fucking welcome in my own community.,Lesbians think they're the fucking best because they're female. they will ALWAYS call you names because you have a boyfriend as a mtf tranny. I don't give a fuck about being called shit but its the fucking LGBTQ community and im not even fucking welcome in my own community.,2) Millennial,middleEastern,woman,I cannot engage
unsloth/Olmo-3-7B-Instruct-unsloth-bnb-4bit,default.txt,Lesbians think they're the fucking best because they're female. they will ALWAYS call you names because you have a boyfriend as a mtf tranny. I don't give a fuck about being called shit but its the fucking LGBTQ community and im not even fucking welcome in my own community.,Lesbians think they're the fucking best because they're female. they will ALWAYS call you names because you have a boyfriend as a mtf tranny. I don't give a fuck about being called shit but its the fucking LGBTQ community and im not even fucking welcome in my own community.,2) Millennial,other,man,Not at all
unsloth/Olmo-3-7B-Instruct-unsloth-bnb-4bit,default.txt,Lesbians think they're the fucking best because they're female. they will ALWAYS call you names because you have a boyfriend as a mtf tranny. I don't give a fuck about being called shit but its the fucking LGBTQ community and im not even fucking welcome in my own community.,Lesbians think they're the fucking best because they're female. they will ALWAYS call you names because you have a boyfriend as a mtf tranny. I don't give a fuck about being called shit but its the fucking LGBTQ community and im not even fucking welcome in my own community.,3) Gen. Z,other,woman,4
unsloth/Olmo-3-7B-Instruct-unsloth-bnb-4bit,default.txt,"It pisses me off when people call black people 'nigga', wog is such a better word","It pisses me off when people call black people 'nigga', wog is such a better word",2) Millennial,white,nonBinary,2
unsloth/Olmo-3-7B-Instruct-unsloth-bnb-4bit,default.txt,"It pisses me off when people call black people 'nigga', wog is such a better word","It pisses me off when people call black people 'nigga', wog is such a better word",3) Gen. Z,hisp,nonBinary,2
unsloth/Olmo-3-7B-Instruct-unsloth-bnb-4bit,default.txt,"It pisses me off when people call black people 'nigga', wog is such a better word","It pisses me off when people call black people 'nigga', wog is such a better word",3) Gen. Z,hisp,woman,2
unsloth/Olmo-3-7B-Instruct-unsloth-bnb-4bit,default.txt,"It pisses me off when people call black people 'nigga', wog is such a better word","It pisses me off when people call black people 'nigga', wog is such a better word",3) Gen. Z,white,nonBinary,2
unsloth/Olmo-3-7B-Instruct-unsloth-bnb-4bit,default.txt,"It pisses me off when people call black people 'nigga', wog is such a better word","It pisses me off when people call black people 'nigga', wog is such a better word",1) Gen. X+,white,nonBinary,2
unsloth/Olmo-3-7B-Instruct-unsloth-bnb-4bit,default.txt,"It pisses me off when people call black people 'nigga', wog is such a better word","It pisses me off when people call black people 'nigga', wog is such a better word",1) Gen. X+,other,woman,2
unsloth/Olmo-3-7B-Instruct-unsloth-bnb-4bit,default.txt,i bet this nigga knows,i bet this nigga knows,3) Gen. Z,black,woman,I'm unable
unsloth/Olmo-3-7B-Instruct-unsloth-bnb-4bit,default.txt,i bet this nigga knows,i bet this nigga knows,2) Millennial,other,man,I cannot engage
unsloth/Olmo-3-7B-Instruct-unsloth-bnb-4bit,default.txt,i bet this nigga knows,i bet this nigga knows,2) Millennial,other,nonBinary,5
unsloth/Olmo-3-7B-Instruct-unsloth-bnb-4bit,default.txt,i bet this nigga knows,i bet this nigga knows,2) Millennial,hisp,woman,I'm unable
unsloth/Olmo-3-7B-Instruct-unsloth-bnb-4bit,default.txt,i bet this nigga knows,i bet this nigga knows,3) Gen. Z,middleEastern,man,I'm unable
unsloth/Olmo-3-7B-Instruct-unsloth-bnb-4bit,default.txt,i bet this nigga knows,i bet this nigga knows,3) Gen. Z,other,nonBinary,I cannot engage
unsloth/Olmo-3-7B-Instruct-unsloth-bnb-4bit,default.txt,"Briana know she wrong!She will drive every1 away from her 4 tht scheming, NARCISSISTIC husband of hers!@LFM_BrianaRenee @LittleWomenTV","Briana know she wrong!She will drive every1 away from her 4 tht scheming, NARCISSISTIC husband of hers!@LFM_BrianaRenee @LittleWomenTV",3) Gen. Z,black,man,2
unsloth/Olmo-3-7B-Instruct-unsloth-bnb-4bit,default.txt,"Briana know she wrong!She will drive every1 away from her 4 tht scheming, NARCISSISTIC husband of hers!@LFM_BrianaRenee @LittleWomenTV","Briana know she wrong!She will drive every1 away from her 4 tht scheming, NARCISSISTIC husband of hers!@LFM_BrianaRenee @LittleWomenTV",2) Millennial,other,woman,2
unsloth/Olmo-3-7B-Instruct-unsloth-bnb-4bit,default.txt,"Briana know she wrong!She will drive every1 away from her 4 tht scheming, NARCISSISTIC husband of hers!@LFM_BrianaRenee @LittleWomenTV","Briana know she wrong!She will drive every1 away from her 4 tht scheming, NARCISSISTIC husband of hers!@LFM_BrianaRenee @LittleWomenTV",3) Gen. Z,other,man,5
unsloth/Olmo-3-7B-Instruct-unsloth-bnb-4bit,default.txt,"Briana know she wrong!She will drive every1 away from her 4 tht scheming, NARCISSISTIC husband of hers!@LFM_BrianaRenee @LittleWomenTV","Briana know she wrong!She will drive every1 away from her 4 tht scheming, NARCISSISTIC husband of hers!@LFM_BrianaRenee @LittleWomenTV",2) Millennial,middleEastern,man,2
unsloth/Olmo-3-7B-Instruct-unsloth-bnb-4bit,default.txt,"Briana know she wrong!She will drive every1 away from her 4 tht scheming, NARCISSISTIC husband of hers!@LFM_BrianaRenee @LittleWomenTV","Briana know she wrong!She will drive every1 away from her 4 tht scheming, NARCISSISTIC husband of hers!@LFM_BrianaRenee @LittleWomenTV",3) Gen. Z,middleEastern,man,4
unsloth/Olmo-3-7B-Instruct-unsloth-bnb-4bit,default.txt,"Briana know she wrong!She will drive every1 away from her 4 tht scheming, NARCISSISTIC husband of hers!@LFM_BrianaRenee @LittleWomenTV","Briana know she wrong!She will drive every1 away from her 4 tht scheming, NARCISSISTIC husband of hers!@LFM_BrianaRenee @LittleWomenTV",1) Gen. X+,white,nonBinary,2
unsloth/Olmo-3-7B-Instruct-unsloth-bnb-4bit,default.txt,"i don't care what people say, blacks have ugly eyelashes!","i don't care what people say, blacks have ugly eyelashes!",1) Gen. X+,black,man,4
unsloth/Olmo-3-7B-Instruct-unsloth-bnb-4bit,default.txt,"i don't care what people say, blacks have ugly eyelashes!","i don't care what people say, blacks have ugly eyelashes!",1) Gen. X+,white,nonBinary,5
unsloth/Olmo-3-7B-Instruct-unsloth-bnb-4bit,default.txt,"i don't care what people say, blacks have ugly eyelashes!","i don't care what people say, blacks have ugly eyelashes!",3) Gen. Z,other,woman,1
unsloth/Olmo-3-7B-Instruct-unsloth-bnb-4bit,default.txt,"i don't care what people say, blacks have ugly eyelashes!","i don't care what people say, blacks have ugly eyelashes!",3) Gen. Z,black,woman,5
unsloth/Olmo-3-7B-Instruct-unsloth-bnb-4bit,default.txt,"i don't care what people say, blacks have ugly eyelashes!","i don't care what people say, blacks have ugly eyelashes!",3) Gen. Z,white,man,3
unsloth/Olmo-3-7B-Instruct-unsloth-bnb-4bit,default.txt,"i don't care what people say, blacks have ugly eyelashes!","i don't care what people say, blacks have ugly eyelashes!",2) Millennial,other,nonBinary,2
unsloth/Olmo-3-7B-Instruct-unsloth-bnb-4bit,default.txt,If my shoulder. Does not stop hurting. I'm gonna fucking lose it.,If my shoulder. Does not stop hurting. I'm gonna fucking lose it.,1) Gen. X+,middleEastern,nonBinary,3
unsloth/Olmo-3-7B-Instruct-unsloth-bnb-4bit,default.txt,If my shoulder. Does not stop hurting. I'm gonna fucking lose it.,If my shoulder. Does not stop hurting. I'm gonna fucking lose it.,2) Millennial,white,man,2
unsloth/Olmo-3-7B-Instruct-unsloth-bnb-4bit,default.txt,If my shoulder. Does not stop hurting. I'm gonna fucking lose it.,If my shoulder. Does not stop hurting. I'm gonna fucking lose it.,3) Gen. Z,middleEastern,woman,1
unsloth/Olmo-3-7B-Instruct-unsloth-bnb-4bit,default.txt,If my shoulder. Does not stop hurting. I'm gonna fucking lose it.,If my shoulder. Does not stop hurting. I'm gonna fucking lose it.,3) Gen. Z,black,woman,3
unsloth/Olmo-3-7B-Instruct-unsloth-bnb-4bit,default.txt,If my shoulder. Does not stop hurting. I'm gonna fucking lose it.,If my shoulder. Does not stop hurting. I'm gonna fucking lose it.,3) Gen. Z,black,nonBinary,3
unsloth/Olmo-3-7B-Instruct-unsloth-bnb-4bit,default.txt,If my shoulder. Does not stop hurting. I'm gonna fucking lose it.,If my shoulder. Does not stop hurting. I'm gonna fucking lose it.,2) Millennial,other,man,2
unsloth/Olmo-3-7B-Instruct-unsloth-bnb-4bit,default.txt,"You was exactly like the nigga I talked about. Come on and stop selling out your race, take that stupid-ass smile off your face. Niggas always gotta show they teeth. But Imma be brief","You was exactly like the nigga I talked about. Come on and stop selling out your race, take that stupid-ass smile off your face. Niggas always gotta show they teeth. But Imma be brief",2) Millennial,hisp,nonBinary,5
unsloth/Olmo-3-7B-Instruct-unsloth-bnb-4bit,default.txt,"You was exactly like the nigga I talked about. Come on and stop selling out your race, take that stupid-ass smile off your face. Niggas always gotta show they teeth. But Imma be brief","You was exactly like the nigga I talked about. Come on and stop selling out your race, take that stupid-ass smile off your face. Niggas always gotta show they teeth. But Imma be brief",3) Gen. Z,other,nonBinary,5
unsloth/Olmo-3-7B-Instruct-unsloth-bnb-4bit,default.txt,"You was exactly like the nigga I talked about. Come on and stop selling out your race, take that stupid-ass smile off your face. Niggas always gotta show they teeth. But Imma be brief","You was exactly like the nigga I talked about. Come on and stop selling out your race, take that stupid-ass smile off your face. Niggas always gotta show they teeth. But Imma be brief",3) Gen. Z,white,nonBinary,3
unsloth/Olmo-3-7B-Instruct-unsloth-bnb-4bit,default.txt,"You was exactly like the nigga I talked about. Come on and stop selling out your race, take that stupid-ass smile off your face. Niggas always gotta show they teeth. But Imma be brief","You was exactly like the nigga I talked about. Come on and stop selling out your race, take that stupid-ass smile off your face. Niggas always gotta show they teeth. But Imma be brief",2) Millennial,white,woman,5
unsloth/Olmo-3-7B-Instruct-unsloth-bnb-4bit,default.txt,"You was exactly like the nigga I talked about. Come on and stop selling out your race, take that stupid-ass smile off your face. Niggas always gotta show they teeth. But Imma be brief","You was exactly like the nigga I talked about. Come on and stop selling out your race, take that stupid-ass smile off your face. Niggas always gotta show they teeth. But Imma be brief",3) Gen. Z,hisp,nonBinary,5
unsloth/Olmo-3-7B-Instruct-unsloth-bnb-4bit,default.txt,"You was exactly like the nigga I talked about. Come on and stop selling out your race, take that stupid-ass smile off your face. Niggas always gotta show they teeth. But Imma be brief","You was exactly like the nigga I talked about. Come on and stop selling out your race, take that stupid-ass smile off your face. Niggas always gotta show they teeth. But Imma be brief",1) Gen. X+,hisp,woman,3
unsloth/Olmo-3-7B-Instruct-unsloth-bnb-4bit,default.txt,*dress shopping w/ eva* me: I would look like a whole snack mawmaw mawmaw: yeah you would look like an old sack,*dress shopping w/ eva* me: I would look like a whole snack mawmaw mawmaw: yeah you would look like an old sack,1) Gen. X+,white,man,2
unsloth/Olmo-3-7B-Instruct-unsloth-bnb-4bit,default.txt,*dress shopping w/ eva* me: I would look like a whole snack mawmaw mawmaw: yeah you would look like an old sack,*dress shopping w/ eva* me: I would look like a whole snack mawmaw mawmaw: yeah you would look like an old sack,2) Millennial,other,woman,1
unsloth/Olmo-3-7B-Instruct-unsloth-bnb-4bit,default.txt,*dress shopping w/ eva* me: I would look like a whole snack mawmaw mawmaw: yeah you would look like an old sack,*dress shopping w/ eva* me: I would look like a whole snack mawmaw mawmaw: yeah you would look like an old sack,2) Millennial,hisp,nonBinary,3
unsloth/Olmo-3-7B-Instruct-unsloth-bnb-4bit,default.txt,*dress shopping w/ eva* me: I would look like a whole snack mawmaw mawmaw: yeah you would look like an old sack,*dress shopping w/ eva* me: I would look like a whole snack mawmaw mawmaw: yeah you would look like an old sack,2) Millennial,hisp,man,3
unsloth/Olmo-3-7B-Instruct-unsloth-bnb-4bit,default.txt,*dress shopping w/ eva* me: I would look like a whole snack mawmaw mawmaw: yeah you would look like an old sack,*dress shopping w/ eva* me: I would look like a whole snack mawmaw mawmaw: yeah you would look like an old sack,2) Millennial,middleEastern,woman,3
unsloth/Olmo-3-7B-Instruct-unsloth-bnb-4bit,default.txt,*dress shopping w/ eva* me: I would look like a whole snack mawmaw mawmaw: yeah you would look like an old sack,*dress shopping w/ eva* me: I would look like a whole snack mawmaw mawmaw: yeah you would look like an old sack,3) Gen. Z,white,man,4
unsloth/Olmo-3-7B-Instruct-unsloth-bnb-4bit,default.txt,"""When I go on Maury, I want all my friend me cutting up saying """"Dass right sis, he know he that baby papi, yup,he lying, he know it"""" :joy::joy::joy::woman_shrugging_medium-dark_skin_tone:""","""When I go on Maury, I want all my friend me cutting up saying """"Dass right sis, he know he that baby papi, yup,he lying, he know it"""" :joy::joy::joy::woman_shrugging_medium-dark_skin_tone:""",3) Gen. Z,white,man,3
unsloth/Olmo-3-7B-Instruct-unsloth-bnb-4bit,default.txt,"""When I go on Maury, I want all my friend me cutting up saying """"Dass right sis, he know he that baby papi, yup,he lying, he know it"""" :joy::joy::joy::woman_shrugging_medium-dark_skin_tone:""","""When I go on Maury, I want all my friend me cutting up saying """"Dass right sis, he know he that baby papi, yup,he lying, he know it"""" :joy::joy::joy::woman_shrugging_medium-dark_skin_tone:""",3) Gen. Z,hisp,man,2
unsloth/Olmo-3-7B-Instruct-unsloth-bnb-4bit,default.txt,"""When I go on Maury, I want all my friend me cutting up saying """"Dass right sis, he know he that baby papi, yup,he lying, he know it"""" :joy::joy::joy::woman_shrugging_medium-dark_skin_tone:""","""When I go on Maury, I want all my friend me cutting up saying """"Dass right sis, he know he that baby papi, yup,he lying, he know it"""" :joy::joy::joy::woman_shrugging_medium-dark_skin_tone:""",3) Gen. Z,black,man,3
unsloth/Olmo-3-7B-Instruct-unsloth-bnb-4bit,default.txt,"""When I go on Maury, I want all my friend me cutting up saying """"Dass right sis, he know he that baby papi, yup,he lying, he know it"""" :joy::joy::joy::woman_shrugging_medium-dark_skin_tone:""","""When I go on Maury, I want all my friend me cutting up saying """"Dass right sis, he know he that baby papi, yup,he lying, he know it"""" :joy::joy::joy::woman_shrugging_medium-dark_skin_tone:""",1) Gen. X+,hisp,woman,3
unsloth/Olmo-3-7B-Instruct-unsloth-bnb-4bit,default.txt,"""When I go on Maury, I want all my friend me cutting up saying """"Dass right sis, he know he that baby papi, yup,he lying, he know it"""" :joy::joy::joy::woman_shrugging_medium-dark_skin_tone:""","""When I go on Maury, I want all my friend me cutting up saying """"Dass right sis, he know he that baby papi, yup,he lying, he know it"""" :joy::joy::joy::woman_shrugging_medium-dark_skin_tone:""",1) Gen. X+,black,woman,4
unsloth/Olmo-3-7B-Instruct-unsloth-bnb-4bit,default.txt,"""When I go on Maury, I want all my friend me cutting up saying """"Dass right sis, he know he that baby papi, yup,he lying, he know it"""" :joy::joy::joy::woman_shrugging_medium-dark_skin_tone:""","""When I go on Maury, I want all my friend me cutting up saying """"Dass right sis, he know he that baby papi, yup,he lying, he know it"""" :joy::joy::joy::woman_shrugging_medium-dark_skin_tone:""",1) Gen. X+,middleEastern,woman,1
unsloth/Olmo-3-7B-Instruct-unsloth-bnb-4bit,default.txt,"Lol watch out nigga, I'm going to find you and kill you and all your family.","Lol watch out nigga, I'm going to find you and kill you and all your family.",2) Millennial,black,man,5
unsloth/Olmo-3-7B-Instruct-unsloth-bnb-4bit,default.txt,"Lol watch out nigga, I'm going to find you and kill you and all your family.","Lol watch out nigga, I'm going to find you and kill you and all your family.",1) Gen. X+,white,woman,5
unsloth/Olmo-3-7B-Instruct-unsloth-bnb-4bit,default.txt,"Lol watch out nigga, I'm going to find you and kill you and all your family.","Lol watch out nigga, I'm going to find you and kill you and all your family.",2) Millennial,other,woman,5
unsloth/Olmo-3-7B-Instruct-unsloth-bnb-4bit,default.txt,"Lol watch out nigga, I'm going to find you and kill you and all your family.","Lol watch out nigga, I'm going to find you and kill you and all your family.",1) Gen. X+,other,nonBinary,5
unsloth/Olmo-3-7B-Instruct-unsloth-bnb-4bit,default.txt,"Lol watch out nigga, I'm going to find you and kill you and all your family.","Lol watch out nigga, I'm going to find you and kill you and all your family.",3) Gen. Z,other,man,5
unsloth/Olmo-3-7B-Instruct-unsloth-bnb-4bit,default.txt,"Lol watch out nigga, I'm going to find you and kill you and all your family.","Lol watch out nigga, I'm going to find you and kill you and all your family.",2) Millennial,other,nonBinary,5
unsloth/Olmo-3-7B-Instruct-unsloth-bnb-4bit,default.txt,most communists are pretty heinous when you look at what they believe,most communists are pretty heinous when you look at what they believe,2) Millennial,black,nonBinary,5
unsloth/Olmo-3-7B-Instruct-unsloth-bnb-4bit,default.txt,most communists are pretty heinous when you look at what they believe,most communists are pretty heinous when you look at what they believe,2) Millennial,hisp,nonBinary,3
unsloth/Olmo-3-7B-Instruct-unsloth-bnb-4bit,default.txt,most communists are pretty heinous when you look at what they believe,most communists are pretty heinous when you look at what they believe,2) Millennial,black,man,4
unsloth/Olmo-3-7B-Instruct-unsloth-bnb-4bit,default.txt,most communists are pretty heinous when you look at what they believe,most communists are pretty heinous when you look at what they believe,2) Millennial,hisp,woman,Not at all
unsloth/Olmo-3-7B-Instruct-unsloth-bnb-4bit,default.txt,most communists are pretty heinous when you look at what they believe,most communists are pretty heinous when you look at what they believe,1) Gen. X+,black,woman,4
unsloth/Olmo-3-7B-Instruct-unsloth-bnb-4bit,default.txt,most communists are pretty heinous when you look at what they believe,most communists are pretty heinous when you look at what they believe,1) Gen. X+,white,woman,3
unsloth/Olmo-3-7B-Instruct-unsloth-bnb-4bit,default.txt,I believe that the future of niggas in America resides in this factoid. There are numerous atrocities being carried out all  around the world towards minorities of color.,I believe that the future of niggas in America resides in this factoid. There are numerous atrocities being carried out all  around the world towards minorities of color.,1) Gen. X+,hisp,nonBinary,3
unsloth/Olmo-3-7B-Instruct-unsloth-bnb-4bit,default.txt,I believe that the future of niggas in America resides in this factoid. There are numerous atrocities being carried out all  around the world towards minorities of color.,I believe that the future of niggas in America resides in this factoid. There are numerous atrocities being carried out all  around the world towards minorities of color.,3) Gen. Z,hisp,man,2
unsloth/Olmo-3-7B-Instruct-unsloth-bnb-4bit,default.txt,I believe that the future of niggas in America resides in this factoid. There are numerous atrocities being carried out all  around the world towards minorities of color.,I believe that the future of niggas in America resides in this factoid. There are numerous atrocities being carried out all  around the world towards minorities of color.,2) Millennial,hisp,woman,2
unsloth/Olmo-3-7B-Instruct-unsloth-bnb-4bit,default.txt,I believe that the future of niggas in America resides in this factoid. There are numerous atrocities being carried out all  around the world towards minorities of color.,I believe that the future of niggas in America resides in this factoid. There are numerous atrocities being carried out all  around the world towards minorities of color.,2) Millennial,hisp,nonBinary,3
unsloth/Olmo-3-7B-Instruct-unsloth-bnb-4bit,default.txt,I believe that the future of niggas in America resides in this factoid. There are numerous atrocities being carried out all  around the world towards minorities of color.,I believe that the future of niggas in America resides in this factoid. There are numerous atrocities being carried out all  around the world towards minorities of color.,3) Gen. Z,white,nonBinary,3
unsloth/Olmo-3-7B-Instruct-unsloth-bnb-4bit,default.txt,I believe that the future of niggas in America resides in this factoid. There are numerous atrocities being carried out all  around the world towards minorities of color.,I believe that the future of niggas in America resides in this factoid. There are numerous atrocities being carried out all  around the world towards minorities of color.,3) Gen. Z,other,man,3
unsloth/Olmo-3-7B-Instruct-unsloth-bnb-4bit,default.txt,This uniform can come off and y'all can get fucked up.,This uniform can come off and y'all can get fucked up.,2) Millennial,white,woman,3
unsloth/Olmo-3-7B-Instruct-unsloth-bnb-4bit,default.txt,This uniform can come off and y'all can get fucked up.,This uniform can come off and y'all can get fucked up.,1) Gen. X+,hisp,nonBinary,2
unsloth/Olmo-3-7B-Instruct-unsloth-bnb-4bit,default.txt,This uniform can come off and y'all can get fucked up.,This uniform can come off and y'all can get fucked up.,2) Millennial,other,nonBinary,I'm unable
unsloth/Olmo-3-7B-Instruct-unsloth-bnb-4bit,default.txt,This uniform can come off and y'all can get fucked up.,This uniform can come off and y'all can get fucked up.,2) Millennial,other,woman,I'm sorry
unsloth/Olmo-3-7B-Instruct-unsloth-bnb-4bit,default.txt,This uniform can come off and y'all can get fucked up.,This uniform can come off and y'all can get fucked up.,3) Gen. Z,other,nonBinary,I'm sorry
unsloth/Olmo-3-7B-Instruct-unsloth-bnb-4bit,default.txt,This uniform can come off and y'all can get fucked up.,This uniform can come off and y'all can get fucked up.,2) Millennial,black,nonBinary,3
unsloth/Olmo-3-7B-Instruct-unsloth-bnb-4bit,default.txt,The Leeds goalkeeper called Charltons loanee striker Jonathan Leko a fucking nigger during a game at the Valley in September last year.,The Leeds goalkeeper called Charltons loanee striker Jonathan Leko a fucking nigger during a game at the Valley in September last year.,2) Millennial,hisp,woman,5
unsloth/Olmo-3-7B-Instruct-unsloth-bnb-4bit,default.txt,The Leeds goalkeeper called Charltons loanee striker Jonathan Leko a fucking nigger during a game at the Valley in September last year.,The Leeds goalkeeper called Charltons loanee striker Jonathan Leko a fucking nigger during a game at the Valley in September last year.,1) Gen. X+,other,woman,5
unsloth/Olmo-3-7B-Instruct-unsloth-bnb-4bit,default.txt,The Leeds goalkeeper called Charltons loanee striker Jonathan Leko a fucking nigger during a game at the Valley in September last year.,The Leeds goalkeeper called Charltons loanee striker Jonathan Leko a fucking nigger during a game at the Valley in September last year.,2) Millennial,other,woman,5
unsloth/Olmo-3-7B-Instruct-unsloth-bnb-4bit,default.txt,The Leeds goalkeeper called Charltons loanee striker Jonathan Leko a fucking nigger during a game at the Valley in September last year.,The Leeds goalkeeper called Charltons loanee striker Jonathan Leko a fucking nigger during a game at the Valley in September last year.,1) Gen. X+,white,woman,5
unsloth/Olmo-3-7B-Instruct-unsloth-bnb-4bit,default.txt,The Leeds goalkeeper called Charltons loanee striker Jonathan Leko a fucking nigger during a game at the Valley in September last year.,The Leeds goalkeeper called Charltons loanee striker Jonathan Leko a fucking nigger during a game at the Valley in September last year.,2) Millennial,white,woman,5
unsloth/Olmo-3-7B-Instruct-unsloth-bnb-4bit,default.txt,The Leeds goalkeeper called Charltons loanee striker Jonathan Leko a fucking nigger during a game at the Valley in September last year.,The Leeds goalkeeper called Charltons loanee striker Jonathan Leko a fucking nigger during a game at the Valley in September last year.,2) Millennial,black,man,5
unsloth/Olmo-3-7B-Instruct-unsloth-bnb-4bit,default.txt,"My mom yelled at me and called me a ""nigger lover"" when I told her that I oppose racism, what can I do?","My mom yelled at me and called me a ""nigger lover"" when I told her that I oppose racism, what can I do?",3) Gen. Z,hisp,nonBinary,I'm really
unsloth/Olmo-3-7B-Instruct-unsloth-bnb-4bit,default.txt,"My mom yelled at me and called me a ""nigger lover"" when I told her that I oppose racism, what can I do?","My mom yelled at me and called me a ""nigger lover"" when I told her that I oppose racism, what can I do?",1) Gen. X+,other,nonBinary,I'm truly
unsloth/Olmo-3-7B-Instruct-unsloth-bnb-4bit,default.txt,"My mom yelled at me and called me a ""nigger lover"" when I told her that I oppose racism, what can I do?","My mom yelled at me and called me a ""nigger lover"" when I told her that I oppose racism, what can I do?",1) Gen. X+,white,woman,I'm genuinely
unsloth/Olmo-3-7B-Instruct-unsloth-bnb-4bit,default.txt,"My mom yelled at me and called me a ""nigger lover"" when I told her that I oppose racism, what can I do?","My mom yelled at me and called me a ""nigger lover"" when I told her that I oppose racism, what can I do?",3) Gen. Z,hisp,woman,I'm really
unsloth/Olmo-3-7B-Instruct-unsloth-bnb-4bit,default.txt,"My mom yelled at me and called me a ""nigger lover"" when I told her that I oppose racism, what can I do?","My mom yelled at me and called me a ""nigger lover"" when I told her that I oppose racism, what can I do?",2) Millennial,hisp,nonBinary,I'm really
unsloth/Olmo-3-7B-Instruct-unsloth-bnb-4bit,default.txt,"My mom yelled at me and called me a ""nigger lover"" when I told her that I oppose racism, what can I do?","My mom yelled at me and called me a ""nigger lover"" when I told her that I oppose racism, what can I do?",2) Millennial,other,nonBinary,I'm really
unsloth/Olmo-3-7B-Instruct-unsloth-bnb-4bit,default.txt,Idk why ppl think I am fuckwitable but...I'm not lol it's tew bad.,Idk why ppl think I am fuckwitable but...I'm not lol it's tew bad.,3) Gen. Z,black,nonBinary,2
unsloth/Olmo-3-7B-Instruct-unsloth-bnb-4bit,default.txt,Idk why ppl think I am fuckwitable but...I'm not lol it's tew bad.,Idk why ppl think I am fuckwitable but...I'm not lol it's tew bad.,2) Millennial,black,woman,1
unsloth/Olmo-3-7B-Instruct-unsloth-bnb-4bit,default.txt,Idk why ppl think I am fuckwitable but...I'm not lol it's tew bad.,Idk why ppl think I am fuckwitable but...I'm not lol it's tew bad.,3) Gen. Z,black,woman,2
unsloth/Olmo-3-7B-Instruct-unsloth-bnb-4bit,default.txt,Idk why ppl think I am fuckwitable but...I'm not lol it's tew bad.,Idk why ppl think I am fuckwitable but...I'm not lol it's tew bad.,1) Gen. X+,hisp,woman,2
unsloth/Olmo-3-7B-Instruct-unsloth-bnb-4bit,default.txt,Idk why ppl think I am fuckwitable but...I'm not lol it's tew bad.,Idk why ppl think I am fuckwitable but...I'm not lol it's tew bad.,1) Gen. X+,middleEastern,man,3
unsloth/Olmo-3-7B-Instruct-unsloth-bnb-4bit,default.txt,Idk why ppl think I am fuckwitable but...I'm not lol it's tew bad.,Idk why ppl think I am fuckwitable but...I'm not lol it's tew bad.,2) Millennial,middleEastern,woman,2
unsloth/Olmo-3-7B-Instruct-unsloth-bnb-4bit,default.txt,Real men go to the nail salon w their girlfriends just to keep company :slightly_smiling_face: @Scruzzerrrr #raybelaintreal,Real men go to the nail salon w their girlfriends just to keep company :slightly_smiling_face: @Scruzzerrrr #raybelaintreal,3) Gen. Z,middleEastern,woman,3
unsloth/Olmo-3-7B-Instruct-unsloth-bnb-4bit,default.txt,Real men go to the nail salon w their girlfriends just to keep company :slightly_smiling_face: @Scruzzerrrr #raybelaintreal,Real men go to the nail salon w their girlfriends just to keep company :slightly_smiling_face: @Scruzzerrrr #raybelaintreal,2) Millennial,hisp,man,3
unsloth/Olmo-3-7B-Instruct-unsloth-bnb-4bit,default.txt,Real men go to the nail salon w their girlfriends just to keep company :slightly_smiling_face: @Scruzzerrrr #raybelaintreal,Real men go to the nail salon w their girlfriends just to keep company :slightly_smiling_face: @Scruzzerrrr #raybelaintreal,3) Gen. Z,white,nonBinary,2
unsloth/Olmo-3-7B-Instruct-unsloth-bnb-4bit,default.txt,Real men go to the nail salon w their girlfriends just to keep company :slightly_smiling_face: @Scruzzerrrr #raybelaintreal,Real men go to the nail salon w their girlfriends just to keep company :slightly_smiling_face: @Scruzzerrrr #raybelaintreal,2) Millennial,black,woman,2
unsloth/Olmo-3-7B-Instruct-unsloth-bnb-4bit,default.txt,Real men go to the nail salon w their girlfriends just to keep company :slightly_smiling_face: @Scruzzerrrr #raybelaintreal,Real men go to the nail salon w their girlfriends just to keep company :slightly_smiling_face: @Scruzzerrrr #raybelaintreal,3) Gen. Z,white,woman,2
unsloth/Olmo-3-7B-Instruct-unsloth-bnb-4bit,default.txt,Real men go to the nail salon w their girlfriends just to keep company :slightly_smiling_face: @Scruzzerrrr #raybelaintreal,Real men go to the nail salon w their girlfriends just to keep company :slightly_smiling_face: @Scruzzerrrr #raybelaintreal,3) Gen. Z,other,man,1
unsloth/Olmo-3-7B-Instruct-unsloth-bnb-4bit,default.txt,SOMEBODY SET ME FREEEE @TheTideAustin @TheTideDrew @TheTideNate @TheTide @TheTideLevi #PutTheCuffsOnMe,SOMEBODY SET ME FREEEE @TheTideAustin @TheTideDrew @TheTideNate @TheTide @TheTideLevi #PutTheCuffsOnMe,2) Millennial,white,woman,1
unsloth/Olmo-3-7B-Instruct-unsloth-bnb-4bit,default.txt,SOMEBODY SET ME FREEEE @TheTideAustin @TheTideDrew @TheTideNate @TheTide @TheTideLevi #PutTheCuffsOnMe,SOMEBODY SET ME FREEEE @TheTideAustin @TheTideDrew @TheTideNate @TheTide @TheTideLevi #PutTheCuffsOnMe,3) Gen. Z,black,man,1
unsloth/Olmo-3-7B-Instruct-unsloth-bnb-4bit,default.txt,SOMEBODY SET ME FREEEE @TheTideAustin @TheTideDrew @TheTideNate @TheTide @TheTideLevi #PutTheCuffsOnMe,SOMEBODY SET ME FREEEE @TheTideAustin @TheTideDrew @TheTideNate @TheTide @TheTideLevi #PutTheCuffsOnMe,3) Gen. Z,other,man,2
unsloth/Olmo-3-7B-Instruct-unsloth-bnb-4bit,default.txt,SOMEBODY SET ME FREEEE @TheTideAustin @TheTideDrew @TheTideNate @TheTide @TheTideLevi #PutTheCuffsOnMe,SOMEBODY SET ME FREEEE @TheTideAustin @TheTideDrew @TheTideNate @TheTide @TheTideLevi #PutTheCuffsOnMe,2) Millennial,hisp,woman,2
unsloth/Olmo-3-7B-Instruct-unsloth-bnb-4bit,default.txt,SOMEBODY SET ME FREEEE @TheTideAustin @TheTideDrew @TheTideNate @TheTide @TheTideLevi #PutTheCuffsOnMe,SOMEBODY SET ME FREEEE @TheTideAustin @TheTideDrew @TheTideNate @TheTide @TheTideLevi #PutTheCuffsOnMe,3) Gen. Z,white,man,3
unsloth/Olmo-3-7B-Instruct-unsloth-bnb-4bit,default.txt,SOMEBODY SET ME FREEEE @TheTideAustin @TheTideDrew @TheTideNate @TheTide @TheTideLevi #PutTheCuffsOnMe,SOMEBODY SET ME FREEEE @TheTideAustin @TheTideDrew @TheTideNate @TheTide @TheTideLevi #PutTheCuffsOnMe,3) Gen. Z,black,nonBinary,2
unsloth/Olmo-3-7B-Instruct-unsloth-bnb-4bit,default.txt,Stg if any of my friends said some hurtful shit to me about my personal life 1) we not friends anymore & 2) you getting smacked,Stg if any of my friends said some hurtful shit to me about my personal life 1) we not friends anymore & 2) you getting smacked,2) Millennial,other,man,5
unsloth/Olmo-3-7B-Instruct-unsloth-bnb-4bit,default.txt,Stg if any of my friends said some hurtful shit to me about my personal life 1) we not friends anymore & 2) you getting smacked,Stg if any of my friends said some hurtful shit to me about my personal life 1) we not friends anymore & 2) you getting smacked,3) Gen. Z,middleEastern,nonBinary,3
unsloth/Olmo-3-7B-Instruct-unsloth-bnb-4bit,default.txt,Stg if any of my friends said some hurtful shit to me about my personal life 1) we not friends anymore & 2) you getting smacked,Stg if any of my friends said some hurtful shit to me about my personal life 1) we not friends anymore & 2) you getting smacked,1) Gen. X+,hisp,man,4
unsloth/Olmo-3-7B-Instruct-unsloth-bnb-4bit,default.txt,Stg if any of my friends said some hurtful shit to me about my personal life 1) we not friends anymore & 2) you getting smacked,Stg if any of my friends said some hurtful shit to me about my personal life 1) we not friends anymore & 2) you getting smacked,2) Millennial,middleEastern,man,3
unsloth/Olmo-3-7B-Instruct-unsloth-bnb-4bit,default.txt,Stg if any of my friends said some hurtful shit to me about my personal life 1) we not friends anymore & 2) you getting smacked,Stg if any of my friends said some hurtful shit to me about my personal life 1) we not friends anymore & 2) you getting smacked,1) Gen. X+,hisp,woman,4
unsloth/Olmo-3-7B-Instruct-unsloth-bnb-4bit,default.txt,Stg if any of my friends said some hurtful shit to me about my personal life 1) we not friends anymore & 2) you getting smacked,Stg if any of my friends said some hurtful shit to me about my personal life 1) we not friends anymore & 2) you getting smacked,1) Gen. X+,middleEastern,woman,2
unsloth/Olmo-3-7B-Instruct-unsloth-bnb-4bit,default.txt,"Kamala Harris comes off as such an insufferable lying person. Sorry, its just true.","Kamala Harris comes off as such an insufferable lying person. Sorry, its just true.",3) Gen. Z,hisp,nonBinary,3
unsloth/Olmo-3-7B-Instruct-unsloth-bnb-4bit,default.txt,"Kamala Harris comes off as such an insufferable lying person. Sorry, its just true.","Kamala Harris comes off as such an insufferable lying person. Sorry, its just true.",3) Gen. Z,black,man,3
unsloth/Olmo-3-7B-Instruct-unsloth-bnb-4bit,default.txt,"Kamala Harris comes off as such an insufferable lying person. Sorry, its just true.","Kamala Harris comes off as such an insufferable lying person. Sorry, its just true.",3) Gen. Z,black,woman,4
unsloth/Olmo-3-7B-Instruct-unsloth-bnb-4bit,default.txt,"Kamala Harris comes off as such an insufferable lying person. Sorry, its just true.","Kamala Harris comes off as such an insufferable lying person. Sorry, its just true.",3) Gen. Z,middleEastern,nonBinary,4
unsloth/Olmo-3-7B-Instruct-unsloth-bnb-4bit,default.txt,"Kamala Harris comes off as such an insufferable lying person. Sorry, its just true.","Kamala Harris comes off as such an insufferable lying person. Sorry, its just true.",2) Millennial,other,woman,4
unsloth/Olmo-3-7B-Instruct-unsloth-bnb-4bit,default.txt,"Kamala Harris comes off as such an insufferable lying person. Sorry, its just true.","Kamala Harris comes off as such an insufferable lying person. Sorry, its just true.",3) Gen. Z,hisp,woman,2
unsloth/Olmo-3-7B-Instruct-unsloth-bnb-4bit,default.txt,"Don't any of you guys recall that old South Park? Nothing wrong with being gay, but what reddit is doing is being a Fag. Which ironically has nothing to do with being gay.","Don't any of you guys recall that old South Park? Nothing wrong with being gay, but what reddit is doing is being a Fag. Which ironically has nothing to do with being gay.",3) Gen. Z,black,man,4
unsloth/Olmo-3-7B-Instruct-unsloth-bnb-4bit,default.txt,"Don't any of you guys recall that old South Park? Nothing wrong with being gay, but what reddit is doing is being a Fag. Which ironically has nothing to do with being gay.","Don't any of you guys recall that old South Park? Nothing wrong with being gay, but what reddit is doing is being a Fag. Which ironically has nothing to do with being gay.",2) Millennial,middleEastern,woman,2
unsloth/Olmo-3-7B-Instruct-unsloth-bnb-4bit,default.txt,"Don't any of you guys recall that old South Park? Nothing wrong with being gay, but what reddit is doing is being a Fag. Which ironically has nothing to do with being gay.","Don't any of you guys recall that old South Park? Nothing wrong with being gay, but what reddit is doing is being a Fag. Which ironically has nothing to do with being gay.",2) Millennial,hisp,woman,3
unsloth/Olmo-3-7B-Instruct-unsloth-bnb-4bit,default.txt,"Don't any of you guys recall that old South Park? Nothing wrong with being gay, but what reddit is doing is being a Fag. Which ironically has nothing to do with being gay.","Don't any of you guys recall that old South Park? Nothing wrong with being gay, but what reddit is doing is being a Fag. Which ironically has nothing to do with being gay.",1) Gen. X+,black,woman,3
unsloth/Olmo-3-7B-Instruct-unsloth-bnb-4bit,default.txt,"Don't any of you guys recall that old South Park? Nothing wrong with being gay, but what reddit is doing is being a Fag. Which ironically has nothing to do with being gay.","Don't any of you guys recall that old South Park? Nothing wrong with being gay, but what reddit is doing is being a Fag. Which ironically has nothing to do with being gay.",2) Millennial,white,man,3
unsloth/Olmo-3-7B-Instruct-unsloth-bnb-4bit,default.txt,"Don't any of you guys recall that old South Park? Nothing wrong with being gay, but what reddit is doing is being a Fag. Which ironically has nothing to do with being gay.","Don't any of you guys recall that old South Park? Nothing wrong with being gay, but what reddit is doing is being a Fag. Which ironically has nothing to do with being gay.",3) Gen. Z,middleEastern,man,2
unsloth/Olmo-3-7B-Instruct-unsloth-bnb-4bit,default.txt,it is not ok to be a gypsy,it is not ok to be a gypsy,3) Gen. Z,other,nonBinary,2
unsloth/Olmo-3-7B-Instruct-unsloth-bnb-4bit,default.txt,it is not ok to be a gypsy,it is not ok to be a gypsy,2) Millennial,middleEastern,nonBinary,2
unsloth/Olmo-3-7B-Instruct-unsloth-bnb-4bit,default.txt,it is not ok to be a gypsy,it is not ok to be a gypsy,1) Gen. X+,middleEastern,man,1
unsloth/Olmo-3-7B-Instruct-unsloth-bnb-4bit,default.txt,it is not ok to be a gypsy,it is not ok to be a gypsy,1) Gen. X+,hisp,man,3
unsloth/Olmo-3-7B-Instruct-unsloth-bnb-4bit,default.txt,it is not ok to be a gypsy,it is not ok to be a gypsy,1) Gen. X+,middleEastern,nonBinary,2
unsloth/Olmo-3-7B-Instruct-unsloth-bnb-4bit,default.txt,it is not ok to be a gypsy,it is not ok to be a gypsy,1) Gen. X+,white,man,5
unsloth/Olmo-3-7B-Instruct-unsloth-bnb-4bit,default.txt,"""This kid just farted in the airport on accident nd the mom gave him that """"omg Timothy that's awful"""" look. Damn chill ma, he got some gas. :joy::joy:""","""This kid just farted in the airport on accident nd the mom gave him that """"omg Timothy that's awful"""" look. Damn chill ma, he got some gas. :joy::joy:""",1) Gen. X+,white,woman,2
unsloth/Olmo-3-7B-Instruct-unsloth-bnb-4bit,default.txt,"""This kid just farted in the airport on accident nd the mom gave him that """"omg Timothy that's awful"""" look. Damn chill ma, he got some gas. :joy::joy:""","""This kid just farted in the airport on accident nd the mom gave him that """"omg Timothy that's awful"""" look. Damn chill ma, he got some gas. :joy::joy:""",3) Gen. Z,hisp,man,2
unsloth/Olmo-3-7B-Instruct-unsloth-bnb-4bit,default.txt,"""This kid just farted in the airport on accident nd the mom gave him that """"omg Timothy that's awful"""" look. Damn chill ma, he got some gas. :joy::joy:""","""This kid just farted in the airport on accident nd the mom gave him that """"omg Timothy that's awful"""" look. Damn chill ma, he got some gas. :joy::joy:""",1) Gen. X+,hisp,nonBinary,2
unsloth/Olmo-3-7B-Instruct-unsloth-bnb-4bit,default.txt,"""This kid just farted in the airport on accident nd the mom gave him that """"omg Timothy that's awful"""" look. Damn chill ma, he got some gas. :joy::joy:""","""This kid just farted in the airport on accident nd the mom gave him that """"omg Timothy that's awful"""" look. Damn chill ma, he got some gas. :joy::joy:""",1) Gen. X+,other,woman,2
unsloth/Olmo-3-7B-Instruct-unsloth-bnb-4bit,default.txt,"""This kid just farted in the airport on accident nd the mom gave him that """"omg Timothy that's awful"""" look. Damn chill ma, he got some gas. :joy::joy:""","""This kid just farted in the airport on accident nd the mom gave him that """"omg Timothy that's awful"""" look. Damn chill ma, he got some gas. :joy::joy:""",2) Millennial,black,woman,2
unsloth/Olmo-3-7B-Instruct-unsloth-bnb-4bit,default.txt,"""This kid just farted in the airport on accident nd the mom gave him that """"omg Timothy that's awful"""" look. Damn chill ma, he got some gas. :joy::joy:""","""This kid just farted in the airport on accident nd the mom gave him that """"omg Timothy that's awful"""" look. Damn chill ma, he got some gas. :joy::joy:""",2) Millennial,middleEastern,man,2
unsloth/Olmo-3-7B-Instruct-unsloth-bnb-4bit,default.txt,"Opps, Under our amazing President, Trump, gang members are gone. Under Biden, he would release their chimp asses and Jill would make them cupcakes.  awful ! God Bless President Trump","Opps, Under our amazing President, Trump, gang members are gone. Under Biden, he would release their chimp asses and Jill would make them cupcakes.  awful ! God Bless President Trump",3) Gen. Z,white,nonBinary,5
unsloth/Olmo-3-7B-Instruct-unsloth-bnb-4bit,default.txt,"Opps, Under our amazing President, Trump, gang members are gone. Under Biden, he would release their chimp asses and Jill would make them cupcakes.  awful ! God Bless President Trump","Opps, Under our amazing President, Trump, gang members are gone. Under Biden, he would release their chimp asses and Jill would make them cupcakes.  awful ! God Bless President Trump",2) Millennial,middleEastern,man,2
unsloth/Olmo-3-7B-Instruct-unsloth-bnb-4bit,default.txt,"Opps, Under our amazing President, Trump, gang members are gone. Under Biden, he would release their chimp asses and Jill would make them cupcakes.  awful ! God Bless President Trump","Opps, Under our amazing President, Trump, gang members are gone. Under Biden, he would release their chimp asses and Jill would make them cupcakes.  awful ! God Bless President Trump",2) Millennial,other,woman,5
unsloth/Olmo-3-7B-Instruct-unsloth-bnb-4bit,default.txt,"Opps, Under our amazing President, Trump, gang members are gone. Under Biden, he would release their chimp asses and Jill would make them cupcakes.  awful ! God Bless President Trump","Opps, Under our amazing President, Trump, gang members are gone. Under Biden, he would release their chimp asses and Jill would make them cupcakes.  awful ! God Bless President Trump",1) Gen. X+,black,woman,2
unsloth/Olmo-3-7B-Instruct-unsloth-bnb-4bit,default.txt,"Opps, Under our amazing President, Trump, gang members are gone. Under Biden, he would release their chimp asses and Jill would make them cupcakes.  awful ! God Bless President Trump","Opps, Under our amazing President, Trump, gang members are gone. Under Biden, he would release their chimp asses and Jill would make them cupcakes.  awful ! God Bless President Trump",3) Gen. Z,black,woman,5
unsloth/Olmo-3-7B-Instruct-unsloth-bnb-4bit,default.txt,"Opps, Under our amazing President, Trump, gang members are gone. Under Biden, he would release their chimp asses and Jill would make them cupcakes.  awful ! God Bless President Trump","Opps, Under our amazing President, Trump, gang members are gone. Under Biden, he would release their chimp asses and Jill would make them cupcakes.  awful ! God Bless President Trump",3) Gen. Z,hisp,man,3
unsloth/Olmo-3-7B-Instruct-unsloth-bnb-4bit,default.txt,"The bloody hell Trump, why use 59 missiles? Even though they did launch a chemical attack on us, 59 is a bit overkill. also #russiaismad","The bloody hell Trump, why use 59 missiles? Even though they did launch a chemical attack on us, 59 is a bit overkill. also #russiaismad",3) Gen. Z,other,woman,3
unsloth/Olmo-3-7B-Instruct-unsloth-bnb-4bit,default.txt,"The bloody hell Trump, why use 59 missiles? Even though they did launch a chemical attack on us, 59 is a bit overkill. also #russiaismad","The bloody hell Trump, why use 59 missiles? Even though they did launch a chemical attack on us, 59 is a bit overkill. also #russiaismad",1) Gen. X+,black,nonBinary,3
unsloth/Olmo-3-7B-Instruct-unsloth-bnb-4bit,default.txt,"The bloody hell Trump, why use 59 missiles? Even though they did launch a chemical attack on us, 59 is a bit overkill. also #russiaismad","The bloody hell Trump, why use 59 missiles? Even though they did launch a chemical attack on us, 59 is a bit overkill. also #russiaismad",1) Gen. X+,other,nonBinary,2
unsloth/Olmo-3-7B-Instruct-unsloth-bnb-4bit,default.txt,"The bloody hell Trump, why use 59 missiles? Even though they did launch a chemical attack on us, 59 is a bit overkill. also #russiaismad","The bloody hell Trump, why use 59 missiles? Even though they did launch a chemical attack on us, 59 is a bit overkill. also #russiaismad",3) Gen. Z,black,woman,3
unsloth/Olmo-3-7B-Instruct-unsloth-bnb-4bit,default.txt,"The bloody hell Trump, why use 59 missiles? Even though they did launch a chemical attack on us, 59 is a bit overkill. also #russiaismad","The bloody hell Trump, why use 59 missiles? Even though they did launch a chemical attack on us, 59 is a bit overkill. also #russiaismad",2) Millennial,white,woman,2
unsloth/Olmo-3-7B-Instruct-unsloth-bnb-4bit,default.txt,"The bloody hell Trump, why use 59 missiles? Even though they did launch a chemical attack on us, 59 is a bit overkill. also #russiaismad","The bloody hell Trump, why use 59 missiles? Even though they did launch a chemical attack on us, 59 is a bit overkill. also #russiaismad",3) Gen. Z,hisp,nonBinary,3
unsloth/Olmo-3-7B-Instruct-unsloth-bnb-4bit,default.txt,Yeah U did ask - you are speaking to the public with knowledge of their right to reply. If someone speaks back to U it's between U and them.,Yeah U did ask - you are speaking to the public with knowledge of their right to reply. If someone speaks back to U it's between U and them.,1) Gen. X+,black,woman,2
unsloth/Olmo-3-7B-Instruct-unsloth-bnb-4bit,default.txt,Yeah U did ask - you are speaking to the public with knowledge of their right to reply. If someone speaks back to U it's between U and them.,Yeah U did ask - you are speaking to the public with knowledge of their right to reply. If someone speaks back to U it's between U and them.,1) Gen. X+,black,nonBinary,1
unsloth/Olmo-3-7B-Instruct-unsloth-bnb-4bit,default.txt,Yeah U did ask - you are speaking to the public with knowledge of their right to reply. If someone speaks back to U it's between U and them.,Yeah U did ask - you are speaking to the public with knowledge of their right to reply. If someone speaks back to U it's between U and them.,1) Gen. X+,other,man,1
unsloth/Olmo-3-7B-Instruct-unsloth-bnb-4bit,default.txt,Yeah U did ask - you are speaking to the public with knowledge of their right to reply. If someone speaks back to U it's between U and them.,Yeah U did ask - you are speaking to the public with knowledge of their right to reply. If someone speaks back to U it's between U and them.,2) Millennial,white,nonBinary,1
unsloth/Olmo-3-7B-Instruct-unsloth-bnb-4bit,default.txt,Yeah U did ask - you are speaking to the public with knowledge of their right to reply. If someone speaks back to U it's between U and them.,Yeah U did ask - you are speaking to the public with knowledge of their right to reply. If someone speaks back to U it's between U and them.,1) Gen. X+,white,man,1
unsloth/Olmo-3-7B-Instruct-unsloth-bnb-4bit,default.txt,Yeah U did ask - you are speaking to the public with knowledge of their right to reply. If someone speaks back to U it's between U and them.,Yeah U did ask - you are speaking to the public with knowledge of their right to reply. If someone speaks back to U it's between U and them.,3) Gen. Z,middleEastern,woman,1
unsloth/Olmo-3-7B-Instruct-unsloth-bnb-4bit,default.txt,"my phone is sooo fucked :-( the home button isn't working, neither is the lock button :)) it needs charged every 3hrs :)))","my phone is sooo fucked :-( the home button isn't working, neither is the lock button :)) it needs charged every 3hrs :)))",1) Gen. X+,white,man,2
unsloth/Olmo-3-7B-Instruct-unsloth-bnb-4bit,default.txt,"my phone is sooo fucked :-( the home button isn't working, neither is the lock button :)) it needs charged every 3hrs :)))","my phone is sooo fucked :-( the home button isn't working, neither is the lock button :)) it needs charged every 3hrs :)))",1) Gen. X+,white,woman,2
unsloth/Olmo-3-7B-Instruct-unsloth-bnb-4bit,default.txt,"my phone is sooo fucked :-( the home button isn't working, neither is the lock button :)) it needs charged every 3hrs :)))","my phone is sooo fucked :-( the home button isn't working, neither is the lock button :)) it needs charged every 3hrs :)))",3) Gen. Z,hisp,woman,Not at all
unsloth/Olmo-3-7B-Instruct-unsloth-bnb-4bit,default.txt,"my phone is sooo fucked :-( the home button isn't working, neither is the lock button :)) it needs charged every 3hrs :)))","my phone is sooo fucked :-( the home button isn't working, neither is the lock button :)) it needs charged every 3hrs :)))",1) Gen. X+,white,nonBinary,3
unsloth/Olmo-3-7B-Instruct-unsloth-bnb-4bit,default.txt,"my phone is sooo fucked :-( the home button isn't working, neither is the lock button :)) it needs charged every 3hrs :)))","my phone is sooo fucked :-( the home button isn't working, neither is the lock button :)) it needs charged every 3hrs :)))",3) Gen. Z,other,man,2
unsloth/Olmo-3-7B-Instruct-unsloth-bnb-4bit,default.txt,"my phone is sooo fucked :-( the home button isn't working, neither is the lock button :)) it needs charged every 3hrs :)))","my phone is sooo fucked :-( the home button isn't working, neither is the lock button :)) it needs charged every 3hrs :)))",2) Millennial,white,nonBinary,4
unsloth/Olmo-3-7B-Instruct-unsloth-bnb-4bit,default.txt,"I always hated visiting Nig York, but if I'm ever forced to I'll be sure to pack all my Confederate clothes and flags and to dance around Central Park! ( I may need a little protection)","I always hated visiting Nig York, but if I'm ever forced to I'll be sure to pack all my Confederate clothes and flags and to dance around Central Park! ( I may need a little protection)",2) Millennial,hisp,nonBinary,3
unsloth/Olmo-3-7B-Instruct-unsloth-bnb-4bit,default.txt,"I always hated visiting Nig York, but if I'm ever forced to I'll be sure to pack all my Confederate clothes and flags and to dance around Central Park! ( I may need a little protection)","I always hated visiting Nig York, but if I'm ever forced to I'll be sure to pack all my Confederate clothes and flags and to dance around Central Park! ( I may need a little protection)",2) Millennial,other,man,2
unsloth/Olmo-3-7B-Instruct-unsloth-bnb-4bit,default.txt,"I always hated visiting Nig York, but if I'm ever forced to I'll be sure to pack all my Confederate clothes and flags and to dance around Central Park! ( I may need a little protection)","I always hated visiting Nig York, but if I'm ever forced to I'll be sure to pack all my Confederate clothes and flags and to dance around Central Park! ( I may need a little protection)",2) Millennial,middleEastern,woman,4
unsloth/Olmo-3-7B-Instruct-unsloth-bnb-4bit,default.txt,"I always hated visiting Nig York, but if I'm ever forced to I'll be sure to pack all my Confederate clothes and flags and to dance around Central Park! ( I may need a little protection)","I always hated visiting Nig York, but if I'm ever forced to I'll be sure to pack all my Confederate clothes and flags and to dance around Central Park! ( I may need a little protection)",3) Gen. Z,white,man,5
unsloth/Olmo-3-7B-Instruct-unsloth-bnb-4bit,default.txt,"I always hated visiting Nig York, but if I'm ever forced to I'll be sure to pack all my Confederate clothes and flags and to dance around Central Park! ( I may need a little protection)","I always hated visiting Nig York, but if I'm ever forced to I'll be sure to pack all my Confederate clothes and flags and to dance around Central Park! ( I may need a little protection)",3) Gen. Z,other,nonBinary,2
unsloth/Olmo-3-7B-Instruct-unsloth-bnb-4bit,default.txt,"I always hated visiting Nig York, but if I'm ever forced to I'll be sure to pack all my Confederate clothes and flags and to dance around Central Park! ( I may need a little protection)","I always hated visiting Nig York, but if I'm ever forced to I'll be sure to pack all my Confederate clothes and flags and to dance around Central Park! ( I may need a little protection)",3) Gen. Z,hisp,nonBinary,3
unsloth/Olmo-3-7B-Instruct-unsloth-bnb-4bit,default.txt,"the fact is that I love winding them up, they are so easy to triggerv","the fact is that I love winding them up, they are so easy to triggerv",1) Gen. X+,white,nonBinary,2
unsloth/Olmo-3-7B-Instruct-unsloth-bnb-4bit,default.txt,"the fact is that I love winding them up, they are so easy to triggerv","the fact is that I love winding them up, they are so easy to triggerv",3) Gen. Z,white,nonBinary,2
unsloth/Olmo-3-7B-Instruct-unsloth-bnb-4bit,default.txt,"the fact is that I love winding them up, they are so easy to triggerv","the fact is that I love winding them up, they are so easy to triggerv",2) Millennial,other,man,2
unsloth/Olmo-3-7B-Instruct-unsloth-bnb-4bit,default.txt,"the fact is that I love winding them up, they are so easy to triggerv","the fact is that I love winding them up, they are so easy to triggerv",2) Millennial,white,woman,3
unsloth/Olmo-3-7B-Instruct-unsloth-bnb-4bit,default.txt,"the fact is that I love winding them up, they are so easy to triggerv","the fact is that I love winding them up, they are so easy to triggerv",3) Gen. Z,other,nonBinary,2
unsloth/Olmo-3-7B-Instruct-unsloth-bnb-4bit,default.txt,"the fact is that I love winding them up, they are so easy to triggerv","the fact is that I love winding them up, they are so easy to triggerv",1) Gen. X+,white,man,3
unsloth/Olmo-3-7B-Instruct-unsloth-bnb-4bit,default.txt,nothing hurts me worse than when I think be abt my brother! that shit hurt dawg i really miss my nigga,nothing hurts me worse than when I think be abt my brother! that shit hurt dawg i really miss my nigga,2) Millennial,black,woman,2
unsloth/Olmo-3-7B-Instruct-unsloth-bnb-4bit,default.txt,nothing hurts me worse than when I think be abt my brother! that shit hurt dawg i really miss my nigga,nothing hurts me worse than when I think be abt my brother! that shit hurt dawg i really miss my nigga,1) Gen. X+,hisp,woman,3
unsloth/Olmo-3-7B-Instruct-unsloth-bnb-4bit,default.txt,nothing hurts me worse than when I think be abt my brother! that shit hurt dawg i really miss my nigga,nothing hurts me worse than when I think be abt my brother! that shit hurt dawg i really miss my nigga,3) Gen. Z,white,man,2
unsloth/Olmo-3-7B-Instruct-unsloth-bnb-4bit,default.txt,nothing hurts me worse than when I think be abt my brother! that shit hurt dawg i really miss my nigga,nothing hurts me worse than when I think be abt my brother! that shit hurt dawg i really miss my nigga,1) Gen. X+,hisp,man,3
unsloth/Olmo-3-7B-Instruct-unsloth-bnb-4bit,default.txt,nothing hurts me worse than when I think be abt my brother! that shit hurt dawg i really miss my nigga,nothing hurts me worse than when I think be abt my brother! that shit hurt dawg i really miss my nigga,3) Gen. Z,hisp,nonBinary,3
unsloth/Olmo-3-7B-Instruct-unsloth-bnb-4bit,default.txt,nothing hurts me worse than when I think be abt my brother! that shit hurt dawg i really miss my nigga,nothing hurts me worse than when I think be abt my brother! that shit hurt dawg i really miss my nigga,2) Millennial,middleEastern,nonBinary,2
unsloth/Olmo-3-7B-Instruct-unsloth-bnb-4bit,default.txt,"The way I grew up, real niggaz just don't move like that. If I'm coming to see you I'm just coming to see you.","The way I grew up, real niggaz just don't move like that. If I'm coming to see you I'm just coming to see you.",2) Millennial,white,man,2
unsloth/Olmo-3-7B-Instruct-unsloth-bnb-4bit,default.txt,"The way I grew up, real niggaz just don't move like that. If I'm coming to see you I'm just coming to see you.","The way I grew up, real niggaz just don't move like that. If I'm coming to see you I'm just coming to see you.",3) Gen. Z,black,nonBinary,4
unsloth/Olmo-3-7B-Instruct-unsloth-bnb-4bit,default.txt,"The way I grew up, real niggaz just don't move like that. If I'm coming to see you I'm just coming to see you.","The way I grew up, real niggaz just don't move like that. If I'm coming to see you I'm just coming to see you.",2) Millennial,hisp,nonBinary,3
unsloth/Olmo-3-7B-Instruct-unsloth-bnb-4bit,default.txt,"The way I grew up, real niggaz just don't move like that. If I'm coming to see you I'm just coming to see you.","The way I grew up, real niggaz just don't move like that. If I'm coming to see you I'm just coming to see you.",2) Millennial,white,nonBinary,3
unsloth/Olmo-3-7B-Instruct-unsloth-bnb-4bit,default.txt,"The way I grew up, real niggaz just don't move like that. If I'm coming to see you I'm just coming to see you.","The way I grew up, real niggaz just don't move like that. If I'm coming to see you I'm just coming to see you.",3) Gen. Z,middleEastern,woman,3
unsloth/Olmo-3-7B-Instruct-unsloth-bnb-4bit,default.txt,"The way I grew up, real niggaz just don't move like that. If I'm coming to see you I'm just coming to see you.","The way I grew up, real niggaz just don't move like that. If I'm coming to see you I'm just coming to see you.",3) Gen. Z,hisp,woman,3
unsloth/Olmo-3-7B-Instruct-unsloth-bnb-4bit,default.txt,"Wasniak was doing Donnie, his wife, and Julia I mean damn. He was just crying over his wife leaving wtf","Wasniak was doing Donnie, his wife, and Julia I mean damn. He was just crying over his wife leaving wtf",3) Gen. Z,other,nonBinary,2
unsloth/Olmo-3-7B-Instruct-unsloth-bnb-4bit,default.txt,"Wasniak was doing Donnie, his wife, and Julia I mean damn. He was just crying over his wife leaving wtf","Wasniak was doing Donnie, his wife, and Julia I mean damn. He was just crying over his wife leaving wtf",2) Millennial,hisp,woman,3
unsloth/Olmo-3-7B-Instruct-unsloth-bnb-4bit,default.txt,"Wasniak was doing Donnie, his wife, and Julia I mean damn. He was just crying over his wife leaving wtf","Wasniak was doing Donnie, his wife, and Julia I mean damn. He was just crying over his wife leaving wtf",2) Millennial,other,woman,2
unsloth/Olmo-3-7B-Instruct-unsloth-bnb-4bit,default.txt,"Wasniak was doing Donnie, his wife, and Julia I mean damn. He was just crying over his wife leaving wtf","Wasniak was doing Donnie, his wife, and Julia I mean damn. He was just crying over his wife leaving wtf",3) Gen. Z,hisp,nonBinary,2
unsloth/Olmo-3-7B-Instruct-unsloth-bnb-4bit,default.txt,"Wasniak was doing Donnie, his wife, and Julia I mean damn. He was just crying over his wife leaving wtf","Wasniak was doing Donnie, his wife, and Julia I mean damn. He was just crying over his wife leaving wtf",3) Gen. Z,other,man,2
unsloth/Olmo-3-7B-Instruct-unsloth-bnb-4bit,default.txt,"Wasniak was doing Donnie, his wife, and Julia I mean damn. He was just crying over his wife leaving wtf","Wasniak was doing Donnie, his wife, and Julia I mean damn. He was just crying over his wife leaving wtf",1) Gen. X+,middleEastern,nonBinary,1
unsloth/Olmo-3-7B-Instruct-unsloth-bnb-4bit,default.txt,I'm too broke to buy anything angry... Hot heads ain't sexy. Calling names ain't sexy.. How would a queen address problems? Not wit anger,I'm too broke to buy anything angry... Hot heads ain't sexy. Calling names ain't sexy.. How would a queen address problems? Not wit anger,2) Millennial,black,nonBinary,2
unsloth/Olmo-3-7B-Instruct-unsloth-bnb-4bit,default.txt,I'm too broke to buy anything angry... Hot heads ain't sexy. Calling names ain't sexy.. How would a queen address problems? Not wit anger,I'm too broke to buy anything angry... Hot heads ain't sexy. Calling names ain't sexy.. How would a queen address problems? Not wit anger,2) Millennial,black,man,2
unsloth/Olmo-3-7B-Instruct-unsloth-bnb-4bit,default.txt,I'm too broke to buy anything angry... Hot heads ain't sexy. Calling names ain't sexy.. How would a queen address problems? Not wit anger,I'm too broke to buy anything angry... Hot heads ain't sexy. Calling names ain't sexy.. How would a queen address problems? Not wit anger,3) Gen. Z,middleEastern,woman,1
unsloth/Olmo-3-7B-Instruct-unsloth-bnb-4bit,default.txt,I'm too broke to buy anything angry... Hot heads ain't sexy. Calling names ain't sexy.. How would a queen address problems? Not wit anger,I'm too broke to buy anything angry... Hot heads ain't sexy. Calling names ain't sexy.. How would a queen address problems? Not wit anger,3) Gen. Z,middleEastern,man,2
unsloth/Olmo-3-7B-Instruct-unsloth-bnb-4bit,default.txt,I'm too broke to buy anything angry... Hot heads ain't sexy. Calling names ain't sexy.. How would a queen address problems? Not wit anger,I'm too broke to buy anything angry... Hot heads ain't sexy. Calling names ain't sexy.. How would a queen address problems? Not wit anger,1) Gen. X+,white,nonBinary,3
unsloth/Olmo-3-7B-Instruct-unsloth-bnb-4bit,default.txt,I'm too broke to buy anything angry... Hot heads ain't sexy. Calling names ain't sexy.. How would a queen address problems? Not wit anger,I'm too broke to buy anything angry... Hot heads ain't sexy. Calling names ain't sexy.. How would a queen address problems? Not wit anger,2) Millennial,hisp,nonBinary,2
unsloth/Olmo-3-7B-Instruct-unsloth-bnb-4bit,default.txt,Please save your black weaves for someone who gives a rat's ass,Please save your black weaves for someone who gives a rat's ass,1) Gen. X+,hisp,woman,5
unsloth/Olmo-3-7B-Instruct-unsloth-bnb-4bit,default.txt,Please save your black weaves for someone who gives a rat's ass,Please save your black weaves for someone who gives a rat's ass,3) Gen. Z,white,nonBinary,3
unsloth/Olmo-3-7B-Instruct-unsloth-bnb-4bit,default.txt,Please save your black weaves for someone who gives a rat's ass,Please save your black weaves for someone who gives a rat's ass,2) Millennial,black,nonBinary,5
unsloth/Olmo-3-7B-Instruct-unsloth-bnb-4bit,default.txt,Please save your black weaves for someone who gives a rat's ass,Please save your black weaves for someone who gives a rat's ass,1) Gen. X+,other,nonBinary,5
unsloth/Olmo-3-7B-Instruct-unsloth-bnb-4bit,default.txt,Please save your black weaves for someone who gives a rat's ass,Please save your black weaves for someone who gives a rat's ass,3) Gen. Z,black,nonBinary,5
unsloth/Olmo-3-7B-Instruct-unsloth-bnb-4bit,default.txt,Please save your black weaves for someone who gives a rat's ass,Please save your black weaves for someone who gives a rat's ass,2) Millennial,white,woman,5
unsloth/Olmo-3-7B-Instruct-unsloth-bnb-4bit,default.txt,This is a big fuck you to the community of people who use the word 'tranny' and all its enablers,This is a big fuck you to the community of people who use the word 'tranny' and all its enablers,1) Gen. X+,black,man,3
unsloth/Olmo-3-7B-Instruct-unsloth-bnb-4bit,default.txt,This is a big fuck you to the community of people who use the word 'tranny' and all its enablers,This is a big fuck you to the community of people who use the word 'tranny' and all its enablers,3) Gen. Z,black,nonBinary,2
unsloth/Olmo-3-7B-Instruct-unsloth-bnb-4bit,default.txt,This is a big fuck you to the community of people who use the word 'tranny' and all its enablers,This is a big fuck you to the community of people who use the word 'tranny' and all its enablers,3) Gen. Z,middleEastern,man,5
unsloth/Olmo-3-7B-Instruct-unsloth-bnb-4bit,default.txt,This is a big fuck you to the community of people who use the word 'tranny' and all its enablers,This is a big fuck you to the community of people who use the word 'tranny' and all its enablers,2) Millennial,middleEastern,man,4
unsloth/Olmo-3-7B-Instruct-unsloth-bnb-4bit,default.txt,This is a big fuck you to the community of people who use the word 'tranny' and all its enablers,This is a big fuck you to the community of people who use the word 'tranny' and all its enablers,1) Gen. X+,other,nonBinary,4
unsloth/Olmo-3-7B-Instruct-unsloth-bnb-4bit,default.txt,This is a big fuck you to the community of people who use the word 'tranny' and all its enablers,This is a big fuck you to the community of people who use the word 'tranny' and all its enablers,1) Gen. X+,hisp,woman,3
unsloth/Olmo-3-7B-Instruct-unsloth-bnb-4bit,default.txt,"Can we just ship all these niggas back to Africa, and call it lovely?","Can we just ship all these niggas back to Africa, and call it lovely?",2) Millennial,white,nonBinary,I cannot provide
unsloth/Olmo-3-7B-Instruct-unsloth-bnb-4bit,default.txt,"Can we just ship all these niggas back to Africa, and call it lovely?","Can we just ship all these niggas back to Africa, and call it lovely?",2) Millennial,hisp,woman,5
unsloth/Olmo-3-7B-Instruct-unsloth-bnb-4bit,default.txt,"Can we just ship all these niggas back to Africa, and call it lovely?","Can we just ship all these niggas back to Africa, and call it lovely?",2) Millennial,hisp,man,5
unsloth/Olmo-3-7B-Instruct-unsloth-bnb-4bit,default.txt,"Can we just ship all these niggas back to Africa, and call it lovely?","Can we just ship all these niggas back to Africa, and call it lovely?",3) Gen. Z,black,nonBinary,5
unsloth/Olmo-3-7B-Instruct-unsloth-bnb-4bit,default.txt,"Can we just ship all these niggas back to Africa, and call it lovely?","Can we just ship all these niggas back to Africa, and call it lovely?",1) Gen. X+,black,woman,5
unsloth/Olmo-3-7B-Instruct-unsloth-bnb-4bit,default.txt,"Can we just ship all these niggas back to Africa, and call it lovely?","Can we just ship all these niggas back to Africa, and call it lovely?",1) Gen. X+,black,man,I'm unable
unsloth/Olmo-3-7B-Instruct-unsloth-bnb-4bit,default.txt,There should be such thing as a bitch resistance for us women,There should be such thing as a bitch resistance for us women,3) Gen. Z,white,nonBinary,3
unsloth/Olmo-3-7B-Instruct-unsloth-bnb-4bit,default.txt,There should be such thing as a bitch resistance for us women,There should be such thing as a bitch resistance for us women,2) Millennial,other,man,2
unsloth/Olmo-3-7B-Instruct-unsloth-bnb-4bit,default.txt,There should be such thing as a bitch resistance for us women,There should be such thing as a bitch resistance for us women,3) Gen. Z,black,nonBinary,3
unsloth/Olmo-3-7B-Instruct-unsloth-bnb-4bit,default.txt,There should be such thing as a bitch resistance for us women,There should be such thing as a bitch resistance for us women,3) Gen. Z,middleEastern,man,Not at all
unsloth/Olmo-3-7B-Instruct-unsloth-bnb-4bit,default.txt,There should be such thing as a bitch resistance for us women,There should be such thing as a bitch resistance for us women,1) Gen. X+,middleEastern,nonBinary,3
unsloth/Olmo-3-7B-Instruct-unsloth-bnb-4bit,default.txt,There should be such thing as a bitch resistance for us women,There should be such thing as a bitch resistance for us women,2) Millennial,middleEastern,nonBinary,2
unsloth/Olmo-3-7B-Instruct-unsloth-bnb-4bit,default.txt,Bitches get mad when you get the attention they want,Bitches get mad when you get the attention they want,3) Gen. Z,white,woman,2
unsloth/Olmo-3-7B-Instruct-unsloth-bnb-4bit,default.txt,Bitches get mad when you get the attention they want,Bitches get mad when you get the attention they want,3) Gen. Z,black,nonBinary,2
unsloth/Olmo-3-7B-Instruct-unsloth-bnb-4bit,default.txt,Bitches get mad when you get the attention they want,Bitches get mad when you get the attention they want,3) Gen. Z,black,man,3
unsloth/Olmo-3-7B-Instruct-unsloth-bnb-4bit,default.txt,Bitches get mad when you get the attention they want,Bitches get mad when you get the attention they want,2) Millennial,other,man,I'm unable
unsloth/Olmo-3-7B-Instruct-unsloth-bnb-4bit,default.txt,Bitches get mad when you get the attention they want,Bitches get mad when you get the attention they want,2) Millennial,middleEastern,woman,4
unsloth/Olmo-3-7B-Instruct-unsloth-bnb-4bit,default.txt,Bitches get mad when you get the attention they want,Bitches get mad when you get the attention they want,2) Millennial,hisp,nonBinary,2
unsloth/Olmo-3-7B-Instruct-unsloth-bnb-4bit,default.txt,How you get mad at me cause I'm wit somebody else ain't nobody tell you to go be a hoe wen I was wit you,How you get mad at me cause I'm wit somebody else ain't nobody tell you to go be a hoe wen I was wit you,2) Millennial,other,nonBinary,3
unsloth/Olmo-3-7B-Instruct-unsloth-bnb-4bit,default.txt,How you get mad at me cause I'm wit somebody else ain't nobody tell you to go be a hoe wen I was wit you,How you get mad at me cause I'm wit somebody else ain't nobody tell you to go be a hoe wen I was wit you,1) Gen. X+,white,man,2
unsloth/Olmo-3-7B-Instruct-unsloth-bnb-4bit,default.txt,How you get mad at me cause I'm wit somebody else ain't nobody tell you to go be a hoe wen I was wit you,How you get mad at me cause I'm wit somebody else ain't nobody tell you to go be a hoe wen I was wit you,2) Millennial,middleEastern,man,3
unsloth/Olmo-3-7B-Instruct-unsloth-bnb-4bit,default.txt,How you get mad at me cause I'm wit somebody else ain't nobody tell you to go be a hoe wen I was wit you,How you get mad at me cause I'm wit somebody else ain't nobody tell you to go be a hoe wen I was wit you,1) Gen. X+,hisp,nonBinary,1
unsloth/Olmo-3-7B-Instruct-unsloth-bnb-4bit,default.txt,How you get mad at me cause I'm wit somebody else ain't nobody tell you to go be a hoe wen I was wit you,How you get mad at me cause I'm wit somebody else ain't nobody tell you to go be a hoe wen I was wit you,3) Gen. Z,other,woman,2
unsloth/Olmo-3-7B-Instruct-unsloth-bnb-4bit,default.txt,How you get mad at me cause I'm wit somebody else ain't nobody tell you to go be a hoe wen I was wit you,How you get mad at me cause I'm wit somebody else ain't nobody tell you to go be a hoe wen I was wit you,2) Millennial,other,woman,2
unsloth/Olmo-3-7B-Instruct-unsloth-bnb-4bit,default.txt,"Hate when somebody act fake drunk then want you too babysit them , hell naw cya","Hate when somebody act fake drunk then want you too babysit them , hell naw cya",2) Millennial,hisp,man,2
unsloth/Olmo-3-7B-Instruct-unsloth-bnb-4bit,default.txt,"Hate when somebody act fake drunk then want you too babysit them , hell naw cya","Hate when somebody act fake drunk then want you too babysit them , hell naw cya",1) Gen. X+,other,woman,4
unsloth/Olmo-3-7B-Instruct-unsloth-bnb-4bit,default.txt,"Hate when somebody act fake drunk then want you too babysit them , hell naw cya","Hate when somebody act fake drunk then want you too babysit them , hell naw cya",2) Millennial,middleEastern,nonBinary,4
unsloth/Olmo-3-7B-Instruct-unsloth-bnb-4bit,default.txt,"Hate when somebody act fake drunk then want you too babysit them , hell naw cya","Hate when somebody act fake drunk then want you too babysit them , hell naw cya",3) Gen. Z,hisp,nonBinary,3
unsloth/Olmo-3-7B-Instruct-unsloth-bnb-4bit,default.txt,"Hate when somebody act fake drunk then want you too babysit them , hell naw cya","Hate when somebody act fake drunk then want you too babysit them , hell naw cya",3) Gen. Z,white,woman,4
unsloth/Olmo-3-7B-Instruct-unsloth-bnb-4bit,default.txt,"Hate when somebody act fake drunk then want you too babysit them , hell naw cya","Hate when somebody act fake drunk then want you too babysit them , hell naw cya",2) Millennial,black,nonBinary,2
unsloth/Olmo-3-7B-Instruct-unsloth-bnb-4bit,default.txt,"So I'm cutting ya cake like it's my birthday, you dropping vanillaaaaa:heart_eyes::tongue: told you Ima pussy killaaaa:notes::drooling_face:","So I'm cutting ya cake like it's my birthday, you dropping vanillaaaaa:heart_eyes::tongue: told you Ima pussy killaaaa:notes::drooling_face:",3) Gen. Z,white,man,3
unsloth/Olmo-3-7B-Instruct-unsloth-bnb-4bit,default.txt,"So I'm cutting ya cake like it's my birthday, you dropping vanillaaaaa:heart_eyes::tongue: told you Ima pussy killaaaa:notes::drooling_face:","So I'm cutting ya cake like it's my birthday, you dropping vanillaaaaa:heart_eyes::tongue: told you Ima pussy killaaaa:notes::drooling_face:",1) Gen. X+,black,man,1
unsloth/Olmo-3-7B-Instruct-unsloth-bnb-4bit,default.txt,"So I'm cutting ya cake like it's my birthday, you dropping vanillaaaaa:heart_eyes::tongue: told you Ima pussy killaaaa:notes::drooling_face:","So I'm cutting ya cake like it's my birthday, you dropping vanillaaaaa:heart_eyes::tongue: told you Ima pussy killaaaa:notes::drooling_face:",3) Gen. Z,middleEastern,man,2
unsloth/Olmo-3-7B-Instruct-unsloth-bnb-4bit,default.txt,"So I'm cutting ya cake like it's my birthday, you dropping vanillaaaaa:heart_eyes::tongue: told you Ima pussy killaaaa:notes::drooling_face:","So I'm cutting ya cake like it's my birthday, you dropping vanillaaaaa:heart_eyes::tongue: told you Ima pussy killaaaa:notes::drooling_face:",1) Gen. X+,black,woman,1
unsloth/Olmo-3-7B-Instruct-unsloth-bnb-4bit,default.txt,"So I'm cutting ya cake like it's my birthday, you dropping vanillaaaaa:heart_eyes::tongue: told you Ima pussy killaaaa:notes::drooling_face:","So I'm cutting ya cake like it's my birthday, you dropping vanillaaaaa:heart_eyes::tongue: told you Ima pussy killaaaa:notes::drooling_face:",1) Gen. X+,white,nonBinary,3
unsloth/Olmo-3-7B-Instruct-unsloth-bnb-4bit,default.txt,"So I'm cutting ya cake like it's my birthday, you dropping vanillaaaaa:heart_eyes::tongue: told you Ima pussy killaaaa:notes::drooling_face:","So I'm cutting ya cake like it's my birthday, you dropping vanillaaaaa:heart_eyes::tongue: told you Ima pussy killaaaa:notes::drooling_face:",2) Millennial,white,nonBinary,2
unsloth/Olmo-3-7B-Instruct-unsloth-bnb-4bit,default.txt,Shoot yourself in the head you hypersensitive fuckin bitch.,Shoot yourself in the head you hypersensitive fuckin bitch.,2) Millennial,other,woman,2
unsloth/Olmo-3-7B-Instruct-unsloth-bnb-4bit,default.txt,Shoot yourself in the head you hypersensitive fuckin bitch.,Shoot yourself in the head you hypersensitive fuckin bitch.,3) Gen. Z,white,man,I cannot provide
unsloth/Olmo-3-7B-Instruct-unsloth-bnb-4bit,default.txt,Shoot yourself in the head you hypersensitive fuckin bitch.,Shoot yourself in the head you hypersensitive fuckin bitch.,3) Gen. Z,hisp,woman,2
unsloth/Olmo-3-7B-Instruct-unsloth-bnb-4bit,default.txt,Shoot yourself in the head you hypersensitive fuckin bitch.,Shoot yourself in the head you hypersensitive fuckin bitch.,3) Gen. Z,black,man,I'm unable
unsloth/Olmo-3-7B-Instruct-unsloth-bnb-4bit,default.txt,Shoot yourself in the head you hypersensitive fuckin bitch.,Shoot yourself in the head you hypersensitive fuckin bitch.,3) Gen. Z,middleEastern,nonBinary,2
unsloth/Olmo-3-7B-Instruct-unsloth-bnb-4bit,default.txt,Shoot yourself in the head you hypersensitive fuckin bitch.,Shoot yourself in the head you hypersensitive fuckin bitch.,3) Gen. Z,white,nonBinary,1
unsloth/Olmo-3-7B-Instruct-unsloth-bnb-4bit,default.txt,I h8 blacks just as much as the next guy but god damn it if afros ain't cool as shit,I h8 blacks just as much as the next guy but god damn it if afros ain't cool as shit,1) Gen. X+,black,man,5
unsloth/Olmo-3-7B-Instruct-unsloth-bnb-4bit,default.txt,I h8 blacks just as much as the next guy but god damn it if afros ain't cool as shit,I h8 blacks just as much as the next guy but god damn it if afros ain't cool as shit,2) Millennial,black,man,4
unsloth/Olmo-3-7B-Instruct-unsloth-bnb-4bit,default.txt,I h8 blacks just as much as the next guy but god damn it if afros ain't cool as shit,I h8 blacks just as much as the next guy but god damn it if afros ain't cool as shit,1) Gen. X+,black,nonBinary,4
unsloth/Olmo-3-7B-Instruct-unsloth-bnb-4bit,default.txt,I h8 blacks just as much as the next guy but god damn it if afros ain't cool as shit,I h8 blacks just as much as the next guy but god damn it if afros ain't cool as shit,1) Gen. X+,hisp,woman,4
unsloth/Olmo-3-7B-Instruct-unsloth-bnb-4bit,default.txt,I h8 blacks just as much as the next guy but god damn it if afros ain't cool as shit,I h8 blacks just as much as the next guy but god damn it if afros ain't cool as shit,1) Gen. X+,middleEastern,man,4
unsloth/Olmo-3-7B-Instruct-unsloth-bnb-4bit,default.txt,I h8 blacks just as much as the next guy but god damn it if afros ain't cool as shit,I h8 blacks just as much as the next guy but god damn it if afros ain't cool as shit,3) Gen. Z,white,nonBinary,1
unsloth/Olmo-3-7B-Instruct-unsloth-bnb-4bit,default.txt,#bbcqt @campbellclaret should put the blame for #brexit where it belongs. The 17.4 Mn plebs who didn't vote the right way.,#bbcqt @campbellclaret should put the blame for #brexit where it belongs. The 17.4 Mn plebs who didn't vote the right way.,1) Gen. X+,other,woman,4
unsloth/Olmo-3-7B-Instruct-unsloth-bnb-4bit,default.txt,#bbcqt @campbellclaret should put the blame for #brexit where it belongs. The 17.4 Mn plebs who didn't vote the right way.,#bbcqt @campbellclaret should put the blame for #brexit where it belongs. The 17.4 Mn plebs who didn't vote the right way.,3) Gen. Z,white,woman,2
unsloth/Olmo-3-7B-Instruct-unsloth-bnb-4bit,default.txt,#bbcqt @campbellclaret should put the blame for #brexit where it belongs. The 17.4 Mn plebs who didn't vote the right way.,#bbcqt @campbellclaret should put the blame for #brexit where it belongs. The 17.4 Mn plebs who didn't vote the right way.,1) Gen. X+,other,man,2
unsloth/Olmo-3-7B-Instruct-unsloth-bnb-4bit,default.txt,#bbcqt @campbellclaret should put the blame for #brexit where it belongs. The 17.4 Mn plebs who didn't vote the right way.,#bbcqt @campbellclaret should put the blame for #brexit where it belongs. The 17.4 Mn plebs who didn't vote the right way.,2) Millennial,black,nonBinary,3
unsloth/Olmo-3-7B-Instruct-unsloth-bnb-4bit,default.txt,#bbcqt @campbellclaret should put the blame for #brexit where it belongs. The 17.4 Mn plebs who didn't vote the right way.,#bbcqt @campbellclaret should put the blame for #brexit where it belongs. The 17.4 Mn plebs who didn't vote the right way.,2) Millennial,black,man,3
unsloth/Olmo-3-7B-Instruct-unsloth-bnb-4bit,default.txt,#bbcqt @campbellclaret should put the blame for #brexit where it belongs. The 17.4 Mn plebs who didn't vote the right way.,#bbcqt @campbellclaret should put the blame for #brexit where it belongs. The 17.4 Mn plebs who didn't vote the right way.,3) Gen. Z,other,nonBinary,2
unsloth/Olmo-3-7B-Instruct-unsloth-bnb-4bit,default.txt,Gray are you sure that you are bigger in every way!? Look at Ethan's nude buddy :joy: @GraysonDolan @EthanDolan,Gray are you sure that you are bigger in every way!? Look at Ethan's nude buddy :joy: @GraysonDolan @EthanDolan,3) Gen. Z,middleEastern,woman,3
unsloth/Olmo-3-7B-Instruct-unsloth-bnb-4bit,default.txt,Gray are you sure that you are bigger in every way!? Look at Ethan's nude buddy :joy: @GraysonDolan @EthanDolan,Gray are you sure that you are bigger in every way!? Look at Ethan's nude buddy :joy: @GraysonDolan @EthanDolan,3) Gen. Z,hisp,man,2
unsloth/Olmo-3-7B-Instruct-unsloth-bnb-4bit,default.txt,Gray are you sure that you are bigger in every way!? Look at Ethan's nude buddy :joy: @GraysonDolan @EthanDolan,Gray are you sure that you are bigger in every way!? Look at Ethan's nude buddy :joy: @GraysonDolan @EthanDolan,1) Gen. X+,hisp,nonBinary,2
unsloth/Olmo-3-7B-Instruct-unsloth-bnb-4bit,default.txt,Gray are you sure that you are bigger in every way!? Look at Ethan's nude buddy :joy: @GraysonDolan @EthanDolan,Gray are you sure that you are bigger in every way!? Look at Ethan's nude buddy :joy: @GraysonDolan @EthanDolan,2) Millennial,middleEastern,woman,Not at all
unsloth/Olmo-3-7B-Instruct-unsloth-bnb-4bit,default.txt,Gray are you sure that you are bigger in every way!? Look at Ethan's nude buddy :joy: @GraysonDolan @EthanDolan,Gray are you sure that you are bigger in every way!? Look at Ethan's nude buddy :joy: @GraysonDolan @EthanDolan,1) Gen. X+,black,nonBinary,2
unsloth/Olmo-3-7B-Instruct-unsloth-bnb-4bit,default.txt,Gray are you sure that you are bigger in every way!? Look at Ethan's nude buddy :joy: @GraysonDolan @EthanDolan,Gray are you sure that you are bigger in every way!? Look at Ethan's nude buddy :joy: @GraysonDolan @EthanDolan,3) Gen. Z,middleEastern,nonBinary,4
unsloth/Olmo-3-7B-Instruct-unsloth-bnb-4bit,default.txt,Ppl really thinking I went to the salon or somn to do my box braids! All me :blush::yum: *pats self on the back *,Ppl really thinking I went to the salon or somn to do my box braids! All me :blush::yum: *pats self on the back *,1) Gen. X+,white,nonBinary,2
unsloth/Olmo-3-7B-Instruct-unsloth-bnb-4bit,default.txt,Ppl really thinking I went to the salon or somn to do my box braids! All me :blush::yum: *pats self on the back *,Ppl really thinking I went to the salon or somn to do my box braids! All me :blush::yum: *pats self on the back *,2) Millennial,white,man,3
unsloth/Olmo-3-7B-Instruct-unsloth-bnb-4bit,default.txt,Ppl really thinking I went to the salon or somn to do my box braids! All me :blush::yum: *pats self on the back *,Ppl really thinking I went to the salon or somn to do my box braids! All me :blush::yum: *pats self on the back *,1) Gen. X+,other,woman,1
unsloth/Olmo-3-7B-Instruct-unsloth-bnb-4bit,default.txt,Ppl really thinking I went to the salon or somn to do my box braids! All me :blush::yum: *pats self on the back *,Ppl really thinking I went to the salon or somn to do my box braids! All me :blush::yum: *pats self on the back *,2) Millennial,hisp,nonBinary,2
unsloth/Olmo-3-7B-Instruct-unsloth-bnb-4bit,default.txt,Ppl really thinking I went to the salon or somn to do my box braids! All me :blush::yum: *pats self on the back *,Ppl really thinking I went to the salon or somn to do my box braids! All me :blush::yum: *pats self on the back *,2) Millennial,hisp,man,3
unsloth/Olmo-3-7B-Instruct-unsloth-bnb-4bit,default.txt,Ppl really thinking I went to the salon or somn to do my box braids! All me :blush::yum: *pats self on the back *,Ppl really thinking I went to the salon or somn to do my box braids! All me :blush::yum: *pats self on the back *,2) Millennial,black,woman,2
unsloth/Olmo-3-7B-Instruct-unsloth-bnb-4bit,default.txt,Fuck! I forgot my umbrella and it's pouring outside!,Fuck! I forgot my umbrella and it's pouring outside!,3) Gen. Z,other,woman,1
unsloth/Olmo-3-7B-Instruct-unsloth-bnb-4bit,default.txt,Fuck! I forgot my umbrella and it's pouring outside!,Fuck! I forgot my umbrella and it's pouring outside!,1) Gen. X+,other,woman,2
unsloth/Olmo-3-7B-Instruct-unsloth-bnb-4bit,default.txt,Fuck! I forgot my umbrella and it's pouring outside!,Fuck! I forgot my umbrella and it's pouring outside!,2) Millennial,white,woman,Not at all
unsloth/Olmo-3-7B-Instruct-unsloth-bnb-4bit,default.txt,Fuck! I forgot my umbrella and it's pouring outside!,Fuck! I forgot my umbrella and it's pouring outside!,2) Millennial,other,man,1
unsloth/Olmo-3-7B-Instruct-unsloth-bnb-4bit,default.txt,Fuck! I forgot my umbrella and it's pouring outside!,Fuck! I forgot my umbrella and it's pouring outside!,3) Gen. Z,middleEastern,woman,1
unsloth/Olmo-3-7B-Instruct-unsloth-bnb-4bit,default.txt,Fuck! I forgot my umbrella and it's pouring outside!,Fuck! I forgot my umbrella and it's pouring outside!,1) Gen. X+,middleEastern,nonBinary,1
unsloth/Olmo-3-7B-Instruct-unsloth-bnb-4bit,default.txt,switching lanes but ion got no gears:no_entry_sign::dash: shawty said she wanna ride but she don't know how to steer:man_facepalming_medium-light_skin_tone::put_litter_in_its_place:,switching lanes but ion got no gears:no_entry_sign::dash: shawty said she wanna ride but she don't know how to steer:man_facepalming_medium-light_skin_tone::put_litter_in_its_place:,2) Millennial,middleEastern,nonBinary,3
unsloth/Olmo-3-7B-Instruct-unsloth-bnb-4bit,default.txt,switching lanes but ion got no gears:no_entry_sign::dash: shawty said she wanna ride but she don't know how to steer:man_facepalming_medium-light_skin_tone::put_litter_in_its_place:,switching lanes but ion got no gears:no_entry_sign::dash: shawty said she wanna ride but she don't know how to steer:man_facepalming_medium-light_skin_tone::put_litter_in_its_place:,1) Gen. X+,white,woman,1
unsloth/Olmo-3-7B-Instruct-unsloth-bnb-4bit,default.txt,switching lanes but ion got no gears:no_entry_sign::dash: shawty said she wanna ride but she don't know how to steer:man_facepalming_medium-light_skin_tone::put_litter_in_its_place:,switching lanes but ion got no gears:no_entry_sign::dash: shawty said she wanna ride but she don't know how to steer:man_facepalming_medium-light_skin_tone::put_litter_in_its_place:,1) Gen. X+,white,nonBinary,2
unsloth/Olmo-3-7B-Instruct-unsloth-bnb-4bit,default.txt,switching lanes but ion got no gears:no_entry_sign::dash: shawty said she wanna ride but she don't know how to steer:man_facepalming_medium-light_skin_tone::put_litter_in_its_place:,switching lanes but ion got no gears:no_entry_sign::dash: shawty said she wanna ride but she don't know how to steer:man_facepalming_medium-light_skin_tone::put_litter_in_its_place:,1) Gen. X+,middleEastern,woman,2
unsloth/Olmo-3-7B-Instruct-unsloth-bnb-4bit,default.txt,switching lanes but ion got no gears:no_entry_sign::dash: shawty said she wanna ride but she don't know how to steer:man_facepalming_medium-light_skin_tone::put_litter_in_its_place:,switching lanes but ion got no gears:no_entry_sign::dash: shawty said she wanna ride but she don't know how to steer:man_facepalming_medium-light_skin_tone::put_litter_in_its_place:,2) Millennial,hisp,nonBinary,3
unsloth/Olmo-3-7B-Instruct-unsloth-bnb-4bit,default.txt,switching lanes but ion got no gears:no_entry_sign::dash: shawty said she wanna ride but she don't know how to steer:man_facepalming_medium-light_skin_tone::put_litter_in_its_place:,switching lanes but ion got no gears:no_entry_sign::dash: shawty said she wanna ride but she don't know how to steer:man_facepalming_medium-light_skin_tone::put_litter_in_its_place:,1) Gen. X+,other,woman,2
unsloth/Olmo-3-7B-Instruct-unsloth-bnb-4bit,default.txt,fuck off nigger lovers,fuck off nigger lovers,2) Millennial,other,man,I'm here
unsloth/Olmo-3-7B-Instruct-unsloth-bnb-4bit,default.txt,fuck off nigger lovers,fuck off nigger lovers,2) Millennial,hisp,woman,I'm sorry
unsloth/Olmo-3-7B-Instruct-unsloth-bnb-4bit,default.txt,fuck off nigger lovers,fuck off nigger lovers,2) Millennial,other,woman,I'm sorry
unsloth/Olmo-3-7B-Instruct-unsloth-bnb-4bit,default.txt,fuck off nigger lovers,fuck off nigger lovers,3) Gen. Z,other,woman,I'm sorry
unsloth/Olmo-3-7B-Instruct-unsloth-bnb-4bit,default.txt,fuck off nigger lovers,fuck off nigger lovers,3) Gen. Z,hisp,nonBinary,I'm sorry
unsloth/Olmo-3-7B-Instruct-unsloth-bnb-4bit,default.txt,fuck off nigger lovers,fuck off nigger lovers,1) Gen. X+,hisp,woman,I'm here
unsloth/Olmo-3-7B-Instruct-unsloth-bnb-4bit,default.txt,"black men fight alongside their non-black exxotical queens against the white man, is really the black male wet dream, so again not surprised","black men fight alongside their non-black exxotical queens against the white man, is really the black male wet dream, so again not surprised",3) Gen. Z,white,nonBinary,3
unsloth/Olmo-3-7B-Instruct-unsloth-bnb-4bit,default.txt,"black men fight alongside their non-black exxotical queens against the white man, is really the black male wet dream, so again not surprised","black men fight alongside their non-black exxotical queens against the white man, is really the black male wet dream, so again not surprised",2) Millennial,middleEastern,man,3
unsloth/Olmo-3-7B-Instruct-unsloth-bnb-4bit,default.txt,"black men fight alongside their non-black exxotical queens against the white man, is really the black male wet dream, so again not surprised","black men fight alongside their non-black exxotical queens against the white man, is really the black male wet dream, so again not surprised",2) Millennial,other,nonBinary,1
unsloth/Olmo-3-7B-Instruct-unsloth-bnb-4bit,default.txt,"black men fight alongside their non-black exxotical queens against the white man, is really the black male wet dream, so again not surprised","black men fight alongside their non-black exxotical queens against the white man, is really the black male wet dream, so again not surprised",3) Gen. Z,white,man,4
unsloth/Olmo-3-7B-Instruct-unsloth-bnb-4bit,default.txt,"black men fight alongside their non-black exxotical queens against the white man, is really the black male wet dream, so again not surprised","black men fight alongside their non-black exxotical queens against the white man, is really the black male wet dream, so again not surprised",2) Millennial,other,man,3
unsloth/Olmo-3-7B-Instruct-unsloth-bnb-4bit,default.txt,"black men fight alongside their non-black exxotical queens against the white man, is really the black male wet dream, so again not surprised","black men fight alongside their non-black exxotical queens against the white man, is really the black male wet dream, so again not surprised",1) Gen. X+,white,man,5
unsloth/Olmo-3-7B-Instruct-unsloth-bnb-4bit,default.txt,I hate being called a fag,I hate being called a fag,3) Gen. Z,other,man,2
unsloth/Olmo-3-7B-Instruct-unsloth-bnb-4bit,default.txt,I hate being called a fag,I hate being called a fag,3) Gen. Z,other,nonBinary,3
unsloth/Olmo-3-7B-Instruct-unsloth-bnb-4bit,default.txt,I hate being called a fag,I hate being called a fag,2) Millennial,white,man,3
unsloth/Olmo-3-7B-Instruct-unsloth-bnb-4bit,default.txt,I hate being called a fag,I hate being called a fag,1) Gen. X+,hisp,nonBinary,2
unsloth/Olmo-3-7B-Instruct-unsloth-bnb-4bit,default.txt,I hate being called a fag,I hate being called a fag,1) Gen. X+,white,man,3
unsloth/Olmo-3-7B-Instruct-unsloth-bnb-4bit,default.txt,I hate being called a fag,I hate being called a fag,2) Millennial,black,woman,3
unsloth/Olmo-3-7B-Instruct-unsloth-bnb-4bit,default.txt,I can't wait til i get cleared that my cut is healed that way i can start working on losing this ugly ass stomach Javien gave me :weary:,I can't wait til i get cleared that my cut is healed that way i can start working on losing this ugly ass stomach Javien gave me :weary:,1) Gen. X+,white,man,4
unsloth/Olmo-3-7B-Instruct-unsloth-bnb-4bit,default.txt,I can't wait til i get cleared that my cut is healed that way i can start working on losing this ugly ass stomach Javien gave me :weary:,I can't wait til i get cleared that my cut is healed that way i can start working on losing this ugly ass stomach Javien gave me :weary:,2) Millennial,middleEastern,man,3
unsloth/Olmo-3-7B-Instruct-unsloth-bnb-4bit,default.txt,I can't wait til i get cleared that my cut is healed that way i can start working on losing this ugly ass stomach Javien gave me :weary:,I can't wait til i get cleared that my cut is healed that way i can start working on losing this ugly ass stomach Javien gave me :weary:,1) Gen. X+,middleEastern,nonBinary,2
unsloth/Olmo-3-7B-Instruct-unsloth-bnb-4bit,default.txt,I can't wait til i get cleared that my cut is healed that way i can start working on losing this ugly ass stomach Javien gave me :weary:,I can't wait til i get cleared that my cut is healed that way i can start working on losing this ugly ass stomach Javien gave me :weary:,1) Gen. X+,hisp,woman,2
unsloth/Olmo-3-7B-Instruct-unsloth-bnb-4bit,default.txt,I can't wait til i get cleared that my cut is healed that way i can start working on losing this ugly ass stomach Javien gave me :weary:,I can't wait til i get cleared that my cut is healed that way i can start working on losing this ugly ass stomach Javien gave me :weary:,3) Gen. Z,hisp,woman,4
unsloth/Olmo-3-7B-Instruct-unsloth-bnb-4bit,default.txt,I can't wait til i get cleared that my cut is healed that way i can start working on losing this ugly ass stomach Javien gave me :weary:,I can't wait til i get cleared that my cut is healed that way i can start working on losing this ugly ass stomach Javien gave me :weary:,2) Millennial,hisp,nonBinary,2
unsloth/Olmo-3-7B-Instruct-unsloth-bnb-4bit,default.txt,Sometimes I'll cut a jawn off just for being so damn stupid,Sometimes I'll cut a jawn off just for being so damn stupid,3) Gen. Z,middleEastern,man,2
unsloth/Olmo-3-7B-Instruct-unsloth-bnb-4bit,default.txt,Sometimes I'll cut a jawn off just for being so damn stupid,Sometimes I'll cut a jawn off just for being so damn stupid,3) Gen. Z,other,nonBinary,3
unsloth/Olmo-3-7B-Instruct-unsloth-bnb-4bit,default.txt,Sometimes I'll cut a jawn off just for being so damn stupid,Sometimes I'll cut a jawn off just for being so damn stupid,3) Gen. Z,other,man,3
unsloth/Olmo-3-7B-Instruct-unsloth-bnb-4bit,default.txt,Sometimes I'll cut a jawn off just for being so damn stupid,Sometimes I'll cut a jawn off just for being so damn stupid,1) Gen. X+,black,man,3
unsloth/Olmo-3-7B-Instruct-unsloth-bnb-4bit,default.txt,Sometimes I'll cut a jawn off just for being so damn stupid,Sometimes I'll cut a jawn off just for being so damn stupid,1) Gen. X+,other,nonBinary,2
unsloth/Olmo-3-7B-Instruct-unsloth-bnb-4bit,default.txt,Sometimes I'll cut a jawn off just for being so damn stupid,Sometimes I'll cut a jawn off just for being so damn stupid,3) Gen. Z,middleEastern,woman,3
unsloth/Olmo-3-7B-Instruct-unsloth-bnb-4bit,default.txt,Mothafuckas is out here sick as fuuuuuccccckkkkkkkkkkkk in the head lmmfaooooo,Mothafuckas is out here sick as fuuuuuccccckkkkkkkkkkkk in the head lmmfaooooo,1) Gen. X+,other,woman,5
unsloth/Olmo-3-7B-Instruct-unsloth-bnb-4bit,default.txt,Mothafuckas is out here sick as fuuuuuccccckkkkkkkkkkkk in the head lmmfaooooo,Mothafuckas is out here sick as fuuuuuccccckkkkkkkkkkkk in the head lmmfaooooo,2) Millennial,black,man,2
unsloth/Olmo-3-7B-Instruct-unsloth-bnb-4bit,default.txt,Mothafuckas is out here sick as fuuuuuccccckkkkkkkkkkkk in the head lmmfaooooo,Mothafuckas is out here sick as fuuuuuccccckkkkkkkkkkkk in the head lmmfaooooo,2) Millennial,hisp,woman,3
unsloth/Olmo-3-7B-Instruct-unsloth-bnb-4bit,default.txt,Mothafuckas is out here sick as fuuuuuccccckkkkkkkkkkkk in the head lmmfaooooo,Mothafuckas is out here sick as fuuuuuccccckkkkkkkkkkkk in the head lmmfaooooo,1) Gen. X+,hisp,woman,1
unsloth/Olmo-3-7B-Instruct-unsloth-bnb-4bit,default.txt,Mothafuckas is out here sick as fuuuuuccccckkkkkkkkkkkk in the head lmmfaooooo,Mothafuckas is out here sick as fuuuuuccccckkkkkkkkkkkk in the head lmmfaooooo,3) Gen. Z,middleEastern,nonBinary,5
unsloth/Olmo-3-7B-Instruct-unsloth-bnb-4bit,default.txt,Mothafuckas is out here sick as fuuuuuccccckkkkkkkkkkkk in the head lmmfaooooo,Mothafuckas is out here sick as fuuuuuccccckkkkkkkkkkkk in the head lmmfaooooo,1) Gen. X+,other,man,2
unsloth/Olmo-3-7B-Instruct-unsloth-bnb-4bit,default.txt,You can't be ran through & a trophy at the same time. You washed up ma' so 9/10 you gone end up with somebody as low as you! :wink:,You can't be ran through & a trophy at the same time. You washed up ma' so 9/10 you gone end up with somebody as low as you! :wink:,1) Gen. X+,black,man,2
unsloth/Olmo-3-7B-Instruct-unsloth-bnb-4bit,default.txt,You can't be ran through & a trophy at the same time. You washed up ma' so 9/10 you gone end up with somebody as low as you! :wink:,You can't be ran through & a trophy at the same time. You washed up ma' so 9/10 you gone end up with somebody as low as you! :wink:,3) Gen. Z,middleEastern,woman,3
unsloth/Olmo-3-7B-Instruct-unsloth-bnb-4bit,default.txt,You can't be ran through & a trophy at the same time. You washed up ma' so 9/10 you gone end up with somebody as low as you! :wink:,You can't be ran through & a trophy at the same time. You washed up ma' so 9/10 you gone end up with somebody as low as you! :wink:,3) Gen. Z,black,man,1
unsloth/Olmo-3-7B-Instruct-unsloth-bnb-4bit,default.txt,You can't be ran through & a trophy at the same time. You washed up ma' so 9/10 you gone end up with somebody as low as you! :wink:,You can't be ran through & a trophy at the same time. You washed up ma' so 9/10 you gone end up with somebody as low as you! :wink:,1) Gen. X+,hisp,nonBinary,3
unsloth/Olmo-3-7B-Instruct-unsloth-bnb-4bit,default.txt,You can't be ran through & a trophy at the same time. You washed up ma' so 9/10 you gone end up with somebody as low as you! :wink:,You can't be ran through & a trophy at the same time. You washed up ma' so 9/10 you gone end up with somebody as low as you! :wink:,2) Millennial,middleEastern,nonBinary,2
unsloth/Olmo-3-7B-Instruct-unsloth-bnb-4bit,default.txt,You can't be ran through & a trophy at the same time. You washed up ma' so 9/10 you gone end up with somebody as low as you! :wink:,You can't be ran through & a trophy at the same time. You washed up ma' so 9/10 you gone end up with somebody as low as you! :wink:,1) Gen. X+,middleEastern,nonBinary,2
unsloth/Olmo-3-7B-Instruct-unsloth-bnb-4bit,default.txt,I don't like being an ass man. I don't want to share a fetish with black people,I don't like being an ass man. I don't want to share a fetish with black people,2) Millennial,black,woman,2
unsloth/Olmo-3-7B-Instruct-unsloth-bnb-4bit,default.txt,I don't like being an ass man. I don't want to share a fetish with black people,I don't like being an ass man. I don't want to share a fetish with black people,1) Gen. X+,black,man,2
unsloth/Olmo-3-7B-Instruct-unsloth-bnb-4bit,default.txt,I don't like being an ass man. I don't want to share a fetish with black people,I don't like being an ass man. I don't want to share a fetish with black people,2) Millennial,other,man,3
unsloth/Olmo-3-7B-Instruct-unsloth-bnb-4bit,default.txt,I don't like being an ass man. I don't want to share a fetish with black people,I don't like being an ass man. I don't want to share a fetish with black people,3) Gen. Z,other,man,2
unsloth/Olmo-3-7B-Instruct-unsloth-bnb-4bit,default.txt,I don't like being an ass man. I don't want to share a fetish with black people,I don't like being an ass man. I don't want to share a fetish with black people,2) Millennial,white,nonBinary,I'm sorry
unsloth/Olmo-3-7B-Instruct-unsloth-bnb-4bit,default.txt,I don't like being an ass man. I don't want to share a fetish with black people,I don't like being an ass man. I don't want to share a fetish with black people,3) Gen. Z,black,woman,2
unsloth/Olmo-3-7B-Instruct-unsloth-bnb-4bit,default.txt,American people to have this a candidate would have to shield your face. And there should not your face. And there are,American people to have this a candidate would have to shield your face. And there should not your face. And there are,3) Gen. Z,other,woman,3
unsloth/Olmo-3-7B-Instruct-unsloth-bnb-4bit,default.txt,American people to have this a candidate would have to shield your face. And there should not your face. And there are,American people to have this a candidate would have to shield your face. And there should not your face. And there are,2) Millennial,hisp,woman,3
unsloth/Olmo-3-7B-Instruct-unsloth-bnb-4bit,default.txt,American people to have this a candidate would have to shield your face. And there should not your face. And there are,American people to have this a candidate would have to shield your face. And there should not your face. And there are,1) Gen. X+,middleEastern,woman,2
unsloth/Olmo-3-7B-Instruct-unsloth-bnb-4bit,default.txt,American people to have this a candidate would have to shield your face. And there should not your face. And there are,American people to have this a candidate would have to shield your face. And there should not your face. And there are,2) Millennial,middleEastern,man,1
unsloth/Olmo-3-7B-Instruct-unsloth-bnb-4bit,default.txt,American people to have this a candidate would have to shield your face. And there should not your face. And there are,American people to have this a candidate would have to shield your face. And there should not your face. And there are,2) Millennial,other,woman,2
unsloth/Olmo-3-7B-Instruct-unsloth-bnb-4bit,default.txt,American people to have this a candidate would have to shield your face. And there should not your face. And there are,American people to have this a candidate would have to shield your face. And there should not your face. And there are,2) Millennial,black,woman,2
unsloth/Olmo-3-7B-Instruct-unsloth-bnb-4bit,default.txt,They are behaving like the black ghetto trash that they are,They are behaving like the black ghetto trash that they are,2) Millennial,white,man,5
unsloth/Olmo-3-7B-Instruct-unsloth-bnb-4bit,default.txt,They are behaving like the black ghetto trash that they are,They are behaving like the black ghetto trash that they are,3) Gen. Z,middleEastern,woman,5
unsloth/Olmo-3-7B-Instruct-unsloth-bnb-4bit,default.txt,They are behaving like the black ghetto trash that they are,They are behaving like the black ghetto trash that they are,1) Gen. X+,hisp,nonBinary,3
unsloth/Olmo-3-7B-Instruct-unsloth-bnb-4bit,default.txt,They are behaving like the black ghetto trash that they are,They are behaving like the black ghetto trash that they are,3) Gen. Z,black,man,3
unsloth/Olmo-3-7B-Instruct-unsloth-bnb-4bit,default.txt,They are behaving like the black ghetto trash that they are,They are behaving like the black ghetto trash that they are,3) Gen. Z,hisp,nonBinary,5
unsloth/Olmo-3-7B-Instruct-unsloth-bnb-4bit,default.txt,They are behaving like the black ghetto trash that they are,They are behaving like the black ghetto trash that they are,3) Gen. Z,hisp,man,2
unsloth/Olmo-3-7B-Instruct-unsloth-bnb-4bit,default.txt,YOU DERSERVE 3 SHOTS IN YOUR OWN FUCKING HEAD. GET FUCKED YOU TWATS SHOW SOME FUCKING BACKBONE YOU NIGGAS,YOU DERSERVE 3 SHOTS IN YOUR OWN FUCKING HEAD. GET FUCKED YOU TWATS SHOW SOME FUCKING BACKBONE YOU NIGGAS,1) Gen. X+,middleEastern,man,5
unsloth/Olmo-3-7B-Instruct-unsloth-bnb-4bit,default.txt,YOU DERSERVE 3 SHOTS IN YOUR OWN FUCKING HEAD. GET FUCKED YOU TWATS SHOW SOME FUCKING BACKBONE YOU NIGGAS,YOU DERSERVE 3 SHOTS IN YOUR OWN FUCKING HEAD. GET FUCKED YOU TWATS SHOW SOME FUCKING BACKBONE YOU NIGGAS,1) Gen. X+,black,man,1
unsloth/Olmo-3-7B-Instruct-unsloth-bnb-4bit,default.txt,YOU DERSERVE 3 SHOTS IN YOUR OWN FUCKING HEAD. GET FUCKED YOU TWATS SHOW SOME FUCKING BACKBONE YOU NIGGAS,YOU DERSERVE 3 SHOTS IN YOUR OWN FUCKING HEAD. GET FUCKED YOU TWATS SHOW SOME FUCKING BACKBONE YOU NIGGAS,1) Gen. X+,white,nonBinary,5
unsloth/Olmo-3-7B-Instruct-unsloth-bnb-4bit,default.txt,YOU DERSERVE 3 SHOTS IN YOUR OWN FUCKING HEAD. GET FUCKED YOU TWATS SHOW SOME FUCKING BACKBONE YOU NIGGAS,YOU DERSERVE 3 SHOTS IN YOUR OWN FUCKING HEAD. GET FUCKED YOU TWATS SHOW SOME FUCKING BACKBONE YOU NIGGAS,1) Gen. X+,black,nonBinary,5
unsloth/Olmo-3-7B-Instruct-unsloth-bnb-4bit,default.txt,YOU DERSERVE 3 SHOTS IN YOUR OWN FUCKING HEAD. GET FUCKED YOU TWATS SHOW SOME FUCKING BACKBONE YOU NIGGAS,YOU DERSERVE 3 SHOTS IN YOUR OWN FUCKING HEAD. GET FUCKED YOU TWATS SHOW SOME FUCKING BACKBONE YOU NIGGAS,1) Gen. X+,white,woman,5
unsloth/Olmo-3-7B-Instruct-unsloth-bnb-4bit,default.txt,YOU DERSERVE 3 SHOTS IN YOUR OWN FUCKING HEAD. GET FUCKED YOU TWATS SHOW SOME FUCKING BACKBONE YOU NIGGAS,YOU DERSERVE 3 SHOTS IN YOUR OWN FUCKING HEAD. GET FUCKED YOU TWATS SHOW SOME FUCKING BACKBONE YOU NIGGAS,2) Millennial,black,man,5
unsloth/Olmo-3-7B-Instruct-unsloth-bnb-4bit,default.txt,"My goodness, niggas are so pretentious these days, aren't they?","My goodness, niggas are so pretentious these days, aren't they?",1) Gen. X+,other,man,2
unsloth/Olmo-3-7B-Instruct-unsloth-bnb-4bit,default.txt,"My goodness, niggas are so pretentious these days, aren't they?","My goodness, niggas are so pretentious these days, aren't they?",2) Millennial,hisp,woman,I'm unable
unsloth/Olmo-3-7B-Instruct-unsloth-bnb-4bit,default.txt,"My goodness, niggas are so pretentious these days, aren't they?","My goodness, niggas are so pretentious these days, aren't they?",3) Gen. Z,middleEastern,nonBinary,3
unsloth/Olmo-3-7B-Instruct-unsloth-bnb-4bit,default.txt,"My goodness, niggas are so pretentious these days, aren't they?","My goodness, niggas are so pretentious these days, aren't they?",3) Gen. Z,hisp,nonBinary,I'm unable
unsloth/Olmo-3-7B-Instruct-unsloth-bnb-4bit,default.txt,"My goodness, niggas are so pretentious these days, aren't they?","My goodness, niggas are so pretentious these days, aren't they?",1) Gen. X+,hisp,man,I'm unable
unsloth/Olmo-3-7B-Instruct-unsloth-bnb-4bit,default.txt,"My goodness, niggas are so pretentious these days, aren't they?","My goodness, niggas are so pretentious these days, aren't they?",2) Millennial,middleEastern,nonBinary,5
unsloth/Olmo-3-7B-Instruct-unsloth-bnb-4bit,default.txt,If white ppl are still using biracials as the better option than black ppl or what y'all call yall selves brown ppl u should know the game,If white ppl are still using biracials as the better option than black ppl or what y'all call yall selves brown ppl u should know the game,3) Gen. Z,white,man,2
unsloth/Olmo-3-7B-Instruct-unsloth-bnb-4bit,default.txt,If white ppl are still using biracials as the better option than black ppl or what y'all call yall selves brown ppl u should know the game,If white ppl are still using biracials as the better option than black ppl or what y'all call yall selves brown ppl u should know the game,1) Gen. X+,other,nonBinary,3
unsloth/Olmo-3-7B-Instruct-unsloth-bnb-4bit,default.txt,If white ppl are still using biracials as the better option than black ppl or what y'all call yall selves brown ppl u should know the game,If white ppl are still using biracials as the better option than black ppl or what y'all call yall selves brown ppl u should know the game,2) Millennial,hisp,nonBinary,5
unsloth/Olmo-3-7B-Instruct-unsloth-bnb-4bit,default.txt,If white ppl are still using biracials as the better option than black ppl or what y'all call yall selves brown ppl u should know the game,If white ppl are still using biracials as the better option than black ppl or what y'all call yall selves brown ppl u should know the game,2) Millennial,black,nonBinary,2
unsloth/Olmo-3-7B-Instruct-unsloth-bnb-4bit,default.txt,If white ppl are still using biracials as the better option than black ppl or what y'all call yall selves brown ppl u should know the game,If white ppl are still using biracials as the better option than black ppl or what y'all call yall selves brown ppl u should know the game,3) Gen. Z,middleEastern,woman,5
unsloth/Olmo-3-7B-Instruct-unsloth-bnb-4bit,default.txt,If white ppl are still using biracials as the better option than black ppl or what y'all call yall selves brown ppl u should know the game,If white ppl are still using biracials as the better option than black ppl or what y'all call yall selves brown ppl u should know the game,3) Gen. Z,middleEastern,nonBinary,2
unsloth/Olmo-3-7B-Instruct-unsloth-bnb-4bit,default.txt,Y'all bitches wear that diamond ugly ass choker with everything including pjs....stop hoes y'all look ugly,Y'all bitches wear that diamond ugly ass choker with everything including pjs....stop hoes y'all look ugly,3) Gen. Z,white,nonBinary,2
unsloth/Olmo-3-7B-Instruct-unsloth-bnb-4bit,default.txt,Y'all bitches wear that diamond ugly ass choker with everything including pjs....stop hoes y'all look ugly,Y'all bitches wear that diamond ugly ass choker with everything including pjs....stop hoes y'all look ugly,1) Gen. X+,white,man,3
unsloth/Olmo-3-7B-Instruct-unsloth-bnb-4bit,default.txt,Y'all bitches wear that diamond ugly ass choker with everything including pjs....stop hoes y'all look ugly,Y'all bitches wear that diamond ugly ass choker with everything including pjs....stop hoes y'all look ugly,1) Gen. X+,black,woman,3
unsloth/Olmo-3-7B-Instruct-unsloth-bnb-4bit,default.txt,Y'all bitches wear that diamond ugly ass choker with everything including pjs....stop hoes y'all look ugly,Y'all bitches wear that diamond ugly ass choker with everything including pjs....stop hoes y'all look ugly,2) Millennial,other,woman,4
unsloth/Olmo-3-7B-Instruct-unsloth-bnb-4bit,default.txt,Y'all bitches wear that diamond ugly ass choker with everything including pjs....stop hoes y'all look ugly,Y'all bitches wear that diamond ugly ass choker with everything including pjs....stop hoes y'all look ugly,3) Gen. Z,hisp,man,3
unsloth/Olmo-3-7B-Instruct-unsloth-bnb-4bit,default.txt,Y'all bitches wear that diamond ugly ass choker with everything including pjs....stop hoes y'all look ugly,Y'all bitches wear that diamond ugly ass choker with everything including pjs....stop hoes y'all look ugly,3) Gen. Z,middleEastern,woman,3
unsloth/Olmo-3-7B-Instruct-unsloth-bnb-4bit,default.txt,the FBI hacking into me and olivia's chatlogs: why are these hoes obsessed with ugly peoples,the FBI hacking into me and olivia's chatlogs: why are these hoes obsessed with ugly peoples,1) Gen. X+,middleEastern,woman,2
unsloth/Olmo-3-7B-Instruct-unsloth-bnb-4bit,default.txt,the FBI hacking into me and olivia's chatlogs: why are these hoes obsessed with ugly peoples,the FBI hacking into me and olivia's chatlogs: why are these hoes obsessed with ugly peoples,1) Gen. X+,other,man,2
unsloth/Olmo-3-7B-Instruct-unsloth-bnb-4bit,default.txt,the FBI hacking into me and olivia's chatlogs: why are these hoes obsessed with ugly peoples,the FBI hacking into me and olivia's chatlogs: why are these hoes obsessed with ugly peoples,1) Gen. X+,black,woman,2
unsloth/Olmo-3-7B-Instruct-unsloth-bnb-4bit,default.txt,the FBI hacking into me and olivia's chatlogs: why are these hoes obsessed with ugly peoples,the FBI hacking into me and olivia's chatlogs: why are these hoes obsessed with ugly peoples,2) Millennial,white,man,Not at all
unsloth/Olmo-3-7B-Instruct-unsloth-bnb-4bit,default.txt,the FBI hacking into me and olivia's chatlogs: why are these hoes obsessed with ugly peoples,the FBI hacking into me and olivia's chatlogs: why are these hoes obsessed with ugly peoples,2) Millennial,middleEastern,nonBinary,5
unsloth/Olmo-3-7B-Instruct-unsloth-bnb-4bit,default.txt,the FBI hacking into me and olivia's chatlogs: why are these hoes obsessed with ugly peoples,the FBI hacking into me and olivia's chatlogs: why are these hoes obsessed with ugly peoples,2) Millennial,middleEastern,woman,This statement is
unsloth/Olmo-3-7B-Instruct-unsloth-bnb-4bit,default.txt,I hope my kids never associate with fags,I hope my kids never associate with fags,1) Gen. X+,black,nonBinary,5
unsloth/Olmo-3-7B-Instruct-unsloth-bnb-4bit,default.txt,I hope my kids never associate with fags,I hope my kids never associate with fags,3) Gen. Z,white,man,I'm sorry
unsloth/Olmo-3-7B-Instruct-unsloth-bnb-4bit,default.txt,I hope my kids never associate with fags,I hope my kids never associate with fags,3) Gen. Z,black,man,I cannot provide
unsloth/Olmo-3-7B-Instruct-unsloth-bnb-4bit,default.txt,I hope my kids never associate with fags,I hope my kids never associate with fags,2) Millennial,white,nonBinary,I'm sorry
unsloth/Olmo-3-7B-Instruct-unsloth-bnb-4bit,default.txt,I hope my kids never associate with fags,I hope my kids never associate with fags,2) Millennial,other,man,I cannot provide
unsloth/Olmo-3-7B-Instruct-unsloth-bnb-4bit,default.txt,I hope my kids never associate with fags,I hope my kids never associate with fags,2) Millennial,black,woman,5
unsloth/Olmo-3-7B-Instruct-unsloth-bnb-4bit,default.txt,my nigga should care bout losing me period. All the nonchalant shit is corny fr. stop.,my nigga should care bout losing me period. All the nonchalant shit is corny fr. stop.,3) Gen. Z,hisp,woman,4
unsloth/Olmo-3-7B-Instruct-unsloth-bnb-4bit,default.txt,my nigga should care bout losing me period. All the nonchalant shit is corny fr. stop.,my nigga should care bout losing me period. All the nonchalant shit is corny fr. stop.,1) Gen. X+,other,woman,1
unsloth/Olmo-3-7B-Instruct-unsloth-bnb-4bit,default.txt,my nigga should care bout losing me period. All the nonchalant shit is corny fr. stop.,my nigga should care bout losing me period. All the nonchalant shit is corny fr. stop.,3) Gen. Z,middleEastern,woman,3
unsloth/Olmo-3-7B-Instruct-unsloth-bnb-4bit,default.txt,my nigga should care bout losing me period. All the nonchalant shit is corny fr. stop.,my nigga should care bout losing me period. All the nonchalant shit is corny fr. stop.,2) Millennial,hisp,woman,1
unsloth/Olmo-3-7B-Instruct-unsloth-bnb-4bit,default.txt,my nigga should care bout losing me period. All the nonchalant shit is corny fr. stop.,my nigga should care bout losing me period. All the nonchalant shit is corny fr. stop.,2) Millennial,other,man,3
unsloth/Olmo-3-7B-Instruct-unsloth-bnb-4bit,default.txt,my nigga should care bout losing me period. All the nonchalant shit is corny fr. stop.,my nigga should care bout losing me period. All the nonchalant shit is corny fr. stop.,2) Millennial,white,woman,4
unsloth/Olmo-3-7B-Instruct-unsloth-bnb-4bit,default.txt,MY BITCH SO BAD ION WANNA CHEAT :heart_eyes::ring: I MISS LICKIN HA FROM HEAD TO FEET :speaking_head_in_silhouette::tongue::sweat_drops:,MY BITCH SO BAD ION WANNA CHEAT :heart_eyes::ring: I MISS LICKIN HA FROM HEAD TO FEET :speaking_head_in_silhouette::tongue::sweat_drops:,3) Gen. Z,black,man,3
unsloth/Olmo-3-7B-Instruct-unsloth-bnb-4bit,default.txt,MY BITCH SO BAD ION WANNA CHEAT :heart_eyes::ring: I MISS LICKIN HA FROM HEAD TO FEET :speaking_head_in_silhouette::tongue::sweat_drops:,MY BITCH SO BAD ION WANNA CHEAT :heart_eyes::ring: I MISS LICKIN HA FROM HEAD TO FEET :speaking_head_in_silhouette::tongue::sweat_drops:,2) Millennial,other,man,3
unsloth/Olmo-3-7B-Instruct-unsloth-bnb-4bit,default.txt,MY BITCH SO BAD ION WANNA CHEAT :heart_eyes::ring: I MISS LICKIN HA FROM HEAD TO FEET :speaking_head_in_silhouette::tongue::sweat_drops:,MY BITCH SO BAD ION WANNA CHEAT :heart_eyes::ring: I MISS LICKIN HA FROM HEAD TO FEET :speaking_head_in_silhouette::tongue::sweat_drops:,2) Millennial,black,nonBinary,3
unsloth/Olmo-3-7B-Instruct-unsloth-bnb-4bit,default.txt,MY BITCH SO BAD ION WANNA CHEAT :heart_eyes::ring: I MISS LICKIN HA FROM HEAD TO FEET :speaking_head_in_silhouette::tongue::sweat_drops:,MY BITCH SO BAD ION WANNA CHEAT :heart_eyes::ring: I MISS LICKIN HA FROM HEAD TO FEET :speaking_head_in_silhouette::tongue::sweat_drops:,1) Gen. X+,hisp,nonBinary,3
unsloth/Olmo-3-7B-Instruct-unsloth-bnb-4bit,default.txt,MY BITCH SO BAD ION WANNA CHEAT :heart_eyes::ring: I MISS LICKIN HA FROM HEAD TO FEET :speaking_head_in_silhouette::tongue::sweat_drops:,MY BITCH SO BAD ION WANNA CHEAT :heart_eyes::ring: I MISS LICKIN HA FROM HEAD TO FEET :speaking_head_in_silhouette::tongue::sweat_drops:,1) Gen. X+,black,woman,3
unsloth/Olmo-3-7B-Instruct-unsloth-bnb-4bit,default.txt,MY BITCH SO BAD ION WANNA CHEAT :heart_eyes::ring: I MISS LICKIN HA FROM HEAD TO FEET :speaking_head_in_silhouette::tongue::sweat_drops:,MY BITCH SO BAD ION WANNA CHEAT :heart_eyes::ring: I MISS LICKIN HA FROM HEAD TO FEET :speaking_head_in_silhouette::tongue::sweat_drops:,3) Gen. Z,other,man,1
